আমি	62498
না	55643
তুমি	34867
আমার	33644
কি	27254
এটা	24032
আর	22565
তোমার	21232
আছে	19261
সে	16923
এই	16910
আমরা	16906
করে	14778
হবে	14123
জন্য	14032
আমাদের	13667
করতে	13516
একটা	13288
আমাকে	12796
ঠিক	12581
আপনি	12523
তো	11903
যে	11434
তার	11204
থেকে	10917
কিছু	10768
সাথে	10611
কিন্তু	10462
এখানে	9373
তোমাকে	9347
হয়	9326
কোন	9316
এখন	9283
কথা	9188
মনে	9157
কী	8060
যদি	7580
এবং	7365
নিয়ে	7354
আপনার	7211
ছিল	7017
হয়ে	6951
তাকে	6734
তারা	6718
নেই	6677
তাহলে	6619
অনেক	6557
কেন	6532
করা	6196
হ্যাঁ	6061
করো	6008
তাই	5886
সব	5841
হয়েছে	5744
এক	5538
এর	5506
হচ্ছে	5423
যাও	5261
কাজ	5250
ও	5230
কে	5075
কাছে	5061
শুধু	5035
একটি	4937
স্যার	4914
দাও	4851
তাদের	4797
ভালো	4790
কোথায়	4695
দিয়ে	4543
যা	4540
একজন	4511
ভাল	4509
জানি	4497
যেতে	4477
খুব	4324
সময়	4228
করবে	4126
যাবে	4101
চাই	4070
পারে	3996
শেষ	3981
করার	3947
ধন্যবাদ	3909
যখন	3900
বলতে	3867
কেউ	3857
নয়	3810
করি	3766
তুই	3708
গেছে	3668
বাবা	3660
ওকে	3651
মত	3629
সেটা	3624
হতে	3616
চলে	3563
ওহ	3472
হ্যা	3423
একটু	3412
পারি	3330
দেখতে	3308
সবাই	3248
আগে	3240
দেখা	3225
করছি	3219
তিনি	3163
বের	3111
বলে	3055
ঐ	3046
যায়	3043
কর	3035
আবার	2967
দিতে	2931
নাম	2861
ওর	2839
পারবে	2835
নাকি	2817
কিভাবে	2808
মধ্যে	2792
তোমরা	2763
ফিরে	2663
আচ্ছা	2657
সাহায্য	2652
আপনাকে	2645
মানুষ	2594
তা	2558
মা	2555
চলো	2549
এ	2548
করেছে	2536
দিকে	2514
দরকার	2512
সেই	2500
আসলে	2494
শুরু	2493
ওটা	2493
দুঃখিত	2489
দিন	2485
মানে	2483
কিন্ত	2482
তোর	2446
তোমাদের	2413
করছে	2387
বড়	2384
বলছি	2380
বিশ্বাস	2374
বন্ধ	2339
করেছি	2332
এমন	2260
অবশ্যই	2248
নিজের	2217
কারণ	2216
করবো	2189
বেশি	2174
বছর	2155
আসো	2117
উপর	2110
যাচ্ছে	2105
চেষ্টা	2095
তারপর	2092
হল	2087
হেই	2081
এসব	2064
দেখো	2057
কিছুই	2053
কোনো	2041
এটাই	2035
আছি	2034
টাকা	2032
যাচ্ছি	2032
জানো	2032
বুঝতে	1997
মতো	1991
আজ	1979
ছিলো	1978
বলো	1971
ধরে	1949
কখনো	1936
খারাপ	1934
কেমন	1927
প্লিজ	1916
মারা	1911
পছন্দ	1870
সেখানে	1866
ছেড়ে	1853
চাও	1850
নাও	1826
সমস্যা	1819
দেখে	1815
ভয়	1813
নি	1808
পর	1802
থাকে	1801
এখনো	1801
সুন্দর	1775
তখন	1737
ভুল	1727
ভাই	1724
ওখানে	1721
পর্যন্ত	1719
করব	1714
নতুন	1707
পরে	1701
থাকতে	1697
ওরা	1690
যাই	1675
অন্য	1659
হলো	1653
খুঁজে	1633
ব্যাপারে	1629
আরো	1600
নিতে	1591
লোক	1591
থাকবে	1581
করুন	1581
আরে	1574
ফোন	1563
মেয়ে	1535
বন্ধু	1531
হাত	1527
লাগবে	1517
এসো	1512
ওই	1503
যেন	1494
সত্যি	1490
জীবন	1489
বল	1482
চিন্তা	1481
সম্পর্কে	1473
ছেলে	1470
এত	1463
যেটা	1442
সামনে	1437
জিনিস	1432
পারবো	1411
খুবই	1404
এটি	1395
হ্যালো	1393
ছিলাম	1388
অপেক্ষা	1381
করবেন	1379
সবকিছু	1373
হয়তো	1364
উচিত	1359
ব্যাপার	1357
ছাড়া	1354
নিচে	1352
থাকো	1352
পারো	1344
নিশ্চিত	1337
হলে	1328
এসেছে	1328
বা	1327
সবচেয়ে	1327
প্রথম	1316
এখান	1316
জলদি	1309
কত	1303
প্রয়োজন	1292
জানতে	1282
আসবে	1261
হও	1258
এসে	1256
করছ	1255
এরকম	1255
সবসময়	1251
ওদের	1248
দুই	1242
দেখ	1241
তৈরি	1240
জন	1239
পারেন	1225
হাতে	1222
পড়ে	1216
আসছে	1210
একদম	1208
দয়া	1207
নাই	1206
লাগছে	1194
যাক	1181
চায়	1178
মেরে	1176
সত্যিই	1174
বাইরে	1170
বেশ	1170
আসতে	1168
গুলি	1165
বলা	1164
দিয়েছে	1162
এটার	1158
পেয়েছি	1154
এসেছি	1149
পুরো	1137
এগুলো	1136
যান	1134
জায়গা	1134
ছোট	1124
আমিও	1112
গিয়ে	1105
চল	1095
তাড়াতাড়ি	1093
মিনিট	1083
মজা	1080
বাড়ি	1080
আশা	1068
বলেছে	1063
তোকে	1063
যেখানে	1056
এবার	1049
আরও	1039
যাবো	1037
থামো	1035
পুলিশ	1033
কাউকে	1032
হোক	1032
নিজেকে	1029
পারব	1029
যারা	1027
শুনতে	1025
মানুষের	1024
র	1022
কীভাবে	1016
বসে	1016
ফেলে	1013
হয়েছিল	1009
জানে	1008
উপরে	1007
মাথা	999
মি	991
দেখি	989
গাড়ি	984
টা	983
চেয়ে	983
খুন	982
আসে	981
সঙ্গে	977
মাত্র	977
অথবা	974
আসছি	972
পাওয়া	970
করলে	965
দাঁড়াও	965
যাওয়া	961
হয়নি	961
মাঝে	958
দিচ্ছি	957
আপনাদের	956
রাতে	956
আছো	953
দেয়	948
চুপ	947
ভুলে	946
ব্যবহার	939
অবস্থা	934
উচিৎ	933
এখনও	933
মিস	929
করছো	927
করেন	925
যাব	922
সবাইকে	921
তবে	919
এটাকে	916
সবার	915
পেতে	915
আয়	915
বাচ্চা	913
বেঁচে	911
হিসেবে	909
যাওয়ার	908
পারছি	906
একা	902
উনি	892
তাঁর	886
বলেছি	884
এভাবে	883
পাবে	882
দেখেছি	881
দ্রুত	881
প্রতি	880
ভিতরে	878
পাগল	878
কারন	874
আপনারা	874
দূরে	867
যুদ্ধ	865
প্রায়	860
যার	859
দিবে	858
নই	857
নিশ্চয়ই	854
বিয়ে	853
জানেন	852
লাগে	850
শান্ত	850
শুভ	849
আসল	849
একই	848
করেছ	844
খবর	844
একবার	841
মিঃ	839
বাবার	837
খুশি	837
বলবে	836
আগেই	836
পার	836
রাখো	835
গিয়েছে	827
দেওয়া	826
গেল	825
সুযোগ	822
চান	820
কাজে	819
আসলেই	815
সম্ভব	814
আছেন	813
জায়গায়	810
বলছে	807
দেবে	807
হওয়ার	802
যথেষ্ট	801
দরজা	800
রেখে	797
এখানেই	796
এমনকি	794
পথ	787
চোখ	785
কিনা	783
তিন	783
জানিনা	782
রয়েছে	780
ভেতরে	779
যাতে	776
কোথাও	772
প্রশ্ন	768
রাখতে	767
উত্তর	765
এদিকে	762
দেয়া	762
ভাবে	758
ব্যাপারটা	754
প্রস্তুত	752
আমাদেরকে	749
করছেন	746
দেখছি	743
চমৎকার	741
সোনা	741
খাবার	740
বলার	738
হাই	734
আছ	731
করেছিলাম	731
হুম	730
দে	729
আহ	721
ভেবেছিলাম	720
করেছেন	718
পানি	717
বাড়িতে	717
গেলে	715
বলি	715
জ্যাক	714
কেবল	713
শুধুমাত্র	711
দেখুন	707
শব্দ	707
ক্ষমা	706
নষ্ট	706
হত্যা	704
একসাথে	704
সম্ভবত	704
সহজ	701
ক্যাপ্টেন	699
দিয়েছি	699
রাস্তা	696
বলুন	696
রে	696
আমায়	695
বলেছিলাম	694
রক্ষা	683
বাকি	681
কাছ	681
কারো	678
তুমিই	676
কঠিন	675
কল	675
বস	672
গেলো	671
নাম্বার	669
খোদা	667
রাজা	667
এতো	666
ধ্বংস	665
কেনো	664
জীবনের	662
থাকার	661
সত্য	660
কষ্ট	656
পেয়ে	654
পিছনে	653
ধরো	648
মন	648
শোন	648
আমিই	647
মুখ	644
এখনই	643
মিথ্যা	643
চুরি	640
একে	637
উপায়	637
যেমন	634
বিদায়	631
থাক	628
সেটাই	623
ঈশ্বর	621
আঘাত	620
একমাত্র	619
কখনোই	619
আসুন	616
পাচ্ছি	613
কম	613
থাকা	612
জানতাম	612
কার	611
রাখা	610
জান	609
দিব	609
কখনও	609
হাজার	609
হারিয়ে	609
গেছি	608
হ্যারি	604
আসার	602
জিজ্ঞেস	596
করেছো	594
হওয়া	593
শক্তি	591
সিদ্ধান্ত	590
খেলা	590
বেশী	588
সরে	585
পরিষ্কার	585
করলাম	582
নিরাপদ	582
খেতে	580
ছিলে	580
দেবো	579
বাদ	579
বলবো	578
ছবি	576
পেছনে	575
মহান	575
এতে	574
কাজের	573
বললে	571
সকল	571
বাসায়	569
করেছিল	566
কিসের	565
দেরি	565
আসা	564
জানা	561
তাইনা	561
তোমায়	561
থাকলে	559
থেকেই	558
ফিরিয়ে	558
অস্ত্র	555
শালা	555
পারবেন	554
স্বাগতম	553
আরেকটা	552
ওহ্	551
কারণে	550
তাদেরকে	550
খুজে	548
নামে	548
খুলে	547
দাড়াও	546
ইচ্ছা	546
সঠিক	545
চাচ্ছি	543
মায়ের	542
ঘরে	541
পরিবার	539
পা	538
জন্যে	535
মিস্টার	534
পৃথিবীর	533
মাফ	533
বলছ	532
মৃত্যুর	530
দ্বারা	528
চেক	525
নিজে	524
ই	523
দেই	522
ধরনের	521
বিশেষ	520
মাথায়	519
আজকে	517
কাল	517
কখন	514
ডাক্তার	514
বার	512
প্রথমে	512
নিজেই	512
বিষয়	511
রক্ত	510
ওপর	509
আস্তে	508
ছিলেন	508
গল্প	505
গত	504
একদিন	503
লড়াই	503
দেব	501
আগের	501
দারুণ	499
পায়	495
খেয়ে	492
হা	489
যাচ্ছ	489
শুনেছি	488
স্বপ্ন	487
প্রিয়	487
ধরতে	486
দল	484
সকাল	484
ভালোই	483
স্ত্রী	483
খালি	483
দু	481
বছরের	476
অদ্ভুত	473
ছোট্ট	472
ক্ষমতা	472
করিনি	470
বলব	470
পাই	470
পান	468
গান	467
বলেন	466
শোনো	465
গুরুত্বপূর্ণ	464
অংশ	463
আলাদা	463
কয়েক	463
উঠে	462
মারতে	462
যদিও	461
মৃত	459
প্রমাণ	459
লাভ	458
পাশে	458
বাজে	458
পথে	457
ফেলবে	455
কেটে	453
ধারণা	452
জন্যই	450
সাহস	449
তুমিও	448
ধীরে	448
শক্তিশালী	448
তাঁকে	447
তথ্য	447
সময়ে	447
এসেছ	444
পেরেছি	444
মুক্ত	443
তাকাও	442
দিলে	440
মেয়ের	440
তাতে	439
নিজেদের	438
দোস্ত	438
এরা	436
শুনে	436
হে	436
হয়ত	436
জিজ্ঞাসা	434
পেয়েছে	433
দারুন	431
চালু	431
আনতে	430
গোপন	428
দোষ	428
পাওয়ার	427
পরিবর্তন	426
বিরুদ্ধে	426
গিয়েছিল	426
রাত	424
লুকিয়ে	424
অনুভব	423
তুলে	421
গিয়েছিলাম	420
ঠিকই	418
অন্তত	418
বলেছেন	417
পরীক্ষা	416
হবেনা	416
বসো	416
চাইলে	415
বয়স	415
বাচ্চাদের	414
পরিবারের	414
পারবেনা	413
যত	413
অসম্ভব	413
সেরা	412
বদলে	412
এইতো	410
করত	409
ব্যবস্থা	409
খেয়াল	409
মাস	408
মহিলা	408
জীবনে	408
হতো	407
তেমন	406
টাকার	406
সামান্য	406
চলছে	406
কিছুটা	405
অসাধারণ	405
মৃত্যু	404
এখনি	404
ধরা	403
দিনের	403
কালো	403
বোকা	403
ভেবে	401
করেনি	401
প্রফেসর	400
ফেরত	399
এগিয়ে	399
অনুমতি	398
চিৎকার	397
সকালে	397
ডলার	395
করছিলাম	395
সোজা	395
লেগেছে	395
কোনও	395
জীবিত	394
বন্দুক	394
বলছেন	394
অধিকার	393
বিক্রি	392
নিন	390
বললাম	389
লেখা	388
দিচ্ছে	388
পৃথিবী	387
হলাম	387
আসি	387
সাবধানে	386
দেখার	386
রাখবে	384
করতাম	384
বলেছিল	384
সন্দেহ	383
বাহিরে	383
বলছো	382
দিও	382
সাধারণ	381
হয়েছি	381
জাহাজ	380
থাম	380
মেয়েকে	380
গুলো	379
ঘটনা	379
করেই	378
চেয়েও	378
ইয়াহ	377
মজার	377
ফেলো	376
চার	376
বলেছ	376
বলেছিলে	376
করলো	375
সেকেন্ড	375
এইটা	373
দিলাম	372
কাজটা	372
ভালই	372
চেহারা	371
থাকি	371
তাঁরা	371
সারা	370
পালিয়ে	370
ডঃ	369
পেলে	369
এইসব	369
হয়েছিলো	369
পাবেন	368
জনাব	368
সাবধান	368
মাধ্যমে	367
জর্জ	366
সময়ের	366
পাঁচ	364
অবস্থায়	364
চিনি	362
ধর	362
সপ্তাহ	362
দেখলে	362
স্কুলে	361
চোখে	361
হায়	361
পারিনি	360
বাবাকে	360
পুরনো	359
পরিকল্পনা	358
পরের	357
যাকে	357
মার	356
ভালোবাসি	356
বোন	356
বন্ধুরা	356
লোকদের	356
দায়িত্ব	356
মরে	355
গেলাম	355
ফেলেছি	355
ভেঙ্গে	355
সম্মান	353
কোথাকার	352
শহর	350
প্রধান	350
নও	348
ভালবাসি	347
জি	347
পরিচয়	347
ভাগ্য	346
চোখের	346
ঝামেলা	346
যোগাযোগ	346
বিষয়ে	346
ঘৃণা	345
দেওয়ার	345
বাস	344
মধ্যেই	343
শহরের	343
হবার	342
ভালোবাসা	342
দূর	341
দুটো	341
ভাগ	340
একেবারে	340
বানিয়ে	340
আটকে	339
শহরে	338
কাছাকাছি	338
বুঝেছি	338
এরপর	338
দেবতা	336
আদেশ	336
দিবো	336
বই	336
বেরিয়ে	336
নিয়েছে	336
থাকবো	333
ফেলেছে	333
তোরা	332
এদের	332
ঘর	332
দেখাতে	331
আসবো	331
জোরে	331
দাঁড়িয়ে	331
প্ল্যান	329
গরম	329
হিসাবে	329
মতই	329
ম্যাডাম	329
পারতাম	328
দেখাও	328
অনুসরণ	328
পারলে	328
পরিচিত	328
সমাধান	328
পড়েছে	328
রুমে	327
কই	327
ঘুরে	327
চেয়েছিলাম	327
রকম	326
ঘন্টা	326
তাঁদের	326
দুজন	325
বিরক্ত	325
রাখ	324
খোলা	323
করিয়ে	323
লর্ড	320
হয়তোবা	319
উনার	319
যেভাবে	319
ফেল	319
দেয়ার	319
মাস্টার	318
তে	317
জন্ম	317
আগুন	317
ছেলের	316
সম্পর্ক	316
রাজি	316
পেয়েছিলাম	316
করতো	315
মেনে	315
নিরাপত্তা	315
মরতে	314
মাই	314
হত	314
নিউ	314
পড়তে	314
দিক	313
রাতের	313
শান্তি	312
জেনে	312
সমস্ত	312
রেডি	312
থামাও	311
মানুষকে	311
এজেন্ট	309
জিনিসটা	308
দেখাচ্ছে	308
বললো	308
সাথেই	307
গুড	307
থাকব	307
পিটার	306
বলল	306
ঘটেছে	306
নিয়ম	306
মিলিয়ন	306
দ্বিতীয়	306
মিনিটের	305
আস	305
ঘুম	304
চাইনা	304
রাস্তায়	304
রুম	303
দেখেছ	303
ফেলতে	302
ক্ষতি	302
প্রেসিডেন্ট	301
ওরে	301
গাছ	301
যাবার	301
গ্রহণ	301
বাঁচাতে	300
রেখো	300
শক্ত	300
লোকটা	299
দেখলাম	299
মেয়েটা	299
গাড়ির	299
তাকিয়ে	299
কিচ্ছু	298
অামি	298
পৃথিবীতে	298
এসেছেন	298
চুক্তি	297
অর্থ	297
ধুর	297
মুখে	297
শীঘ্রই	297
লক্ষ্য	297
যতক্ষণ	297
কবে	296
জ্বি	296
সম্পূর্ণ	296
করেছিলে	296
বরং	295
এভাবেই	295
কাহিনী	295
ভেতর	295
সেগুলো	294
চলবে	293
গাড়িতে	293
আজকের	292
লোকজন	292
দাম	291
কেউই	291
সতর্ক	291
আগামীকাল	291
হয়না	291
শরীর	290
তৈরী	290
লাগলো	290
পাচ্ছ	289
মনোযোগ	289
লোকেরা	289
হ	289
স্কুল	288
যেই	288
কাপড়	288
আইন	286
নে	286
আল্লাহ	286
দেখেছো	285
শিকার	285
শুনুন	285
বিশাল	285
ওদেরকে	285
কফি	284
লম্বা	284
উপহার	284
রাগ	284
হামলা	284
এজন্যই	284
যাবেন	283
বাচ্চারা	283
দেখবে	283
অফিসার	283
ম্যান	283
আলো	283
করোনা	282
হাহ	282
লাল	282
পুলিশের	282
ডান	282
কিংবা	281
এসেছিল	281
ওগুলো	281
কোড	281
পারবনা	281
পাঠিয়ে	281
জেগে	280
মালিক	280
আম্মু	279
বানাতে	279
দিয়েছেন	279
নজর	278
রিপোর্ট	277
ক্ষেত্রে	277
একজনকে	275
ভিন্ন	275
যুদ্ধের	275
পুরোপুরি	275
কারনে	274
আবারো	274
যাদের	273
থাকুন	273
কিছুর	273
ঘণ্টা	273
চলুন	272
দশ	271
চা	271
নিয়েছি	271
প্রার্থনা	270
দিয়েছিল	270
অসুস্থ	269
করিস	269
পেলাম	269
লোকের	269
হাসি	269
থেকেও	268
আক্রমণ	268
জী	268
শাস্তি	267
সৃষ্টি	267
বুদ্ধি	267
মাকে	266
দেন	266
বানানো	266
অবস্থান	266
জায়গাটা	266
নিয়ন্ত্রণ	266
খাও	265
সবসময়ই	265
চুল	264
প্রত্যেক	263
রাখার	263
নেবে	262
পেয়েছ	262
প্রকাশ	262
যেহেতু	262
কেস	262
তবুও	261
সাবটাইটেল	261
কারা	261
জানার	261
বুঝেছ	261
অর্ধেক	260
শ্বাস	260
ব্যথা	260
প্রতিদিন	260
ফ্র্যাঙ্ক	259
ছেলেকে	259
আমারও	258
থামাতে	258
জরুরী	258
পড়বে	258
পড়ো	258
চাবি	257
বুঝে	257
দিয়েছিলাম	257
নেয়া	257
অনেকটা	256
নিচু	256
পারছিনা	256
অল্প	255
সবকিছুই	255
কোনটা	255
পিছু	255
প্রভু	255
পরবর্তী	255
অফ	254
মূল্য	254
অবশ্য	254
পাবো	254
চালিয়ে	254
বেছে	253
সন্তান	253
আমারে	253
বাঁচাও	253
বলেছিলেন	253
পাও	252
বলবেন	252
কাম	252
বোমা	252
টিম	252
ভয়ানক	252
স্বামী	251
বন্ধুদের	251
কখনই	251
বাল	250
হলেও	250
নিচ্ছি	250
হাতের	250
সামলে	249
মেশিন	249
গেছেন	249
আপ	249
প্রেম	249
ট্রেন	249
কথাই	249
ফেলবো	249
ফালতু	248
ইয়া	248
বাধ্য	248
মনের	248
দেশের	248
খুঁজতে	248
ওয়াও	248
বিয়ের	248
মাথার	247
পিছে	247
চাচ্ছ	247
বলিনি	247
পড়	247
শার্লক	246
উদ্ধার	246
যেও	246
স্বীকার	246
শয়তান	246
খাওয়া	246
আনা	245
লাইন	245
দেখিনি	245
দিল	245
ডেভিড	245
দৌড়াও	245
টি	244
যোগ	243
আ	243
নিবে	243
হিরো	243
দাঁড়ান	243
হৃদয়	243
রেখেছে	242
কাকে	242
মারার	242
অনুবাদ	242
মেয়েদের	242
দুইটা	241
এটাও	241
বুঝলে	241
থেকো	240
মারো	240
চিঠি	240
শত্রু	240
হইছে	240
করেছিলো	240
সাহেব	239
বাই	239
গন্ধ	239
ইয়েসাং	238
বাংলা	238
বাস্তব	238
ব্যবসা	238
ওখানেই	237
আউট	237
শুয়ে	237
গড	236
ফেলা	236
বাহ	236
পৌঁছে	236
লেগে	236
হাসপাতালে	236
করছিস	236
ভবিষ্যৎ	235
প্রবেশ	235
সুন্দরী	235
ব্যক্তি	235
নেমে	234
নাহলে	234
জেলে	233
পবিত্র	233
নীল	233
সেটার	233
ব্যাগ	233
ছাড়াই	233
বাড়ির	233
ছয়	233
বললেন	232
বলছিলাম	232
অফিসে	232
যাচ্ছো	232
আওয়াজ	232
জাদু	231
স্বাভাবিক	231
অপরাধ	231
লাশ	231
দ্যা	231
বিশ্রাম	230
নেয়	230
ঈশ্বরের	229
বাজি	229
সাদা	229
চরম	229
মিশন	229
বুঝলাম	229
খাবে	229
রাখুন	229
ওয়েল	229
পানির	228
কথাটা	228
জানাতে	228
দিনে	227
এসেছো	227
আরেকটু	226
যত্ন	225
করছিল	225
আইডিয়া	225
অন্যান্য	225
হঠাৎ	224
সরাসরি	224
কুকুর	224
জনি	224
নেওয়া	224
দিয়েছ	223
পাঠানো	223
গাধা	223
হব	223
সরিয়ে	223
ধরণের	222
বেবি	222
অন	222
জয়	222
হবো	221
ভাব	221
স্পর্শ	221
রাখে	221
সত্যিকারের	220
হোমস	220
ক্যামেরা	220
উঠো	220
চিনতে	220
কুপার	220
বুড়ো	220
ডক্টর	219
তোদের	219
নিও	219
ভালবাসা	219
বেচে	219
রান্না	219
ওঠো	219
যায়নি	219
আসব	218
কার্ড	218
ছিলনা	218
আবারও	217
অবশেষে	217
এক্ষুনি	217
বোঝা	217
ব্যাংক	217
এইযে	217
ভিডিও	217
সহ্য	217
যাচ্ছেন	216
চাপ	216
এসবের	216
ছেলেরা	216
ভাবতে	216
মাইল	215
বিপদজনক	215
উদ্দেশ্য	215
পাথর	215
মুহূর্তে	215
এক্সকিউজ	215
যেকোন	215
পড়েছি	214
অনুযায়ী	214
জানিস	213
পার্টি	213
ওটার	213
চাকরি	213
চলতে	213
রেকর্ড	213
আচরণ	212
অনুরোধ	212
ছাড়	212
আব্বু	212
দেখিয়ে	212
অর্ডার	211
অন্যদের	211
মাছ	211
সেখানেই	211
কোরো	211
মেয়েরা	211
গতকাল	210
মিলে	210
মিয়া	210
মিষ্টি	210
ভিতর	210
অই	209
অবাক	209
স্যাম	209
মামা	209
রং	209
উম	209
গভীর	209
বিপদে	209
ব্যস্ত	209
নামের	209
খেলতে	208
এনে	208
ক্লান্ত	208
পুত্র	208
সফল	207
ডিম	207
অন্ধকার	207
কিনে	207
পারলাম	206
ব্যর্থ	206
ব্যাথা	206
অামার	206
ফেলব	206
পুরুষ	206
ভাষা	206
আনন্দ	205
বিশ্বের	205
ভাবছিলাম	205
করেছিলেন	205
যোগ্য	205
সিস্টেম	205
খরচ	205
জেনারেল	205
এখানকার	205
দেখেছিলাম	205
পক্ষে	205
ছেলেটা	205
একটাই	204
শিক্ষা	204
কসম	204
যায়না	204
লাফ	204
সুতরাং	204
ভাবো	203
সবই	203
মিসেস	203
ঠাণ্ডা	203
ফুল	203
লাগল	202
পারেনা	202
খোল	202
কোথা	202
সারাজীবন	201
অভিনন্দন	201
পটার	201
করবি	201
মাটিতে	201
পাইনি	201
আগেও	201
বিপদ	200
আত্মা	200
বিখ্যাত	200
হই	200
উপভোগ	199
পাঠিয়েছে	199
মরার	198
দুঃখ	198
একাই	198
ড	198
মেরেছে	198
মদ	198
মতে	198
সেদিন	198
শপথ	197
দুর্বল	197
তখনই	197
সামনের	197
ইচ্ছে	197
জিমি	197
চোর	197
পারেনি	197
সপ্তাহে	196
পালা	196
জাহাজের	196
কপি	196
প্রাণ	196
শুনলাম	196
সিরিয়াস	196
ছড়িয়ে	196
স্মৃতি	195
সুস্থ	195
কতটা	195
ভয়ংকর	195
প্রেমে	194
রাজার	194
পরিস্থিতি	194
চাচ্ছিলাম	194
ভাইয়ের	194
চালাতে	193
দলের	193
চাচ্ছে	193
একজনের	193
ঘটে	192
ভাবছি	192
প্রতিটি	192
করবেনা	192
কেও	192
ঢুকতে	192
ফাইল	191
করিনা	191
প্রমান	191
ব্ল্যাক	191
জ্ঞান	190
বানর	190
মানুষদের	190
বাপ	190
তদন্ত	190
ঘন্টার	190
ভরসা	190
কথায়	190
অপেক্ষায়	190
ঘুমাতে	189
এনেছি	189
যাত্রা	189
টেনে	189
সার্জেন্ট	189
শুধুই	188
চিন্তিত	188
নোংরা	188
মূল	188
সাহায্যের	188
পাব	188
অনুমান	188
পড়া	188
ম্যাম	187
বাবু	187
থাকেন	187
পালাও	187
বিষয়টা	187
যুদ্ধে	186
স্থান	186
করল	186
স্ত্রীর	186
শুনো	186
চাইনি	186
দেশ	186
হুমকি	186
এরিক	186
জোর	186
হেনরি	186
পায়ের	186
স	185
পালাতে	185
দিলো	185
মেরি	185
ভাগ্যবান	185
ধারনা	185
সবগুলো	184
মুক্তি	184
চাইবে	184
উনাকে	184
ভাড়া	184
সেও	183
আই	183
গেছো	182
করেছিস	182
ঠান্ডা	182
মতোই	182
শিখতে	181
বিল্ডিং	181
বাছা	181
সমান	181
জন্মদিন	181
হচ্ছি	181
উঠতে	181
লজ্জা	181
ঘুমিয়ে	181
চাস	180
ইয়েস	180
জমি	180
এজন্য	180
সাত	180
ত্যাগ	180
কাছেই	180
শেষে	180
বাহিনী	180
ধরেছি	180
ভাষায়	180
প্রতিশোধ	179
আমরাও	179
পোশাক	179
দেশে	179
এমনটা	179
দায়ী	179
হুমম	178
আলোচনা	178
মাল	178
যেরকম	178
তাছাড়া	178
জানলে	177
নিব	177
দেরী	177
এইমাত্র	177
দুনিয়ার	177
পেয়েছেন	177
জটিল	176
গ্রেফতার	176
চিহ্ন	176
ঢুকে	176
গাড়িটা	176
বুঝি	176
ব্যাবহার	176
ঘোড়া	176
নির্দেশ	175
ধেত্তেরি	175
চালাও	175
খাওয়ার	175
দীর্ঘ	175
চার্লি	175
বৃষ্টি	174
বিল	174
পক্ষ	174
ইঞ্জিন	174
ব্যক্তিগত	174
মুছে	174
রেখেছি	174
করতেই	174
সরো	174
বেড়ে	174
উড়ে	174
সরি	173
হচ্ছিল	173
লিখে	173
তাও	173
প্রতিটা	173
গিয়েছিলো	173
থাকতো	172
চাচ্ছেন	172
আগ	172
মোটেও	172
বন্দী	172
বসুন	172
কোটি	171
কল্পনা	171
সমস্যাটা	171
পারিনা	171
নেব	171
প্লেন	170
যাবেনা	170
আসেন	170
ঘটবে	170
ওয়েন	170
মাংস	169
অত্যন্ত	169
কোম্পানি	169
নেবো	169
বাধা	169
পিচ্চি	169
স্কুলের	169
বার্তা	169
লাখ	169
যেমনটা	169
জানতো	169
দুনিয়া	169
পিতা	168
পারছ	168
পার্থক্য	168
গায়ে	168
হোন	168
বাতাস	168
টার্গেট	168
পাচ্ছো	168
কীসের	167
যেত	167
আমরাই	167
দিবেন	167
ভেঙে	167
পায়ে	167
মরবে	166
স্পেশাল	166
খোঁজ	166
যিনি	166
কালকে	166
করাতে	166
প্রস্তাব	166
ছাড়ো	166
পুনরায়	166
পার্ক	165
ডাক	165
নিরাপদে	165
গলা	165
দেখেছে	165
মাসের	165
ভগবান	165
দেখায়	165
আজব	164
আছিস	164
রাখি	164
দিয়েই	164
ফায়ার	164
বাম	163
প্রচুর	163
চার্লস	163
পরিণত	163
সংখ্যা	163
কতদিন	163
গ্রামে	163
পড়ছে	163
তাইলে	163
পাখি	163
অর্জন	163
করুক	163
অপরাধী	162
মিথ্যে	162
রক্তের	162
প্রশ্নের	162
কারও	162
সূর্য	162
পূর্ণ	162
কয়েকটা	162
খোলো	162
সন্ধ্যা	162
নেওয়ার	162
শরীরের	161
প্রস্তত	161
ভর্তি	161
ব্যাখ্যা	161
বাচ্চার	161
ওটাকে	161
পাশ	161
তিনটা	161
ঠিকাছে	160
যেনো	160
পারবি	160
দুরে	160
শত	160
পারছো	160
গিয়েছিলে	160
নিশ্চয়	160
যোদ্ধা	159
বুদ্ধিমান	159
বোঝাতে	159
ওসব	159
ইঁদুর	159
পারতে	159
জবাব	159
বালের	159
টম	159
কবর	158
অনুভূতি	158
বন্ধুর	158
ফোনটা	158
পেরেছ	158
সমস্যার	158
বিভিন্ন	158
সংকেত	158
তোমাদেরকে	158
চেয়েছিল	158
দেখাবে	157
অভিযোগ	157
করলেন	157
কার্ল	157
জঘন্য	157
পাঠাতে	157
হবেন	157
ভাবছ	157
সরকার	157
নেয়ার	157
সেরকম	156
নকল	156
জানিয়ে	156
সুরক্ষিত	155
নারী	155
জুতা	155
হারাতে	155
এলেক্স	155
রাখবেন	155
সবুজ	155
দেখছো	155
অফিস	154
প্রোগ্রাম	154
একমত	154
ওভার	154
নাক	154
এইবার	154
দাড়িয়ে	154
পাচ্ছে	154
মিউজিক	154
শিশু	153
বেন	153
লি	153
দাদা	153
দাঁড়া	153
নাইট	153
রবার্ট	153
চালাক	153
রাখবো	153
লাইনে	153
ওপরে	153
খুনি	153
যেগুলো	153
হোয়াইট	153
গ্রামের	152
জেমস	152
সহজে	152
মেয়েটার	152
প্রতিজ্ঞা	152
মিটিং	152
ছুটি	152
ঐটা	152
বাঁচতে	152
ঝুঁকি	151
নামটা	151
দাবি	151
মোটা	151
জনের	151
বামে	151
অনেকদিন	151
হারিয়েছি	151
এসেছিলাম	151
রাত্রি	151
কোম্পানির	151
দক্ষ	151
উড়িয়ে	151
দৈত্য	150
এটাতে	150
ইতিহাস	150
সরাও	150
শুন	150
যতদিন	150
স্বপ্নের	150
আগ্রহী	150
মেসেজ	150
ভাবলাম	150
কন্ট্রোল	150
কৌশল	150
দোকান	149
বোনের	149
খুঁজছি	149
আহত	149
ওনার	149
কান	149
শালার	149
সেখান	149
দেখেছেন	149
লাগিয়ে	149
সেট	149
এখুনি	149
স্যুট	149
গেছ	148
আট	148
হন	148
নির্ভর	148
দখল	148
বলতো	148
দেখবো	148
নৌকা	148
কিনতে	148
উদ্দেশ্যে	148
ভাবি	148
সারাদিন	147
লোককে	147
সিকিউরিটি	147
পাঠাও	147
মেয়েটাকে	147
মারটি	147
প্ল্যাট	147
বলেনি	147
শোনা	146
জাদুর	146
বিচার	146
ফুট	146
গেট	146
সাহসী	146
টাইম	146
মানসিক	146
ওষুধ	146
জানালা	146
গাছের	146
গোয়েন্দা	146
জিন	145
শুনেছ	145
রানী	145
সালে	145
আত্মহত্যা	145
গতি	145
ইংলিশ	145
পূরণ	145
নং	145
ইনি	145
উইলিয়াম	145
সম্ভাবনা	144
দলে	144
ভালোবাসার	144
সপ্তাহের	144
ঘরের	144
স্বাদ	144
খেলার	144
দিয়েছিলে	144
বয়সে	144
ডেকে	143
মাতাল	143
ডন	143
বহন	143
ফেলি	143
বছরে	143
এস	143
নামাও	143
কিছুদিন	143
বোধ	143
মুখোমুখি	143
দেখছ	143
চুমু	143
স্যরি	143
নিজ	143
যাইহোক	143
জো	143
পাল্টে	143
আমেরিকান	142
খুলতে	142
ধরার	142
ডিনার	142
হচ্ছেনা	142
আক্রান্ত	142
আপনিই	142
প্লীজ	142
দরজার	141
রাস্তার	141
ইউ	141
আনো	141
হাওয়ার্ড	141
প্রাইভেট	141
থাকবেন	141
ভালোভাবে	141
চারপাশে	141
ফোনে	141
লাগতে	141
বিয়ার	141
জ্বী	140
রাজ্য	140
নির্দোষ	140
সৈন্য	140
ধাক্কা	140
অবিশ্বাস্য	140
বারবার	140
ঘোষণা	140
ওখান	140
চাইতে	140
দৃষ্টি	140
নামিয়ে	140
পয়েন্ট	140
তৃতীয়	140
ব্যাটা	139
বিমান	139
প্রত্যেকটা	139
নেতা	139
ঠিকানা	139
আগামী	139
পারবোনা	139
খতম	138
পরামর্শ	138
দ্য	138
গিয়েছি	138
জার্মান	138
পরিস্কার	138
বব	138
কতক্ষণ	138
ভাইয়া	138
পেয়েছো	138
ইয়র্ক	138
চাচা	137
বুলেট	137
বলেছো	137
ফরেস্ট	137
ভালোবাসে	137
আরেক	137
সর্বোচ্চ	137
ফ্লাইট	137
ঘড়ি	137
পরেও	136
রোবট	136
স্পষ্ট	136
সদস্য	136
নিচ্ছে	136
ক্লাস	136
পাচ্ছেন	136
বেলা	136
অতিরিক্ত	136
সিগারেট	136
আরেকবার	136
পানিতে	136
হার্ভি	136
কানে	136
পরেই	136
ব্র্যান্ড	136
নিচের	136
অভিনয়	136
টুকরা	135
সিক্রেট	135
এলে	135
যেকোনো	135
চেনো	135
জিনিষ	135
জানত	135
পালন	135
দেবার	135
টিভি	134
ক্ষুধার্ত	134
বিশ্বাসই	134
ডি	134
সাক্ষাৎ	134
পয়সা	134
কিং	134
দোষী	134
সবকিছুর	134
কথাবার্তা	134
জড়িত	134
প্রশংসা	133
হলেই	133
স্টার্ক	133
দক্ষিণ	133
উঠ	133
পরিবারকে	133
মাত্রই	133
আঙ্গুল	133
দুর্ঘটনা	133
দাগ	133
টুকরো	133
বউ	133
নয়তো	133
দিচ্ছ	132
ক্রিসমাস	132
বুঝবে	132
মানব	132
নম্বর	132
উঠবে	132
সান	132
সত্যটা	132
আকাশে	132
মরা	132
বুঝিয়ে	132
লাইট	131
করছিলে	131
এলাম	131
ক্ষুধা	131
ইতিমধ্যে	131
এমনিতেই	131
ওঠ	131
কাগজ	131
লোকটাকে	130
নইলে	130
থামুন	130
কৃতজ্ঞ	130
শো	130
মাইক	130
কনর	130
ডুবে	130
দেখানোর	130
পুরোনো	130
খুনের	130
ভয়াবহ	130
নিয়েই	129
প্রভাব	129
এলো	129
গ্রহন	129
পারছেন	129
গ্রাম	129
হোটেলে	129
মাটি	129
ভ্রমণ	128
আজিজ	128
অদৃশ্য	128
ব্যাক্তি	128
অপরের	128
অস্তিত্ব	128
মর	128
বাহ্	128
এনেছে	128
যন্ত্র	128
প্রাণী	128
কিছুনা	128
শরীরে	128
দেবেন	128
দিয়েছিলো	128
অতীত	127
ধনী	127
বলেছিলো	127
কতো	127
ভদ্র	127
মামলা	127
কমান্ডার	127
খেল	127
মেরী	127
বাসা	127
আসেনি	127
মধ্য	127
খায়	127
মূল্যবান	126
বলছিস	126
দেখানো	126
ভ্যান	126
ভীত	126
কম্পিউটার	126
এইদিকে	126
তোরে	126
মারবে	126
সম্পন্ন	126
গ্রেপ্তার	126
বেচারা	126
বাতিল	126
অভিশাপ	126
ঝগড়া	126
পড়ার	126
দেখেন	125
তাকান	125
এরকমই	125
চিন্তার	125
ভালভাবে	125
মহিলার	125
রাজ্যের	125
দুজনের	125
লাগানো	125
এখানের	125
জানেনা	125
ড্রাগন	125
ধোঁকা	125
নন	125
চিকিৎসা	124
রন	124
ট্রেনে	124
লিখতে	124
হোটেল	124
এতটা	124
তর	124
নাহ	124
ঘোড়ার	124
তলায়	124
শেয়ার	124
ডাকো	123
উপরের	123
দিয়েছো	123
চাইনিজ	123
ফিরতে	123
সংগ্রহ	123
আলাপ	123
উড়তে	123
কর্নেল	123
শারম্যান	123
ডাকে	123
আসবেন	123
হাস্যকর	123
কয়টা	123
চেয়েছিলেন	123
ঘটনার	122
হাল	122
তারিখ	122
তোমাকেও	122
উপযুক্ত	122
সাধারণত	122
ডানে	122
কুত্তার	122
ভরে	122
থাকত	122
বেশিই	122
বসতে	122
রেগে	122
অতিক্রম	121
মুখের	121
কোত্থেকে	121
গিয়েছ	121
লেফটেন্যান্ট	121
স্বর্গের	121
আনন্দিত	121
আসলো	121
ওয়াটসন	121
পারতো	120
হাঁ	120
পিকে	120
সহ	120
এলাকা	120
উপস্থিত	120
নিজস্ব	120
যেদিন	120
চেন	120
পদ্ধতি	120
স্বপ্নে	120
বানিয়েছে	120
তাড়া	120
সাড়া	120
ভয়ঙ্কর	120
বিছানায়	120
নিলাম	119
সর	119
স্যাটেলাইট	119
জিতে	119
দুজনেই	119
যেতাম	119
দেখব	119
দরজাটা	119
যতটা	119
ওদিকে	119
সেটাও	119
তিনজন	119
কারণেই	119
ভয়ে	119
ক্লিয়ার	119
যৌনসঙ্গম	119
তলোয়ার	119
চাইছি	118
সমেত	118
কুত্তা	118
দিয়া	118
লুসি	118
লেডি	118
স্থানে	118
রা	118
জাহাজে	118
লাগাও	118
বর্তমান	118
জড়িয়ে	118
ভোট	117
থমাস	117
বাঁচানোর	117
মন্দ	117
আঙ্কেল	117
ফ্রেঞ্চ	117
টিকে	117
রাখছি	117
দ্যাখো	117
জন্যও	117
আমিতো	117
বিড়াল	117
দিয়েছিলেন	117
আবিষ্কার	116
যাচ্ছিলাম	116
ফেরার	116
স্টার	116
নিশানা	116
মুহূর্ত	116
মহামান্য	116
রহস্য	116
দিতাম	116
বিষ	116
জানবে	116
হু	116
গর্বিত	116
এইখানে	116
অস্থির	116
এসেছিলো	116
পৌছে	116
সম্পদ	116
ওয়ান	116
পাহাড়ের	116
জেল	115
পুরা	115
নির্দিষ্ট	115
বিরক্তিকর	115
ভালোবাসো	115
মাসে	115
মিনিটে	115
যাবি	115
মিথ্যুক	115
টান	115
ঝামেলায়	115
সম্মানিত	114
কাটা	114
হাজির	114
বুঝেছো	114
আমেরিকা	114
বলেই	114
পুরাই	114
বলছিল	114
ড্রিংক	114
অন্যকিছু	114
সাহায্যে	114
ওনাকে	114
উচ্চ	114
কিস	114
ভরা	114
আল্লাহ্	114
স্বাধীনতা	114
এগুলোর	113
অন্যরকম	113
জানাচ্ছি	113
উহ	113
হার	113
আমাকেও	113
ভাবছো	113
তারমানে	113
বাইরের	113
বাড়িয়ে	113
জাতীয়	113
রেডিও	112
পাগলামি	112
পাপ	112
সক্ষম	112
থাকতাম	112
ঘটছে	112
গ্যাস	112
কমে	112
পূর্ব	112
বাঁধা	112
ফেলার	112
অন্ধ	112
যখনই	112
ডাকা	112
করেনা	112
একসময়	112
ওয়াইন	112
মানি	111
সম্মানের	111
পাশের	111
জিনিসের	111
খুঁজছে	111
সৎ	111
তুলতে	111
কুকুরের	111
শেষবার	111
খুজতে	111
বসবাস	111
ভাগো	111
আটকা	111
জরুরি	111
অন্যের	111
এগুলা	111
রাশিয়ান	111
চেয়ারম্যান	111
পরিমাণ	110
কান্না	110
পরো	110
পাস	110
প্রথমবার	110
ওটাই	110
অনুষ্ঠান	110
সুবিধা	110
লক্ষ	110
ছুরি	110
ফলে	110
বন্ধুকে	110
বলিস	110
চীফ	110
জাদুকর	110
প্রাচীন	110
বাকী	110
চলেছে	110
মুহুর্তে	110
আনার	110
অনেকেই	110
বেল	110
ক্রিস	110
দুধ	110
পুড়িয়ে	110
ভবিষ্যত	109
বিপদের	109
লাথি	109
লোকটার	109
আর্থার	109
ঘটতে	109
জঙ্গলে	109
নদীর	108
নিগ্রো	108
হিসাব	108
নিখুঁত	108
ফেলেছ	108
পরেছে	108
গ্রহ	108
সূর্যের	108
খুলো	108
বিস্তারিত	108
ফলাফল	108
আফসোস	108
ইউনিট	108
বুক	108
ছিনিয়ে	108
দুটি	107
বিলি	107
চুপচাপ	107
অনুগ্রহ	107
স্মার্ট	107
গ্রেস	107
হারামজাদা	107
ছাপ	107
সিট	107
অামাকে	107
পকেটে	107
সেকেন্ডের	107
কোরনা	107
ফ্রোডো	107
জানানো	107
কেক	107
থাকুক	107
পাইলট	107
তুমার	107
প্রয়োজনীয়	107
কাটাতে	106
করাটা	106
শিট	106
লোগান	106
রাইট	106
একদমই	106
আব্বা	106
পেট	106
আয়লা	106
দানব	106
রেখ	106
মাঝখানে	106
খুনী	106
তেল	106
সঙ্গী	106
দেখছে	106
জল	106
আল্লাহর	106
ধরবে	106
জুড়ে	106
কোনকিছু	105
ক্রেন	105
এন্ড	105
সামলাতে	105
দেখাচ্ছি	105
খোদার	105
তারপরও	105
কথার	105
শয়তানের	105
ড্রাইভ	105
হালকা	105
ট্রাক	105
অপরাধের	105
সিগন্যাল	105
জিম	105
মারামারি	105
খুশী	105
অস্বীকার	105
পার্সি	105
উঁচু	105
পূর্বে	105
টায়	105
সমস্যায়	104
ওজন	104
ঠিকঠাক	104
বোঝার	104
পার্কার	104
আকাশ	104
নিষেধ	104
লাগাতে	104
সমুদ্র	104
অাছে	104
নড়াচড়া	104
উজ্জ্বল	104
মাইকেল	104
ভিক্টর	104
ডেভ	104
জগতে	104
পিবডি	104
কাপ	104
ওয়াদা	104
দড়ি	104
এলাকায়	104
ওয়াশিংটন	104
সুখী	103
ভাইকে	103
পরাজিত	103
এইভাবে	103
পাউন্ড	103
এতদিন	103
পুরানো	103
বৃদ্ধ	103
শক্তির	103
দিত	103
সংযোগ	103
ভবিষ্যতে	103
ড্যানি	103
ছাই	103
অপমান	103
কলেজে	103
সাধারন	103
ট্রেনিং	103
শিশুর	103
বাচ্চাকে	103
মিটার	103
পছন্দের	103
একটুও	103
দেখাশোনা	103
আয়োজন	103
আরাম	102
ভবিষ্যতের	102
ঘিরে	102
ব্রুস	102
মিল	102
যেওনা	102
কথাও	102
হেরে	102
পিস্তল	102
দাঁত	102
হেলিকপ্টার	102
দিই	102
ছাড়তে	102
চাচ্ছো	102
পড়ি	101
বুঝাতে	101
মুভি	101
ডাকাতি	101
ফাইট	101
হ্যাঙ্ক	101
যুক্তি	101
বক্সিং	101
পেরে	101
বানিয়েছি	101
ফ্রাঙ্ক	101
আগ্রহ	101
বিশ্ব	101
গ্লাস	101
ভারী	101
বাছাই	101
সুপার	101
জ্বিন	101
চেয়েছিলে	101
চাইছে	101
মানা	101
বিনিময়ে	101
পরোয়া	101
বিজয়ী	101
ক্লাসে	100
বরফ	100
সেটাকে	100
টিকেট	100
স্কট	100
এইডা	100
শেফ	100
বাচ্চাটা	100
ঠিকমত	100
তোলা	100
বয়সী	100
নিঃসন্দেহে	99
দাদু	99
বুকে	99
সেবা	99
চায়না	99
গ্রুপ	99
সর্বশেষ	99
কিছুক্ষণ	99
সোনার	99
স্বাগত	99
দেহ	99
ফল	99
এড	99
বানানোর	99
পালিয়েছে	99
আনন্দের	99
জামা	99
ভাবিনি	99
যেখানেই	99
অপরকে	99
ঘুরতে	99
চাঁদ	99
দেখেনি	99
আমাকেই	99
লোকটি	99
হয়েছেন	99
দৌড়ে	99
নায়ক	99
রোল	98
দিনটা	98
সম্পত্তি	98
উন্মাদ	98
শিক্ষক	98
পরিশোধ	98
সলোমন	98
ফিট	98
গর্ত	98
জিনিসপত্র	98
নীচে	98
আনবে	98
মারাত্মক	98
নিয়া	98
টেবিলে	98
ধার	98
পৃথিবীকে	98
রজার	98
মেলম্যান	98
গল্পটা	98
আমেরিকার	98
বোলো	98
জীবনটা	98
তোলে	98
শাবাশ	98
বেঁধে	97
সন্ত্রাসী	97
হার্ট	97
দরজায়	97
ভালবাসে	97
অভ্যাস	97
হতেই	97
পারত	97
সৈনিক	97
উত্তেজিত	97
ভয়ের	97
রোগ	96
করলেই	96
জমা	96
সোনামণি	96
কঠোর	96
এমনভাবে	96
রাখব	96
জিসাস	96
দুইজন	96
হেঁটে	96
মোবাইল	96
নাচ	96
ধ্যাত	96
শিভাম	96
পুলিশকে	96
হ্যাগ্রিড	96
সাক্ষী	96
দুনিয়ায়	96
মিউট্যান্ট	96
অপহরণ	96
কেসের	96
জায়গার	96
দৌড়	96
সন্ধ্যায়	96
বরাবর	95
বিচ্ছিন্ন	95
দিলেন	95
ইন	95
দ্বীপে	95
এডি	95
রূপ	95
বিরাট	95
জঙ্গল	95
শুনি	95
বেঞ্জামিন	95
শুনবে	95
ট্যাক্সি	95
আমারা	95
আহ্	95
ভালবাসার	95
ঐখানে	95
হত্যার	95
ছাড়বে	95
ভুয়া	95
নিলে	94
পার্টিতে	94
স্ত্রীকে	94
রেড	94
সংরক্ষণ	94
করতেন	94
নাটক	94
উন্নতি	94
পালানোর	94
সিংহ	94
এমনি	94
যেখান	94
পাতা	94
খাদ্য	94
কইরা	94
ড্রাইভার	94
আক্রমন	94
আইনের	94
হতাশ	94
আসলাম	94
বলতেই	94
পিছিয়ে	94
প্রায়ই	94
প্রকৃতির	93
ফার্স্ট	93
হামলার	93
ঢুকিয়ে	93
কামনা	93
আসিনি	93
ছাদে	93
সেন্ট	93
দেখেই	93
টার	93
জানোয়ার	93
মুন	93
সহজেই	93
অসংখ্য	93
যেটার	93
কতটুকু	93
হেয়	93
খাই	93
বোতল	93
ওরকম	93
নিরাপত্তার	92
ডাক্তারের	92
গোসল	92
বিপজ্জনক	92
রিং	92
ঘণ্টার	92
দেখছেন	92
স্বামীর	92
কারনেই	92
দিচ্ছেন	92
বলদ	92
কতবার	92
জানু	92
থেমে	92
হতাম	92
খেলায়	92
ম্যাক্স	92
হয়েছ	92
ঝড়	92
টেস্ট	91
পদক্ষেপ	91
যেয়ে	91
আজকাল	91
দোকানে	91
বাঁচিয়ে	91
ভীষণ	91
জনকে	91
মিসাইল	91
নো	91
উপদেশ	91
আপনিও	91
করছিলো	91
সরকারের	91
নিয়েছ	91
সুস্বাদু	91
বাদে	91
নাম্বারে	91
সুখ	91
ঘটেছিল	91
খেলে	91
স্টারলিং	91
এটাতো	91
হলেন	91
নড়বে	91
রঙ	91
মানুষেরা	91
ছাগলছানা	90
ফুটবল	90
অস্কার	90
সেরে	90
দেয়নি	90
গেম	90
অন্ধকারে	90
এটুকুই	90
মেজর	90
শোনার	90
একেবারেই	90
বলত	90
ভিক্ষা	90
স্টেশনে	90
অবৈধ	90
যুক্ত	90
বেড়িয়ে	90
হাসপাতাল	90
তুলনায়	90
লাক	89
বোনকে	89
দুঃখের	89
শুনছি	89
লক	89
আস্থা	89
কতজন	89
পি	89
পরী	89
আশেপাশে	89
ছেলেদের	89
বাচ্চাটাকে	89
হারানো	89
সাইন	89
দিবি	89
আনছি	89
প্রতিরোধ	89
বলতাম	89
সূত্র	89
সর্বদা	89
বন্দি	89
ঐযে	89
স্টেশন	89
ভর	89
যেসব	89
হিউ	89
জিগ্যেস	89
ধরুন	89
সিনেমা	89
কিউট	89
চামড়া	89
যাদুকর	88
টন	88
টাকাটা	88
বিদ্যুৎ	88
পরা	88
ধর্ম	88
বয়কা	88
অথচ	88
দোহাই	88
প্রকৃত	88
বেতন	88
অসাধারন	88
পাবার	88
সবচে	88
তোমাকেই	88
খাবারের	88
নিবো	88
উপকার	88
উঠেছে	88
মতন	88
সন্ধান	88
নিহত	88
ব্যাস্ত	88
চকলেট	88
ভায়া	88
ভেবেছি	87
পুরোটা	87
পাসপোর্ট	87
বিবাহিত	87
আংটি	87
বলবেনা	87
এল	87
বাতাসের	87
মম	87
ডিটেকটিভ	87
অপারেশন	87
তিনটি	87
তারপরে	87
স্বাধীন	87
পাবেনা	87
টনি	87
আরেকজন	87
চেয়েছি	87
দেয়াল	87
কলেজ	86
স্টিফেন	86
ছেলেটার	86
পারিস	86
ভিত্তি	86
রুমের	86
ব্রেক	86
চাকরী	86
স্টার্ন	86
পরতে	86
দেয়ালের	86
ভগবানের	86
পেরেছে	86
দাড়ান	86
নগদ	86
ঐদিকে	86
মানতে	86
সেন্ট্রাল	86
অভিজ্ঞতা	86
কভার	86
পাহাড়	86
এডওয়ার্ড	86
চেনা	85
ফলো	85
হবেই	85
প্রেমিক	85
খুঁজছেন	85
বিবেচনা	85
টেবিল	85
প্লান	85
মিরে	85
যাচ্ছিস	85
সবারই	85
ঘুমের	85
সকালের	85
সময়টা	85
একাকী	85
দেখবেন	85
পেওনা	85
মার্ক	85
দৃশ্য	85
সু	85
ডাকতে	85
সিঁড়ি	85
গাড়ী	85
ভাঙ্গা	84
মন্ত্র	84
দের	84
শার্ট	84
ব্যাটম্যান	84
সার্ভিস	84
ভরটেক্স	84
লড়তে	84
ব্লক	84
বাইবেল	84
উকিল	84
ওমর	84
সন্তানের	84
ক্যান	84
বুঝা	84
হেইজেল	84
মোকাবেলা	84
ব্যাবস্থা	84
নির্বোধ	84
আরেকটি	84
নদী	84
বলবি	84
টিকিট	84
তারাই	84
সেনা	84
ইশান	84
প্রশিক্ষণ	84
চালানো	84
ছুড়ে	84
টাওয়ার	84
নিশ্চয়তা	84
ভান	83
গুজব	83
ফ্রি	83
নেতৃত্ব	83
মারি	83
শিশুদের	83
ডাম্বলডোর	83
গো	83
পাখির	83
মানচিত্র	83
বাইক	83
হারানোর	83
পেছন	83
করনি	83
যন্ত্রণা	83
হাঁটতে	83
রোস	83
কাছের	83
এইজন্য	83
প্রস্তুতি	83
বয়ফ্রেন্ড	83
হাতিয়ার	83
গলায়	83
পুড়ে	83
এয়ার	83
বজায়	83
ছুটে	82
কর্তব্য	82
আংকেল	82
সই	82
আলোর	82
মহিলাকে	82
এমনই	82
দোয়া	82
জিততে	82
তাজা	82
ঋণ	82
সত্ত্বেও	82
ডার্লিং	82
মান	82
গ্রেট	82
মেরেই	82
অভ্যস্ত	82
বয়ে	82
হারিয়েছে	82
গড়ে	82
বন	81
জেরেন	81
হুহ	81
টানো	81
বানায়	81
মিলিটারি	81
ভাবতাম	81
একসঙ্গে	81
অধীনে	81
ইথান	81
ওঝা	81
ঔ	81
গর্ব	81
বাজবে	81
দিয়ো	81
কাগজপত্র	81
অনুষ্ঠানে	81
কৌতুক	81
জোড়া	81
ময়লা	81
উল্লেখ	80
দাস	80
ছিঁড়ে	80
উৎস	80
শান্তিতে	80
বদলাতে	80
স্বর্গে	80
গবেষণা	80
আশ্চর্য	80
ওঠে	80
শুনলে	80
বিজ্ঞান	80
আগুনের	80
গর্জন	80
প্রাপ্য	80
কিম	80
হচ্ছিলো	80
অনুসন্ধান	80
বি	80
কমিশনার	80
ওভাবে	80
আমারই	80
দর্শন	80
বইয়ের	80
উভয়	80
আলফা	79
আইনজীবী	79
জঙ্গলের	79
যতই	79
নিঃশ্বাস	79
সংবাদ	79
গার্ড	79
পেরেছো	79
সমর্থন	79
দামী	79
সামরিক	79
চাবিটা	79
ব্রায়ান	79
নিয়ন্ত্রন	79
ব্রিটিশ	79
বোকার	79
সাক্ষ্য	79
আদালতে	79
থাকবেনা	79
আর্মি	78
পরবে	78
ভাবছে	78
পারছে	78
সাইকেল	78
হিউজ	78
ব্যবসার	78
ব্রো	78
দুষ্ট	78
বাতাসে	78
ভাইরাস	78
করোনি	78
ব্যবহৃত	78
লাগলে	78
তারাতারি	78
পরিবর্তে	78
এসেছিলেন	78
মাটির	78
হ্যাপি	78
বোর্ড	78
ডিরেক্টর	78
সাগর	78
টের	78
মিলিয়ে	78
জেন	78
থামবে	78
নেন	78
আমাগো	78
নিয়েছিলাম	78
গুপ্তচর	77
সেভাবে	77
দেবতার	77
ফাঁদ	77
পাগলা	77
ঢোকার	77
সারপ্রাইজ	77
লাঞ্চ	77
স্বাক্ষর	77
পেপার	77
ভেসে	77
লিস্ট	77
ডিল	77
কিছুক্ষণের	77
মাত্রা	77
এতই	77
সমুদ্রের	77
পড়লে	77
দেখতেই	77
দান	77
গল্পের	77
আসছেন	77
সামনেই	77
ফারুক	77
যতক্ষন	77
অফার	77
বললি	77
খেলনা	77
অবসর	77
জেনি	77
চাওয়া	77
বিয়েতে	77
চিয়ার্স	77
বিজনেস	76
সারাহ	76
অবস্থার	76
ছুঁড়ে	76
প্রতিরক্ষা	76
পিছন	76
দাড়া	76
পাল	76
অতিথি	76
সার্কাস	76
গেছিলাম	76
যাচ্ছিল	76
কয়েকজন	76
হাতটা	76
পাওনা	76
তুমিতো	76
চ্যালেঞ্জ	76
আকর্ষণ	76
সত্যিটা	76
পোলা	76
সাপ	76
দেখাই	76
ডানদিকে	76
ভাইয়েরা	76
বন্ড	76
অনেকে	76
নিকট	76
লন্ডনে	76
পল	76
কিছুতেই	76
দেখান	76
কেড়ে	76
এড়িয়ে	76
প্রতিক্রিয়া	76
চূড়ান্ত	76
বেকুব	75
গতরাতে	75
ঘড়ির	75
শ্রদ্ধা	75
তাক	75
কথাগুলো	75
রাজকুমারী	75
্যাচেল	75
শুভেচ্ছা	75
প্রথমত	75
একত্র	75
বিস্ফোরণ	75
শিখে	75
পেতাম	75
ভেতরের	75
পাবলিক	75
ঋণী	75
আবেগ	75
চাল	75
খোঁজার	75
সরকারী	75
ফাঁকা	75
এনা	75
সাইমন	75
পাঠানোর	75
অফিসের	75
অ্যান	75
চাইছ	75
পুরাতন	75
ড্যাড	75
বহু	75
জীবনেও	75
উন্নত	75
রয়ে	75
স্বর্গীয়	75
আহা	74
ভালোর	74
অনন্ত	74
কপাল	74
দেখছিলাম	74
ফিশার	74
তারাও	74
ব্লেক	74
কাউকেই	74
ট্যাংক	74
লাগবেনা	74
চাইতাম	74
নড়বেনা	74
আদর্শ	74
এনেছ	74
জগতের	74
শ	74
দা	74
স্প্যারো	74
সুদর্শন	74
বটে	74
ভাবেই	74
বন্ধুত্ব	74
শোধ	74
রাজনৈতিক	74
মামনি	74
মারবো	74
দায়িত্বে	74
সেজন্য	73
গ্রহের	73
আমারটা	73
দিছে	73
প্যারিস	73
ওয়ালেস	73
ব্যারি	73
নোট	73
পরিপূর্ণ	73
গীতা	73
জেড	73
কর্মী	73
রিমোট	73
এম	73
কষ্টের	73
হয়েছিলাম	73
ছেলেটি	73
জন্মের	73
লা	73
ছাত্র	73
জাদুকরী	73
গুলির	73
রাজত্ব	73
ক্রস	73
করায়	73
ভাগ্যের	73
পাহারা	73
দুশ্চিন্তা	73
অশুভ	73
তরুণ	73
সম্মুখীন	73
রোগী	73
বাসে	73
গেলেন	73
লগ	73
স্থির	73
রেখেছিলাম	73
জানতেন	73
দয়ালু	73
ঘুরিয়ে	73
দম	72
অজ	72
ড্রাগ	72
মন্দির	72
মুক্তির	72
পুতুল	72
শুনেছো	72
মন্ত্রী	72
পেল	72
সম্বন্ধে	72
জীবন্ত	72
রঞ্জিত	72
পরিস্থিতিতে	72
শিখেছি	72
সমাপ্তি	72
পৌঁছাতে	72
প্যারিসে	72
উডি	72
গুরুত্ব	72
শন	72
স্যুপ	72
উঠাও	72
তীর	72
দুজনই	72
স্প্যানিশ	72
জানাবে	72
মস্তিষ্ক	72
সাথেও	72
অস্বাভাবিক	72
অার	72
টুপি	72
ঘুমাও	72
বদমাশ	72
কড়া	72
গিয়েছিলেন	72
ন্যায়	72
তোমারই	72
বিশ	71
খোলার	71
আশীর্বাদ	71
কাটতে	71
প্রধানমন্ত্রী	71
জানাই	71
খিত	71
লোকে	71
আটকাতে	71
ফিলিপ	71
খাবো	71
রকেট	71
পশু	71
দক্ষতা	71
অত	71
ধৈর্য	71
লুকানো	71
পার্টির	71
এতটুকুই	71
সময়ই	71
করছিনা	71
ওইটা	71
খুলবে	71
বালক	71
আনবো	71
জানাও	71
নীতি	71
লিস্টে	71
ধোকা	71
সকলের	71
দিকেই	71
অতি	71
জমে	71
আকাশের	71
বায	71
জাহান্নামে	71
শত্রুদের	71
চেয়েছিলো	71
বড়ই	71
স্বর্গ	70
যাস	70
থরিন	70
শ্রেষ্ঠ	70
শুনছ	70
চশমা	70
জানোই	70
গাধার	70
হচ্ছেন	70
চার্জ	70
সি	70
যাবত	70
অপরাধীদের	70
করাও	70
প্যাক	70
কোনদিন	70
পরিশ্রম	70
ইহুদী	70
লাগতো	70
আজাইরা	70
প্রতীক	70
গভীরে	70
যেতো	70
ফোনের	70
ড্যাডি	70
টিভিতে	70
উল্টাপাল্টা	70
ভোগ	70
কোর্ট	70
অ্যান্ডি	70
ধাপ	70
জন্যেই	70
কেমনে	70
চেয়েছে	70
শেষের	70
খান	70
জলদস্যু	70
অভিযান	70
বিছানা	70
ক্ষমতার	70
নরম	70
গেন্ডালফ	70
মন্দিরে	70
অন্যরা	70
ঘ্রাণ	70
ইতিহাসের	70
আড্ডা	70
শক	70
ব্যয়	70
তত	69
মার্ফ	69
কাটার	69
লিওয়ার	69
চালানোর	69
প্যান্ট	69
কমপক্ষে	69
চার্চ	69
অনেকগুলো	69
মরেছে	69
ডিজাইন	69
নরকে	69
জামাল	69
ডং	69
লুকাস	69
বিদেশী	69
পশ্চিম	69
তোমারও	69
হয়েই	69
হিংস্র	69
সরাতে	69
ক্যালেব	69
তোলো	69
শিওর	69
রাজী	69
সম্রাট	69
বৃদ্ধি	69
তাহলেই	69
রাজ	69
জিউস	69
এদিক	69
সন্তানদের	69
দিলেই	69
বেল্ট	69
টাইপের	69
শুকিয়ে	69
নিয়ন্ত্রণে	69
হাওয়া	69
বাক্স	68
ওস্তাদ	68
ক্ষুদ্র	68
ব্লু	68
দেখেছিলে	68
প্লেনে	68
পাওনি	68
বেলায়	68
হট	68
আম্মা	68
গুরু	68
একত্রিত	68
ব্যাটারি	68
ইভা	68
স্মরণ	68
খনি	68
উর	68
মঙ্গল	68
বাহিনীর	68
ট্রেনের	68
শখ	68
অভিযুক্ত	68
আবর্জনা	68
জোকার	68
বুঝতেই	68
অজানা	68
উইল	68
পায়নি	68
সঙ্গ	68
তারপরেও	68
ব্যাংকে	68
প্রদান	68
উঠুন	68
শুনছো	68
আধা	68
অমন	68
করলি	68
ডেন্ট	68
জোস	68
পাগলের	68
ছেলেটাকে	68
অন্যায়	68
মানিয়ে	68
বেড়াচ্ছে	68
নেটওয়ার্ক	68
ভারতীয়	68
ব্যক্তির	67
বক্স	67
টমি	67
মুগ্ধ	67
রাজ্যে	67
লাঠি	67
আগুনে	67
দুজনকে	67
লিখেছে	67
নিখোঁজ	67
মধু	67
নাস্তা	67
উঠছে	67
পাইয়ে	67
বারের	67
ফেলেছো	67
কবিতা	67
পাশেই	67
মিশে	67
মুখোশ	67
ওইখানে	67
প্রেমিকা	67
্যাটি	67
মেরেছি	67
এগসি	67
ক্যাপ	67
উত্তরে	67
অনুশীলন	67
পুরুষদের	67
ইব্রু	67
পাহাড়ে	67
যুবক	67
জাতির	67
ব্যাংকের	67
সেসব	67
দোস্তরা	67
ইহা	67
সস্তা	67
এইরকম	67
চাপা	67
মর্ফিয়াস	67
কাজেই	67
শুনেছেন	67
প্রাসাদ	67
রাজকীয়	67
টেডি	66
তর্ক	66
ক্লার্ক	66
লী	66
টাকাগুলো	66
দাওয়াত	66
ঘুরাও	66
লন্ডন	66
তাইতো	66
বসা	66
অনুসারে	66
সেল	66
নিশ্চই	66
বর্ণনা	66
শাসন	66
ইপস	66
শুনিনি	66
আমারো	66
আরিয়া	66
বেইলী	66
জনগণের	66
শুভরাত্রি	66
অহ	66
তোমারে	66
মৃদুহাসি	66
একরকম	66
নিষিদ্ধ	66
চিনে	66
হইবো	66
পর্বত	66
ততক্ষণ	66
জ্বালিয়ে	66
নিয়েছিল	66
দেখিয়েছে	66
এছাড়া	66
ছায়া	66
বয়	66
পানীয়	66
তালা	65
ছিলোনা	65
সামাজিক	65
প্রেমের	65
খোঁজে	65
কেট	65
চেইন	65
স্থাপন	65
পাঠাচ্ছি	65
অন্যদিকে	65
এক্ষুণি	65
হিট	65
গ্রে	65
প্রতিভা	65
দূরত্ব	65
দ্বীপ	65
দিতো	65
কেভিন	65
নিজেও	65
বলতেন	65
ভাবা	65
অনুসরন	65
আদালত	65
পেটে	65
শান্তির	65
বিরতি	65
মাঠে	65
শহরবাসী	65
রাতেই	65
মহৎ	65
বিস্মিত	65
ম্যাচ	65
তোল	65
কুমার	65
লেগেছিল	65
দাফন	65
আমদের	65
দিচ্ছো	65
প্রকার	65
হুকুম	65
বরফের	65
রক্ষার	65
রঙের	65
দেখাবো	65
চালায়	65
ধরেই	64
হায়রে	64
ভুলেই	64
তখনও	64
এতক্ষণ	64
ঘড়িটা	64
যেতেই	64
বাড়িটা	64
বিশ্বস্ত	64
সুরক্ষা	64
এটায়	64
ফেলছে	64
পড়ুন	64
কামান	64
সিদ্ধার্থ	64
লুক	64
বাপরে	64
মে	64
লাগেনি	64
ভেবেছিলে	64
মেডিকেল	64
পারফেক্ট	64
মস্তিষ্কের	64
হঠাত	64
সমগ্র	64
এলিস	64
জানাবো	64
থাকবি	64
পাবি	64
ডানা	64
চিহ্নিত	64
পড়লো	64
আশ্রয়	64
স্থানীয়	64
এতোটা	63
হিউস্টন	63
সাক্ষাত	63
ওঠা	63
পথের	63
হোসেন	63
আইডি	63
ম্যাসেজ	63
পাসওয়ার্ড	63
শট	63
চেজ	63
আসবি	63
সৌভাগ্য	63
ফাদার	63
করবনা	63
চারিদিকে	63
আজু	63
লেডিস	63
আসছ	63
মেয়েটি	63
তামিল	63
গোপনে	63
নাচতে	63
পরও	63
সনাক্ত	63
বিশেষজ্ঞ	63
পরিচালনা	63
মনকে	63
গিফট	63
জেসি	63
বেশিক্ষণ	63
শারীরিক	63
ফ্যাক্টরি	63
থামতে	63
সাঁতার	63
বেকার	63
হ্যাক	63
পারছিলাম	63
নেবার	63
ভূত	63
হাড়	63
ঘাড়	63
রেখেছ	62
ব্যাস	62
ইন্সপেক্টর	62
রকমের	62
টু	62
ম	62
খুলুন	62
নিই	62
ফাঁদে	62
ফোর্স	62
এখনকার	62
জুতার	62
হাসান	62
ভেবেছ	62
জগত	62
ভাইজান	62
সীমা	62
কমান্ড	62
লাইসেন্স	62
মাসুম	62
উল্টো	62
নিবেন	62
বাচাতে	62
আমন্ত্রণ	62
মাথাটা	62
রাণী	62
টাইলার	62
কাপুরুষ	62
সিটে	62
পুরষ্কার	62
সেইরকম	62
ঠিকভাবে	62
বোকামি	62
আর্ট	62
গুপ্ত	62
হারমায়োনি	62
হৃদয়ের	62
দীর্ঘশ্বাস	61
গেলেই	61
হলুদ	61
কোনভাবেই	61
দাদার	61
বস্তু	61
ঔষধ	61
সম্পর্কিত	61
বিপক্ষে	61
লাশের	61
ছবির	61
মাস্ক	61
নমুনা	61
ওহো	61
অভাব	61
করাই	61
জিনিয়াস	61
শুনেছিলাম	61
আধুনিক	61
এদেরকে	61
হচ্ছেটা	61
ভিনু	61
আন	61
দুর্বলতা	61
ক্ষত	61
খোকা	61
ফেললে	61
ভাবনা	61
পিছনের	61
বিজ্ঞানী	61
বানাবো	61
মাংসের	61
হাঁটু	61
এমনিতেও	61
মতামত	61
সম্প্রতি	61
তাড়িয়ে	61
প্রয়োগ	61
নিয়মিত	61
পর্যায়ে	61
পাঁচটা	60
মোট	60
রিচার্ড	60
আরকি	60
দিওনা	60
বিচারক	60
মানুষটা	60
বোট	60
নেশা	60
জনগণ	60
অর্থহীন	60
লোকগুলো	60
ছুটির	60
অপরিচিত	60
ছাগল	60
সাড়ে	60
সেইলর	60
পরিবেশ	60
শ্রমিক	60
লাইগা	60
এতক্ষণে	60
নির্ধারণ	60
যতটুকু	60
মনেহয়	60
ভার্ন	60
পার্কের	60
মারব	60
ঘুষ	60
আঃ	60
বেশিরভাগ	60
এসেছিস	60
সত্যিকার	60
আপাতত	60
বিশ্বাসঘাতক	60
জনতা	60
ড্যান্স	60
এডওয়ার্ডস	60
একটাও	60
ব্যাগে	60
ফসল	60
প্রতিশ্রুতি	60
জাননা	60
খাঁটি	60
চেম্বার	60
আটক	60
গার্লফ্রেন্ড	60
বললেই	60
ঘুমানোর	60
বাস্তবতা	60
মেজাজ	60
এলাকার	60
নাচের	60
ঘুষি	60
ব্রিজ	60
মহারাজ	60
ফেললাম	60
প্রদর্শন	60
আপনাদেরকে	60
চলা	60
কয়েকদিন	60
ইয়র্কে	60
চিংড়ি	60
বিস্ময়কর	60
লোকজনের	59
ডেনিস	59
কাঁদতে	59
ডেরেক	59
ড্রাইভিং	59
পিঠে	59
হ্যান্ড	59
মূলত	59
ধর্মের	59
টেবিলের	59
বানাবে	59
গাম্প	59
পরেছি	59
ছাড়বো	59
চিকেন	59
পাইছি	59
ব্যাগটা	59
নকশা	59
দিস	59
চলার	59
জেফ	59
স্কিপার	59
কুইল	59
মিশিয়ে	59
হাউজ	59
জিনিসগুলো	59
বলছিনা	59
শত্রুর	59
দেখিয়েছ	59
জীবনকে	59
বুড়ি	59
কষ্টে	59
গায়েব	59
সালের	59
প্লেট	59
সৈন্যদের	59
হাটতে	59
তরবারি	59
ক্যাম্প	59
সংযুক্ত	59
টেপ	59
জাতি	59
কলা	59
রাজকন্যা	59
অর্চি	59
গোথামের	59
টবি	59
পর্যাপ্ত	59
বাপের	59
চুলের	59
ইংল্যান্ড	59
বোম	59
বয়স্ক	59
প্রভুর	58
এফবিআই	58
মানুষই	58
ফরহাদ	58
দেখাব	58
প্রতারণা	58
লিটল	58
ডাকছে	58
যেটাকে	58
পিট	58
দিলেক	58
চালান	58
ঘুরছে	58
শেরিফ	58
পারোনা	58
লুকানোর	58
হ্যানর	58
মালপত্র	58
ক	58
ঢেকে	58
গ্যারান্টি	58
চেনে	58
পুরোটাই	58
মেরো	58
ভাববে	58
দিকের	58
আন্টি	58
বসের	58
মোর	58
ছবিগুলো	58
হ্যাট	58
সৈন্যরা	58
বলছিলে	58
অ্যালাকি	58
আসামী	58
তাকেই	58
ডিগ্রী	58
পঞ্চাশ	58
নিজেদেরকে	58
রাখেন	58
প্র্যাকটিস	58
জাল	58
মেলে	58
সালাম	58
ছবিটা	58
অন্যকোন	58
ধরেছে	58
তালিকা	58
টিচার	58
ছাড়ার	58
নিয়েছেন	58
মোড়	58
গানের	57
নামো	57
লোকজনদের	57
হয়েছো	57
ডেট	57
যতদূর	57
পেও	57
পিতার	57
সুখে	57
বুঝেছেন	57
স্ট্রিট	57
রাখছে	57
নিষ্ঠুর	57
আন্তর্জাতিক	57
প্রজাতির	57
সিমবা	57
চেপে	57
বাসার	57
আস্ত	57
ভেবো	57
জানান	57
অংশীদার	57
আবেদন	57
উচু	57
কাঠের	57
মেরামত	57
আংটিটা	57
উধাও	57
গর্ডন	57
আশার	57
উষ্ণ	57
গীতাকে	57
কিডন্যাপ	57
ডাইনি	57
সবখানে	57
গা	57
পথেই	57
দুটোই	57
কতোটা	57
নিজেরাই	57
গুস্তো	57
মডেল	57
আসছো	57
সেরকমই	57
কপালে	57
ইতিমধ্যেই	57
ধেৎ	57
চেনেন	57
ক্যাট	57
অলৌকিক	57
অভিশপ্ত	57
বীজ	57
খুজছি	57
লস	57
নামতে	57
দৃষ্টিতে	57
আসবেনা	57
ঘটলো	57
চারটা	57
ভাবছেন	57
গোল	57
বিলিয়ন	57
এসপোসিতো	56
জন্মগ্রহণ	56
গুহা	56
রুপ	56
গড়বড়	56
ব্যাক	56
ওঠার	56
কাজই	56
একটার	56
শর্ত	56
পাড়ি	56
রক্ষক	56
হেটে	56
আনন্দে	56
পরিস্থিতির	56
পুনরাবৃত্তি	56
ক্লারিক	56
বাঁচার	56
ল্যাব	56
কেননা	56
ঘটনাটা	56
বুকের	56
মায়া	56
বানাও	56
পাচ্ছিনা	56
শ্য	56
স্ক্যান	56
গ্রহে	56
জমির	56
কণ্ঠ	56
ভঙ্গ	56
প্রাথমিক	56
নৌকায়	56
আগাও	56
মূর্খ	56
কমিয়ে	56
প্লেনের	56
পারমাণবিক	56
কন্যা	56
সহকারী	56
মানেই	56
বানান	56
উপাদান	56
ভক্ত	56
মদের	56
শিকারী	56
করেননি	56
বিকল্প	56
লোড	56
জোগাড়	56
কামড়	56
পাঠিয়েছেন	56
নেকড়ে	56
এটম	55
নির্বাচন	55
ফাঁস	55
তুইও	55
সামর্থ্য	55
হাসতে	55
ওয়া	55
মর্নিং	55
পেগাসাস	55
সরানো	55
ভুলতে	55
রাউন্ড	55
বইটা	55
জানানোর	55
নিচ	55
সেক্স	55
ক্যাটনিস	55
বিশ্বাসের	55
লজ্জিত	55
কেনার	55
অধিক	55
পুস	55
লিফট	55
জ্বলে	55
তোলার	55
ম্যাপ	55
পাছায়	55
অজ্ঞান	55
গোত্রের	55
নিষ্পাপ	55
অতীতের	55
কৃষক	55
ডিনারের	55
কুৎসিত	55
লড়াইয়ের	55
রেখেছিল	55
সহযোগিতা	55
ফেলেছিল	55
সাবেক	55
ধর্ষণ	55
হাড্ডি	55
পার্কিং	55
টপ	55
গ্যাং	55
এয়ারপোর্টে	55
খেলো	55
বিষ্ঠা	55
বিশ্বাসঘাতকতা	55
বাঘ	55
সুরক্ষার	55
দেয়ালে	55
দায়	55
নিয়তি	55
সিনিয়র	55
অচেনা	54
চ্যানেল	54
ভিনসেন্ট	54
নার্স	54
ইচ্ছুক	54
খাতিরে	54
কাটিয়ে	54
আম্মুকে	54
প্রশ্নটা	54
উদযাপন	54
বিভ্রান্ত	54
মাধ্যাকর্ষণ	54
তাঁদেরকে	54
পেছনের	54
ইংলিশঃ	54
মেশিনের	54
মারে	54
হেড	54
বিশপ	54
সামলাও	54
মোলকের	54
চালাকি	54
এনেছো	54
বলোনি	54
আত্মার	54
সম্ভাব্য	54
ফেলেছিলাম	54
পাছা	54
অংশটা	54
পোষাক	54
বাথরুমে	54
টার্নার	54
বাজারে	54
শুনছেন	54
পড়েছিলাম	54
যোগদান	54
অমর	54
দিবনা	54
ফক্স	54
সমুদ্রে	54
বাঁচবে	54
চলেন	54
সৌন্দর্য	54
সন্দেহভাজন	54
উত্তরের	54
বলছিলো	54
পলাতক	54
মিলিত	54
রেডিওতে	54
সেভাবেই	54
ব্যাক্তিগত	54
জিগায়	54
ব্যবসায়ী	54
অ্যালান	53
ভিতরের	53
জীব	53
পৌঁছানোর	53
ভাঙা	53
ঠেলে	53
মিশনে	53
লিডার	53
দুঃস্বপ্ন	53
ফগ	53
গেছিস	53
চড়ে	53
নিরাশ	53
ড্রেস	53
অ্যালফ্রেড	53
শব্দটা	53
মাছের	53
নিক	53
ছাদ	53
পরীক্ষার	53
হাসবে	53
শতাংশ	53
খাইছে	53
তুলবে	53
করবা	53
পারনা	53
লিখা	53
দুইবার	53
ছাড়াও	53
ঢুকেছে	53
গুরুতর	53
হোটেলের	53
অস্ত্রের	53
জা	53
পারা	53
প্রেস	53
স্পট	53
পেয়েছিল	53
দি	53
নির্দেশনা	53
রাজকুমার	53
পাগলামো	53
সেক্রেটারি	53
বৈজ্ঞানিক	53
পরীক্ষায়	53
রোম	53
কলম	53
বিমানে	53
সাগরের	53
বেয়ে	53
গোপনীয়তা	53
সহায়তা	53
আবহাওয়া	53
দেবী	52
শ্বশুর	52
ফিল	52
আশায়	52
মুখটা	52
ক্লাব	52
একাউন্ট	52
পার্টনার	52
হ্যান্ডেল	52
ডিনারে	52
ব্রেন্ডা	52
রাখলাম	52
বারে	52
পাল্টাতে	52
ফেটে	52
পর্যবেক্ষণ	52
আয়রন	52
রিকো	52
মহা	52
সারারাত	52
বোঝানো	52
ডে	52
ফিরবে	52
পাঠাবো	52
পশ্চিমে	52
আঙ্গুলের	52
ডলারের	52
নর্ম	52
এসেছিলে	52
রুটি	52
শালারা	52
লগে	52
প্রাকৃতিক	52
সাজা	52
মনেকরি	52
গেড়ে	52
রাহুল	52
মৃতদেহ	52
অংশে	52
গ্র্যান্ড	52
সন্দেহজনক	52
ডাকবে	52
উপস্থাপন	52
কোট	52
জুনিয়র	52
করানো	52
শুভসকাল	52
চাইছিলাম	52
চাষ	52
টাই	52
বিচারের	52
ফেলেছেন	52
নাম্বারটা	52
ভুলের	52
করেও	52
মহিমা	52
সৃষ্টিকর্তা	52
দাদীমা	52
ফিলিয়েস	52
নমস্কার	52
আইল্যান্ড	52
গোপনীয়	52
দৃঢ়	52
অজয়	52
ওয়াশিংটনের	52
রেখেছো	51
জানবো	51
পরিবর্তিত	51
বাজছে	51
ধরি	51
মিটিয়ে	51
পাপা	51
অতটা	51
বার্নি	51
ছুটিতে	51
টাকায়	51
অসীম	51
ভাঙ্গার	51
পড়াশোনা	51
কেবলমাত্র	51
জয়ের	51
মাঝেমধ্যে	51
হো	51
তলা	51
গর্দভ	51
নির্মাণ	51
অব	51
ভদ্রলোক	51
কো	51
এমিলি	51
তাকেও	51
নার্ভাস	51
হাতি	51
অক্সিজেন	51
নাগরিক	51
বানাচ্ছি	51
ভ্রমন	51
ওয়াকার	51
অনুবাদক	51
উদ্ভট	51
ইয়র্কের	51
পেনি	51
বনে	51
গেলি	51
মরণ	51
আপত্তি	51
যাইনি	51
থাকছি	51
নামা	51
বীর	51
গরু	51
আম	51
বাঁচিয়েছে	51
উকং	51
মরিস	51
নিরীহ	51
রওনা	51
খা	51
ইন্ডিয়া	51
ঘাড়ে	51
আকর্ষণীয়	51
সংরক্ষিত	50
শতাব্দী	50
ইগো	50
নরক	50
খেয়েছে	50
জিতেছি	50
মাইন	50
পেশ	50
নিচ্ছ	50
সো	50
চার্চে	50
চিনতাম	50
টাইপ	50
ল্যারি	50
সিন্দুক	50
আক্রমণের	50
ক্লাবে	50
কোলে	50
আত্মসমর্পণ	50
হারাবে	50
যেভাবেই	50
দেবতাদের	50
মৈদেন	50
পরিণতি	50
ডজন	50
যুগের	50
খাচ্ছে	50
জু	50
পাথরের	50
আমেরিকায়	50
ভাইস	50
আসতো	50
ক্যাটরিনা	50
গুছিয়ে	50
গিয়েছেন	50
মিত্রান	50
জে	50
কোর্টে	50
এতদূর	50
থামানোর	50
সিং	50
পাইপ	50
বাকিরা	50
স্টাইল	50
এগুলি	50
জিজ্ঞাসাবাদ	50
ব্লা	50
কাওকে	50
ইঞ্চি	50
ব্রুণো	50
মুভির	50
শুরুর	50
ডার্ক	50
বকবক	50
ক্ষমতাধর	50
ভলডেমর্ট	50
একজনই	50
ফিল্ম	50
ড্রপ	50
চুমো	50
ডাকবো	50
স্টোন	50
ভদ্রমহোদয়গণ	50
প্রক্রিয়া	50
বিজয়	50
ন্যায়বিচার	50
কারিগর	49
কুংফু	49
কোনভাবে	49
পাঠ	49
মাঝেই	49
বেইম্যাক্স	49
পকেট	49
প্রান্তে	49
হসপিটালে	49
এমনিই	49
চারদিকে	49
অবস্থানে	49
মানিব্যাগ	49
কার্ডটা	49
যাদেরকে	49
রক্তে	49
পত্র	49
খাচ্ছি	49
খাবি	49
এটুকু	49
চলেছি	49
মিলার	49
ফেলছি	49
মাউই	49
ট্র্যাক	49
খাবেন	49
গুলোর	49
লাগছিল	49
লেজ	49
রইল	49
যত্তসব	49
অপছন্দ	49
যায়গা	49
সরল	49
মোঃ	49
খুল	49
পারতেন	49
ভাগ্যে	49
নাকের	49
বংশের	49
যায়গায়	49
ভাত	49
আত্না	49
লরা	49
কাইল	49
ভাঙতে	49
ঐতিহাসিক	49
জিনি	49
খেলছে	49
গন্তব্য	49
জুন	49
অত্যাচার	49
শুভকামনা	49
নির্বাচিত	49
গর্তে	49
ধর্মীয়	49
আত্মীয়	49
সক্রিয়	49
জয়ী	49
অন্যথায়	49
নিশ্চিতভাবে	48
ঢাকা	48
দুর্গন্ধ	48
অপ্রত্যাশিত	48
বন্য	48
প্রাপ্ত	48
খেলি	48
প্রিয়া	48
মুকুট	48
সন্তুষ্ট	48
আপন	48
এসবে	48
বাচাও	48
বাদাম	48
অনেকবার	48
গোটা	48
অটো	48
ববি	48
নিলো	48
পতন	48
যাচ্ছিলো	48
সুর	48
বমি	48
চাবুক	48
লিঙ্গুঈনি	48
পাইনা	48
ডিভাইস	48
রেমী	48
চাইছো	48
বন্দুকের	48
আসতাম	48
সমাজের	48
ভরুন	48
ক্রিসমাসের	48
ধ্বংসের	48
বিদ্রোহ	48
পেলেন	48
প্রকৃতি	48
ডবি	48
মেমোরি	48
জ্ঞানী	48
ফেসবুক	48
নর্থ	48
ভাবতেও	48
ধরবো	48
সিটি	48
সেলাই	48
নাবিক	48
রাম	48
হাতেই	48
নেবেন	48
সময়মত	48
চেন্নাই	48
খোজ	48
যাবৎ	48
স্বামীকে	48
গাছে	48
মেরেছ	48
শোনে	48
ঝুলিয়ে	48
প্রচার	48
রেখেছেন	48
আসতেছে	48
উপলব্ধি	48
সার্চ	48
ইট	48
খোঁজা	48
নিল	48
ভীতু	48
জাহান্নাম	48
পড়েছ	48
ইতিহাসে	48
সাল	48
কাছেও	48
কাগজে	48
প্রত্যাশা	48
গানটা	48
মর্যাদা	48
বোধহয়	48
দাবী	48
অামরা	48
ক্রাইস্ট	48
মানবজাতির	48
উঠিয়ে	48
ব্যবসায়	48
নিয়োগ	48
ডিউক	47
প্রতিবেশী	47
ডাউন	47
উমম	47
ডাবল	47
ডেলিভারি	47
দুজনকেই	47
গাইতে	47
বাহির	47
বারোটা	47
বুম	47
পরিবর্তনের	47
ভবিষ্যদ্বাণী	47
দক্ষিন	47
বুঝেছিস	47
মেঘ	47
রোজ	47
গোলাম	47
কোরালাইন	47
ইঁদুরের	47
ধারণ	47
খেয়েছি	47
অন্তর	47
দুর্ভাগ্যবশত	47
থাকিস	47
থাকলেও	47
ভুত	47
পার্কে	47
পাঠিয়েছি	47
নিক্ষেপ	47
চরিত্র	47
জানলেন	47
মিথ্যাবাদী	47
এক্স	47
পাকা	47
সকালেই	47
থামান	47
কেইল	47
শিল্পী	47
রেস	47
মারটিন	47
কেটেছে	47
মাউন্ট	47
দুর	47
মোটামুটি	47
প্রজন্মের	47
আশাকরি	47
শেখার	47
গাস	47
মূর্তি	47
হ্যাম	47
আউ	47
কোম্পানিতে	47
দৌড়াতে	47
গ্যান্ডালফ	47
উস্তাদ	47
প্যাট্রিক	47
ছিলি	47
সাবটাইটেলটি	47
সহকর্মী	47
কাকতালীয়	47
কানের	46
ব্লাক	46
ট্রিনিটি	46
স্বাধীনতার	46
প্রমাণিত	46
চারজন	46
ভিজয়	46
ক্যাসি	46
সুইচ	46
কতদূর	46
মৃদু	46
টাস্ক	46
হাউজে	46
পালাচ্ছে	46
এতেই	46
ক্রেডিট	46
রেঞ্জার	46
কাজিন	46
অর্থাৎ	46
বনের	46
আজকেই	46
রুপাঞ্জেল	46
খুঁজছিলাম	46
পাস্পারতু	46
বাজার	46
দেইনি	46
ব্যাকআপ	46
জেন্টলম্যান	46
ইঞ্জিনিয়ার	46
ছোটো	46
ক্যাম্পে	46
হত্যাকারী	46
এক্সিডেন্ট	46
ভেতরেই	46
টেড	46
যাত্রী	46
রোমান	46
অপূর্ব	46
নানা	46
সচেতন	46
কাঁটা	46
গিয়া	46
মাইরালা	46
সেবায়	46
বাঁ	46
লোকেদের	46
সাবান	46
বিষাক্ত	46
সামুদ্রিক	46
পুরুষের	46
কুবরা	46
একি	46
সাইজ	46
আসলান	46
লুইস	46
অ্যাভাটার	46
মুন্নী	46
তল্লাশি	46
আমকে	46
বাতি	46
বৈধ	46
আড়ালে	46
লঞ্চ	46
স্টেট	46
অধ্যাপক	46
বাকিটা	46
অনুষ্ঠানের	46
শেষবারের	46
ততই	46
নির্যাতন	46
শিক্ষিত	46
ব্যাপক	46
সাজানো	46
কক্ষনো	46
জেইন	46
অসহায়	46
পড়েছিল	46
এছাড়াও	46
কালকের	45
সাব	45
হূ	45
রাখলে	45
ক্রিশ্চিয়ান	45
তামাশা	45
লজ্জাজনক	45
মেঝেতে	45
বাবুর্চি	45
সেগুলোর	45
সারাটা	45
হইলো	45
মারলে	45
বক্তব্য	45
যাচাই	45
অন্যভাবে	45
ভিলেন	45
বাবাও	45
ভূমি	45
আমাদেরই	45
স্যুটকেস	45
কারাগারে	45
বেহুদা	45
ম্যারি	45
মেয়েটিকে	45
ফটো	45
ক্লাবের	45
দখলে	45
চিন্তায়	45
বুঝছ	45
অ	45
ওয়াহ	45
দামি	45
আবশ্যক	45
রইলো	45
মারসেলাস	45
ড্যান	45
একবারও	45
যীশু	45
মিলস	45
বাজাও	45
ধরছি	45
জর্ডান	45
ইয়োর	45
অন্ধকারের	45
বিভাগ	45
ক্যান্সার	45
লাইনের	45
ধূমপান	45
জালাল	45
আনু	45
অশ্বারোহী	45
কৃতজ্ঞতা	45
শিন্ডলার	45
গুন্ডা	45
আমিন	45
উইক	45
গোথাম	45
হাসছে	45
নজরে	45
দাঁড়াবে	45
যন্ত্রপাতি	45
চেহারার	45
কোনদিকে	45
দোকানের	45
আদর	45
চতুর্থ	45
পাচ্ছিলাম	45
যাওয়াটা	45
ছাদের	45
প্যারিশ	45
বিশৃঙ্খলা	45
কলেজের	45
পাত্তা	45
উৎসর্গ	45
গরীব	45
খেলাটা	45
বয়সের	45
দাঁড়াতে	45
চেয়ার	45
কোণায়	45
কান্নাকাটি	44
দুর্দান্ত	44
পরই	44
জিম্মি	44
উঠার	44
চিঠিটা	44
চেস্টা	44
জেলের	44
জন্মদিনের	44
ঝামেলার	44
যাহোক	44
দুঃখজনক	44
ল্যাবে	44
খবরের	44
সুপারিশ	44
দক্ষিণে	44
শুক্রবার	44
ভালোয়	44
শুয়োর	44
দিছি	44
আনে	44
পোষা	44
বাগান	44
লক্ষণ	44
সুখের	44
কোনকিছুই	44
গঠন	44
প্যান	44
প্রথমবারের	44
করতেছে	44
ষ্টেশন	44
স্যান্ডউইচ	44
চালাচ্ছে	44
বেড়াতে	44
করছিলেন	44
নিয়েছো	44
দুর্ভাগ্য	44
মানুষরা	44
মায়েরে	44
বিজ্ঞানের	44
সংযুক্তি	44
উঠা	44
শূন্য	44
একশ	44
হেলেন	44
শব্দের	44
শিখিয়ে	44
বসবে	44
মরবো	44
বুঝিনি	44
লেভেল	44
পড়ল	44
সৃষ্টির	44
খারাপের	44
মোয়ানা	44
যাইতে	44
সুপারম্যান	44
একর	44
একত্রে	44
গ্রূ	44
কর্তৃপক্ষ	44
সিনেমার	44
ডাইনী	44
আবাল	44
কব	44
ফেলুন	44
লেখার	44
মাদার	44
সিয়ার্সো	44
অন্যকে	44
দিভিয়া	44
জেসন	44
আজীবন	44
কুট্টান	44
এন্ডারসন	44
আল	44
জিনিসই	44
উঠলো	44
যৌন	44
সিংহের	44
রাজপুত্র	44
বিস্ফোরিত	44
বাড়াও	44
ছাড়িয়ে	44
রহস্যময়	44
জিয়া	44
সোভিয়েত	44
উমার	43
হওয়াটা	43
নক	43
ইন্টারনেট	43
বাটন	43
প্রেতাত্মা	43
চিরকাল	43
হওয়ায়	43
সাগরে	43
বেটা	43
ঐসব	43
সোনালী	43
রাখিস	43
আম্মুর	43
দশটা	43
বিপরীত	43
হ্যান্ডসাম	43
স্নো	43
মাইয়া	43
রাগান্বিত	43
ছি	43
ধাতু	43
কর্তৃত্ব	43
নেভিগেশন	43
অনুভুতি	43
এগুলোই	43
মেহমান	43
প্রেসিডেন্টের	43
নিউজ	43
জুতো	43
নাতো	43
বেশ্যা	43
মাননীয়	43
সহায়	43
আইডিয়াটা	43
ইত্যাদি	43
টেইলর	43
হমম	43
সরকারি	43
পরিমান	43
এনেছেন	43
পারিবারিক	43
ট্রাকে	43
সাফ	43
শুরুতে	43
উদ্বিগ্ন	43
থাকলো	43
মাইকি	43
মালিকের	43
ভূমিকম্প	43
বাগানের	43
বোতাম	43
রোমান্টিক	43
করলেও	43
পেলেই	43
শোনাচ্ছে	43
দেখিস	43
যাচ্ছেনা	43
লিন	43
অপচয়	43
আরেকজনের	43
নরম্যান	43
জেমি	43
হোপার	43
ল্যান্ডিং	43
বিল্বো	43
দ্যাখ	43
বলেছিলি	43
তীব্র	43
প্রজন্ম	43
পাপের	43
মধ্যেও	43
যুবা	43
অবতরণ	43
রান্নাঘরে	43
আর্তনাদ	43
কাটুক	43
থাকাটা	43
কাঠ	43
কতগুলো	43
জোন্স	43
লোভ	43
নালিশ	43
ঘাস	43
জ্যান্ত	43
মশাই	43
পাঠায়	43
এয়ারপোর্ট	43
উড়ন্ত	43
ইয়াং	43
দেখেছিস	42
দিয়েছিস	42
বিবাহ	42
মোজাম্বিকে	42
রাজাকে	42
পরি	42
কুইন	42
তাপমাত্রা	42
সিদ্ধান্তে	42
তারই	42
লু	42
বাজিয়ে	42
উল্টা	42
ডিয়েটার	42
ইতোমধ্যে	42
বর্তমানে	42
দুদিন	42
প্রদর্শনী	42
পেরিয়ে	42
সর্বনাশ	42
ক্লু	42
জশ	42
হইয়া	42
অমান্য	42
জাগিয়ে	42
ধারালো	42
জানিও	42
চিরদিনের	42
ডাল্টন	42
ব্রেইন	42
প্রহরী	42
ল্যান্ড	42
আপেল	42
স্নেইপ	42
অ্যালেন	42
ওপারে	42
অল	42
চাকু	42
মজাদার	42
তুলনা	42
আসতেই	42
দেখাশুনা	42
ভালোবাসতে	42
ম্যানেজার	42
বরখাস্ত	42
ক্যামেরার	42
সফর	42
প্রত্যেকে	42
নেড	42
পুরস্কার	42
জানব	42
মাদারচোদ	42
চার্চের	42
পড়বো	42
যাদু	42
শুনবো	42
জ্বর	42
ইশ্বর	42
কর্মকর্তা	42
বাথরুম	42
তোমারটা	42
সুবিধার	42
পাঠান	42
শুকনো	42
তদন্তের	42
হয়ো	42
জামাই	42
খাব	42
প্রচন্ড	42
ডেকেছে	42
ভি	42
কেসটা	42
একবারে	42
মিনা	42
মেয়র	42
জড়ো	42
কেনা	41
অস্পষ্ট	41
প্রতিযোগিতা	41
এটিকে	41
হাউস	41
ঘুমাচ্ছে	41
মাঠ	41
বহিষ্কার	41
যোগ্যতা	41
ইংরেজি	41
চামড়ার	41
অজুহাত	41
শিরোনাম	41
গ্লোরিয়া	41
ভাবার	41
ব্যাবসা	41
মহিলারা	41
বান্ধবী	41
মুরগির	41
বাঁধ	41
স্টাফ	41
মার্কাস	41
শালাকে	41
মোহাম্মদ	41
কিলোমিটার	41
চিকিৎসার	41
সোজাসুজি	41
হারামি	41
জলিল	41
দর্শক	41
শীত	41
ব্যাঙ্ক	41
বিরোধী	41
আসন	41
মেকানিক	41
বোটে	41
দেখলেই	41
নামক	41
জোসেফ	41
ফেরৎ	41
হাসো	41
নিগ্রোদের	41
বিছানার	41
দিবেনা	41
পেলো	41
বানাই	41
চলি	41
ততটা	41
প্যাকেট	41
বোঝে	41
বোঝাই	41
কাকু	41
গুরুত্বপূর্ন	41
স্টিভ	41
মাঝ	41
মেধাবী	41
রেস্তোরাঁ	41
তম	41
প্রপোজ	41
তখনি	41
আবদ্ধ	41
ডিপার্টমেন্ট	41
জানোনা	41
স্বাস্থ্য	41
বলেছিস	41
প্রেসিডেন্টকে	41
তুলেছে	41
নদীতে	41
রোমে	41
আঁকা	41
অধিকাংশ	41
টিমের	41
টেলিফোন	41
টানা	41
স্থানান্তর	41
হোম	41
বাঁচাবে	41
থাকলেই	41
আসুক	41
বাঁচা	41
পাখা	41
প্রত্যেকেই	41
অামাদের	41
কক্ষে	41
কিনেছি	41
ভার	41
লাইফ	41
লেখক	41
ক্ষতির	41
উচ্চারণ	41
লেনদেন	41
জ্যাম	41
ভাইদের	41
এজন্যেই	41
রোগীর	41
পরিবারে	41
গর্ভবতী	41
বেশিদিন	41
নামও	41
দিকটা	41
লুকাতে	41
জানিয়েছে	41
ডস	41
টাওয়ারের	41
পুলিশে	41
হস্তক্ষেপ	41
গোমেজ	41
বন্যা	41
চায়নি	41
অফিসারের	41
আজও	41
ইউজিন	41
এগুলোকে	41
দুর্ঘটনায়	41
ইয়ে	41
ওয়ারেন্ট	41
ড্যানিয়েল	41
চড়	41
নোয়া	41
টিঙ্কার	40
পরম	40
খেয়েছ	40
বাস্তবে	40
বৃষ্টির	40
জুস	40
অযোগ্য	40
সবসময়ের	40
কাটানোর	40
ধারণাই	40
গলার	40
প্রাণীর	40
সাপ্লাই	40
বাঁচান	40
ভাবুন	40
উৎসাহ	40
একদল	40
মাদক	40
খোঁজো	40
ছবিতে	40
ঐশ্বরিক	40
দুষ্টু	40
রাতটা	40
বডি	40
সম্পাদনা	40
ন্যায্য	40
নিজেরা	40
লুকাও	40
নত	40
মোরালেস	40
সেনাবাহিনী	40
মার্কিন	40
কোনরকম	40
বুঝছি	40
নাহয়	40
ভারসাম্য	40
গুহায়	40
বিভাগের	40
ডক	40
তিমি	40
দিয়েন	40
ইঞ্জিনের	40
বিগ	40
প্রত্যেকের	40
নৌকার	40
খবরটা	40
গভীরভাবে	40
ট্রাভেল	40
ভগবানকে	40
তুমাকে	40
হচ্ছ	40
বেস্ট	40
জানালার	40
আদৌ	40
অবশিষ্ট	40
নিকটে	40
কাদের	40
চাহিদা	40
ভদ্রমহিলা	40
উদাহরণ	40
নিতাম	40
ঠিকমতো	40
লুট	40
ভারতের	40
পার্ল	40
ভারি	40
দরিদ্র	40
বে	40
ভালোভাবেই	40
ছোকরা	40
ফ্রান্সের	40
দুর্ঘটনার	40
চিফ	40
শেখাতে	40
কালি	40
দৌড়া	40
সেজন্যই	40
মুসা	40
যেয়ো	40
চেয়ারে	40
ওটাতে	40
পিস্তলটা	40
পড়লাম	40
এগোও	40
ওয়ালা	40
ভবন	40
ট্যাক্স	40
চাইছেন	40
পৃষ্ঠা	40
স্মৃতির	40
হবু	40
দূর্ঘটনা	40
উলফ	40
জাতের	40
ঝুলে	40
ঐদিন	40
বেস	40
চালা	40
চুরির	40
অ্যাবাগ্নেল	40
মেয়েটির	40
বিনিয়োগ	40
বাড়ী	40
বায়ু	40
ভয়েস	40
বাচানোর	39
প্রতিষ্ঠান	39
হইসে	39
পারবা	39
মারিয়া	39
খুলি	39
মার্শাল	39
কমলা	39
চিওল	39
প্রজাতি	39
বর্ম	39
দেহে	39
আঘাতের	39
লক্ষী	39
অগাস্টাস	39
বালান	39
ম্যালফয়	39
বেজে	39
গলফ	39
স্বার্থপর	39
পোপ	39
তমিজ	39
জারি	39
ব্যাজ	39
খুশির	39
জন্যেও	39
রস	39
অনুমোদন	39
বিশ্রী	39
ব্যক্তিত্ব	39
মিউট্যান্টদের	39
অতো	39
বাজানো	39
দাওনি	39
মুহূর্তের	39
ফ্রেন্ড	39
ডাকি	39
মারবেন	39
চাকা	39
সেকেন্ডে	39
প্রতিশোধের	39
অসভ্য	39
ম্যাট্রিক্স	39
হাতির	39
সংস্থা	39
মহিলাদের	39
চাক	39
সিল্ক	39
শুভসন্ধ্যা	39
এরচেয়ে	39
দ্বিগুণ	39
দেখনি	39
সেখানকার	39
কারণটা	39
ম্যাজিক	39
চিনো	39
থামিয়ে	39
ঐতিহ্য	39
পতাকা	39
অর্জুন	39
কু	39
পত্রিকা	39
বারো	39
আন্দাজ	39
সোমবার	39
চালাবে	39
প্রভাবিত	39
বলনি	39
সেলিন	39
ফ্লোরে	39
ইজ	39
বেগম	39
গুণ	39
হরিণ	39
শিকারের	39
এডমান্ড	39
নারীর	39
কামরুল	39
ঘোরাও	39
চাকরিটা	39
অনুবাদকদের	39
কেবিন	39
লক্ষ্যে	39
পন্থা	39
মধুর	39
আছেই	39
ঠিকআছে	39
ফুলের	39
ট্রান্সফার	39
প্রিয়তমা	39
ছোটবেলায়	39
মৃত্যুতে	39
দেবতারা	39
ডিনো	39
চলন্ত	39
হিল	39
অলিভিয়া	39
প্রতিদিনই	39
উহু	39
ইঙ্গিত	39
টাইট	39
ঘটার	39
গরডো	39
দেখলেন	39
হৃদয়ে	39
বয়েজ	39
স্থায়ী	39
স্বেচ্ছায়	39
ওয়েস্ট	39
নামবে	38
সিনেটর	38
কিরকম	38
কুবরার	38
কাট	38
হোয়া	38
পেটের	38
গতিতে	38
মনযোগ	38
অন্যতম	38
জিবা	38
শর্ট	38
পেরেছেন	38
পদ	38
ইউনিফর্ম	38
লড়াইয়ে	38
জেতার	38
কেন্দ্র	38
ক্যাপ্টেনের	38
পেয়ো	38
লাইগ্যা	38
এমিল	38
কেইস	38
ফাউল	38
অভিভাবক	38
হেমা	38
সাপোর্ট	38
ডাইনোসর	38
লাগত	38
দেও	38
জিরো	38
জিতবে	38
ফ্রেড	38
সমৃদ্ধ	38
টো	38
তখনো	38
পেয়েছিলে	38
গরুর	38
পজিশন	38
প্রিন্স	38
আত্মহত্যার	38
বিভাগে	38
অয়	38
তোমরাই	38
দুর্লভ	38
বামন	38
সজাগ	38
বিন্দু	38
ডিসেম্বর	38
প্রিন্সেস	38
অলরেডি	38
দেখালে	38
প্রথমেই	38
প্রত্যাখ্যান	38
পারলেন	38
জোকারের	38
মজবুত	38
পদ্ধতিতে	38
প্রবেশের	38
ভাবী	38
কার্যক্রম	38
ইসমাইল	38
নিউক্লিয়ার	38
দ্রুতই	38
অকেজো	38
পারস্য	38
দয়াকরে	38
পদার্থ	38
ড্রোন	38
এখানেও	38
গোলা	38
বুঝো	38
ক্রু	38
শিখা	38
বেরোতে	38
দ্বিতীয়বার	38
এইগুলা	38
পশুর	38
দ্বিতীয়ত	38
পিয়ানো	38
উপায়ে	38
অধ্যায়	38
স্বাস্থ্যের	37
ভালোবাসবে	37
পিল	37
চাচার	37
যাবনা	37
পিস	37
বন্দুকটা	37
এমা	37
ছেলেটির	37
বাচিয়ে	37
আজরাতে	37
বাংলায়	37
কেহ	37
নাইলে	37
অ্যাকাউন্ট	37
ভূমিকা	37
বান্দর	37
অ্যানা	37
রিড	37
ধরেছ	37
জনপ্রিয়	37
ফাইনাল	37
ভাজা	37
নির্ধারিত	37
ফ্ল্যাশ	37
সর্বশ্রেষ্ঠ	37
কিটি	37
ইবি	37
আরেকজনকে	37
হোল	37
সত্যের	37
দুজনে	37
ইংরেজী	37
বিলবো	37
থাকেনা	37
মুশকিল	37
দিচ্ছিল	37
পারলো	37
রোগের	37
ভালবাসো	37
মুরগী	37
পিঠ	37
বর	37
উচ্চতা	37
লোন	37
বুদ্ধিমানের	37
চিরতরে	37
জন্তু	37
এমনটাই	37
করতেও	37
তিনিই	37
ক্যামনে	37
গোলমাল	37
হাসির	37
দানবের	37
পর্দা	37
বার্থডে	37
পত্রিকায়	37
এইটাই	37
মাঝেও	37
অ্যামো	37
বইয়ে	37
ছিদ্র	37
গর্ডি	37
দেখছিস	37
গোল্ডেন	37
এতগুলো	37
বাকিদের	37
সবাইকেই	37
প্যাচ	37
শেখানো	37
চেতনা	37
জায়গাতে	37
ইতোমধ্যেই	37
বহুত	37
আমাদেরও	37
স্লিপ	37
যাওনি	37
তারচেয়ে	37
বদলায়	37
বসিয়ে	37
বুঝলেন	37
সমাধানের	37
সাউথ	37
চান্স	37
যতো	37
সঠিকভাবে	37
চলমান	37
চকোলেট	37
আনুন	37
বাহিরের	37
মানুষজন	37
বিস্ফোরক	37
বিশ্বাসী	37
যাচ্ছিনা	37
করতেছো	37
প্রজেক্ট	37
শিম	37
বিশুদ্ধ	37
মেডিক্যাল	37
দ্যাট	37
রেন	37
শপিং	37
মাঝেমাঝে	37
ফ্লাগ	37
তরফ	37
রাজধানী	37
সরবরাহ	37
ল্যানিস্টার	37
নর্থাপ	37
যুবতী	37
গার্ডিয়ান	37
ষড়যন্ত্র	37
ক্লেয়ার	37
আড়াল	37
চেয়েছেন	37
দাঁড়ানো	37
আনব	36
ডিভোর্স	36
অনুবাদকঃ	36
আসিস	36
ততদিন	36
লুসিয়াস	36
দুনিয়াতে	36
প্রাক্তন	36
লকি	36
এলা	36
গাও	36
অবলম্বন	36
ভেবেছো	36
সতর্কতা	36
লজ্জার	36
রেসিপি	36
ধুয়ে	36
ঢেউ	36
তন্ন	36
সম্পর্কের	36
নীরব	36
বিধ্বস্ত	36
পচা	36
কিছুতে	36
ছুড়ি	36
ফেলল	36
যথেষ্ঠ	36
ঝড়ের	36
শিখিয়েছে	36
উত্তরাধিকারী	36
হুজুর	36
ভাগাভাগি	36
আপনাকেও	36
শহীদ	36
বুভ	36
দরকারি	36
সম্মতি	36
পাচ্ছিস	36
ইপ	36
একলা	36
ছোটবেলা	36
জুলস	36
বার্ন	36
মঞ্চে	36
তারকা	36
হইনি	36
ক্যাথরিন	36
কারুর	36
হেসে	36
ট্রাফিক	36
ব্যস	36
পরিচালিত	36
ঈশ্বরকে	36
থামানো	36
বাড়াবাড়ি	36
অনুভূত	36
খেলবে	36
সিটির	36
কাঁধে	36
ভানু	36
অন্যকেউ	36
দিমু	36
প্রচণ্ড	36
ডেকেছি	36
রনি	36
দ্রুতগামী	36
ছুঁয়ে	36
ভ্রমণের	36
জালে	36
এমব্রোজ	36
ঐটাই	36
সানি	36
ডা	36
নাচো	36
প্যাটসি	36
অনেকক্ষণ	36
মৃত্যুকে	36
মার্টিন	36
পরার	36
জাফর	36
ফেরা	36
ট্রাকের	36
ধাওয়া	36
হেলমেট	36
বড়ো	36
হুমকির	36
আটকাও	36
জানই	36
পাঠাবে	36
সেনাবাহিনীর	36
হিসেবেই	36
খাঁচা	36
ফুটেজ	36
পাউডার	36
সিংহাসন	36
জায়গাতেই	36
শক্তিকে	36
হাসপাতালের	36
ছায়ার	36
রাশিয়া	36
নিয়ন্ত্রণের	36
পোড়া	36
টিকতে	35
ডেকেছেন	35
বিকেলে	35
অপরাধীকে	35
ধারে	35
গ্রিন	35
নিচ্ছো	35
রুট	35
আফ্রিকার	35
ভেজা	35
চাঁদের	35
কৃত্রিম	35
ইঁসা	35
এইগুলো	35
রূপকথা	35
ঘুমায়	35
বোঝো	35
প্রসারিত	35
কিরে	35
শান	35
ওয়েলকাম	35
উত্তরটা	35
বুঝলি	35
প্রেসার	35
শোক	35
কর্মচারী	35
স্পেস	35
ডুয়েন	35
কারখানা	35
চিনেন	35
বলনা	35
পুত	35
অফিসারদের	35
হচ্ছো	35
ঢোকা	35
ছয়টা	35
আশ্চর্যজনক	35
বিস্ফোরণের	35
জ্যাজ	35
কিসে	35
গেছিল	35
লাকি	35
গভর্নর	35
মরবি	35
বউয়ের	35
মশিউর	35
ল্য	35
ইসলাম	35
গালি	35
টরাস	35
সরফরাজ	35
চর্চা	35
ক্যাসেল	35
রক	35
ওনা	35
রোড	35
ট্যাঙ্ক	35
গুলা	35
ক্রাইম	35
যুক্তরাষ্ট্রের	35
কিচেনে	35
চোরের	35
ফ্যামিলি	35
কিনবে	35
তুলো	35
সমাপ্ত	35
রান্নাঘর	35
পৃথিবীটা	35
ব্যাগিন্স	35
সাবাস	35
লোভী	35
বাইর	35
একবারই	35
মন্দিরের	35
কোলোস্কি	35
চাকরির	35
উপরেই	35
ব্যালথাজার	35
দুপুরের	35
জানাবেন	35
শ্রেণীর	35
আজেবাজে	35
ঘণ্টায়	35
গ্রীষ্মের	35
লেকটার	35
গুষ্টি	35
সস	35
গ্রুপের	35
যুগ	35
ভালুক	35
ছুরিটা	35
উত্তম	35
করানোর	35
পুল	35
পেলি	35
লোকই	35
ফাজলামি	35
ইদানীং	35
বন্দীদের	35
কাঁদছে	35
বিনা	35
হউ	35
স্টার্কের	35
কয়	35
বেড়ায়	35
পরিণাম	35
ওষুধের	35
ডিস্ক	35
জায়গামত	35
বুঝার	35
নাতি	35
গ্রেইস	35
সন্ধ্যার	35
চেহারাটা	35
ক্ষতিকর	35
কষ্টকর	35
করবোনা	35
যোগাযোগের	35
আরামদায়ক	35
মরিয়ার্টি	35
কার্যকর	34
খানেক	34
পোস্ট	34
ভিত্তিতে	34
আকারে	34
খাপ	34
প্রশ্নই	34
ছোটখাটো	34
ভুলো	34
তাপ	34
উইজলি	34
বাক্সে	34
প্রযুক্তি	34
রাত্রে	34
ফেলবেন	34
গুরুজি	34
জ্ঞানের	34
তীরে	34
নির্মিত	34
এহ	34
সাক্ষর	34
সম্পাদনাঃ	34
বেয়াদব	34
অসহ্য	34
রূপে	34
সাবমিসিভ	34
রাক্ষস	34
পরিমাণে	34
ভাষণ	34
সাতটা	34
ডিগ্রি	34
একের	34
এতিম	34
মিলিওন	34
কলি	34
বেধে	34
ডল	34
ঘটেছিলো	34
টয়লেট	34
জাদুকরদের	34
আরামে	34
আঙ্কল	34
কেসে	34
পড়েছেন	34
জীবনযাপন	34
বানাচ্ছে	34
নেতৃত্বে	34
ফুর্তি	34
হ্যাল	34
কাটো	34
মানুষটাকে	34
কাটানো	34
ইনজেকশন	34
মেরেছো	34
তেমনি	34
শিমুল	34
লাগার	34
মাইর	34
কার্ডের	34
আচরন	34
এটাকেই	34
জগগু	34
অভিযানে	34
পাঠাই	34
স্থগিত	34
অ্যান্ড	34
নিয়মের	34
হেল্প	34
ধ্যাৎ	34
দিতেই	34
কেন্দ্রে	34
জরিমানা	34
ব্লাকউড	34
ওখানকার	34
পাত্র	34
জলে	34
তারে	34
লাগেনা	34
সিস্টেমে	34
চাওনা	34
সাংঘাতিক	34
বন্ধন	34
তালি	34
স্কাইনেট	34
তাল	34
মাষ্টার	34
আদালতের	34
উপস্থিতি	34
নেয়তিরি	34
ড্রাগনের	34
মুস্কিল	34
সিস্টেমের	34
শনিবার	34
সংক্ষিপ্ত	34
শুনেছে	34
প্রতিযোগী	34
বানিয়েছ	34
মেরিন	34
ধাপে	34
দোষারোপ	34
গেলেও	34
থামা	34
আন্তরিক	34
মারছে	34
একক	34
ভালভাবেই	34
আনি	34
হ্যানাহ্	34
জাস্ট	34
গণনা	34
বিকাল	34
যুগে	34
আসেনা	34
জ্যো	34
জেনেছি	34
গল্পে	34
হক	34
আকার	34
লিখিত	34
মিত্রা	34
লাগানোর	34
দুনিয়াটা	34
চিত্কার	34
পালানো	34
সমাজ	34
চমকে	34
কতক্ষন	34
বাড়ছে	34
বাড়াতে	34
চাকুরি	33
নেভিল	33
ফেললো	33
চালক	33
স্মিথ	33
বলবনা	33
কিছুদিনের	33
হাম্পটি	33
ওহে	33
এনাসতাসিয়া	33
সরা	33
বদল	33
সিদ্ধান্তের	33
আটকানো	33
রাজকুমারের	33
মিলসঃ	33
এন	33
পারছনা	33
মামলার	33
উফ	33
স্টপ	33
অনুপস্থিত	33
প্রত্যাহার	33
গ্লিন্ডা	33
জেমা	33
গোলাপি	33
ফাইন	33
লাগছেনা	33
ভেবেছিল	33
হাডসন	33
পঞ্চম	33
মাত্রার	33
ব্যাগের	33
কমই	33
বুংডং	33
অপরাধীরা	33
ট্যাটু	33
দুর্গ	33
মাধ্যমেই	33
ফ্রান্সে	33
হিরা	33
এপ্রিল	33
যাওয়াই	33
ট্রেসারেক্ট	33
লাস	33
পনির	33
জেট	33
লেইন	33
ভালবাসেন	33
জ্যাকেট	33
টেমপ্লেটন	33
রশি	33
আভা	33
করনা	33
বিন্স	33
অনর্থক	33
যেটাতে	33
স্টার্ট	33
লোকসান	33
তাকাবে	33
সুন্দরভাবে	33
ঘোরাফেরা	33
জাগো	33
হাহ্	33
স্থল	33
কমতি	33
অক্ষত	33
চেহারায়	33
গীতার	33
চাকুরী	33
চিত্র	33
টার্স	33
ভুলবেন	33
আক্ষরিক	33
ভিতরেই	33
সারিতে	33
সকলে	33
আসতেছি	33
জ্বিনদের	33
নির্জন	33
ভোর	33
চিন্তাভাবনা	33
প্যারিসের	33
দেশকে	33
অতীতে	33
তিনবার	33
সংস্থার	33
বিক্রির	33
ধাঁধা	33
গ্লুভার	33
রাষ্ট্রপতি	33
টমাস	33
প্রাণীদের	33
আসছিল	33
শিষ্য	33
স্রেফ	33
মানছি	33
শেখান	33
চীনা	33
দিয়েও	33
খুঁজবে	33
শিল্প	33
পর্বতে	33
মেলাতে	33
ক্লিক	33
সেভেন	33
ব্যান্ড	33
ক্সি	33
নয়ত	33
ইৎজাক	33
মোতাবেক	33
সেনাপতি	33
জিউসের	33
বিমানের	33
মন্তব্য	33
জোশ	33
মিনাম্মা	33
বাজাতে	33
দাদী	33
অসুখ	33
লন্ডনের	33
তৈরির	33
মানবজাতি	33
ইয়েহ	33
আওতায়	33
ভাবলে	33
রোমের	33
খোদাই	33
টয়লেটে	33
পেয়েছিলো	33
জিয়াং	33
ধোঁয়া	33
হয়ছে	33
ঘন্টায়	33
বাড়ীতে	33
সুড়ঙ্গ	33
তোমারা	32
দুপুর	32
মো	32
সাইট	32
ড্যুড	32
চমক	32
পতিত	32
চালাই	32
মঙ্গলবার	32
ততক্ষণে	32
সততা	32
নখ	32
ফিরেছে	32
ব্রিজের	32
বৈদ্যুতিক	32
প্রেত	32
কলার	32
এলিজাবেথ	32
পরিত্যক্ত	32
অশ্রু	32
তাতেই	32
রূপান্তরিত	32
নিতেই	32
তারও	32
চতুর	32
জ্যাকব	32
লুপ	32
নাম্বারের	32
যন্ত্রণাভোগ	32
সহজভাবে	32
কাজগুলো	32
তবু	32
জয়েন	32
গ্যারেজ	32
কাজটি	32
আহ্বান	32
পিটিয়ে	32
হাঁটা	32
মোটো	32
উড়ছি	32
অ্যাঞ্জিয়ার	32
নাপ	32
পেয়েছিস	32
রেইভেন	32
রিচার	32
ধীর	32
বাড়বে	32
ধ্বংসাবশেষ	32
সন্তানকে	32
সুইট	32
এরজন্য	32
স্যারের	32
পঙ্গু	32
উপড়ে	32
সাধু	32
সাজিয়ে	32
প্ল্যানটা	32
সভ্য	32
প্রার্থনার	32
সীল	32
ব্যবহারের	32
ধরিয়ে	32
ব্যতিক্রম	32
সাফল্যের	32
আনুগত্য	32
অ্যামেরিকান	32
ধরব	32
ওর্ব	32
স্পষ্টভাবে	32
কাঁচের	32
একথা	32
যদিনা	32
অক্ষর	32
ব্রাভো	32
আইরিন	32
মেইল	32
ক্যান্ডি	32
হাকান	32
জেন্টলমেন	32
ব্যপারে	32
রুমটা	32
চাইব	32
এতটাই	32
চিট	32
জারজ	32
গবেষণার	32
বুঝবেন	32
ঠোঁট	32
হাজারো	32
ফেলতাম	32
বোঝানোর	32
কনারস	32
ফ্রিজ	32
কিন্তুু	32
করিয়েছে	32
দাঁড়ায়	32
সাদিক	32
ফুফা	32
হার্ড	32
মেরিডা	32
মেঘের	32
ওয়েটার	32
পাচার	32
সমারসেটঃ	32
হ্যান্স	32
অনুমিত	32
রায়ান	32
দায়ে	32
ছেলেটিকে	32
চেঞ্জ	32
কার্ট	32
ভালবাসবে	32
শুটিং	32
নিঃসঙ্গ	32
থামাবে	32
এমএলএ	32
হুঁ	32
উঠল	32
স্তর	32
কয়জন	32
উন্মুক্ত	32
সোফি	32
মাখন	32
ধরেছিলাম	32
প্রোগ্রামের	32
প্রবাহিত	32
নাচবে	32
স্টুয়ার্ট	32
আশেপাশের	32
লায়ন	32
কয়েকবার	32
কারোর	32
আকস্মিক	32
বিরত	32
মোটেই	32
জায়া	32
মানায়	32
হারলি	32
নজরদারি	32
ফ্রান্স	32
ডোয়ালিন	32
ডাকাত	32
মরব	32
ক্যারল	32
ফুরিয়ে	32
ঘোঁৎ	32
ইতালিয়ান	32
দেখিয়েছেন	32
কেন্দ্রীয়	32
বিষয়টি	32
বিপর্যয়	32
পেত	31
যারাই	31
বাঘের	31
হস্তান্তর	31
পাকিস্তান	31
ব্যক্তিগতভাবে	31
সুলি	31
এসেই	31
জলদিই	31
বিলের	31
মেরেছিল	31
শিকারি	31
ভুলেও	31
চিন্তাও	31
বর্ডেন	31
খাবারটা	31
চূড়ায়	31
ক্ষতিপূরণ	31
ওপাশে	31
বাবল	31
বক্সে	31
ঘুমোতে	31
মুই	31
উ	31
অঞ্চলে	31
আরম্ভ	31
সেথু	31
কার্টার	31
সোহাগ	31
রসায়ন	31
বাঁশ	31
তোই	31
চেখে	31
আনান্দ	31
ঘেউ	31
সার্ভিসের	31
বিভক্ত	31
কাউন্ট	31
পাতলা	31
আকৃতি	31
ইউরো	31
স্বর্ণের	31
টাকে	31
হারাবো	31
করাবে	31
প্রচেষ্টা	31
ভরপুর	31
জ্বলছে	31
ভালোবাসতো	31
সবথেকে	31
পরেরবার	31
দম্পতি	31
তত্ত্ব	31
রোডস	31
নরমাল	31
করতেছি	31
ঘুরো	31
খাওয়াতে	31
পারোনি	31
জানলাম	31
সবজি	31
ত্রিশূল	31
লাগলাম	31
্যাংগো	31
ধ্যান	31
সুনাম	31
হাতুড়ি	31
বিড়ালের	31
নাকে	31
শিং	31
শুয়োরের	31
ট্রিপ	31
গাছটা	31
রোবটের	31
অ্যালেক্স	31
চুলে	31
ঘোড়ায়	31
বেশির	31
সেকশন	31
শহরকে	31
পরবর্তীতে	31
সমবেদনা	31
সভা	31
পারনি	31
পাক	31
ত	31
চালাচ্ছি	31
হংকং	31
পড়ছি	31
গণেশ	31
হউক	31
কিক	31
তাস	31
বেশীরভাগ	31
পাশাপাশি	31
ঘটেনি	31
করিও	31
বৎস	31
জ্বালানি	31
কামাই	31
রবিবার	31
ফ্লিন	31
দুনিয়াকে	31
বিনামূল্যে	31
কোমল	31
মিশেল	31
বদ্ধ	31
ভালবাসতে	31
অপারেশনের	31
হিসেব	31
রাইফেল	31
কুখ্যাত	31
তুচ্ছ	31
বেগুনী	31
অসুবিধা	31
ফর্ড	31
ইচ্ছার	31
এলার্ম	31
চাইতো	31
নরকের	31
বহুদিন	31
দলকে	31
অফিসিয়াল	31
মন্ত্রণালয়	31
কাটিয়েছি	31
ভাড়াটে	31
খাড়া	31
বড়দিন	31
ম্যানুয়াল	31
ভ্যাম্পায়ার	31
বেড়া	31
সাইড	30
অঞ্চলের	30
লিখেছি	30
চাচ্ছিল	30
ক্ষতিগ্রস্ত	30
প্রোগ্রামে	30
সময়েই	30
গ্রাগ	30
এরপরে	30
অ্যাঁ	30
ব্রাউন	30
দেহের	30
বিদ্যমান	30
বলেনা	30
জিন্দাবাদ	30
সংখ্যায়	30
কাস্টমার	30
চাচাতো	30
পিন	30
শ্রেডার	30
আবিষ্কৃত	30
প্রোফাইল	30
মানের	30
তরঙ্গ	30
চামচ	30
ফেসবুকে	30
বাচ্চাকাচ্চা	30
সরঞ্জাম	30
ছাড়ব	30
মাথামোটা	30
জ্বীন	30
দিতেন	30
ফর্ম	30
শিকাগো	30
লাশটা	30
খাল	30
সারিয়ে	30
ভালোবেসে	30
করছেনা	30
কম্পিউটারের	30
ঢাল	30
বার্গার	30
কেজি	30
পরিদর্শন	30
নাহ্	30
সিরিয়াসলি	30
বন্ধুগণ	30
বিদ্রোহী	30
সাফল্য	30
পরিত্যাগ	30
পোলাপান	30
তলব	30
টাকারঃ	30
আলিঙ্গন	30
বিচি	30
ভ্যাটিক্যান	30
কক্ষ	30
ঐতো	30
ধৈর্য্য	30
জামাটা	30
ভেবেছে	30
সংশোধন	30
আজই	30
খোশ	30
এতটুকু	30
শিখাতে	30
হাউজের	30
সামাল	30
গুস্তোর	30
দুপুরে	30
দুবার	30
ফ্রেডি	30
হারামী	30
সনি	30
কারেন	30
সামার	30
শিলা	30
শোনেন	30
ডোজ	30
স্পাইডার	30
খ্যাতি	30
হি	30
ক্লাসের	30
পুলিশরা	30
বঁড়শি	30
নিযুক্ত	30
ওলি	30
ডিয়ার	30
সাংবাদিক	30
ফ্যান	30
পার্ট	30
বেঞ্জি	30
ওলেক	30
দেখভাল	30
ঘনিষ্ঠ	30
মইরা	30
চলাফেরা	30
আত্মাকে	30
ফৌজ	30
জিতেছে	30
বেলর	30
ফ্রান্সিস	30
তিনজনের	30
শেষমেশ	30
নিয়েও	30
ছিড়ে	30
মুহুর্ত	30
হুইস্কি	30
মস্তিষ্কে	30
তোমরাও	30
অ্যারোরা	30
অপরাধে	30
বিবৃতি	30
হাটু	30
খাইয়ে	30
সিগনাল	30
মরেই	30
ফিরদাউস	30
দ্বীপের	30
আচার	30
মক্কেল	30
লোহার	30
ঢেলে	30
দাড়াতে	30
সদস্যদের	30
টেনশন	30
এটিই	30
ফ্ল্যাটে	30
অস্ত্রটা	30
খুশিতে	30
ইমারজেন্সি	30
তেমনই	30
লিখেছেন	30
জেসাস	30
ছাগলের	30
ছোঁয়া	30
জন্মদিনে	30
পুনরুদ্ধার	30
তারপরই	30
ইংল্যান্ডের	30
বঙ্গানুবাদে	30
স্কারলেট	30
যাচ্ছিলে	30
হারায়	30
দেউলিয়া	30
মহোদয়গণ	30
বেপরোয়া	30
বাজেয়াপ্ত	30
ভাবছিস	29
কোরোনা	29
মিশনের	29
নড়ছে	29
চেকটা	29
মৃতদের	29
অগ্রসর	29
উঠেছি	29
নির্ভরশীল	29
বসার	29
অর্থে	29
বিশ্লেষণ	29
দুইজনের	29
সবশেষে	29
বিশেষভাবে	29
আলী	29
যামু	29
সৈকতে	29
বিয়েটা	29
ফু	29
এলেন	29
টমেটো	29
ফার্ম	29
পারছিস	29
ভেদ	29
নামার	29
জানাব	29
গ্রাস	29
বাড়তি	29
অসম্মান	29
চাইবেন	29
শত্রুরা	29
দেখোনি	29
টানতে	29
নির্বাচনে	29
বসি	29
গ্রুট	29
টোপ	29
বলটা	29
শোনাও	29
বাছারা	29
নিস	29
মৌলিক	29
পূজার	29
মোটর	29
রুল	29
জাঁহাপনা	29
জলের	29
পৌছাতে	29
ভাববেন	29
পলি	29
প্রত্যেকদিন	29
বুদ্ধা	29
স্নোডেন	29
অ্যাটাক	29
ন	29
ক্ষেত্র	29
ওয়াল্টার	29
ধোঁকাবাজ	29
ধারনাই	29
পয়দা	29
যন্ত্রটা	29
ক্যারিয়ার	29
কীরকম	29
খামার	29
রাগী	29
আমেন	29
মূল্যে	29
অংশগ্রহণ	29
ব্রেকফাস্ট	29
নক্ষত্র	29
বিচারকের	29
দিচ্ছিস	29
জাহাজটা	29
চড়তে	29
চ্যান	29
চুক্তির	29
আইসক্রিম	29
দক্ষতার	29
মাপ	29
পর্বতের	29
কিছুক্ষন	29
ফেলত	29
ফিং	29
পারলেই	29
বিশ্বাসযোগ্য	29
সমাধি	29
লেগ	29
এনি	29
খেলোয়াড়	29
ডিস্টার্ব	29
পৌছতে	29
ধরছে	29
ফ্লোর	29
কবরের	29
বাচস	29
জিগু	29
অনেকের	29
সবচাইতে	29
ত্রুটি	29
উঠলে	29
পরিচালক	29
অাপনি	29
মাহমুদ	29
পলিসি	29
বাণী	29
মাইন্ড	29
ট্যুর	29
মেশিনটা	29
উনিই	29
পাতায়	29
ফিউরি	29
ফালাও	29
সীমিত	29
দেখবি	29
পো	29
কারাগার	29
ছদ্মবেশ	29
লাঞ্চের	29
উল্লাস	29
প্রতিভাবান	29
মৃত্যুদণ্ড	29
স্পীড	29
এলি	29
পাতার	29
সেথ	29
চ্যান্সেলর	29
অ্যালবি	29
সচল	29
কফিন	29
মিন	29
পড়ালেখা	29
হতেও	29
কাজকর্ম	29
সাইজের	29
আগমন	29
কাউন্সিল	29
আঁটকে	29
ষ্টেশনে	29
ঘন	29
রেট	29
নিচেই	29
মিস্	29
ছাড়ুন	29
উভয়ের	29
ফেলেছিলো	28
টাইগার	28
গিলে	28
কেডা	28
উইশ	28
ইং	28
চাইত	28
ফাটিয়ে	28
মূল্যহীন	28
বিসর্জন	28
বাদামী	28
চালাবো	28
পরিবেশের	28
যেটাই	28
পিরামিড	28
রোমান্স	28
সার্জ	28
ফ্র	28
সিরিয়াল	28
বাসের	28
ঝুকি	28
স্ট্রাইকার	28
পরিকল্পনার	28
আকৃষ্ট	28
মাহিমা	28
শুনছে	28
স্রষ্টা	28
প্রতিবন্ধী	28
আলাইকুম	28
ওগুলোর	28
শহরটা	28
সৌভাগ্যের	28
নিয়েন	28
সালাদ	28
কবির	28
বেলুন	28
কনফারেন্স	28
চিড়িয়াখানা	28
হয়া	28
আবিস্কার	28
সেক্টর	28
ঠাট্টা	28
মোলক	28
ক্রোধ	28
ফুসফুস	28
আশেপাশেই	28
অযথা	28
ভেস্তে	28
মনিব	28
দোষটা	28
সেক্সি	28
চোই	28
কিলি	28
বাগানে	28
ভারত	28
লড়বে	28
টে	28
পারদর্শী	28
ঘাঁটিতে	28
সকলকে	28
মারবি	28
মশকরা	28
দেখেননি	28
তাকা	28
রিসার্চ	28
ব্যাট	28
পটভূমি	28
সীমানা	28
সমকামী	28
আমন্ত্রন	28
ক্রমে	28
পূর্বের	28
বুড়া	28
ধরেছিল	28
সুস্পষ্ট	28
অভাবে	28
কারবার	28
রাফায়েল	28
মাগী	28
শ্যাম্পেন	28
আলামত	28
একইভাবে	28
পোকা	28
সর্বত্র	28
আইরিস	28
কন্ঠ	28
সত্যতা	28
ডম	28
গলে	28
এডমন্ড	28
মালার	28
পাক্কা	28
ভিজে	28
ইন্টারনেটে	28
খোজার	28
ঢুকলে	28
মেট্রো	28
পর্ব	28
তারিখে	28
অহংকারী	28
অভদ্র	28
পেশা	28
চাইছিল	28
পেরেছিলাম	28
সাম্রাজ্যের	28
ডাকাতির	28
হানি	28
মসৃণ	28
চাকর	28
পারফিউম	28
গ্রেনেড	28
লাইভ	28
খুললে	28
তারের	28
বিধবা	28
শামিল	28
ক্ষিপ্ত	28
শুনানি	28
হারান	28
পাঠাব	28
অাপনার	28
কেঁদো	28
চীন	28
হতাশা	28
ভানুকে	28
কল্পনাও	28
প্রশিক্ষিত	28
নাতাশা	28
ড্রাকুলা	28
নাভোরস্কি	28
সশস্ত্র	28
মূল্যায়ন	28
বক্তৃতা	28
বৃথা	28
হাঁটার	28
পরিনত	28
সম্মত	28
রীতি	28
সহযোগী	28
ওঠাও	28
বলেননি	28
ভালোবাসায়	28
ভাবতেই	28
এইচ	28
কারপভ	28
স্ফটিক	28
বুঝবো	28
বসেছে	28
পাঠাচ্ছে	28
খেজুর	28
ডিজিটাল	28
মানবে	28
এটির	28
মেইন	28
প্রার্থী	28
অঙ্গীকার	28
মানুষটার	28
ডায়মন্ড	28
বিস্কুট	28
কম্পিউটারে	28
উৎপাদন	28
জগৎ	28
প্রতারক	28
পদাতিক	28
গিবস	28
সালাহ্	28
বলোনা	28
সবগুলোই	28
চলছিল	28
খুজছে	28
পায়না	28
দেখাচ্ছ	28
থাকতেই	28
শ্রমিকদের	28
ক্রাম	28
সংগ্রাম	28
বালি	28
ছিঃ	28
প্রয়োজনে	28
বিজয়ের	28
বিশ্ববিদ্যালয়	28
রায়	28
কোয়ান্টাম	28
বিস্ময়	28
সইতে	27
আইজ্যাক	27
রেখা	27
ছড়ি	27
অগ্নি	27
শত্রুতা	27
পালস	27
কয়েন	27
এরিস	27
সংক্রান্ত	27
ব্রাশ	27
বাঁদর	27
শীতল	27
ধনুক	27
বলছিলেন	27
বানিয়েছেন	27
পেঙ্গুইন	27
কর্তৃপক্ষের	27
কর্ম	27
ফ্যারিস	27
বেহুঁশ	27
মিনার	27
হইতাছে	27
অজি	27
বাচ্চাটার	27
ক্লিমেন্স	27
রাশিয়ার	27
মলি	27
সাম্প্রতিক	27
চক্কর	27
আর্মির	27
আদরের	27
ক্লাঙ্ক	27
স্কার	27
অব্যাহত	27
বউকে	27
যুদ্ধক্ষেত্রে	27
আউচ	27
আপু	27
ওম	27
আ্যমন	27
জলহস্তী	27
শাইরন	27
ট্রাই	27
এরকমটা	27
আতশবাজি	27
আফ্রিকা	27
জ্যাকের	27
রিলাক্স	27
ম্যানেজ	27
পদে	27
থাকলাম	27
প্রতিদ্বন্দ্বী	27
হয়েছিলে	27
পার্সিয়াস	27
ঘটনাস্থলে	27
সিটিতে	27
চিপ	27
সুসান	27
বিশেষত্ব	27
সেন্টার	27
রাণীর	27
রহমত	27
মাফিয়া	27
হান্ট	27
সঙ্গীত	27
ইন্টারভিউ	27
চাপের	27
কন	27
পাউন্ডের	27
আতঙ্কিত	27
হিংসা	27
ইন্টারেস্টিং	27
অবস্থিত	27
স্বরূপ	27
টেকনোলজি	27
বসন্ত	27
পটারের	27
প্রতিষ্ঠা	27
কোনটি	27
মামুলি	27
যোগাড়	27
মাউন্টেন	27
মুড	27
আর্ক	27
সুজান	27
কোমর	27
আয়না	27
দাঁড়	27
টিউরিং	27
জর্জিয়া	27
দ	27
ইভি	27
স্টর্ম	27
বাঁধন	27
ইন্ডিয়ার	27
সিজার	27
খুঁজছো	27
পেন্সিল	27
ধাতুর	27
পালিশ	27
অসৎ	27
কারখানার	27
দাড়	27
মোকাবিলা	27
রিখটার	27
এগোতে	27
যথাযথ	27
লং	27
চাইলেই	27
ইউনাইটেড	27
মুনাফা	27
ঘৃনা	27
সার্কাসের	27
লাগিয়েছে	27
একশো	27
সাহেবের	27
শেষপর্যন্ত	27
তেমনটা	27
স্বর্ণ	27
প্রদর্শনীর	27
মহামারী	27
তুলি	27
ম্যাট	27
সিঁড়ির	27
চিকন	27
ভেগে	27
গোল্ড	27
মহিলাটা	27
অবচেতন	27
পৃথক	27
বেজন্মা	27
বিস্তার	27
ভিসা	27
আওয়াজের	27
হবি	27
চায়ের	27
গ্রিক	27
ডাঙ্কা	27
ইন্ডি	27
আচরণের	27
কল্পনার	27
আপা	27
চাবির	27
ম্যালকম	27
উৎসব	27
করুণা	27
ব্যাপারটাই	27
অস্তিত্বের	27
কেঁদে	27
ফাইভ	27
ক্ষমাপ্রার্থী	27
ম্যাল	27
অর্থের	27
দমন	27
জঞ্জাল	27
পিটা	27
উদারতা	27
বিট	27
চোলা	27
নেগেটিভ	27
পরলে	27
মনিকা	27
উপেক্ষা	27
চাওনি	27
ক্রীতদাস	27
শিখবে	27
খাটো	27
কোর্লেয়নে	27
পেইন্টিং	27
আন্ট	27
চাওয়ার	27
টায়ার	27
জিয়ান	27
গিয়ার	27
হাতকড়া	27
রাষ্ট্রীয়	27
জানিয়েছেন	26
একেই	26
মাইক্রফট	26
পরিকল্পনায়	26
একসাথেই	26
শাহাজাদি	26
নির্দয়	26
মহাকর্ষ	26
কাল্পনিক	26
অগ্রাধিকার	26
জানায়	26
অকর্মার	26
মার্কেট	26
দেখেছিল	26
প্রেরণা	26
আলু	26
হতোনা	26
ইচ্ছামত	26
মার্থা	26
গুন	26
ফেলতো	26
আংটির	26
চালিত	26
প্রকৃতপক্ষে	26
ডিস্ট্রিক্ট	26
ফাউন্টেন	26
রক্তপাত	26
দিনেই	26
এক্ষণ	26
রিপোর্টে	26
ড্রাক	26
সুসু	26
বালতি	26
ফর্মুলা	26
চাইবো	26
আমম	26
অন্যকারো	26
হীরা	26
কম্পাস	26
ওয়াজদা	26
ধোয়া	26
যোদ্ধার	26
এলোমেলো	26
টানেল	26
পড়ত	26
খাঁচায়	26
পারার	26
বৈশিষ্ট্য	26
টিপ	26
হুশ	26
জ্যাকসন	26
অভিষেক	26
প্রমাণের	26
হবিট	26
অ্যাডামস	26
পীচ	26
বানাব	26
উনাদের	26
গ্র্যান্ট	26
গর্ধব	26
ছোটখাট	26
হেডিস	26
উড়ছে	26
টিমে	26
দলনেতা	26
নারনীয়ার	26
সেতো	26
হাল্কা	26
বালিন	26
এনিগমা	26
জপমালা	26
বর্শা	26
জর্ডানের	26
বেচারি	26
উদ্ভিদ	26
স্যান্ডি	26
নিয়েছিলো	26
উপজাতি	26
নিজেকেই	26
সুরিয়া	26
মার্লিন	26
ত্রিশ	26
পারেননি	26
যন্ত্রের	26
শুতে	26
পরেছ	26
বাঁচিয়েছ	26
ছাইড়া	26
শাহরিয়ার	26
লোভে	26
মিনিয়ন	26
গায়ের	26
ঢুকবে	26
নেয়নি	26
ভূল	26
হর্ন	26
জিনিসটার	26
জেনারেটর	26
অঞ্চল	26
অন্তর্ভুক্ত	26
ষ্টেইল	26
অজ্ঞাত	26
রেহাই	26
ইজাবেল	26
রোদ	26
সিদ্ধার্থের	26
ধন	26
থাকতেন	26
লাগবেই	26
এজেন্টের	26
সম্মানে	26
আবিষ্কারের	26
বাহু	26
শুনেই	26
বুদ্ধিটা	26
লুকোচুরি	26
পশ্চিমা	26
মাইরা	26
প্রান্ত	26
দেখেশুনে	26
ঢুকছে	26
টাকাই	26
শশশ	26
ম্যাগাজিন	26
নিয়েছিলেন	26
আহারে	26
সিস্টার	26
ইশ	26
সিআইএ	26
জ্বলন্ত	26
হলি	26
আসসালামু	26
তৈরীর	26
কারখানায়	26
শাস্তির	26
কোর্টের	26
ফরেনসিক	26
লোকজনকে	26
দুর্বৃত্ত	26
পরিবেশন	26
শেখা	26
দূষিত	26
ফেসে	26
বরবাদ	26
মাদারচো	26
আরোহণ	26
দর্শকদের	26
ইউরোপ	26
ব্যাপারটার	26
পাচ	26
ছাপা	26
ডট	26
কদম	26
দেখলো	26
দুধের	26
করেছিলি	26
অতিবাহিত	26
মুম্বাই	26
শেখর	26
প্রতিবেদন	26
ধুলো	26
রহস্যের	26
চাদর	26
তুষার	26
ক্রিকেট	26
কাভার	26
বুধবার	26
ভুগতে	26
হান	26
তেলের	26
হয়েও	26
ব্যাটাকে	26
পশ্চিমের	26
উপকূল	26
দেখতেও	26
চীনে	26
রেখেছিলো	26
তরে	26
যাবা	26
নোটিশ	26
বোস	26
করমু	26
অসাম	26
প্রমোশন	26
গরিব	26
অবিলম্বে	26
অভিজ্ঞ	26
খুঁজো	26
গোষ্ঠী	26
বেচেঁ	26
রকি	26
ঘোর	26
গুটিয়ে	26
বোঝাপড়া	26
গুলিয়ে	26
রয়েছেন	26
বাড়ানোর	26
বিক্রয়	26
হারিয়েছেন	26
এমিলিয়া	26
অ্যাপয়েন্টমেন্ট	26
যাত্রায়	26
নির্বাচনের	25
হারুন	25
সেনাদের	25
মিশরের	25
অনুতপ্ত	25
অশোক	25
কাদা	25
রাখতাম	25
থ্রি	25
ক্যামেরাটা	25
নেতার	25
দেবদূত	25
লোকটিকে	25
ভবানী	25
বাচতে	25
অ্যাম্বুলেন্স	25
রানা	25
কান্ড	25
বামনদের	25
ওটায়	25
মরুভূমিতে	25
হ্যারির	25
আলগা	25
আইরিশ	25
ফুফু	25
মনোভাব	25
কমবয়সী	25
তরুন	25
শিশুকে	25
জ্বালাও	25
প্রমিজ	25
জিহ্বা	25
মেক্সিকান	25
গাই	25
ওয়েট	25
লাফাও	25
বদ	25
পশুদের	25
এনগেজমেন্ট	25
সম্পুর্ন	25
ক্রেতা	25
ফ্লাইটে	25
্যান্স	25
বুড়ির	25
অবগত	25
চারপাশের	25
প্রেমিকার	25
বেতনের	25
সায়কভ	25
চিত্তাকর্ষক	25
ফাইলে	25
ফরাসি	25
চৌধুরী	25
জমজ	25
কুফুরি	25
বজ্জাত	25
খানিকটা	25
রানীর	25
জননী	25
বটেই	25
সোহেল	25
বাসিন্দা	25
বিস্ফোরণে	25
তথ্যের	25
কারোরই	25
কুয়েতী	25
দূর্বল	25
যমুনা	25
ওইসব	25
পদত্যাগ	25
ডিফেন্স	25
বাড়িতেই	25
রেজাল্ট	25
প্যান্ডোরা	25
দয়ার	25
পাঠিয়েছিলাম	25
শি	25
কোহলি	25
ক্যাম্পের	25
ফ্যাক্টরির	25
কাটিয়া	25
লাইনটা	25
মুভিতে	25
স্বভাব	25
কাকা	25
গর্বের	25
ঘোষনা	25
বেআইনি	25
ফেডারেল	25
কোরিয়ান	25
খুনির	25
অফেলিয়া	25
হায়তি	25
বিকৃত	25
দৌড়ানো	25
গ্রেনোলি	25
সফলতার	25
ভেগাসে	25
ভূমিতে	25
স্তরে	25
পিছাও	25
অ্যাবি	25
ফিরছি	25
বিশ্বে	25
ইহুদীর	25
আতঙ্ক	25
ফাজিল	25
ফ্রাই	25
ইহুদীদের	25
ফিতা	25
ফিল্ড	25
জিনের	25
রেবেকা	25
আসবেই	25
শিকারে	25
প্রানী	25
আপলোড	25
খুঁজেছি	25
এটাক	25
অন্যকোথাও	25
গির্জা	25
সাব্যস্ত	25
গুনে	25
রি	25
ব্যাটম্যানের	25
সিংহাসনে	25
মরটি	25
খুজছিলাম	25
কৃষকদের	25
ওতো	25
বসকে	25
পিঠা	25
অাগে	25
সুপারহিরো	25
বানালাম	25
শাসক	25
সাদমান	25
লিফটের	25
ড্রাগস	25
মেমার	25
রইলাম	25
শ্যাম	25
লে	25
ব্যাঙ্কের	25
বেডরুমে	25
চোখেই	25
ওয়াটার	25
সেলফোন	25
খুঁজি	25
উড়ার	25
সময়টাতে	25
পেশাদার	25
প্রত্যেকটি	25
পড়তো	25
হতবুদ্ধি	25
দুইটি	25
লাগা	25
আমেরিকানদের	25
খুঁজছ	25
কৌশলটা	25
মার্লা	25
চোখগুলো	25
খবরে	25
গ্র্যাডি	25
মেশিনে	25
মরো	25
প্রান	25
গেয়ে	25
দুঃসংবাদ	25
কাবাব	25
গুপ্তধন	25
টিকটিকি	25
মামলাটা	25
নারে	25
নিয়েছিলে	25
অনুগত	25
লেক	25
বো	25
খুলছে	25
শিখেছ	25
গেছিলো	25
বেড়েই	25
কিট	25
আইলা	25
বড়দের	25
বলিদান	25
থাকায়	25
সর্দার	25
কোটিপতি	25
থাপ্পড়	25
অটোগ্রাফ	25
দুর্গে	25
দেড়	25
ব্যাঙ	25
ক্যাশ	25
কোনোভাবে	25
নয়টা	25
মরিয়া	25
থিয়েটার	25
দায়ের	25
ক্লায়েন্ট	25
জামাকাপড়	25
বেড়েছে	25
রাসায়নিক	25
প্রাণের	24
টেন	24
এবারের	24
তলিয়ে	24
বেঁছে	24
দুষ্টুমি	24
ডুবিয়ে	24
রেটিং	24
ঊর্ধ্বশ্বাস	24
চালিয়েছে	24
তারপরেই	24
ধারা	24
রেস্তোরাঁয়	24
অব্যাহতি	24
মাথাব্যথা	24
লাভের	24
থামেন	24
পৌছানোর	24
অপদার্থ	24
অনলাইনে	24
দাত	24
বেসবল	24
প্যাটার্ন	24
অনুরোধে	24
ইয়ার	24
গ্রূট	24
দূরের	24
দুঃখে	24
এক্সেল	24
জনসংখ্যা	24
নিশ্বাস	24
মেমরি	24
আসছিলাম	24
বুদ্ধির	24
ওরাই	24
দামে	24
নিয়োজিত	24
কাউন্সিলর	24
মেয়েও	24
ডেক	24
লাগায়	24
দেননি	24
কেবলই	24
চলবেনা	24
বোঝেন	24
সেজে	24
অতোটা	24
লোকগুলোর	24
কাটছে	24
ক্রেকোঝিয়া	24
খুলব	24
সফলতা	24
হোমওয়ার্ক	24
এতসব	24
বোঝায়	24
পড়েছিলো	24
ইঁদুরটা	24
জুলিয়ান	24
জায়গাটাকে	24
সুলিভান	24
মনটা	24
আমদেদ	24
মেডেল	24
মজাই	24
আলবার্ট	24
হইতে	24
কইতাছি	24
আনলে	24
ল্যান্ডন	24
ইউস্টেস	24
ভল্ট	24
বিকিরণ	24
অহংকার	24
ডেটিং	24
সামলা	24
তরল	24
প্রোজেক্ট	24
ফাক	24
দিলি	24
হৃদয়টা	24
চললে	24
প্রাইম	24
পথটা	24
প্রস্রাব	24
প্রশান্ত	24
স্নাইপার	24
দাঁতের	24
মাকড়সা	24
বীমা	24
সোর্স	24
খোজে	24
ধ্বনি	24
চাবায়	24
ফাস্ট	24
পয়সার	24
সড়ে	24
সাবাশ	24
ডেন্টের	24
ফাঁসি	24
বিলুপ্ত	24
নিয়মে	24
মূহুর্তে	24
এতদিনে	24
মরতেই	24
জ্বালানী	24
শুকরিয়া	24
প্রতিনিধিত্ব	24
মাঝামাঝি	24
ইচ্ছায়	24
ধন্য	24
করবেই	24
ফাঁকি	24
অগ্রাহ্য	24
সাক্ষাতের	24
রোপণ	24
স্ট্রিটে	24
শুনবেন	24
আনুকে	24
মুসলিম	24
মেধা	24
ম্মম	24
তারার	24
আপডেট	24
বৈঠা	24
পরবো	24
একদা	24
রেল	24
বৃক্ষ	24
ঈর্ষা	24
বেলার	24
ফুফি	24
সবটুকু	24
সিল	24
সাথের	24
পালাবে	24
কিনব	24
শনি	24
বদলা	24
গ্রিনি	24
ডকুমেন্ট	24
ফাজলামো	24
ফোর্ড	24
প্রতিদান	24
হেলেনা	24
প্রজাপতি	24
উপনিবেশ	24
লড়বো	24
দেখতাম	24
মিলোস	24
আরব	24
বিপ	24
ছেলেই	24
ইস	24
সর্বশক্তিমান	24
কোডটা	24
গ্রুপে	24
টীম	24
চাইলো	24
মার্কার	24
জব	24
আঁহ	24
দিনও	24
নিদর্শন	24
নান্দু	24
ভেড়ার	24
জমিয়ে	24
ছেঁড়ে	24
অগণিত	24
সেইটা	24
পেরেক	24
মাছি	24
কোনটাই	24
চাচ্ছিস	24
ফাটাফাটি	24
দৈনন্দিন	24
লোকটির	24
সার্ভার	24
বসতি	24
মানবিক	24
এক্কেরে	24
নাইন	24
কিংবদন্তী	24
উপযোগী	24
লক্ষ্মী	24
চলছি	24
হুক	24
লাগাবে	24
ভেদালাম	24
ইশারা	24
সেটি	24
অভিযানের	24
এলিজা	24
সেতু	24
বুঝিনা	24
কুকুরকে	24
ওয়ার্ল্ড	24
রেখেই	24
অলস	24
প্রতিষ্ঠানের	24
ঢোকে	24
ব্যাপারই	24
গুণ্ডা	24
যতবার	24
ক্ষেত্রেই	24
করস	24
স্টিভেন	24
কোম্পানী	24
মঞ্জুর	24
কিনবো	24
পড়েছো	24
প্রাসাদে	24
অবিশ্বাস	24
ফ্র্যাঙ্কি	24
সীমানার	24
ঘা	24
ছাতা	24
ঝেড়ে	24
মার্চ	24
আসছেনা	24
নির্মাতা	24
ফিরবো	24
রিপোর্টার	24
প্রত্যেককে	24
ল্যাটিন	24
আজগুবি	24
খোলে	24
চাপে	24
থানায়	24
কয়েকটি	24
পৃষ্ঠায়	24
জগাখিচুড়ি	24
রিয়েল	24
বিনিময়	24
হ্যায়	24
স্কোয়াড	24
বাদুড়	24
খেলছি	23
উপন্যাস	23
অভ্যন্তরীণ	23
খবরদার	23
রাকিব	23
প্রফেশনাল	23
পরিচিতি	23
সারাজীবনের	23
এপার্টমেন্ট	23
প্রস্থান	23
রাজধানীর	23
যাহাই	23
কানা	23
বাঁচানো	23
প্রতিহিংসা	23
বলির	23
কাঞ্চন	23
ফ্যাক্টরিতে	23
খালিসি	23
লিও	23
কাউবয়	23
প্যাকেজ	23
বদমাইশ	23
ধরলে	23
ডোনি	23
দেখুক	23
দিলেও	23
কিংস	23
এতকিছু	23
ইনফরমেশন	23
বলুক	23
আগাম	23
শনাক্ত	23
এমনটি	23
সামলাচ্ছি	23
বশ	23
চিঠির	23
কিসব	23
ইংরেজ	23
গুডউইন	23
ময়লার	23
মণি	23
এক্কেবারে	23
শব্দও	23
অপর	23
কোরআন	23
সকলেই	23
কার্বন	23
মগজ	23
বললেও	23
চওড়া	23
ডাকার	23
পড়েনি	23
ততটাই	23
হোরাস	23
উত্তেজনা	23
লিখবে	23
বেলাঃ	23
ওরাও	23
সৃষ্টিকর্তার	23
ভাল্লুক	23
সৈন্যদল	23
গ্যারেজের	23
জমিতে	23
প্রিন্সিপাল	23
পৌঁছেছে	23
সূচনা	23
কমন	23
রাজনীতি	23
কস	23
ডাঃ	23
ইরাক	23
প্যারাসুট	23
রুমাল	23
আফগানিস্তানে	23
প্রতিবার	23
কাক	23
বসন্তের	23
কবি	23
পাবলো	23
ভুলটা	23
উঠলাম	23
দুশমন	23
গোলাপ	23
কাগজের	23
পশুশাবক	23
ডিমেন্টর	23
ওরাকল	23
আব্বার	23
মিথ্যার	23
কিলাই	23
সহিষ্ণুতা	23
তারিফ	23
ভাগ্যবতী	23
ইটালিয়ান	23
ইনু	23
গার্ডের	23
গালে	23
কোডের	23
সেফটি	23
ধারন	23
পোলার্ড	23
ওগো	23
লড়ে	23
তাহলেও	23
লাগবো	23
সংঘর্ষ	23
সৈন্যবাহিনী	23
পড়ব	23
টাইবেরিয়াস	23
নারীদের	23
বাঁচিয়েছেন	23
রহম	23
রক্ষাকর্তা	23
ওষুধটা	23
ডেল্টা	23
বানাচ্ছ	23
আগত	23
বিপরীতে	23
আটকিয়ে	23
বাগিন্স	23
হাততালি	23
মহারাণী	23
বাড়তে	23
থামিসটিক্লিস	23
পোর্টাল	23
বুদ্ধিমত্তা	23
শুষ্ক	23
মনেকর	23
ঘটনায়	23
ওল্ড	23
সুইজারল্যান্ড	23
মহাশয়	23
ব্যারো	23
দিনকাল	23
বেসামরিক	23
অনার	23
পরদিন	23
সিগারেটের	23
দিসে	23
নাগরিকদের	23
বলতেছি	23
নীরবতা	23
ডেসমন্ড	23
চ্যাম্পিয়ন	23
ঝাপ	23
লক্ষন	23
আঙ্গুলগুলো	23
শিক্ষার্থীদের	23
বর্বর	23
বাচ্চাগুলো	23
চান্দু	23
কমসে	23
পেরমুল	23
লিফম্যান	23
অপেক্ষার	23
ইদুর	23
বিবেক	23
পরপরই	23
ডেটে	23
ঘটুক	23
বাঁধতে	23
মানসিকভাবে	23
পাঠিয়েছিল	23
ডাক্তাররা	23
ট্রিগার	23
নামেই	23
টাকাপয়সা	23
লঙ্ঘন	23
নিসা	23
মরুভূমি	23
ভিখারি	23
পে	23
সময়ও	23
কওলাস্কি	23
মাঝের	23
সহিত	23
সমস্যাই	23
হুট	23
চর্বি	23
আইপিএস	23
কবরে	23
এমনিতে	23
স্টাইলে	23
উন্মোচন	23
অঙ্গ	23
অন্তরে	23
মস্কো	23
মুভিটি	23
মুরগি	23
কামড়ে	23
ফ্ল্যাট	23
সেটিংস	23
সীমান্ত	23
আঙুল	23
এসবই	23
দিল্লি	23
তুলছে	23
কোনকিছুর	23
ফাতেমা	23
স্প্রে	23
অবিচার	23
স্বল্প	23
টিভির	23
ঠেই	23
একেকটা	23
বোর্ডে	23
খারাপভাবে	23
জানলো	23
একাউন্টে	23
বড্ড	23
পরছে	23
ধ্যাত্তেরি	23
উড়বে	23
কোষ	23
সমীকরণ	23
বিগত	23
প্রাচীরের	23
মালামাল	23
গ্যারেজে	23
মামলায়	23
স্কোর	23
ক্ষমতায়	23
আততায়ী	23
নিষ্ক্রিয়	23
গাড়ীতে	23
গড়	23
মিডিয়া	23
ভাঙার	22
ব্রাদার	22
কথোপকথন	22
সরান	22
এতোদিন	22
কয়েকদিনের	22
ধরবেন	22
বিরক্তি	22
মল	22
রেফিকা	22
প্রতারিত	22
ইয়ার্ড	22
মাতা	22
সুপ্রভাত	22
তপস্বীজি	22
ক্ষেপে	22
কর্মীদের	22
হেলিকপ্টারের	22
অচল	22
তেলুগু	22
ভাবেন	22
একঘেয়ে	22
বাইবেলের	22
রোগে	22
এক্সপেক্টো	22
বাঁয়ে	22
সতেজ	22
ভূতের	22
যতগুলো	22
পালের	22
অস্ত্রে	22
ফটোগ্রাফার	22
বেরুতে	22
তিনজনকে	22
উপত্যকায়	22
পোশাকটা	22
চক্র	22
অনুপ্রেরণা	22
ওদিক	22
যীশুর	22
বুঝ	22
সম্প্রচার	22
ব্যর্থতা	22
হানা	22
আবদুল্লাহ	22
বাহিনীকে	22
ফিসফিস	22
ট্রেস	22
সংস্কৃতি	22
ড্যাশ	22
শাট	22
আমান্ডা	22
রোনান	22
ছাড়ে	22
পাগলী	22
মাঠের	22
জড়াতে	22
দেখছিনা	22
মঞ্চ	22
ব্যাপারেই	22
ডাউনলোড	22
মারছি	22
মনু	22
বুনো	22
জিম্মায়	22
অ্যালেক্সেই	22
কাপড়ের	22
শিপের	22
পাল্টা	22
সূক্ষ্ম	22
কিলার	22
নেম	22
কার্তিক	22
এধরনের	22
চাইলেও	22
ঘোরাঘুরি	22
ডিলান	22
তাকিও	22
হাতছাড়া	22
উপহাস	22
হিন্দি	22
মাম্মা	22
অনৈতিক	22
জেন্টেলম্যান	22
উপদেষ্টা	22
লাফিয়ে	22
নৌসেনা	22
নির্দেশে	22
কেন্টন	22
ডিএনএ	22
হায়দ্রাবাদ	22
টোরুক	22
সূর্যাস্তের	22
সত্যকে	22
সেলে	22
সীমার	22
খনন	22
প্রেস্টন	22
বান	22
মার্কেটে	22
কোনোদিন	22
ফসকে	22
রিসিভ	22
চিওলের	22
মাঝরাতে	22
সপ্তাহেই	22
বার্ট	22
ডাবলিন	22
অধিকারী	22
অক্ষম	22
বৃত্ত	22
উত্তরাধিকার	22
সাপের	22
সংগ্রহের	22
গ্রাউন্ড	22
দিনটি	22
পরমাণু	22
শে	22
আমেরিকানরা	22
ফোটা	22
আইনস্টাইন	22
অগ্রগতি	22
দুইদিন	22
কুকুরটা	22
ডাকছি	22
বলায়	22
আইলিন	22
আপনাকেই	22
বাচার	22
নিচ্ছেন	22
ফুটে	22
প্রতিবাদ	22
কবজা	22
ফোর	22
মাসি	22
যোগসূত্র	22
বেয়ার	22
গর্গ	22
নগ্ন	22
বারান্দা	22
মানচিত্রের	22
বেড়াবে	22
দশা	22
ঘুমানো	22
ভানুর	22
রেস্টুরেন্ট	22
বাছাধন	22
বছরেরও	22
ডোনাল্ড	22
লিফটে	22
কোনোভাবেই	22
আসক্ত	22
খানা	22
হৈচৈ	22
দানিয়েল	22
রজার্স	22
পাপি	22
উল্টে	22
আর্কটা	22
বদলাবে	22
রেইনল্ড	22
নালা	22
শান্তভাবে	22
প্রস্ততি	22
নামাতে	22
সীমাবদ্ধ	22
নিভে	22
অন্তরের	22
চেষ্টাই	22
ইন্ডিয়ান	22
এইটার	22
গাইছে	22
লোকদেরকে	22
তাকাতে	22
হয়েছেটা	22
ট্রান্সমিটার	22
থিওরি	22
সর্বদাই	22
জাদুকরের	22
স্যর	22
ক্লারিস	22
পেট্রোল	22
চেষ্টায়	22
দিচ্ছিলাম	22
বাঁচিয়েছি	22
পরিবহন	22
গুডবাই	22
ভাংতে	22
মাশাআল্লাহ	22
ফেঁসে	22
আরলো	22
কালে	22
ডায়ানা	22
নিকারসন	22
নিকোলাস	22
ময়না	22
সংক্ষেপে	22
বাইরেই	22
কোয়ার্টার	22
ডোরিয়া	22
ইলিয়াস	22
ব্যার্থ	22
ল্যাংডন	22
হওনি	22
সেটের	22
ঢোকো	22
যাত্রার	22
ভার্নন	22
ডমিনেন্টের	22
রান	22
দ্বিধা	22
বাজিতে	22
রুখে	22
বালছাল	22
তৎক্ষণাৎ	22
যাপন	22
ফিন	22
ফুড	22
কফির	22
মিথিলা	22
কুকুরছানা	22
অমূল্য	22
নিশ্চিহ্ন	22
পক্ষের	22
লরেন্স	22
সফটওয়্যার	22
পরিবেশে	22
খালাস	22
সোনামনি	22
ঝাঁপ	22
বোবা	22
বংশ	22
ট্রেভর	22
সারতে	22
শুনেছিস	22
জোক	22
উঁচুতে	22
নিয়ো	22
আরেহ	22
শীতের	22
খাচ্ছ	22
সরুন	22
শূকর	22
মনস্টার	22
শায়েস্তা	22
ক্রিম	22
পাকিস্তানি	22
পিশাচ	22
বিশিষ্ট	22
প্রতিষেধক	22
চিঠিতে	22
এও	22
ভুলবো	22
গার্ডনার	22
পল্লম	22
অপরাধীর	22
আর্চার	22
নাসা	22
বিপ্লব	22
গুলোকে	22
উদার	22
প্রেরণ	22
ডেটা	22
করিয়েছি	22
ছেড়ো	22
পর্যায়ের	22
দাড়ি	22
অপ্রয়োজনীয়	22
কোর্স	22
ব্যায়াম	22
গাওয়ার	22
ইয়ু	22
পাড়া	22
সম্প্রদায়ের	22
হতভাগা	21
আসায়	21
স্রষ্টার	21
পাপ্পি	21
কস্টিউম	21
উঠছি	21
হইলে	21
পেরেছিল	21
বিদেশে	21
অবহেলা	21
রেখেছিস	21
বস্তা	21
ইতিবাচক	21
অঙ্কুর	21
দাবার	21
গার্ডো	21
তুলুন	21
সুলতান	21
কাঁদে	21
ক্র্যাশ	21
বিজ্ঞানীরা	21
পরিয়ে	21
কিইবা	21
থ্যাঙ্কিউ	21
ব্যাক্তির	21
ফেয়ারী	21
উটগুলোর	21
ফেলেছিলে	21
হতচ্ছাড়া	21
ব্যাপারেও	21
গে	21
সারি	21
জিতেছ	21
পরীক্ষামূলক	21
একাধিক	21
গোছগাছ	21
হাবিজাবি	21
স্বয়ং	21
প্রদত্ত	21
হাঁস	21
অ্যালার্ম	21
হিরোর	21
আত্মবিশ্বাস	21
রামেস	21
জনই	21
নয়েজি	21
গেইম	21
আত্তা	21
মৃত্যুবরণ	21
প্যাটস	21
আলোতে	21
লবণ	21
লেট	21
পবন	21
ফ্রস্ট	21
দেখেছিলেন	21
ইসরা	21
ভিড়ের	21
আসামীকে	21
চৌদ্দ	21
বোঝাও	21
অস্ত্রগুলো	21
বিব্রত	21
পার্থক্যটা	21
গ্রামবাসী	21
অপমানিত	21
মার্টিনি	21
বৃহস্পতিবার	21
বিষয়ের	21
ইংল্যান্ডে	21
নির্বাসিত	21
মনেই	21
গোল্লায়	21
খাঁচার	21
উদ্ধারের	21
রাউল	21
বার্লিন	21
বাড়ানো	21
স্যুপটা	21
আবু	21
কিচ্ছুনা	21
পেমেন্ট	21
গ্রেঞ্জার	21
মাগল	21
একটুর	21
হসপিটাল	21
গজ	21
জেরুজালেমের	21
থেকেছি	21
নয়ই	21
বলের	21
গোথামে	21
যেতেও	21
শিখেছিলাম	21
একদিনের	21
আসলানের	21
কারলেনকো	21
করুণ	21
সেনেটর	21
জেরেমি	21
গন্ধটা	21
রেখেছিলে	21
পোশাকের	21
নিঃশেষ	21
চারটি	21
এনেছিলাম	21
ওইদিন	21
থ্যাংকস	21
স্তব্ধ	21
মোবাইলে	21
গুলিটা	21
দিনগুলো	21
চারিদিক	21
শীর্ষ	21
ডিউটি	21
ড্রাইভারের	21
আদিম	21
সাইবার	21
ওজনের	21
ঠেকাতে	21
অপারেটর	21
বাবাই	21
সেলিম	21
ক্রাশ	21
বিন্দুমাত্র	21
আকর্ষন	21
এক্সপ্লোরার	21
মেভিস	21
থামলে	21
জায়গাটি	21
যাকিছু	21
সর্বপ্রথম	21
বোর্ডের	21
হারালে	21
ভাষার	21
পজিশনে	21
তথ্যগুলো	21
আহমেদ	21
এনেছিস	21
এইগুলি	21
নিন্দা	21
দপ্তর	21
বান্দা	21
উদ্বেগ	21
হারিয়েছো	21
তুলবো	21
মেয়াদ	21
জুয়েন্না	21
নিজেরে	21
চীপটা	21
ইভান	21
ভল্টে	21
মার্কা	21
জেতা	21
সবজায়গায়	21
সহানুভূতি	21
যুক্তরাষ্ট্র	21
তাহমিদ	21
ড্রিঙ্কস	21
বহর	21
বাক্সটা	21
ম্যাডামের	21
কার্বি	21
কাজও	21
হাঁদারাম	21
সাইডে	21
পথিক	21
বিক্রম	21
কার্লো	21
দায়ীত্ব	21
হ্যারা	21
ডিপার্টমেন্টে	21
ক্যাচ	21
টেক্সট	21
জমিটা	21
লোহা	21
ম্যাডি	21
কালকেই	21
পড়তাম	21
ক্রিসঃ	21
ওগুলোকে	21
কোলেট	21
রিমা	21
কাঁদবে	21
ওয়ার্ড	21
বোরিং	21
জার্মানি	21
তেজ	21
কুল	21
হুমমম	21
চিনিস	21
আলোচনার	21
শাওন	21
কুন	21
বিচ্ছেদ	21
রিসেট	21
দিনই	21
সেটাতে	21
বরঞ্চ	21
ডগ	21
সারাক্ষণ	21
রয়েছি	21
নিছক	21
ইউরি	21
চাইতেও	21
সঞ্চয়	21
পাজি	21
নামুন	21
অফিসারকে	21
সুযোগটা	21
নিয়েছিস	21
পালক	21
ডাকলে	21
ভালা	21
পুজা	21
কিলো	21
ভীতুর	21
সিভিল	21
রেস্টুরেন্টে	21
বেরি	21
যোদ্ধাদের	21
সরানোর	21
আসোনি	21
ফাঁসিতে	21
কিথ	21
ধরেছেন	21
কইরো	21
স্টক	21
লিভার	21
চইলা	21
অধীর	21
ওতে	21
জানুক	21
বিশ্বাসে	21
মুভ	21
মুরগীর	21
ম্যালি	21
সাব্বাস	21
লেখাপড়া	21
ফাটল	21
নিজেরই	21
ক্যাবল	21
জেলখানা	21
সংগঠন	21
শিন্ডলারের	21
সিঁড়িতে	21
অভ্যুত্থান	21
ব্যাটার	21
ঘন্টাধ্বনি	21
নিউইয়র্ক	21
কমরেড	21
ক্ষোভ	21
বাড়ো	21
কোরিয়ার	21
এড়াতে	21
তত্ত্বাবধায়ক	21
প্রিয়তম	21
সোয়ান	21
সহায়ক	21
গ্যারিডো	20
অপশন	20
চাইলেন	20
ঘুরবে	20
রিকোলেটি	20
অাসো	20
ফিরব	20
মুখ্য	20
বিল্ডিংয়ের	20
বিবরণ	20
খেলবো	20
বলাবলি	20
বুলস্	20
ব্রান্ট	20
নববর্ষ	20
ঝুঁকিতে	20
রুপে	20
গ্লইন	20
ভাগের	20
টিমকে	20
গিয়েছো	20
ক্রিমিনাল	20
ভিতালি	20
জিনিষটা	20
সরকারকে	20
দেরিতে	20
তাকাই	20
ততক্ষন	20
মুঠোয়	20
মানিয়েছে	20
চিজ	20
লুসিন্ডা	20
ভেতরটা	20
খোলাখুলি	20
কাটাবে	20
হেফাজতে	20
ন্যাশনাল	20
কিউ	20
আদেশে	20
অ্যানি	20
দোকানটা	20
তাকানো	20
শুনব	20
আবেগের	20
পর্যবেক্ষন	20
গিয়েই	20
ভদ্রতা	20
যন্ত্রনা	20
ঘৃণ্য	20
জাপান	20
যেটায়	20
জেন্টালম্যান	20
চুক্তিটা	20
কৃতিত্ব	20
নির্ঘাত	20
আলাদাভাবে	20
মেক্সিকো	20
ইনস্যুরেন্স	20
সোশ্যাল	20
হিন্দু	20
বগিতে	20
উকিলের	20
নেতাদের	20
ভাইরাসের	20
যুদ্ধক্ষেত্র	20
গ্যাংস্টার	20
জবাবদিহি	20
ফেলছ	20
পাঞ্চ	20
অভিভূত	20
দেখত	20
ক্যাং	20
ছেলেও	20
ভলডেমর্টের	20
পেঁচা	20
ফোর্সের	20
ঢুকাও	20
বিলাল	20
দুর্গের	20
স্পাই	20
দাদাভাই	20
ছুরিকাঘাত	20
রহমান	20
কেনই	20
চললাম	20
ওইদিকে	20
লেজার	20
পরীদের	20
আমেরিকাতে	20
বিধ্বংসী	20
ডিমের	20
ঘুমাবো	20
ভোগে	20
পৌরাণিক	20
দেখাচ্ছিল	20
ডোর	20
মাস্টারের	20
বলিনা	20
পুতুলের	20
প্লাস্টিক	20
থর	20
ফেস	20
হাসাহাসি	20
হইল	20
গুয়াং	20
শিপে	20
চুইংগাম	20
ইউসুফ	20
ডুয়ার্ফ	20
ড্রাম	20
পত্রিকার	20
রিচেপ	20
কান্নার	20
নানু	20
ইডিয়ট	20
মিথ্রান	20
করবিন	20
বিরাজ	20
রেভারেন্ড	20
তৃষ্ণার্ত	20
বিজ্ঞাপন	20
দুটোর	20
আটটা	20
কূজন	20
টাক	20
সবদিক	20
কেওই	20
ভেন	20
বাক	20
ইরিস	20
রোনিন	20
বুভরা	20
সৌভাগ্যবশত	20
অর্ক	20
করতাছি	20
পালাবার	20
অও	20
নিয়ন্ত্রনের	20
ঘাপলা	20
জাম্প	20
শিশুরা	20
জনাথন	20
ব্রিট	20
পালাবো	20
বাঁচবো	20
দিগন্ত	20
টানে	20
নেলসন	20
উপাধি	20
দিদি	20
ইয়েন	20
শক্তিমান	20
থাকছে	20
বেনজি	20
মেডিক	20
কাউরে	20
শিস	20
আধ	20
শোবার	20
আওয়াস্তি	20
ডায়না	20
ডিমেন্টরদের	20
ডিমেন্টররা	20
প্রবল	20
পর্যন্তই	20
আহহ	20
ভিড়	20
অনুভূতিটা	20
টাকাও	20
পূর্বেই	20
ভেবেছেন	20
অভিজাত	20
একদিনে	20
কোবা	20
ধার্মিক	20
গ্রাম্য	20
তোদেরকে	20
আঁকতে	20
জেনেই	20
এসি	20
বনরক্ষক	20
কোঅপ	20
কমিক	20
জানাচ্ছে	20
স্কটল্যান্ড	20
উপার্জন	20
কমিটির	20
ইলা	20
আদুরে	20
লংশ্যাঙ্কস	20
টিসু	20
পুরে	20
ডাকব	20
তথাকথিত	20
ফ	20
উঠবো	20
হাসছ	20
শোনাবে	20
ম্যাপে	20
বনাম	20
সময়কে	20
ছানা	20
মিলা	20
হোমসের	20
স্যুটের	20
সেইসব	20
গলি	20
ম্যারিয়ন	20
এয়ারলাইন	20
জেলখানায়	20
আসাটা	20
মুহূর্তেই	20
দুজনেরই	20
আগস্ট	20
গ্রিম	20
সাইকল	20
মেয়েই	20
অ্যাপার্টমেন্ট	20
লাযলো	20
ভদকা	20
গতির	20
অদ্বিতীয়	20
বেনেডিক্ট	20
টেকনিক	20
পাঁচটি	20
জিমির	20
মোবাইলের	20
চরিত্রের	20
জেরি	20
ছোট্টো	20
যখনি	20
মনোবল	20
সার্জারি	20
বুঝিস	20
থাকাই	20
ভাসাও	20
ভবনের	20
ক্রিসটোফার	20
নেক্সট	20
তলার	20
গোলক	20
ট্র্যাফিক	20
ইংলিশে	20
ভালবেসে	20
বাস্কেটবল	20
বিরল	20
টিস্যু	20
দিনকে	20
স্টেশনের	20
কাহিনীর	20
জোকস	20
তিনদিন	20
নিশ্চিন্তে	20
লাগিয়েছি	20
জ্যাকি	20
পপ	20
বেসে	20
সিন	20
অভিনেত্রী	20
প্রকাশিত	20
ইতি	20
একইরকম	20
মানাবে	20
চেষ্টাও	20
লিবার্টি	20
ছিনতাই	20
রেকর্ডিং	20
প্রসিকিউটর	20
মিডিয়ার	20
ফুঁ	20
কাজটাই	20
লড়াকু	20
সমালোচনা	20
অকর্মা	20
একদিকে	20
স্পন্দন	20
কাটবে	20
ঝুলন্ত	20
সেপ্টেম্বর	20
টার্গেটের	20
ডাটা	20
ধরন	20
রসিকতা	20
জানতেও	20
টেলিভিশন	20
চাবিকাঠি	20
ক্লোজ	20
সর্বস্বান্ত	20
ভঙ্গি	20
কয়দিন	20
পাবনা	20
কেই	20
মরুভূমির	20
উপরই	20
বাথরুমের	20
খালা	20
বাণিজ্য	20
শাপ	20
মহিলাটি	20
থাবা	20
প্রযোজ্য	20
ভাঙ্গতে	20
সোডা	20
পররাষ্ট্র	20
বইছে	20
বহিস্কার	20
দালাল	20
স্মৃতিগুলো	20
মাশুল	20
স্মৃতিতে	20
চমত্কার	20
উপহারের	20
উদ্ধত	20
পালাই	20
নিবন্ধন	20
জলদস্যুদের	20
সদয়	20
পোর্ট	20
বড়ি	20
বিষয়ক	20
বাড়ে	20
ফ্লাওয়ার	20
পর্যায়	20
তাকিয়ো	19
গ্যাংয়ের	19
ডেকো	19
ব্যারেল	19
শেষটা	19
এন্টিবডি	19
ওনারা	19
ছিন্ন	19
ঘুমাই	19
রোমাঞ্চকর	19
খুঁজব	19
ফুটো	19
মিটমাট	19
বোঝ	19
নিকুচি	19
বেরোও	19
পিম	19
ভেজাল	19
তালিকায়	19
শিকল	19
মিটে	19
উঠেছিল	19
ভালোবাসতাম	19
প্রত্যাবর্তন	19
করাটাই	19
জুয়া	19
গাইড	19
ভ্রমণে	19
নামান	19
এপার্টমেন্টে	19
গার্ল	19
তাকায়	19
তাড়াহুড়ো	19
ফাঁসির	19
ভাসিয়ে	19
ম্যাট্রিক্সের	19
পোশাকে	19
জিন্দা	19
অনুবাদেঃ	19
ভাষী	19
শরবত	19
বিদ্যুতের	19
গম্ভীর	19
প্রথা	19
লেফট	19
সেইরাম	19
ঢুকো	19
নেশায়	19
বানিয়েছিল	19
উন্নতির	19
ওখানের	19
কাঁপছে	19
একধরণের	19
সাধ্য	19
জ্বিনরা	19
আমগো	19
জিনিসটি	19
দিচ্ছিলো	19
হুয়ান	19
রশ্মি	19
পালটে	19
অর্ধ	19
স্যালুট	19
ঐশ্বরিয়া	19
শেষকৃত্য	19
লিওন	19
যমজ	19
তলদেশে	19
তাদাশি	19
উঠাতে	19
ঢিলা	19
আমস্টারডাম	19
শিখাও	19
হত্যাকাণ্ডের	19
কথিত	19
ধমকি	19
ধইরা	19
কদর	19
সন্ন্যাসীদের	19
খরগোশ	19
জনেই	19
ধরলাম	19
শুরুতেই	19
ওয়াং	19
হদিস	19
প্রচলিত	19
মানুষগুলো	19
মেট	19
অপরাহ্ন	19
কাহিনীটা	19
পাকিস্তানের	19
ভৌ	19
রাডার	19
ফুলার	19
ডিন	19
ভিকি	19
প্রতিফলন	19
লাস্ট	19
মারাত্নক	19
সর্বাধিক	19
আশে	19
হারে	19
একভাবে	19
আহাম্মক	19
ভ্যাটিক্যানের	19
ব্যর্থতার	19
ভাবিস	19
শোকরিয়া	19
জিনিসপাতি	19
লেক্স	19
হাট	19
জানিই	19
সেডরিক	19
মক্কেলের	19
সন্ত্রাসীদের	19
পিচ্ছি	19
ওটাও	19
স্ক্যানার	19
সৈকত	19
ইদানিং	19
আর্মিদের	19
ক্যাসিনো	19
প্লাস্টিকের	19
কচ্ছপ	19
বড়সড়	19
লাইটের	19
এলভিশ	19
গোলকধাঁধায়	19
চাকার	19
থুথু	19
শতাব্দীর	19
খেয়েছিল	19
ব্রেকিং	19
থ	19
স্বীকারোক্তি	19
সার্ভিসে	19
আবাসিক	19
ঘড়িতে	19
সায়েন্স	19
এখানটা	19
প্রতিনিয়ত	19
ভাইসব	19
গোত্র	19
ধুস	19
ম্যাগি	19
ড্রিল	19
তেরেসা	19
পড়াশুনা	19
বোলেন্স	19
ম্যালেকিথ	19
সমাজে	19
চপার	19
জেনেও	19
দাঁড়িয়েছে	19
সিলভার	19
মিনহো	19
ড্যারেন	19
শিখ	19
বিচলিত	19
নারীকে	19
এসবকিছু	19
ল্যান্স	19
দেইখা	19
ঋষি	19
রাজকন্যার	19
উপকারে	19
লোকেশন	19
দেখছিলে	19
হাসিখুশি	19
নতুবা	19
মনোমুগ্ধকর	19
দৈত্যরা	19
খ্রিস্ট	19
অনুপ্রবেশ	19
ঘরেই	19
শুনানির	19
প্রত্যেকেরই	19
হাগু	19
ফকির	19
পারবিনা	19
গিঁট	19
কার্যকরী	19
নিবি	19
থামাই	19
এ্যালেক্স	19
কৌতূহল	19
ব্রু	19
দত্তক	19
পাঠালো	19
জেনেটিক	19
উহ্	19
ঢং	19
ভাংতি	19
ভুট্টা	19
মধ্যকার	19
ম্যাডামকে	19
অস্বস্তি	19
লোকগুলোকে	19
জিতলে	19
মর্গে	19
ড্যুনান	19
টাইটানিক	19
গৃহীত	19
বেক	19
ইভ	19
ইহুদি	19
কাবু	19
হোয়াট	19
যুদ্ধটা	19
আভাস	19
ব্যাপারটি	19
ঘটল	19
নভেম্বর	19
পার্স	19
সামগ্রী	19
জিজ্ঞাস	19
দেয়না	19
বাচ্চাটি	19
ভিটামিন	19
চিপায়	19
দিবা	19
কাণ্ড	19
হাঙ্গামা	19
কেয়ার	19
কন্ট্রোলে	19
চোখটা	19
নির্মম	19
অবিবাহিত	19
দিচ্ছিনা	19
ডওসন	19
জেরা	19
প্রতিনিধি	19
শাখা	19
বসেছিল	19
পুরোই	19
জৈব	19
ইচ্ছেমত	19
আলফ্রেড	19
পার্সোনাল	19
সপ্তম	19
ইন্টেলিজেন্স	19
বিষয়গুলো	19
আক্রমনের	19
পেপারে	19
দুর্মূল্য	19
সাথী	19
জাহান্নামের	19
খুনিকে	19
আশ্বাস	19
নৌকাতে	19
জাত	19
কোনায়	19
ফুলে	19
স্রোত	19
থেক	19
ডেস্ক	19
খিদে	19
জেলা	19
আছিলো	19
রিলে	19
পার্থজ	19
সম্পূর্ণরূপে	19
ঘাম	19
ভীতিকর	19
চল্লিশ	19
আস্তানা	19
টেলিভিশনের	19
নিয়ন্ত্রনে	19
সদর	19
অন্যটা	19
কমলার	19
অনুমতির	19
পয়সাও	19
দেখেছিলো	19
মোরা	19
গ্রামস	19
দক্ষিনে	19
অভ্যর্থনা	19
হিলিয়াস	19
চিড়িয়াখানায়	19
জানেমান	19
ভুলগুলো	19
পড়ুক	19
অভিযোগে	19
কাটাবো	19
তুলা	19
কোচ	19
অপবিত্র	19
ব্লকের	19
খাইছি	19
বুলেটপ্রুফ	19
কোমায়	19
ডাল	19
বাঁশি	19
হাসিব	19
কলমের	19
বাঁধো	19
বিনোদনের	19
জ্বালাতন	19
পরিধান	19
ক্যাব	19
বুঝাচ্ছি	19
রূপকথার	19
বদলানোর	19
দ্বায়িত্ব	19
জোয়ান	19
উদয়	19
পরাজয়	19
জেভিয়ার	19
ডায়াল	19
প্লুটোনিয়াম	19
ওয়েইন	19
চেয়ারম্যানের	19
কাটে	18
তাড়াতাড়িই	18
সবজান্তা	18
ওগুলা	18
নাচবো	18
চারপাশ	18
মেক্সিকোতে	18
মারকাজ	18
পালায়	18
দারোয়ান	18
ওয়ার্ল্ডস	18
গাওয়া	18
পণ্য	18
দিতেও	18
খারাপও	18
সিক্স	18
বৃষ্টিতে	18
সুইস	18
গেটো	18
বু	18
নায়ের	18
সোলজার	18
কাটাও	18
জোন	18
সারির	18
জার্মানরা	18
পৃষ্ঠ	18
প্রতিযোগিতার	18
জানামতে	18
সুইটি	18
একবারের	18
স্যারকে	18
ঝাড়ু	18
ছড়ায়	18
কাধ	18
লেকের	18
ভবনে	18
অনুবাদঃ	18
সভ্যতা	18
মরি	18
পানপাত্র	18
ব্লাড	18
আইটেম	18
সাধুবাবা	18
অপরিহার্য	18
লাও	18
ফলের	18
অস্তিত্বই	18
বিপদমুক্ত	18
হোভার্ট	18
হেয়ার	18
পুমবা	18
মরন	18
করবই	18
নড়ো	18
টোস্ট	18
রুক্ষ	18
হ্যামিল্টন	18
ওয়েস্টার্ন	18
নিলেন	18
ডেস্কের	18
গম	18
কাসুমী	18
সেইন্ট	18
সমকক্ষ	18
কলোনি	18
কুপ	18
দেবেনা	18
কাঁচা	18
রাজনীতিবিদ	18
ফগের	18
যাজক	18
আইছে	18
ডাক্তারি	18
ক্ষমতাবান	18
মুখোশের	18
চাচাকে	18
গাঁজা	18
উনারা	18
বুঝায়	18
লউরার	18
হাওয়ায়	18
আসছিলো	18
সমঝোতা	18
এখনে	18
বাফালো	18
কোল	18
প্রিন্ট	18
সঙ্গীদের	18
বসবো	18
ব্রিজে	18
নানান	18
মঙ্গেয়া	18
অতীতকে	18
পিছলে	18
মাফিয়ার	18
পেগাসাসঃ	18
আহসান	18
কাউন্সিলের	18
স্নেহ	18
খুলবো	18
হায়দ্রাবাদে	18
আঁকড়ে	18
রাস্তাটা	18
দৃষ্টান্ত	18
পুলিস	18
জাপানে	18
বোতলের	18
শুনছিস	18
ঘনিয়ে	18
পেঙ্গুইনদের	18
খুনীর	18
বুট	18
গার্লফ্রেন্ডের	18
মিলেছে	18
বাচ্চাদেরকে	18
শেভ	18
টেস্টিং	18
রাজশাহী	18
কেমিক্যাল	18
রাবার	18
লাব্বাইক	18
ভোজ	18
সীমানায়	18
গোলকধাঁধার	18
ধরল	18
বলিও	18
মতভেদ	18
স্পিড	18
আঘাতে	18
ব্লাস্ট	18
মারেনি	18
স্লিদারিন	18
খোঁচা	18
শুনতেই	18
দাবা	18
থাইকা	18
আঙুলের	18
শুনেনি	18
ভূলে	18
মাম্মি	18
লাঠির	18
ফেলেছিলেন	18
এরমধ্যে	18
যাহ	18
লেবু	18
টেসলা	18
মিটিংয়ে	18
জিনিসে	18
গাড়িকে	18
পরিষ্কারভাবে	18
সালিম	18
ছাড়ছি	18
কবরস্থানে	18
খুলেছে	18
লোকরা	18
প্রাচীর	18
তোয়ালে	18
সুসংবাদ	18
ওউ	18
খুলছি	18
রূপান্তর	18
ফান্ড	18
মেরেছেন	18
কালের	18
দৈত্যদের	18
বীট	18
জোনস	18
ভেবেছিলেন	18
ক্যান্সারের	18
ডেকের	18
লেইনা	18
অন্তঃত	18
সচিব	18
এলিয়েন	18
রাষ্ট্র	18
পারল	18
বাপকে	18
এ্যা	18
শিল্পা	18
কুবরাকে	18
ক্ষমার	18
শেখায়	18
গাড়িটি	18
পূর্বপুরুষ	18
পড়েই	18
এক্সপার্ট	18
সিউর	18
স্বস্তি	18
সমর্থক	18
বিকেল	18
ওয়াটার্স	18
জিপিএস	18
ওনি	18
ক্রিস্টোফার	18
সবে	18
লজ্জায়	18
নাচে	18
খোজা	18
মানুভাই	18
প্রলুব্ধ	18
শয়তানটা	18
আরিয়ান	18
সেরাটা	18
হেলস	18
মঠের	18
বাইকে	18
অনন্তকাল	18
ভন্ড	18
ধুরো	18
বর্ষিত	18
ফেলবি	18
লতা	18
মতলব	18
বড়লোক	18
অকে	18
আচমকা	18
চারদিক	18
অ্যারন	18
হারবে	18
ড্যারো	18
মার্গারেট	18
বিনোদন	18
ডাক্তারকে	18
কোর	18
রমণী	18
জেব্রা	18
খুলবেন	18
বৃত্তের	18
অনুসন্ধানে	18
জানেমন	18
সেরিব্রো	18
কাঁদছ	18
পরীর	18
কাতিয়াল	18
জলদস্যুর	18
মেলবিন	18
বারান্দায়	18
আদায়	18
আদম	18
বেবী	18
কাস্পিয়ান	18
সুতা	18
এস্টাস	18
পাখিরা	18
ড্যান্টন	18
ডেপুটি	18
ফেরেশতা	18
মেকআপ	18
গুম	18
এডওয়ার্ডসের	18
মানানসই	18
ইঞ্জেকশন	18
মাও	18
চেনার	18
আগাতে	18
আহতদের	18
সিড	18
আশঙ্কা	18
দায়ভার	18
অনুমোদিত	18
চেম্বারে	18
টিমোথি	18
ফিটজেরাল্ড	18
ব্লগ	18
থালা	18
করুনা	18
বিদ্রোহীদের	18
প্রতিদ্বন্দ্বিতা	18
নার্নিয়ার	18
শব্দগুলো	18
ক্যামেরায়	18
মানতেই	18
এরিকা	18
রয়্যাল	18
কালার	18
সংখ্যার	18
নাম্বারগুলো	18
ডাম্বলডোরের	18
মেরেছিলাম	18
কৌশলের	18
এঞ্জেলো	18
অসন্তুষ্ট	18
পড়বেন	18
যেগুলোর	18
ঢিল	18
শিপ	18
নাটকের	18
তখনকার	18
আল্লার	18
টিংকার	18
আজকাবানে	18
ছোটবেলার	18
অত্যধিক	18
ছিলেনা	18
বদনাম	18
ঘাটতি	18
ওয়াচের	18
ভেগাস	18
আধ্যাত্মিক	18
সেক্ষেত্রে	18
সীমায়	18
হারামির	18
নিচতলায়	18
আশ্চর্যের	18
মঠ	18
এইত	18
টাওয়ারে	18
পোষণ	18
তাকালে	18
চেয়েছ	18
ভেবোনা	18
ম্যালেনা	18
শেখরের	18
সংখ্যক	18
আয়নার	18
কাঠামো	18
এইডাই	18
লেখো	18
মুক্তা	18
চিরদিন	18
শালায়	18
মরেনি	18
সন্ত্রস্ত	18
গজরানি	18
পেশাব	18
জনাবা	18
এক্সপেলিআর্মস	18
পড়েন	18
ঢুকেছি	18
লিলিয়ানা	18
হাঙ্গর	18
আকারের	18
কস্টেলো	18
গ্রিড	18
ব্যাটম্যানকে	18
ঘুর	18
জোকারকে	18
লিখুন	18
মন্ত্রীর	18
ফোঁটা	18
লোকঃ	18
সংখ্যাটা	18
নোভা	18
নামছে	18
বিহীন	18
কর্মকর্তাদের	18
যথাসাধ্য	18
স্বর	18
চিরজীবন	18
ডিপার্টমেন্টের	18
নিনা	18
কনফার্মড	18
ফায়দা	18
জার্মানদের	18
সিন্ডিকেট	18
রিক	18
মেম	18
আগ্নেয়াস্ত্র	18
গিরগিটি	18
দুইজনকে	18
হয়েছিলেন	18
গ্লাসের	18
একার	18
জীবনই	18
বরাদ্দ	18
অবাধ্য	18
বিক্রেতা	18
শুঁকে	18
ব্লুপ্রিন্ট	18
রিকার্ডো	18
ডেথ	18
ছুবেনা	18
তপস্বী	18
ভারতে	18
খাত্তাবের	18
দুষ্টামি	18
বাঁকা	18
রক্তাক্ত	18
সোনাটা	18
বজ্রপাত	18
হুইল	18
ক্যারিনা	18
লেকচার	18
দুইটাই	18
পাঠা	18
চাপিয়ে	18
ড্রেম্যান	18
নাড়া	18
হালায়	18
আয়াত	18
ক্ষুধায়	18
ব্যবসায়ীদের	18
খাওয়ানো	18
ইউনিয়ন	18
সেলকি	17
গ্রীন	17
ধুমপান	17
বেঈমানি	17
রিজ	17
কিরণ	17
বাজাই	17
শুন্য	17
শিউর	17
ধান্দা	17
ঠাণ্ডায়	17
তবেই	17
নামঃ	17
হারতে	17
কর্মের	17
রীতিনীতি	17
সেন্সর	17
বিরোধিতা	17
আজিব	17
পাড়ে	17
এলান	17
মেরামতের	17
নিশ্চিন্ত	17
বদলানো	17
ফিরলে	17
জিনিসপত্রের	17
লাভজনক	17
হাজারের	17
মামণি	17
লোকি	17
মহাসাগর	17
ধান্দায়	17
ছায়ায়	17
মরলে	17
মান্য	17
সাহসে	17
একটাকে	17
টেক্কা	17
বিপর্যস্ত	17
স্বাদের	17
জাদুমন্ত্র	17
নিচ্ছিস	17
ঘটা	17
মোজা	17
জাজ্ঞু	17
ইজি	17
চিটিং	17
মারলো	17
যাইবো	17
আর্মিতে	17
অপহরন	17
পুশ	17
নাগালের	17
স্টেইন	17
গতবার	17
চাইয়া	17
রেস্তোরাঁর	17
বরাবরের	17
ধুলা	17
গাড়িটাকে	17
ধোঁকাবাজি	17
ডিপোজিট	17
প্রেমিকাকে	17
ওয়াস্তে	17
ছাত্রদের	17
লর্ডের	17
দেখেও	17
পেট্রোনাম	17
দৌঁড়াও	17
কার্গো	17
লিখবো	17
নিরাপত্তায়	17
জোট	17
কুইডিচ	17
ব্যাবসার	17
অনলাইন	17
টোকা	17
হাফ	17
পোস্টার	17
গ্লেনব্রুক	17
ওয়ালার	17
ঘোঁতঘোঁত	17
সংস্কার	17
শত্রুকে	17
খাওয়ানোর	17
দৃষ্টির	17
অবদান	17
নাস্তার	17
উঁকি	17
থিয়েটারে	17
হুসেইন	17
ডেনিজ	17
ওটাতো	17
লেন	17
ওভাবেই	17
মোকাদ্দার	17
পিৎজা	17
ফ্রিজের	17
ঠেকছে	17
হাম	17
একধরনের	17
রক্সেন	17
কমোডোর	17
ডেনহ্যাম	17
জিনিসটাই	17
জুলাই	17
জিমিকে	17
মহাপ্রাচীরের	17
আসলেন	17
বোমার	17
দাদীর	17
ভুতের	17
জিনিসও	17
স্বার্থে	17
আইস	17
ইউনিটের	17
সবখানেই	17
খ	17
ইচ্ছাকৃতভাবে	17
চিনিনা	17
পদক	17
ছাড়লে	17
পটানোর	17
হেইয়া	17
বুজতে	17
আদেশের	17
এগুলোতে	17
কাটায়	17
ছু	17
সইছে	17
বিস্ট	17
হেলিকপ্টারে	17
শিখিয়েছেন	17
সা	17
কুট্টা	17
দিচ্ছেনা	17
কাঁচ	17
মমম	17
হ্যামন্ড	17
আগামি	17
দেখিয়েছো	17
সাজাতে	17
মালায়ালি	17
রেসিং	17
সাধ্যের	17
বুঝেছিলাম	17
নরি	17
লাগি	17
রানার	17
পরিত্রাণ	17
টেনিসি	17
আমীন	17
আসনে	17
থার্ড	17
হিব্রু	17
প্রস্তাবটা	17
গোয়া	17
বইতে	17
ডেনিয়েলস	17
তামিযা	17
একখান	17
খাটিয়ে	17
ভিডিওটা	17
কথামত	17
বিষের	17
আন্না	17
আয়নায়	17
ভূমিকম্পের	17
বিস্তৃত	17
অবসরে	17
রক্ষাকারী	17
হুররে	17
কাউফড	17
পিনটা	17
গড়াগড়ি	17
পাবা	17
পৌঁছানো	17
বিড়ি	17
ক্ষান্ত	17
মারল	17
বেশিরভাগই	17
গ্রীক	17
দাদীমার	17
জানালায়	17
বেশিকিছু	17
মিউজিয়ামে	17
ভৃত্য	17
বছরেও	17
প্রয়োজনের	17
আগমনের	17
চিঠিগুলো	17
অনু	17
গড়িয়ে	17
সুগন্ধি	17
চুমুক	17
দরজাগুলো	17
পাল্টাও	17
পরিষ্কারের	17
উহা	17
ধংস	17
কনর্স	17
এঙ্গেল	17
এক্ষেত্রে	17
বসেই	17
তীক্ষ্ণ	17
গৌতম	17
ধাতব	17
ওকেও	17
ব্যক্তিকে	17
গহ্বর	17
তাবিজ	17
আনলাম	17
পরিকল্পনাটা	17
পরিশেষে	17
মেখে	17
মডিউল	17
নৃত্য	17
ন্যাংটা	17
রাজধানীতে	17
গ্রিফিন্ডরের	17
তাকালাম	17
যান্ত্রিক	17
রিল্যাক্স	17
সম্বল	17
কলের	17
ছিটকে	17
তেমনটাই	17
গ্রেগরি	17
স্লিপিং	17
মৃত্যুই	17
ইঞ্জিনিয়ারিং	17
আঁকানো	17
জায়গাটায়	17
ঝাক্কাস	17
লিন্ডা	17
কম্পন	17
সুয়েন	17
মধ্যরাতে	17
চকলেটের	17
ব্লেড	17
অস্বস্তিকর	17
ম্যানহাটন	17
ফেলছো	17
দিনার	17
খাইতে	17
রুটিন	17
স্থানান্তরিত	17
ডীন	17
ফয়সালা	17
কন্ট্রাক্ট	17
পরেরটা	17
নিস্তার	17
কুদরেত	17
শ্বেত	17
গতিপথ	17
ল্যাপটপ	17
ইশ্বরের	17
রুপি	17
জাং	17
স্যু	17
ইন্টারন্যাশনাল	17
বিবর্তনের	17
মেসেজটা	17
করপোরাল	17
যৌক্তিক	17
ডরি	17
ঘটনাস্থল	17
দশক	17
কর্পোরেশনের	17
নিজেরও	17
কিনেছে	17
নামগুলো	17
নিরস্ত্র	17
আগলে	17
কলিং	17
গায়েত্রী	17
মারলাম	17
মিয়াঁ	17
কাধে	17
ছয়জন	17
গুরুত্বপুর্ন	17
নথি	17
লিপ্ত	17
ষড়যন্ত্রের	17
চিনবে	17
হইবে	17
চাচ্ছিলো	17
অপরাহ্ণ	17
গুলিবর্ষণ	17
মরছি	17
ইমেইল	17
মোটোর	17
শেখাবে	17
মেধার	17
শেখ	17
পরিহিত	17
গেসে	17
পেইন্ট	17
অধিকারের	17
তুল	17
প্রতিষ্ঠিত	17
জার্ভিস	17
ভাবত	17
জনমের	17
ফ্রেশ	17
কমান্ডের	17
ব্যবস্থার	17
ঢালু	17
অজয়কে	17
কুণ্ডলিবিশিষ্ট	17
উঠি	17
সেন্টারে	17
টার্মিনাল	17
দৌড়ানোর	17
হারাচ্ছি	17
পঁচা	17
দৌড়াবে	17
ডেভিডকে	17
আলোকিত	17
টেঁস	17
অ্যালিস	17
আসন্ন	17
বাসি	17
বেকি	17
মোক্ষম	17
গাজর	17
ভালবাস	17
একটুখানি	17
বৃহৎ	17
খাওয়াও	17
অন্তিম	17
ভালবাসতাম	17
ব্যানার	17
স্মৃতিশক্তি	17
সাধ্যমত	17
ফাস	17
হুবহু	17
চুরমার	17
আলেকজান্ডার	17
থাকল	17
আয়েশ	17
কিছুতো	17
পূরন	17
গভীরতা	17
পূর্ন	17
কিছুকে	17
তালে	17
সেদা	17
মেরিট	17
পাকিয়ে	17
জ্বালাতে	17
জেদ	17
চড়া	17
মেঝে	17
ক্যামেরন	17
ডিক	17
তিক্ত	17
অস্থায়ী	17
হামলায়	17
ওয়ে	17
হয়রানি	17
ব্যবসায়িক	17
রোস্ট	17
নিরাময়	17
নিয়ন্ত্রিত	17
হগওয়ার্টস	17
বিস্ময়ের	17
পায়খানা	17
কোরিয়া	17
ট্রয়	17
ক্যালিফোর্নিয়া	17
গার্ডদের	16
গবেষক	16
ভাবছিলে	16
ঠোঁটের	16
অবসান	16
আইল্যান্ডে	16
অভিবাদন	16
বিপ্লবের	16
শালারে	16
চ্যান্ডলার	16
মালটা	16
তহবিল	16
রাজকন্যাকে	16
মনোযোগী	16
ব্ল্যাকবেয়ার্ড	16
হারফোর্ড	16
খেয়েই	16
হায়ড্রা	16
জান্নাতে	16
স্কুটার	16
অ্যালবেনিয়ান	16
গ্রেড	16
ঢুকিয়েছে	16
পিজ্জা	16
গোলকধাঁধা	16
গার্লস	16
সতর্কতার	16
বাঁদিকে	16
ইস্ট	16
বেহালা	16
পার্সিয়ান	16
মারুন	16
অতিপ্রাকৃত	16
বাজানোর	16
নবীর	16
সাম্রাজ্য	16
শম্ভু	16
আনছে	16
হিটলার	16
শাড়ি	16
বন্দর	16
আগেকার	16
বসেছিলাম	16
হাকুনা	16
দেখাবেন	16
একান্তে	16
ভ্যালেন্টাইন	16
দেখতো	16
লোথার	16
দৃষ্টিভঙ্গি	16
কিছুক্ষনের	16
র্যাকুন	16
লাজুক	16
গ্যালি	16
গতকালের	16
গড়তে	16
এজেনর	16
নারিকেল	16
ব্যাক্তিদের	16
বশে	16
তালগোল	16
কষে	16
প্রকল্প	16
ফিলি	16
বেদনা	16
দিবস	16
কমাতে	16
রকমই	16
ফাকা	16
উড়াতে	16
সার্কিট	16
পরব	16
পিকনিক	16
কলিন্স	16
তুলেছিল	16
ঝুঁকিপূর্ণ	16
ক্যাসিনোতে	16
ইউরোপে	16
জনগণকে	16
পুরোহিত	16
খেলব	16
জেইড	16
ডিডরা	16
সহচর	16
চুক্তিতে	16
ছড়িয়েছে	16
মাইক্রোফোন	16
ছেড়েছে	16
রেমাস	16
পেশায়	16
হারিয়েছ	16
ঘোরা	16
পরেন	16
খুনটা	16
বিক্ষিপ্ত	16
খেয়েছেন	16
সম্ভাবনার	16
স্বভাবের	16
হব্	16
খ্রিষ্টান	16
গ্রন্থ	16
গল্লুম	16
জিজ্ঞাসাবাদের	16
কয়েদী	16
ব্ল্যাকবিয়ার্ড	16
বানাইছে	16
ড্রিঙ্ক	16
্যাচেলের	16
প্রদেশ	16
অপারেশনে	16
ইন্টারপোল	16
আর্থিক	16
দুর্নীতি	16
কয়লা	16
বফুর	16
ভিয়েতনামের	16
কাস্টমারদের	16
ব্রা	16
স্ট্রীট	16
ইসিদোরো	16
বদমাশের	16
জানবেন	16
ফাইলটা	16
স্লিদারিনের	16
মশা	16
নগরী	16
গেস্ট	16
ডকিং	16
মঞ্চের	16
সন্ধানে	16
মাঝারি	16
বিভ্রম	16
ঘাসের	16
হাটা	16
সভ্যতার	16
নিতো	16
কমিশন	16
আফ্রিকায়	16
কমানোর	16
দায়িত্বের	16
নম্র	16
সবকিছুতেই	16
পাথু	16
সেটিং	16
প্রশিক্ষন	16
খুঁজুন	16
পূজা	16
প্রতিহত	16
ভাতিজা	16
জনগনের	16
ভাগে	16
মাপের	16
পেয়েও	16
এক্সেস	16
কিনারায়	16
প্রত্যেকবার	16
সবটা	16
যাবোনা	16
প্রতিবারই	16
জ্যাং	16
বেগে	16
পৌঁছাবে	16
সাদ্দাম	16
ওয়ালেসের	16
গুহার	16
আর্থ	16
ইগোর	16
যাযাবর	16
হেডমাস্টার	16
চুদতে	16
পুলিশদের	16
সাধারনত	16
সুস্থ্য	16
হগওয়ার্টসের	16
মুসলমান	16
অর্জনের	16
উইংস	16
সভায়	16
ওগুলি	16
দূতাবাস	16
অজনুর	16
রাও	16
সুইটহার্ট	16
জেরুজালেম	16
সিন্দুকের	16
মুকুটের	16
শিখার	16
খাবারে	16
থম্পসন	16
স্কটল্যান্ডের	16
সাইতো	16
সিন্ডিকেটের	16
শুরুটা	16
পটারকে	16
ঘেরাও	16
ধর্মগুরু	16
ভেঙ্গেছে	16
মহাসাগরে	16
হারালাম	16
সহকর্মীদের	16
যুদ্ধা	16
অপরাধমূলক	16
নতজানু	16
ভেবেছিস	16
আন্ডারগ্রাউন্ড	16
মুডে	16
বিশ্রামের	16
হচ্ছিস	16
নক্ষত্রের	16
শরীরটা	16
লিভিং	16
সমাহিত	16
উপকারী	16
জন্মেছি	16
বিচ	16
জট	16
মাইরি	16
পিগ	16
আপনারই	16
রাখছো	16
শশ	16
ফাইলের	16
ট্যাকা	16
রবি	16
মন্ত্রণালয়ের	16
সন্ধি	16
বুঝছো	16
জলদী	16
উইন্টারফেলে	16
জায়ন	16
পচে	16
সয়ার	16
দ্বার	16
লোকাল	16
নির্ণয়	16
ব্রেন	16
জার্মানিতে	16
এখানটায়	16
বলাই	16
ওডি	16
মিস্টিক	16
চাক্ষুষ	16
ঢুকাতে	16
ডাইনীর	16
ভ্যানে	16
বুদ্ধিমত্তার	16
নাচানাচি	16
প্রসাব	16
প্রমানিত	16
ক্যাপটেন	16
শ্যাম্পেইন	16
বর্জ্য	16
মারচিসন	16
কুত্তাটাকে	16
গণ	16
হাঁটি	16
ঐক্যবদ্ধ	16
বোতলটা	16
খোলামেলা	16
কুনের	16
শুনেন	16
আমলের	16
বাদুর	16
প্রায়শ্চিত্ত	16
অনুতাপ	16
বেলিকফ	16
নজরদারির	16
এন্ট্রি	16
মিসিং	16
ব্রিফকেস	16
আনুষ্ঠানিকভাবে	16
ভাবনার	16
ঘরটা	16
কক্ষপথে	16
লুথার	16
স্কচ	16
ডলি	16
জিনিসকে	16
কাহিনি	16
এইজন্যই	16
মর্জি	16
মাদুরাই	16
কারফিউ	16
কুত্তী	16
এরাই	16
ওহহ	16
সততার	16
অনুষ্ঠিত	16
কর্নার	16
লিখ	16
বালা	16
স্ক্রু	16
দুটা	16
মামার	16
পুঁচকে	16
বন্ধুত্বের	16
আসলি	16
মানুষগুলোর	16
অকাজের	16
ক্ষেতে	16
হ্যাগ্রিডের	16
অনেকটাই	16
ইওয়া	16
ম্যাকগোনাগল	16
অ্যান্টোনি	16
ক্যারিয়ারের	16
ইমরান	16
ঘুমন্ত	16
ভিক্টরের	16
গোলাপের	16
উকিলকে	16
ক্রুদ্ধ	16
স্মৃতিই	16
বলাটা	16
তুলেছি	16
পুত্রের	16
উইলসন	16
ওয়ার্ডেন	16
সুইমিং	16
ধরণ	16
মিলছে	16
পরিকল্পিত	16
প্লেয়ার	16
নামই	16
মিলিয়নের	16
গাড়িগুলো	16
গানে	16
পিস্তলের	16
ভুগছে	16
ট্র্যাকিং	16
ধর্ষণের	16
ধরেছো	16
পার্শ্ব	16
ফি	16
খরগোশের	16
পাকড়াও	16
ছোড়া	16
ওয়্যার	16
মিলারের	16
হ্যাচ	16
বস্তুর	16
অবস্থাটা	16
পুরন	16
আব্বুর	16
সিটবেল্ট	16
বন্দরে	16
বাক্য	16
গোসলের	16
লিগ	16
সিস্টেমটা	16
ডিলিট	16
হ্যাইস	16
টিকিটের	16
দলিল	16
ভালবাসত	16
উপলক্ষে	16
মনোরম	16
লিখছি	16
এতোই	16
মাইলের	16
মুল্য	16
বার্লিনে	16
অ্যাঞ্জেলিনা	16
সান্ত্বনা	16
স্কি	16
ঘুরাঘুরি	16
হাঁটো	16
মহিলাটিকে	16
বাঁচি	16
জীবনও	16
জোড়	16
গোলাবারুদ	16
ইহুদীরা	16
সমানভাবে	16
প্রতিচ্ছবি	16
এমনে	16
ফ্লাইটের	16
মার্সেডিজ	16
খেয়েছো	16
হলের	16
লেবেল	16
ছুঁতে	16
ওয়াচ	16
অ্যামের	16
ফেলেছিস	16
বাস্তবিক	16
ফিস	16
সিদ্ধ	16
ঘড়িটার	16
সাবজেক্ট	16
পারস	16
তাতাগ্লিয়া	16
সিসিটিভি	16
মাছলি	16
অতঃপর	16
মর্ম	16
ভ্যাল্কিরি	16
এক্সপেরিমেন্ট	16
প্যাটি	16
ভার্জিনিয়া	16
দৈনিক	16
জানুর	16
স্টেজ	16
শুষে	16
ফুসা	16
ঢুকলো	16
ডু	16
বাইকটা	16
এপস	16
ব্রিটেনের	16
সাহসিকতা	16
টার্গেটে	16
সোনালি	16
সুবাস	16
ঝড়ে	16
চাকুরীর	16
মাচো	16
জানোয়ারের	16
পেতো	16
থেইকা	16
শৃঙ্খলা	16
মুফাসা	16
কোটের	16
থ্যাংক	16
ছাত্রী	16
দাড়ায়	16
শাসকের	16
মৃত্যুটা	16
সবগুলোর	16
রিকি	16
প্রধানের	16
সান্দোভাল	16
ব্যাটারী	16
রিলিজ	16
প্রকৌশলী	16
আপনে	16
আমরাতো	16
সান্দোভালকে	16
টেক	16
মেগামাইন্ড	16
প্রবাহ	16
আবহাওয়ার	16
অযৌক্তিক	16
আড়ি	16
তাড়াহুড়া	16
পেয়েছিলেন	16
সমন্বয়	16
গাড়ীর	16
রাশিয়ানরা	16
ক্রয়	16
নেকড়ের	16
মাকড়সার	15
প্রতারনা	15
হাসিবুজ্জামান	15
সসেজ	15
ইন্টারনেটের	15
সিনেমায়	15
দেওয়াটা	15
মেটাতে	15
ব্যাপারটায়	15
এনেছিল	15
একপাশে	15
সূচক	15
রুপী	15
দুঃখী	15
আপ্নে	15
সওদা	15
থিয়েটারের	15
ক্রিসমাসে	15
হাতাহাতি	15
ভাঁজ	15
ফিঙ্গারপ্রিন্ট	15
আর্কাইভ	15
নবী	15
মরডু	15
পটাতে	15
আঙ্কেলের	15
মলে	15
প্রোটোকল	15
উচ্চতায়	15
উঠান	15
সাজানোর	15
নাচি	15
হারাম	15
প্রাইস	15
ব্রুকস	15
কমছে	15
কাহিল	15
ভাসমান	15
সেবার	15
মারফি	15
হাঃ	15
বীপিং	15
ট্রাকটা	15
সাংবাদিকদের	15
নির্ভেজাল	15
গডফাদার	15
দিনটার	15
উল্যাণ্ডা	15
বোমাটা	15
কৃষি	15
প্রিমিয়ার	15
প্রবাদ	15
কৌতুহল	15
পিং	15
খালাদের	15
অসম্ভবকে	15
দেখাচ্ছো	15
পাঠালেন	15
বুইড়া	15
মজুদ	15
ভী	15
মাগো	15
বুঝব	15
লিখি	15
বেনি	15
নেও	15
শিক	15
ভীতি	15
ইমার্জেন্সি	15
জ্বালানো	15
মূল্যের	15
ভাবলো	15
ভেঙেছে	15
কাশি	15
যাইতাছি	15
পরওয়া	15
প্রশ্নগুলো	15
যুক্তরাষ্ট্রে	15
রসালো	15
একতা	15
ফ্যালন	15
হেক্টর	15
বাডি	15
সেগুলোকে	15
বাচাঁতে	15
সেন্টিনেল	15
চামড়ায়	15
ভেড়া	15
লড়ো	15
ওসবের	15
মিনিস্টার	15
পরিশ্রমের	15
প্রতিভাসম্পন্ন	15
মিয়ার	15
সদা	15
মোটকু	15
মনুষ্যসৃষ্ট	15
সুদ	15
গাল	15
সংঘটিত	15
সদ্য	15
পুরু	15
বুঝানোর	15
নিজেরটা	15
কন্ঠস্বর	15
ছ	15
পিছনেই	15
গ্রেইল	15
জিম্মিদের	15
টার্মিনেটর	15
চেয়েছো	15
আপেক্ষিকতা	15
শিফট	15
কিংবদন্তি	15
বদলি	15
যৌথ	15
অনিশ্চিত	15
বাব্বা	15
উটগুলো	15
বিয়েও	15
কিংসম্যান	15
বেয়াদবি	15
জামিনে	15
অবহিত	15
মিস্টি	15
গাছপালা	15
বেশ্যার	15
পারছেনা	15
তাকিওনা	15
অস্ট্রেলিয়া	15
ট্যাপ	15
লালন	15
রবার্টের	15
রাখছ	15
ডেডশট	15
লুকিস	15
দ্বন্দ্ব	15
ঝাপসা	15
যেকেউ	15
লিংক	15
চিল্লাচিল্লি	15
শেখানোর	15
এক্সপ্রেস	15
চালাব	15
ফিক্স	15
সাইবর্গ	15
কুয়েত	15
স্লাইড	15
ধকল	15
মনেও	15
আত্মবিশ্বাসী	15
অদ্ভুদ	15
এইহানে	15
পদচিহ্ন	15
ব্রিটা	15
গুল	15
ধুতে	15
সেদিকে	15
শীতকাল	15
যাচ্ছিলেন	15
মডি	15
দারাও	15
তুফান	15
ব্যাপারগুলো	15
নিশ্চুপ	15
ব্ল্যাকমেইল	15
হৃদস্পন্দন	15
গণতন্ত্র	15
খুঁড়ে	15
নড়তে	15
দর্শকরা	15
আঠা	15
মুন্নি	15
পাল্টাবে	15
্যাকল	15
তাকাচ্ছে	15
তিনিও	15
আসামি	15
ফাজ	15
হেল	15
শিখলে	15
বুকিং	15
খাটাতে	15
ভাস্কর্য	15
এবারই	15
লুকোনো	15
অ্যাকাউন্টেন্ট	15
নির্যাতনের	15
প্ল্যান্ট	15
হার্ব	15
বালিকা	15
করুম	15
ঘুরঘুর	15
অনাথ	15
যোদ্ধারা	15
আসছিস	15
নূর	15
সাবাহ	15
আঞ্চলিক	15
সালেহীন	15
মমকে	15
কর্নারে	15
ময়দানে	15
ডাকুন	15
বাক্সের	15
বেষ্টনী	15
দুর্দশা	15
বাইকের	15
দিইনি	15
পোপের	15
আইএমএফ	15
সেনাবাহিনীতে	15
কত্ত	15
পরছি	15
অন্তহীন	15
ছাড়েন	15
বাইবেলে	15
ভাবতো	15
বেডফোর্ড	15
টমির	15
পাখিদের	15
হেইডা	15
লকির	15
ঘিলু	15
শ্রুতি	15
হ্যানড্রিক্স	15
সুইজারল্যান্ডে	15
ইউর	15
ডনি	15
পরিচ্ছন্ন	15
কাথির	15
স্মরণীয়	15
কেরে	15
সংলাপ	15
নিমন্ত্রণ	15
ভেবেই	15
মারামারির	15
পাইপের	15
যেঁ	15
থালাবাসন	15
ফিশারের	15
মানবতার	15
সেন্স	15
ব্যাতিক্রম	15
ক্লিনার	15
উট	15
শক্তিতে	15
প্রতিষ্ঠানে	15
যেইদা	15
করবোই	15
কুমারী	15
বিরতির	15
তছনছ	15
সংখ্যাগুলো	15
সর্বোপরি	15
প্যাক্স	15
বাজাবে	15
সিদ্ধান্তটা	15
ওয়াইবি	15
লুকা	15
সুযোগই	15
আব্বাজান	15
গানও	15
প্লাগ	15
লাগান	15
স্নান	15
নাজাফ	15
কনস্টেবল	15
হগওয়ার্টসে	15
বলাতে	15
ক্যামেরাম্যান	15
অর্থেই	15
উল	15
স্ট্রবেরি	15
টার্নারের	15
শচীন	15
নখের	15
শাওলিন	15
প্রতিদিনের	15
কাউন্টার	15
থুতু	15
রুডি	15
বার্ড	15
মশ্যিউর	15
চলবো	15
সরু	15
ওকেই	15
ডিনা	15
রোগীদের	15
আবদি	15
ব্যালেন্স	15
ভোম্বল	15
অবস্থাতেই	15
বীর্য	15
জেরুজালেমে	15
চিড়িয়াখানার	15
পৌঁছতে	15
বোধি	15
কাটিয়েছে	15
জনঃ	15
যন্ত্রণাদায়ক	15
ছিটিয়ে	15
বানিয়েছিলাম	15
প্রতিযোগিতায়	15
গল্পগুলো	15
সংস্করণ	15
স্বরে	15
ফাঁক	15
হাং	15
ঘটনাগুলো	15
স্যান	15
সেভেরাস	15
ভ্যালেন্টাইনের	15
বর্ণ	15
হারমিওন	15
অনন্য	15
এক্সও	15
এরপরেও	15
রাফ	15
ব্যান্ডেজ	15
হিটলারের	15
দুদিনের	15
অশেষ	15
মানুষটি	15
হাসিটা	15
কমিটি	15
এখনতো	15
ডাকতো	15
গুলিতে	15
আলখাল্লা	15
ফেয়জা	15
মানলাম	15
বাজতে	15
জনে	15
বয়েড	15
ম্যাট্রিক্সে	15
চাপুন	15
টেরি	15
আপনারটা	15
থেমো	15
বিরিয়ানি	15
বললেনা	15
যতোটা	15
ফইন্নির	15
মসলা	15
লেটি	15
খোঁদা	15
চিওলকে	15
স্পেল্মেন	15
কীইবা	15
লেগেছিলো	15
ঝাঁপিয়ে	15
কুনজু	15
ছাড়বেনা	15
থাকাটাই	15
ইস্পাতের	15
আসত	15
ভিস্তা	15
ঝাঁঝরা	15
ইয়াকুব	15
পর্দার	15
জাপানি	15
লউরা	15
অধিকাংশই	15
শর্তে	15
সাহেবা	15
বলবা	15
ফোকাস	15
দেখলি	15
বিবর্তন	15
বাকিটুকু	15
জাতিকে	15
আইজকা	15
রত্ন	15
জানবেনা	15
প্রকারের	15
মানবজাতিকে	15
অায়	15
শিক্ষার্থী	15
দিনটিকে	15
হেলো	15
রাঁধতে	15
গ্লাভস	15
বধির	15
ফীনলে	15
আবর্জনার	15
শৈশব	15
ডাইরেক্টর	15
উড়াও	15
হইতো	15
আনুমানিক	15
কিছুরই	15
শৈশবের	15
চোরকে	15
নেমেছে	15
অক্টোবর	15
ইয়াকাযা	15
অদ্ভূত	15
ওয়ালেট	15
জীবনটাই	15
নাচছে	15
অ্যাক্সেস	15
নির্ভরযোগ্য	15
লিকে	15
প্যল	15
অবরোধ	15
পাঙ্গা	15
রাডাগাস্ট	15
গোলাগুলি	15
কাটাচ্ছে	15
কালা	15
ব্যাক্তিগতভাবে	15
অ্যা	15
পার্লম্যান	15
বর্ডার	15
রুমেই	15
বাজারের	15
ওলসন	15
মুখ্যমন্ত্রী	15
দিব্যি	15
উন্নি	15
চিরকালের	15
পার্সেল	15
চমকপ্রদ	15
পার্ককে	15
ছন্দ	15
চায়নার	15
ডাইনিং	15
সাহসের	15
খুকি	15
ঈগলের	15
অনেককিছু	15
মিকি	15
টাইমে	15
নিগ্রোরা	15
মেডিসিন	15
রাজকুমারকে	15
অভিযাত্রী	15
পিটারসেন	15
দৃষ্টিকোণ	15
চিপস	15
দূরত্বে	15
খাস	15
পুতুলটা	15
কৌশলে	15
দয়ায়	15
পুরান	15
সিপাহী	15
বায়ে	15
আগামীকালের	15
ওয়ারেন	15
তীরের	15
অবজ্ঞা	15
গানঃ	15
বাঁচো	15
আর্মসবি	15
টক	15
বাহানা	15
চাইতেন	15
সামান্থা	15
সাহায্যকারী	15
সাউন্ড	15
ফ্রিজে	15
কেল্লা	15
বুঝবেনা	15
মাতাতা	15
জারগা	15
অভিনেতা	15
কিড	15
বগি	15
বুঝছিস	15
পাছার	15
স্ট্যাসি	15
খেলাম	15
বানী	15
নিচ্ছিলাম	15
সিকিউরিটির	15
ভদ্রলোকের	15
ইয়ন্ডু	15
ভুলি	15
সিধান্ত	15
মনিক	15
হোপ	15
ফরাসী	15
ভোরের	15
ফিনিক্স	15
চিকিত্সা	15
পিষে	15
লিখব	15
যেটি	15
কন্ঠঃ	15
বিন	15
টরেটো	15
কমান্ডারের	15
গেইট	15
রোগীকে	15
নিওনা	15
সিক্রেটস	15
পাঠিয়েছিলেন	15
কুয়াশা	15
ওয়াল	15
হাওয়াই	15
স্বয়ংক্রিয়ভাবে	15
ভালবাসায়	15
প্রশংসনীয়	15
গোপনীয়তার	15
আয়া	15
জালিয়াতি	15
এপয়েন্টমেন্ট	15
ঘুমান	14
জানেনই	14
ইউয়ান	14
মানুষও	14
প্রাণে	14
সারে	14
টাইলারের	14
বিবপ	14
ভ্যান্ডি	14
যাওয়ায়	14
জাজু	14
ক্ষেত	14
হ্যান্ডশেক	14
বরদাশত	14
হাঁটুর	14
আপদ	14
নির্দেশাবলী	14
ড্রাগান	14
ভালোবাসিস	14
উপরওয়ালার	14
গণ্ডগোল	14
শুনেছিলে	14
আয়ত্তে	14
গতিবিধি	14
কাঁটার	14
খোঁজখবর	14
সিডনি	14
লিঙ্গ	14
ঝুড়ি	14
সৃষ্ট	14
মোমবাতি	14
জীবাণু	14
ইউনিভার্সিটি	14
স্লো	14
কাপুরুষের	14
উইন্ড	14
রোদে	14
গলাতে	14
দাড়াঁও	14
উত্তেজক	14
অপ্রতিরোধ্য	14
প্রজেকশন	14
টমের	14
কা	14
চার্লির	14
মুম্বাইয়ের	14
রাখছিলাম	14
পাল্টায়	14
চন্দ্র	14
মঙ্গলের	14
সবরকম	14
আয়ু	14
উচুতে	14
রান্নার	14
অ্যাওয়ার্ড	14
অবশ্যম্ভাবী	14
টিপে	14
সংসার	14
বক্সের	14
ছুরির	14
চুদি	14
গ্ল্যাস	14
পিষ্টক	14
ধূর্ত	14
তুল্য	14
গায়	14
আগামীতে	14
মহিমান্বিত	14
স্তরের	14
হ্যাকার	14
শিক্ষার	14
কলিজা	14
সুবিধাজনক	14
লাইটইয়ার	14
ব্লকে	14
বোঝাচ্ছি	14
ডমিনেন্ট	14
সম্পত্তির	14
পিক	14
পরস্পর	14
দুর্যোগ	14
স্নাতক	14
আব্রাহাম	14
সিরাম	14
পাঠিয়েছিলে	14
প্রবৃত্তি	14
পানিও	14
উনিও	14
নামলে	14
ইয়নডু	14
টাইমিং	14
জোসে	14
জেগেছে	14
মহাকাশে	14
মোরি	14
বুঝিয়েছি	14
ধারনার	14
প্যানকেক	14
বোস্টনে	14
সোলোজো	14
ব্যান্ডের	14
কর্প	14
ডুড	14
সিংহাসনের	14
বন্দোবস্ত	14
শব্দে	14
শিক্ষিকা	14
ছাড়াতে	14
অ্যান্থনি	14
রেক্স	14
চিরজীবনের	14
লেখেন	14
ক্রিডি	14
কালবাপুড়ি	14
মিক	14
সুঁই	14
সীমাহীন	14
আবরণ	14
শালি	14
মারলি	14
বিচারপতি	14
দুয়েক	14
জানিয়েছি	14
ডাহা	14
পোলাপানের	14
ফায়ারিং	14
ফাইলগুলো	14
অর্থনৈতিক	14
তিৎসি	14
বিয়া	14
ওলাভসেন	14
ক্ষেত্রেও	14
লাঠিটা	14
সুখি	14
নিভিয়ে	14
স্বাভাবিকভাবেই	14
এফ	14
ভিলেনের	14
যাদুর	14
স্বীকৃতি	14
গল্পটি	14
টয়	14
রাতারাতি	14
মর্মাহত	14
কুবলাদার	14
দুরের	14
ঝুঁকির	14
খেলতাম	14
রসিক	14
এদিকেই	14
ধর্মগুরুদের	14
জাগ্রত	14
গুলিও	14
বুদ্ধিমতী	14
ফেব্রুয়ারি	14
সংগঠনের	14
হাড়ের	14
এবারে	14
উদঘাটন	14
বারবোসা	14
বিল্ডিংয়ে	14
কেভ	14
কল্পনায়	14
বাংলাদেশের	14
নামকরণ	14
শেফের	14
যাত্রীদের	14
আপনের	14
মাধ্যম	14
আতংক	14
এভারডিন	14
ডাইনোসরের	14
কণা	14
হাসুন	14
রিজার্ভ	14
দক্ষিণের	14
চেকের	14
এন্টেনা	14
প্রতিরোধের	14
বার্ন্স	14
কতখানি	14
সম্ভাবনাময়	14
চিকিৎসক	14
প্রত্যক্ষদর্শী	14
এইটুকুই	14
খেয়ালে	14
সন্দেহের	14
প্রতিবেশীদের	14
শোনাই	14
ডার্ডন	14
অর্গল	14
পার্লে	14
দুশমনদের	14
রণ	14
অ্যাম	14
বেডরুমের	14
বামদিকে	14
পাইলটের	14
জাহাঁপনা	14
বহনের	14
সীট	14
বেঈমান	14
জেক	14
উপজাতিদের	14
আইডিয়ার	14
বানরের	14
বাজ	14
মনই	14
ঘটাতে	14
রোগটা	14
মানুষটিকে	14
গলিতে	14
অয়েস	14
হউন	14
ইস্যু	14
হারিস	14
গামোরা	14
ধরবি	14
কোত্তাতিল	14
টুর্নামেন্ট	14
ডেস্কে	14
ট্যাবলেট	14
কাটছি	14
তুলছি	14
ঢুকছি	14
গু	14
এরাগর্ন	14
তরবারির	14
মরতেও	14
ইয়াপ	14
কেপ	14
বিশেষত	14
দেখাতেই	14
ঢোক	14
চেষ্টার	14
সজ্জিত	14
ঢেউয়ের	14
সার্জারির	14
রোচ	14
দশকে	14
রাইডার	14
্যাচেলকে	14
ব্যাঘাত	14
ব্যক্তিটি	14
পারলেও	14
বৎসর	14
ওয়লফ	14
বেড়াই	14
শেকড়	14
ভোরে	14
মনিটর	14
দুটোকে	14
ওয়েবসাইট	14
জেইমি	14
পোষ্ট	14
টাইটানিকের	14
প্রবেশদ্বার	14
ক্রে	14
উতলা	14
নিয়মগুলো	14
ইরহান	14
জানালে	14
তোরও	14
গুড়িয়ে	14
ওমাটিকায়া	14
ভূপাতিত	14
পরতাম	14
রোডে	14
কোনোদিনই	14
তালিকার	14
ঘুমোও	14
জাফরান	14
রেঞ্জ	14
রেডঃ	14
ইথার	14
কাছাকাছিই	14
মাংশ	14
তারিখের	14
হয়েছিস	14
অর্জিত	14
স্কাইনেটের	14
এরিয়া	14
কামরা	14
প্রতিস্থাপন	14
পালালো	14
মুখোশটা	14
বক্সার	14
আঁচ	14
টারগেরিয়ান	14
পচ্ছন্দ	14
জলতি	14
ফ্যামিলির	14
ড্রাগনকে	14
ড্যাভিড	14
ব্রহ্মাণ্ড	14
প্রেগন্যান্ট	14
ধরবেনা	14
পড়েছিলে	14
বলবোনা	14
পিতামহ	14
তুইতো	14
অসমাপ্ত	14
অক্সফোর্ড	14
অপ্রাসঙ্গিক	14
ওসমান	14
হাউটেন	14
ভার্জিন	14
ভল্টের	14
ফরচুনা	14
অবসরের	14
সার্কাসে	14
কাপড়ে	14
এরেস্ট	14
পরিহাস	14
লিলি	14
ব্যথার	14
গতকালই	14
ছিঁড়তে	14
কোভেন্যান্ট	14
ফোরম্যান	14
নামটি	14
ঘোরে	14
রামানা	14
বার্তাবাহক	14
বাকবিক	14
চার্ট	14
চিন	14
আত্মরক্ষা	14
এরিকের	14
লোটাস	14
গুড়া	14
ইবনে	14
রক্তক্ষরণ	14
সুনির্দিষ্ট	14
ওয়ান্ডা	14
অ্যাপার্টমেন্টে	14
উলঙ্গ	14
আরভিং	14
ওয়েলস	14
বিজনেসের	14
সীমারেখা	14
ভিডিওতে	14
বুঝেছে	14
শিখেছে	14
গুঁতা	14
হারাব	14
লড়ার	14
মেশিনদের	14
বাপ্রে	14
গোয়েন্দাগিরি	14
ইমেজ	14
চষে	14
শেখো	14
বর্ডারে	14
শব্দটি	14
ঠিকে	14
দিয়েছিলি	14
চলাচল	14
ব্যানার্জী	14
গুয়েন	14
কীসে	14
পুষ্প	14
ঢুকবো	14
নাস্তিক	14
টিচারের	14
কনফার্ম	14
তাকাবেন	14
অ্যামডারস্কি	14
স্থানাঙ্ক	14
কোটটা	14
নির্লজ্জ	14
বার্ষিক	14
এতোগুলো	14
স্রোতের	14
ব্যাবসায়	14
পুলে	14
প্রধানমন্ত্রীর	14
তাতেও	14
তাহসান	14
দুঃসাহসী	14
রাগের	14
ডেভিস	14
সমারসেট	14
হাফেয	14
নগন্য	14
সাজাও	14
পথই	14
চেমিল	14
ফর	14
সংগঠিত	14
চকচকে	14
প্রহরীদের	14
হারাই	14
বয়সেই	14
নাবিকদের	14
খোলস	14
আত্নসমর্পণ	14
খোলেন	14
গর্ডনের	14
সবটাই	14
ফিরতি	14
নৃশংস	14
কাটলো	14
বুদ্ধু	14
মারধোর	14
কষ্টদায়ক	14
ফাইটার	14
কেনিয়া	14
প্লে	14
তাজোমারু	14
ডেল	14
কোলাকুলি	14
পাওয়ারফুল	14
ভেনাস	14
স্বার্থ	14
অভাগা	14
পাইছে	14
পেনশন	14
বোগার্ট	14
মেট্রোম্যান	14
স্পিকার	14
সামনাসামনি	14
ফলিত	14
সিন্ডারেলা	14
বোর	14
সবসময়েই	14
্যাকেল	14
ঘটনাটি	14
খারাপই	14
কোনটার	14
অসময়ে	14
খুজছ	14
মোরগ	14
মস্কোতে	14
খুঁটিনাটি	14
দৃশ্যত	14
শহরেই	14
বাকপিক	14
অ্যাডাম	14
দাঙ্গা	14
বুয়েন্স	14
ঈগল	14
গ্রিফিন্ডর	14
যুক্তিযুক্ত	14
এত্ত	14
কোনদিনও	14
পরেছিলাম	14
পানিকে	14
মাশরুম	14
পরিক্ষা	14
আটকেছে	14
কবিতার	14
সূত্রপাত	14
পুনঃপ্রচলন	14
ব্যবস্থাপনা	14
জন্মায়	14
রবিবারের	14
প্রিস্টন	14
ফুলগুলো	14
দুর্ঘটনাস্থলে	14
ছিলা	14
দাদাকে	14
মরগানাকে	14
তুইই	14
ওইতো	14
কইছে	14
ভেঙ্গেছি	14
মাত্রায়	14
বাতাসকে	14
কস্টেলোর	14
হতাশার	14
লিসা	14
হুইসেল	14
মৃতরা	14
ইওয়ার	14
সাবানের	14
কচি	14
পরাস্ত	14
যাননি	14
আমাদেরটা	14
সম্ভাষণ	14
তীরন্দাজ	14
ভদ্রভাবে	14
হানতে	14
আরোপ	14
ব্যক্তিদের	14
ঘাড়ের	14
নজরদারিতে	14
হইতেছে	14
জাও	14
মাহির	14
কোয়ালস্কি	14
কমাও	14
চোখকে	14
আফ্রিকান	14
ফ্র্যাজিয়ার	14
সাতার	14
ভূগর্ভস্থ	14
স্যুপের	14
এতক্ষনে	14
করছোটা	14
লাকড়ি	14
বিশ্বযুদ্ধ	14
আর্জেন্ট	14
বরফে	14
নিরাপদেই	14
সৌভাগ্যবান	14
ফস্টার	14
বধ	14
বয়ান	14
মুদ্রা	14
ড্রাক্স	14
অর্ধেকটা	14
অজয়ের	14
মাকুঙ্গা	14
প্রাসাদের	14
মিটাতে	14
ভা	14
জিল	14
পড়ছ	14
ধরেছিলে	14
প্রেসের	14
বিষণ্ণ	14
বুসানে	14
রাখতো	14
রাজকুমারীর	14
ওয়াশিংটনে	14
পাথরটা	14
পনের	14
জোওন	14
আফ্রাদ	14
ধোঁয়ার	14
জামান	14
জাতিসংঘ	14
মাননীয়া	14
সেখানেও	14
অ্যাকসিডেন্ট	14
উদযাপনের	14
চ্যানেলে	14
রূপসী	14
শায়ামা	14
বাদামের	14
আন্টির	14
মর্ডরের	14
ইয়ং	14
কর্তৃক	14
তোকেই	14
ক্যাপ্টেনকে	14
নিত	14
ডেভিডের	14
কর্মকান্ড	14
নবাব	14
গন্তব্যে	14
মারিস	14
আঁচড়	14
ফ্যাশন	14
পোকার	14
ধোন	14
পড়াই	14
ম্যানের	14
গ্রীমহোল্ডটা	14
মিটারের	14
পাগলামী	14
ছড়ানো	14
হাড়ে	14
প্রক্রিয়ায়	14
ঘটায়	14
উড্ডয়ন	14
রেলওয়ে	14
কাঠবিড়াল	14
রিচ	13
মাদারচোত	13
অধিবাসী	13
ফুয়েল	13
পরিত্যাক্ত	13
ড্রাইসকোল	13
ফারহান	13
আত্মাদের	13
টাটকা	13
এ্যালি	13
কৃমি	13
সমীপবর্তী	13
মিউট্যান্টের	13
চাইলাম	13
মাসেই	13
দস্যু	13
ড্রাইভারকে	13
লাইটটা	13
এজেন্টরা	13
হয়ার	13
উচ্চারন	13
এসোনা	13
অতুলনীয়	13
কোম্পানিকে	13
রোমানফ	13
দাওয়া	13
বারুদ	13
প্রসেট	13
করতাছে	13
মহিন	13
লুপিন	13
কোণে	13
সুস্বাগতম	13
যেমনটি	13
পাঠাল	13
ভাল্লাগে	13
ফুটবে	13
রোডেরিক	13
বিবাদী	13
স্বচ্ছ	13
গুনবো	13
শুকর	13
সিগন্যালের	13
যাচ্ছনা	13
এঞ্জেলস	13
লুকোতে	13
পাইলাম	13
টামনাস	13
চলেছেন	13
উত্তপ্ত	13
রিকা	13
বসানোর	13
এনার্জি	13
দ্বিধাগ্রস্ত	13
কিনলে	13
শীতে	13
সাধনা	13
ওও	13
বিস্কিট	13
ঈশ্বরে	13
টরাসের	13
এক্সট্রা	13
প্রতিকার	13
জর্জরিত	13
দ্বারাই	13
নির্মমভাবে	13
শুইয়ে	13
বহাল	13
পেল্ট	13
ঠান্ডায়	13
কেঁড়ে	13
কুড়ে	13
মডেলের	13
পলির	13
ভয়কে	13
বেচতে	13
সর্বকালের	13
মেরীর	13
গোলাপী	13
কামবুর	13
গিয়েছিস	13
ভেবেছিলো	13
জীবনরক্ষাকারী	13
লাত্থি	13
এহন	13
ঘুরান	13
ফেলিসিটি	13
দেখাত	13
লকার	13
পর্যটক	13
বর্ষে	13
বোতামটা	13
ঘুমিয়েছি	13
নিগ্রোর	13
পরুন	13
পশুপাখি	13
ততদিনে	13
পেগ	13
জগতটা	13
জিনিসটাকে	13
সেখানের	13
সজ্জন	13
উদ্যোগ	13
টুর্নামেন্টের	13
শুকরের	13
গ্লাসটা	13
চালালে	13
ক্যাফেতে	13
ব্যালিয়ান	13
সংকেতের	13
ডেটোনেটর	13
অটল	13
খেয়েছিলাম	13
সম্পূর্ণভাবে	13
বামের	13
মেলা	13
বর্ষণ	13
চাচ্ছিনা	13
লান্সেলট	13
শয়তানকে	13
ব্যাখা	13
মিশনটা	13
দুলাভাই	13
ভালোমতো	13
ধর্মে	13
ব্যাঙ্গালোরে	13
কন্সটেন্স	13
প্রানীদের	13
মহাবিশ্বের	13
রাস্তাই	13
বসেন	13
রামছাগল	13
ছেয়ে	13
অন্যদেরকে	13
দুইজনেই	13
কাগজটা	13
নিছি	13
ইচ্ছাটা	13
ক্যারালাইন	13
অবসরপ্রাপ্ত	13
বিবাহের	13
্যাপ্টর	13
কেসি	13
লেফটেনেন্ট	13
ভাগ্যকে	13
অবিরত	13
নির্ভুল	13
বোনেরা	13
ইতালি	13
দেখাশোনার	13
সাইফার	13
শুনার	13
বইলা	13
নির্মাতাঃ	13
দোস্তো	13
ড্যাংলার	13
ঝগড়ার	13
রেখেছিলেন	13
রেডিয়েশন	13
গণ্ডার	13
মেক্সিকোর	13
এতক্ষন	13
থ্যাঙ্ক	13
বদলাও	13
প্রকাশের	13
ভীষন	13
গাণিতিক	13
শয়তানদের	13
পুতে	13
ডলারে	13
কুর	13
বিতরণ	13
তেসা	13
ন্যুডলস	13
চার্লসের	13
খেও	13
খুঁজবো	13
স্ক্রুজ	13
জ্যাকঃ	13
কমিউনিটি	13
এম্পুডি	13
তুলেছ	13
মোড	13
নাড়িভুঁড়ি	13
এলফ	13
রড	13
পরিদর্শক	13
থাকবনা	13
এভিনিউ	13
ফিরলো	13
ল্যাংড়া	13
বাঁচিয়েছিল	13
ফাইবার	13
স্পেনে	13
কুক	13
বৃহত্তম	13
আফগানিস্তান	13
শিরায়	13
মেন্টাল	13
ভাববো	13
ভোঁতা	13
পিয়েত্রো	13
প্রযুক্তির	13
উপত্যকা	13
জাপানের	13
উঁহু	13
চীনের	13
ঘুরাতে	13
অতএব	13
কলটা	13
হৃদপিণ্ড	13
ধরেছিলো	13
রাখাই	13
মনুষ্য	13
তদন্তে	13
বুভদের	13
মাডব্লাড	13
পাননি	13
সঙ্গেই	13
আড়াই	13
মিনতি	13
ভ্রমনে	13
কিমের	13
আপানার	13
হামাগুড়ি	13
জাদুঘরে	13
হাসিল	13
পরিত্রাণের	13
মিউজিয়াম	13
অস্থি	13
স্ক্যাবারস	13
নম্বরটা	13
চাঁবি	13
উল্টোটা	13
সম্পদের	13
ডিভিডি	13
অটোম্যাটিক	13
পদ্ধতির	13
বোর্ডিং	13
হোঁচট	13
কবরস্থান	13
হার্টের	13
অংশটি	13
ফ্রান্সিসকো	13
সেটায়	13
সুযোগের	13
দেখিনা	13
শার্লি	13
গোছানো	13
হাসা	13
শোননি	13
ভিউ	13
ভালোবাসাকে	13
লিনডা	13
খুনীকে	13
মারেন	13
কনে	13
গিনিপিগ	13
দূষণ	13
রাজনীতির	13
সাক্ষি	13
মহাদয়া	13
মহাসাগরের	13
ওয়াক	13
প্ল্যানেট	13
বজ্র	13
বছরখানেক	13
আন্দোলন	13
নাইস	13
অভিমত	13
চলতেই	13
ফেভারিট	13
বিশ্বকে	13
অনুভূতির	13
হের	13
চিনতো	13
আশংকা	13
জ্যাককে	13
ঝরছে	13
রানীকে	13
পাদ্রী	13
অংশের	13
আল্লাহকে	13
অ্যানার	13
ফার্মে	13
কমিশনারের	13
একজনও	13
কার্ডে	13
স্তন	13
সম্মানী	13
বইগুলো	13
আত্নার	13
ক্ষমতাশালী	13
ধর্ষন	13
বজ্জাৎ	13
হ্রদয়	13
মারথা	13
প্রতারণার	13
মেথিও	13
চাদের	13
সঙ্গীরা	13
গণিত	13
মারছ	13
সেবক	13
পালান	13
করতেছ	13
ভিগো	13
অন্যজন	13
পাহাড়ি	13
বুদ্ধের	13
হাঙ্গেরিয়ান	13
বীরত্বের	13
ফেলিক্স	13
ক্যামন	13
থাকবেই	13
নস	13
এঞ্জেলসে	13
গজব	13
অস্পষ্টভাবে	13
সানগ্লাস	13
ভাইরাসে	13
তলে	13
সপ্তায়	13
পারিশ্রমিক	13
সিয়েরা	13
সহযোগিতায়	13
ওড়ার	13
পসেইডনের	13
সংক্রমিত	13
চাননি	13
ক্রেমলিন	13
স্বরাষ্ট্র	13
অনুশোচনা	13
আব্বুকে	13
তাহলেতো	13
অবিনশ্বর	13
মরবেনা	13
জেলি	13
আগেরবার	13
এলসা	13
অবস্থানের	13
ষাঁড়	13
সামলানো	13
পুঁতে	13
তীরন্দাজরা	13
এইস	13
শিল্পার	13
পরিমানে	13
এটিএম	13
নেপোলিয়ন	13
মুহুর্তের	13
স্পেন	13
থাকছেন	13
ফাইজলামি	13
বেরিয়েছে	13
প্রমে	13
সম্পৃক্ত	13
প্রকৌশল	13
অরিজিনাল	13
একগাদা	13
মজাটা	13
লিখেছিল	13
কোক	13
জানালো	13
ক্ষিধা	13
তুললে	13
ডেক্ল্যান	13
পাঁচজন	13
কব্জা	13
বাজী	13
ইলেকট্রিক	13
গ্রিভার	13
হোল্ড	13
মেড	13
বলদের	13
কবলে	13
টিউমার	13
জঙ্গি	13
ফ্রেম	13
বেড়াচ্ছি	13
করাব	13
জিতি	13
বাঁচাব	13
বস্তুত	13
উৎপত্তি	13
এভানোরা	13
প্রাণঘাতী	13
রমিলি	13
মেম্বার	13
থু	13
সূর্যাস্ত	13
ছায়াছবিঃ	13
আরামসে	13
বালটা	13
গুহামানব	13
চায়নাতে	13
কলোনিতে	13
গুনথের	13
বলতেছো	13
ফাউন্ডেশন	13
রুপান্তর	13
চেরি	13
বৈঠক	13
স্থানের	13
আবৃত	13
করতেছিস	13
চোয়াল	13
লিওনাইডাস	13
নিদ্রালু	13
এনো	13
কণ্ঠস্বর	13
অ্যামেরিকার	13
মিউট্যান্টরা	13
ডাকতাম	13
চলছিলো	13
লো	13
ভূট্টা	13
প্লাজমা	13
সুত্র	13
কমপ্লিট	13
সিড়ি	13
ইউটাহ	13
রাষ্ট্রের	13
গ্রান্ড	13
তথ্যই	13
চ্যাপেল	13
কুড়িয়ে	13
প্যান্টের	13
বেনিন	13
বৌ	13
রিডিং	13
প্রোব	13
ইন্টারপোলের	13
পৌছায়	13
মিউ	13
অন্তর্গত	13
রেকর্ডের	13
গির্জায়	13
মেরেছিস	13
পথিমধ্যে	13
যাত্রীরা	13
কারাগারের	13
হ্যারিকে	13
টোবি	13
পৌঁছেছি	13
পরামর্শদাতা	13
রিয়েলস	13
বিতৃষ্ণা	13
বিবি	13
বিকালে	13
নামবো	13
গোল্ডবার্গ	13
ম্যাডে	13
বেঙ্গল	13
বিউটি	13
লোকটাই	13
পাম্প	13
গ্রাহক	13
টিকিয়ে	13
ডিগরি	13
বিষয়েই	13
কয়েদি	13
পার্টস	13
চ্যাপ্টার	13
বদলেছে	13
কেবিনে	13
খেলেছি	13
ইনস্পেক্টর	13
প্রেমিকের	13
ভিনুর	13
সাবমেরিন	13
জিবার	13
কেনেডি	13
মর্মান্তিক	13
করাবেন	13
স্টেক	13
ছেলেমেয়ে	13
শিল্পীদের	13
হাইভের	13
মিলিটারির	13
সেদিনের	13
নামেও	13
অসম্পূর্ণ	13
অন্যান্যদের	13
ব্যাপারটাকে	13
বার্ষিকী	13
ক্রিস্টিনা	13
নেশাখোর	13
ঝলক	13
আর্টিকেল	13
কেন্ট	13
স্কিনার	13
খাটি	13
এলসি	13
উঠবেন	13
ডায়েরি	13
পাঠিয়েছ	13
দর	13
সেনাদল	13
ফোর্ট	13
সুইসাইড	13
নেইনি	13
বোকাচন্দ্র	13
মানচিত্রে	13
বাসো	13
একান	13
ল্যাবের	13
বুঝনি	13
সহকারে	13
জলিলের	13
সচরাচর	13
নিউটন	13
গাড়িটার	13
পরিচয়পত্র	13
জবাই	13
খুজছো	13
লোকজনরা	13
বন্ধুবান্ধব	13
লাগছিলো	13
সিম	13
লাপাত্তা	13
জমবে	13
প্রতিবেদনে	13
থামবো	13
লাগাচ্ছি	13
দেখিয়েছি	13
ফাদে	13
কেনাকাটা	13
অাসলে	13
রাখলো	13
ঘুমাবে	13
বুকটা	13
পরলাম	13
ধারণার	13
পিপ	13
লেখ	13
বিদেশি	13
পৌঁছেছেন	13
বোথ	13
জায়গাটার	13
গণ্য	13
জনসংখ্যার	13
সাঁজোয়া	13
চলেই	13
বাবাজি	13
সিন্দুকটা	13
পোলাপাইন	13
অস্র	13
সান্তা	13
এলিনর	13
মিদো	13
টিমি	13
শিল্ড	13
ডুয়েট	13
সার্টিফিকেট	13
গাদা	13
ইনকামিং	13
সুরে	13
উপরতলায়	13
গাম	13
নতুনভাবে	13
ল	13
কুকুরদের	13
উশুর	13
কানুন	13
গুল্লি	13
ক্লাসিক	13
স্তম্ভ	13
কালই	13
ব্যাধি	13
কৃতকর্মের	13
রেডির	13
প্রমত্ত	13
খাটাও	13
দড়িটা	13
অনবরত	13
ব্রেসলেট	13
আইসক্রীম	13
লুকোনোর	13
দূত	13
ডেকেছিলাম	13
হালার	13
হারাও	13
গুলোই	13
ধ্বংশ	13
রশ্মির	13
জবানবন্দী	13
ছদ্মবেশে	13
সান্তোস	13
অঁ্যা	13
আসনি	13
নাড়াচাড়া	13
পরোয়ানা	13
অপরাজেয়	13
জওয়ান	13
রোষ্ট	13
স্নায়ু	13
শিকড়	13
পাগড়ি	13
চিরস্থায়ী	13
কুমড়া	13
দুর্বলদের	12
সেনানী	12
এগোচ্ছে	12
আইনে	12
লইয়া	12
জনসন	12
অ্যারিজোনা	12
পাল্টানোর	12
এন্ডি	12
বোটের	12
গুটি	12
আপস	12
এতোটাই	12
অ্যালেক্সান্ডার	12
নট	12
হোসাইন	12
হাইভে	12
বাঁচালে	12
হাইভ	12
জেনারেলের	12
সিস্কো	12
সীটে	12
হাইওয়ে	12
জানের	12
হারকিউলিস	12
স্যালি	12
বিদ্যা	12
টাউন	12
কাশির	12
রংয়ের	12
রঘু	12
ভুনা	12
গ্রেসন	12
বাপে	12
আল্লারে	12
অলিভার	12
শোনেনি	12
ভিনিয়ার্ড	12
কাঁধের	12
রাজান	12
দিবসের	12
বঞ্চিত	12
শক্তিশালি	12
মহালক্ষ্মী	12
জেস	12
ফিশারকে	12
লিঙ্ক	12
স্বপ্নেও	12
জর্জের	12
কর্মরত	12
বেগ	12
সুইনি	12
জিতবো	12
পয়েন্টে	12
ষাঁড়ের	12
গ্রানিওন	12
পদের	12
গ্রেগর	12
সেদিনই	12
সংকেতটা	12
নেশার	12
নিকুম্ব	12
ওলভারিন	12
লাইম	12
কহন	12
সম্পূর্ন	12
বাধার	12
বল্টু	12
ধুলোয়	12
নোটবুক	12
জন্মে	12
ওপরতলায়	12
গোপাল	12
পিটারসন	12
যিশু	12
খেয়ালই	12
ধ্বসে	12
ভিয়েতনাম	12
থেরাপি	12
রামধনু	12
ম্যাডেলিন	12
ক্রিস্টাল	12
ট্রাস্ট	12
মিখাইল	12
বন্দুকে	12
স্বপ্নই	12
রাজেশ	12
এজেন্সি	12
পাপী	12
সেসময়	12
পাগলাটে	12
উপসংহারে	12
আজকাবান	12
দশকের	12
তুষারপাত	12
নিরেট	12
ইনিই	12
পাকিস্তানে	12
বিকাশ	12
ভাঁড়	12
রিও	12
আশির্বাদ	12
বালির	12
ম্যাড	12
দিয়েগো	12
গ্রীস	12
উদাসীন	12
পুডিন	12
ওরফে	12
পার্থসারথী	12
মুল	12
আলহামদুলিল্লাহ	12
টিনা	12
পরীক্ষক	12
বিশৃঙ্খল	12
চিহ্নটা	12
উজবুক	12
চাইবেনা	12
গ্রহণযোগ্য	12
ক্লিপ	12
গুনতে	12
কণ্ঠে	12
দানবীয়	12
অসুস্থতা	12
পারতনা	12
পরিবেশগত	12
অপহরণকারী	12
সঙ্কেত	12
স্ক্যাবার্স	12
বাহিনীতে	12
এথেন্স	12
পাল্টানো	12
উদ্দিন	12
মার্লিনের	12
আত্মরক্ষার	12
বাহ্যিক	12
হাস্যময়	12
উলটো	12
জ্যাফেথ	12
কেরালায়	12
যত্নশীল	12
স্টোনব্যাংকস	12
ওনাদের	12
ঘাঁটি	12
শাহিদা	12
কারেন্ট	12
অস্ত্রশস্ত্র	12
ভালুকের	12
থামায়	12
কনো	12
ভিসার	12
সারেন্ডার	12
ধরেন	12
হালেলুয়াহ	12
ওয়ার্মটেল	12
বুড়োর	12
লড়ছি	12
রোনাল্ড	12
সবকিছুরই	12
ইয়ো	12
বিনাশ	12
তাকানোর	12
নিরপেক্ষ	12
পড়েছিস	12
ল্যানিস্টারদের	12
সোফা	12
ঘূর্ণন	12
মারভিন	12
হাউসার	12
জলপ্রপাত	12
সম্পাদক	12
তাকিয়েই	12
নাইটস	12
ডাকবেন	12
ছবিও	12
স্টূপিফাই	12
কর্নিলিয়াস	12
জানল	12
বকছো	12
চুপি	12
অংশকে	12
শিগ্রই	12
আন্দাজে	12
ট্রেক	12
ফন	12
দানবদের	12
পারতেই	12
কাতর	12
নারকেল	12
শুনা	12
ভেঙ্কানা	12
বোর্ন	12
পাইছো	12
সম্পর্কটা	12
প্রাইভেটের	12
হাউগুয়া	12
ম্যাপটা	12
ক্রমবর্ধমান	12
য়ের	12
লিপ	12
দেয়াটা	12
আনুষ্ঠানিক	12
সত্যয়ম	12
য	12
বেলি	12
ভিরোনিকা	12
জংলী	12
বাচ্চাটিকে	12
অভিজ্ঞতার	12
ভঙ্গুর	12
ডাকলো	12
জেনারেলকে	12
জানস	12
খেলছিলাম	12
পিটারকে	12
মাতাব্বর	12
বান্দরের	12
মাত	12
খাইয়া	12
আঙটি	12
ডোনাভান	12
পাঁচশত	12
মার্কো	12
ঐন্দ্রজালিক	12
শিখেছো	12
লড়ছে	12
পশম	12
চাইছিলো	12
আটকাবে	12
বাগড়া	12
এরও	12
ফুফার	12
মাউস	12
বিচক্ষণ	12
রাহুলের	12
নাগাভেলি	12
টেম্পল	12
উদ্ধারকারী	12
জ্বলতে	12
প্রতিকূল	12
নান্দুর	12
গইকো	12
এনেছিলো	12
নিমিষেই	12
বাইরেও	12
উৎপন্ন	12
শঙ্কিত	12
চলেছিল	12
হাঁসের	12
উদ্দেশে	12
বুলেটের	12
গেঁথে	12
উপরতলার	12
ব্যপার	12
চালনা	12
সূর্যকে	12
প্লাস	12
মেরির	12
হতেন	12
ইভিনিং	12
এডওয়ার্ডসকে	12
খয়রাতের	12
মিসস	12
মোবাইলটা	12
মুখস্ত	12
কিচেন	12
ঘুসি	12
বুঝবি	12
সেভ	12
সন্ন্যাসী	12
বুদ্ধ	12
ইনকাম	12
কইলাম	12
কলিন	12
গোনার	12
কাজেরই	12
বাঁক	12
নাবালক	12
দিছিলো	12
কয়া	12
এতিমখানায়	12
শ্যেন	12
বিল্ডিঙের	12
আর্টিস্ট	12
অবচেতনের	12
ইয়াহু	12
ত্রিমাত্রিক	12
আলোক	12
লকারে	12
পর্ণ	12
গরমে	12
উপস্থিতিতে	12
ভরটেক্সের	12
বাঁচব	12
চাচ্ছিলে	12
তাতয়া	12
জমানো	12
প্লেটে	12
রাখিনি	12
ওয়াশিং	12
প্যাচসমূহ	12
মারধর	12
ইয়েরেথ	12
বালিশ	12
খতিয়ে	12
জমিজমা	12
দোল	12
স্টেফানো	12
ফ্রিতে	12
ভিন্নভাবে	12
উঠেছিলো	12
ঘুমে	12
খ্রীষ্টের	12
কুইনানের	12
মদ্ধে	12
কন্টাক্ট	12
পুনর্বিবেচনা	12
খুনে	12
ইউরোপিয়ান	12
ব্রি	12
ট্রেসি	12
হেক্স	12
এটাইতো	12
কিডস	12
চিতকার	12
মানেটা	12
লোম	12
ঘাঁটাঘাঁটি	12
কুইনান	12
প্রক্রিয়ার	12
সেলফি	12
মটরশুটি	12
শিল্পের	12
নামানো	12
প্রোটিন	12
অবিকল	12
ধমক	12
লাগাম	12
মহাবিশ্ব	12
করতনা	12
আবেগকে	12
কামানো	12
পাতায়া	12
উপদেবতা	12
টাইসন	12
বেন্সট্রম	12
মেরেছিলো	12
গোবর	12
দ্বিধায়	12
চু	12
চাননা	12
শেখাও	12
আসবা	12
কক্ষপথের	12
লাইকানদের	12
খেত	12
এরেবর	12
মিরিয়াম	12
জনতার	12
শায়ার	12
কোষগুলো	12
অর	12
বীভৎস	12
বুঝাচ্ছ	12
ঢুকার	12
লাইকান	12
ভোজন	12
সংকট	12
ডাবলিনে	12
ট্যাঙ্কের	12
বলছনা	12
ভেস্ট	12
ম্যারিয়াস	12
থামে	12
উচ্চতর	12
লুকিয়েছে	12
সাজার	12
অন্যকাউকে	12
ভদ্রমহোদয়	12
শিথিল	12
আমাদেরকেও	12
গ্রহটা	12
নোটারি	12
মনসাই	12
ঝাকানাকা	12
সেকেলে	12
টাটা	12
বিদঘুটে	12
সুখবর	12
বাড়িঘর	12
গহীন	12
রোমাঞ্চ	12
কালেকশন	12
উদাহরন	12
চিনেছি	12
কাজকে	12
মারিনি	12
লিঙ্গুঈনির	12
এলসির	12
বিশ্বযুদ্ধের	12
করবার	12
রেজিস্টার	12
আক্রান্তদের	12
পোলার	12
নাভিদ	12
বন্ধের	12
ট্রফি	12
কটা	12
ব্রক	12
জ্বালা	12
ওপেন	12
লেবুর	12
সাথ	12
ধনিয়া	12
এলেই	12
উপ্রে	12
জ্বিনের	12
কুবিলায়	12
বলোতো	12
পরকাল	12
ভ্যানের	12
চালিয়েছি	12
স্ক্রিপগুলো	12
ঈসা	12
হ্রেষাধ্বনি	12
উত্তেজনার	12
দেখিও	12
গ্রেগ	12
থামছি	12
স্বয়ংক্রিয়	12
বোস্টন	12
গঠিত	12
খাম	12
জাহাজটি	12
ট্যাক্সিতে	12
জিভ	12
নৈতিক	12
একাডেমী	12
ক্ষয়	12
বাঁচায়	12
ক্যাথি	12
তাদেরকেই	12
উচ্ছলতা	12
বোঝোই	12
প্রদর্শিত	12
কিছুও	12
বলেও	12
গাজ্জা	12
প্যানেল	12
কলঙ্ক	12
রাটাটূই	12
বিদ্বেষ	12
বাড়িও	12
ক্রেইন	12
দেয়ায়	12
স্টেজে	12
জীবনটাকে	12
ডো	12
সার্ফ	12
সূত্রে	12
ধোলাই	12
দাঁড়াচ্ছে	12
এয়ারলক	12
আঘ	12
কিংকি	12
কাঁদছো	12
শালী	12
বলিসনি	12
বন্ধুত্বপূর্ণ	12
প্ল্যানে	12
বাংলাদেশ	12
ডেন্টকে	12
বিদ্রোহীরা	12
ছিন্নভিন্ন	12
বডিগার্ড	12
প্যারাসোর্স	12
কিলিয়ান	12
থাকাকালীন	12
হাসে	12
ইউরোপের	12
অস্কারি	12
সৈনিকের	12
সরতে	12
অন্ধের	12
আর্ল	12
স্কটিশ	12
দিনটাকে	12
ত্রাস	12
মহানুভবতা	12
কন্যাকে	12
ম্যারনি	12
গেমের	12
এজেন্টদের	12
বিবরন	12
স্কটি	12
জখম	12
এট	12
ভদ্রলোকগণ	12
ব্রিউস্টার	12
নিষ্ঠাবান	12
নাটকে	12
সের	12
আনাড়ি	12
বস্তি	12
অন্তর্ভূক্ত	12
উদ্যমতা	12
কানেকশন	12
ওইন	12
মুক্কামের	12
আসলেও	12
অপহৃত	12
বম্বুর	12
প্রুডোম	12
হারিয়েছিল	12
অনুপ্রাণিত	12
ম্যান্ডারিন	12
ঝাল	12
থানোস	12
ওয়ার্ট্	12
ইন্টেল	12
কনি	12
দৈত্যের	12
পৌছাবে	12
মাক্তো	12
দাহদাহ	12
এপ	12
শান্তিপূর্ণ	12
বোতলে	12
ঝরনা	12
গলিয়ে	12
কুর্ট	12
টেলমারিন	12
কলিটা	12
উৎসবের	12
কন্যার	12
বিলিয়নের	12
পূর্বপুরুষদের	12
রাঘবান	12
নিম	12
ইক্রান	12
স্টোর	12
আরোগ্য	12
গর্ভে	12
শ্রম	12
অভূতপূর্ব	12
আন্তরিকভাবে	12
জানতেই	12
বায়ুর	12
বুঝেন	12
পরীরা	12
ঝকঝকে	12
করছেটা	12
তোতলান	12
পুরুষকে	12
লেভেলের	12
জরিয়ে	12
দেখাটা	12
আগাছা	12
আথ্রেয়া	12
বংশধর	12
অজ্ঞতা	12
শিমগুলো	12
প্রমানের	12
যন্ত্রণায়	12
হায়ার	12
ছুটতে	12
প্রতিষ্ঠাতা	12
প্রানের	12
অকৃতজ্ঞ	12
কোদাল	12
ট্রাস্ক	12
টিউব	12
দৃশ্যটা	12
পিংকে	12
বিনীত	12
পৌছিয়ে	12
পালিত	12
কুরাইশের	12
ফ্লয়েড	12
ভালটা	12
ছাপ্পা	12
লড়ি	12
দ্বিগুন	12
ঘুড়িয়ে	12
ডেড	12
প্রতিরক্ষার	12
এজেন্টকে	12
কেইন	12
ড্রয়ারে	12
স্যুটে	12
আঙ্গুলে	12
হর্ণ	12
রিপোর্টটা	12
বাজেট	12
জুলিয়া	12
তিমন	12
গোয়েথ	12
পরজীবী	12
ডেকেছ	12
গ্যালন	12
ইন্টার্ন	12
পটল	12
টিকবে	12
জেনী	12
খেলছিলে	12
মের	12
বাব্বি	12
ট্রান্সমিশন	12
বাবুর্চী	12
ডাকাতরা	12
থান্ক	12
শিখিয়েছি	12
স্কেচ	12
লিখো	12
হির্শ	12
আড়ম্বরপূর্ণ	12
টিঙ্ক	12
মহলে	12
এদিকটা	12
শস্য	12
এয়ারক্রাফট	12
ছাড়বনা	12
ধ্বংসকারী	12
থাকছ	12
বিশ্বস্ততার	12
টুট	12
পাত্রের	12
গোয়াতে	12
রক্ষী	12
তুমিকি	12
বেনেডিক্টের	12
রক্ষায়	12
স্থানীয়দের	12
সবায়	12
সংকুচিত	12
সড়ক	12
হজম	12
খেতাব	12
সাউল	12
মার্জ	12
ঘৃণার	12
সেফ	12
করিসনা	12
স্বপ্নগুলো	12
কারিগরদের	12
যাদুমন্ত্র	12
অনুসন্ধানের	12
এটারই	12
কুরাইশদের	12
স্কাই	12
জোরদার	12
পিঁপড়া	12
ফাং	12
বৃহস্পতিবারে	12
আঘাতপ্রাপ্ত	12
মুক্তভাবে	12
নির্মল	12
ইন্ডিয়াতে	12
অমরিতা	12
এটলি	12
খাইসে	12
স্টেনজ	12
রোমানো	12
কমেছে	12
বিশ্বাসঘাতকতার	12
ব্রিটেন	12
অতর্কিত	12
কোটাই	12
সংযত	12
আফগানি	12
অগ্রহণযোগ্য	12
বাসাটা	12
ক্ষমতাটা	12
মহাকাশ	12
বক্সটার	12
সাইন্স	12
পালতে	12
ব্র্যান	12
ম্যাভেরিক	12
ধরিস	12
যুক্তিতে	12
বাচ্চাও	12
জৈবিক	12
ডাই	12
আকাঙ্ক্ষা	12
ট্রিচ	12
দিছ	12
হয়োনা	12
ল্যান্ডিংয়ে	12
পাথরে	12
পরিসীমা	12
জাদুটা	12
লাগাই	12
সুরাজ	12
আটকানোর	12
আধটু	12
বয়ফ্রেন্ডের	12
নিসার	12
দেবরাজের	12
ড্রেসটা	12
জানিয়ো	12
নামছি	12
এঁকে	12
গড়া	12
ফিজিক্স	12
সহজাত	12
জিউসকে	12
শান্তশিষ্ট	12
ক্যাল	12
অফিসাররা	12
ঘায়েল	12
সার	12
শোনায়	12
আপাতদৃষ্টিতে	12
চ্যাপিন	12
বিদ্ধ	12
সংস্পর্শে	12
সানসা	12
টার্গেটকে	12
ফেলেন	12
রাখেনি	12
টিবিটস	12
বোঝাবুঝি	12
লেখতে	12
রাখত	12
সাইলেক্স	12
এঙ্গেজমেন্ট	12
জমাট	12
সুন্দরি	12
আর্নি	12
প্লেনটা	12
স্প্যারোর	12
বানি	12
মৌসুমে	12
প্রথমদিকে	12
বেথ	12
চাকরের	12
লুতফিয়া	12
তিলে	12
পরেছিল	12
কাউন্টেস	12
মিলন	12
নাটকীয়	12
কুড়ি	12
উড়া	12
ফ্রিকোয়েন্সি	12
পায়চারি	12
বেদনাদায়ক	12
সাময়িক	12
বিশ্ববিদ্যালয়ের	12
মরিয়ার্টির	12
দীর্ঘমেয়াদী	12
জোয়ার	12
সিন্দুকে	11
দাদি	11
হকিং	11
ভিক	11
পেঙ্গুইনেরা	11
পরিচালনার	11
আব্বাকে	11
সভার	11
নব্বই	11
লায়ার	11
স্টপেজ	11
ব্যাকপ্যাক	11
পৌঁছায়	11
কমবে	11
কৌচ	11
ভাগ্নে	11
পরিষদ	11
নিরুদ্দেশ	11
ওহহো	11
অন্ততপক্ষে	11
উৎসুক	11
স্টিল	11
বাহাদুর	11
ব্যানিং	11
পিয়ার্স	11
বহুবার	11
প্রতিবেশীর	11
রক্তপিপাসু	11
ম্যাসন	11
ওখানেও	11
ওপরেই	11
জেলার	11
ভালোবাসেন	11
বাস্তবায়ন	11
নানি	11
অ্যামেরিকা	11
স্যুটটা	11
ফিশিং	11
পত্রের	11
মাইয়ার	11
রোনানকে	11
বিবেচনায়	11
ডেন্টিস্ট	11
তুষারের	11
অশুদ্ধ	11
ট্যালস	11
ক্যাম্পাসে	11
কোকিল	11
পালনে	11
বিনয়ী	11
চুলগুলো	11
ফ্রেন্স	11
বিদেয়	11
জ্যোতির্ময়	11
মূসা	11
মেইনল্যান্ডে	11
দন্ড	11
চোপ	11
চিরতরুণ	11
খাটে	11
অপেক্ষমান	11
ডেভের	11
যারে	11
পেয়েই	11
হেলমেটের	11
রক্সি	11
জাদুবিদ্যা	11
ভবিষ্যতবানী	11
থামবেন	11
গেমস	11
পোল্যান্ড	11
চাচ্ছিলেন	11
সর্তক	11
খেলাধুলা	11
অ্যান্ট	11
নাচছি	11
ফ্লিনের	11
প্রধানমন্ত্রীকে	11
দেয়ালটা	11
তহ	11
হাউসে	11
ফিল্ডে	11
মিলেমিশে	11
স্ট্রীটে	11
গুলোতে	11
লাখো	11
দূর্বলের	11
এডিথ	11
বদলায়নি	11
প্রবালপ্রাচীরের	11
ওয়াইল্ড	11
লিপস্টিক	11
কুত্তারবাচ্চা	11
জবান	11
নিবেনা	11
ষ্টিল	11
ফ্যালকনির	11
অ্যান্ডও	11
ঢুকানোর	11
প্রফেসরের	11
সুগন্ধ	11
লাগতাছে	11
জোরালো	11
নির্বাসন	11
আপনজন	11
পুরোদমে	11
কুপন	11
জাহাজকে	11
সুযোগে	11
মহিলাটির	11
জালিয়াতির	11
মামু	11
ফিরি	11
নেভাও	11
করছিলি	11
বেডরুম	11
দেবতাকে	11
বিজয়ীদের	11
সালাজার	11
শুদ্ধ	11
নীচু	11
অন্যকারও	11
দেনা	11
রাখবেনা	11
ব্যবসায়ীর	11
লাভবান	11
সুবিশাল	11
বাগদত্তা	11
বাবুর	11
প্রহরীরা	11
ল্যান্সেলোট	11
দাতব্য	11
খরচে	11
প্রতিশ্রুত	11
ক্ষমতাকে	11
পেছাও	11
সিউল	11
কোল্ডলো	11
টাইটেন	11
হঠাৎই	11
হুইপপ্লেশ	11
পোষাকে	11
রাতেও	11
থেকেছে	11
রাজনীতিতে	11
মাতৃভূমি	11
রক্তচাপ	11
উড়োজাহাজ	11
পারছোনা	11
ওরাম	11
আওতার	11
লুঙ্গি	11
মন্থর	11
প্রেশাস	11
বারণ	11
আরেকদিন	11
মাগলদের	11
চিরুনি	11
অারো	11
ন্যারো	11
চয়ন	11
চিৎকারের	11
মূলক	11
দরদী	11
নানী	11
গ্র্যান্ডপা	11
নাথান	11
অাশির্বাদ	11
বালকের	11
গন্ধে	11
জ্যাকেটের	11
উঠব	11
স্ব	11
অশান্তি	11
কয়াঃ	11
মৌসুমের	11
সীমান্তের	11
কুড়াল	11
পাঠিয়েছো	11
ত্রাণকর্তা	11
ব্লাডি	11
বানিয়েছো	11
তারটা	11
কামড়ায়	11
ভাণ্ডার	11
কয়েদীর	11
সুটকেস	11
সাজিয়েছে	11
তালিয়া	11
কুচি	11
চির	11
রাইখা	11
নিশানায়	11
বিপন্ন	11
মেয়েকেই	11
সাইকো	11
জ্বীনদের	11
পসেইডন	11
হিসাবের	11
ফিলিংস	11
মালবাহী	11
জেনেছে	11
ঠাক	11
সমন্ধে	11
গভীরতম	11
পাচারের	11
পোলিশ	11
লাভার	11
দুঃসাহসিক	11
ইয়ান	11
পাল্লা	11
এনজয়	11
আসিও	11
রাখবি	11
ক্ষয়ক্ষতি	11
চীনাবাদাম	11
ট্যাংকের	11
ছুরিটি	11
দুর্ভাগ্যক্রমে	11
ভাসে	11
বাচ্ছা	11
সম্মেলন	11
শ্রমিকের	11
লুটে	11
উৎসাহিত	11
চিমলে	11
দরকারও	11
গায়ক	11
ইচ্ছামতো	11
পস্তাবে	11
লাইকানরা	11
বিশ্লেষন	11
পিজন	11
ইউজ	11
পার্টিটা	11
নাউক	11
লেখে	11
সাহসিকতার	11
মত্ত	11
মেঘে	11
সাধ	11
চ্যাং	11
সৈনিকদের	11
নিম্ন	11
পাঠিয়েছিলো	11
গিয়েছিলি	11
স্যাটায়ার	11
খেওনা	11
ক্যালাগান	11
পথপ্রদর্শক	11
ফা	11
কীট	11
একান্ত	11
কেকের	11
বললা	11
উইন্টার	11
টানবে	11
মেশিনরা	11
আশি	11
স্পেনের	11
মায়রে	11
ফ্লু	11
সতর্কবার্তা	11
চরিত্রে	11
জানাওনি	11
বেড়াচ্ছ	11
মহাকর্ষীয়	11
ঠিকানায়	11
মেডিসিনের	11
সাজাই	11
পাসে	11
নোটটা	11
আবাস	11
বাইনারি	11
ম্যাক	11
ধাঁধাঁ	11
জনকেই	11
বাজির	11
স্থাপিত	11
ম্যাথিউস	11
প্রসব	11
এলমন্ট	11
জন্মেছিল	11
সোয়ামিকে	11
বাব	11
প্রলাপ	11
কৃষ্ণা	11
ক্রো	11
মালা	11
শেরিন	11
অ্যালেস	11
প্রসঙ্গ	11
ক্লিনিকে	11
গৌরবের	11
সুইজারল্যান্ডের	11
প্রমোদ	11
করতালি	11
মার্টিনের	11
কোমরে	11
সমর্পণ	11
আয়লার	11
বাজাচ্ছে	11
মাইনাস	11
গতানুগতিক	11
রুথ	11
বাঁধাই	11
ভালোবাস	11
আধার	11
শ্রেণী	11
ম্যাথিউ	11
কর্মীরা	11
মমমম	11
ল্যু	11
পঁচিশ	11
ঘেঁটে	11
গ্রীসের	11
ট্রেসলার	11
হেব্বী	11
শয়তানি	11
এম্বুলেন্স	11
হানিমুন	11
ক্যাথলিক	11
সৌন্দর্যের	11
আঘাতটা	11
ভ্রান্ত	11
মিরাকল	11
বর্ষের	11
মহাপ্রাচীর	11
ঝাপিয়ে	11
লতিকা	11
টাচ	11
মানিব্যাগটা	11
জুম	11
সঞ্চালন	11
ঢেকি	11
উমা	11
শিকারীদের	11
ব্রুলভ	11
বাণিজ্যিক	11
উড়াল	11
মালিককে	11
কাঠি	11
গ্যাসের	11
চলেও	11
বৃক্ষের	11
আদিবাসী	11
নিঃস্ব	11
ব্রিজার	11
জেমসের	11
কেকটা	11
মৌমাছি	11
জীবিতদের	11
ঠোঁটে	11
পাখিটা	11
্যান্ডি	11
ঐভাবে	11
ঈমস	11
লড়ব	11
উত্থাপিত	11
দলটা	11
নস্ট	11
কাটবো	11
কর্মকর্তার	11
মার্জিত	11
মরফিন	11
এলিনা	11
ঝরে	11
দুর্ভাগ্যের	11
পাথুরে	11
চব্বিশ	11
রিয়াল	11
টাকলা	11
ফিসিট	11
রুখতে	11
আসামীর	11
পুরাপুরি	11
হত্যাকারীকে	11
প্যাডেল	11
চূর্ণ	11
দেখাচ্ছেন	11
অসামাজিক	11
ভবঘুরে	11
কংগ্রেস	11
অঞ্জলি	11
সাথিয়া	11
প্রদীপ	11
মুভিঃ	11
জাহাপানা	11
নড়বেন	11
পেস্টর	11
টিকিটটা	11
শিমের	11
চেঁচামেচি	11
নিস্তেজ	11
খুঁজছিলে	11
স্ট্যান্ড	11
গরীবদের	11
ফাও	11
গাছগুলো	11
ভাল্লুকের	11
খাইনি	11
মেরেছিলে	11
রোধ	11
ভাতের	11
কর্পোরাল	11
বিশালাকার	11
পোষাকের	11
আম্ব্রেলা	11
ভ্রম	11
সম্পর্কেও	11
ফাংশন	11
পাইন	11
গতবছর	11
রাখুক	11
কার্টুন	11
তুমুল	11
গুদাম	11
জেপি	11
বছরই	11
একবছর	11
বিজ্ঞাপনে	11
রিচার্জ	11
স্বাভাবিকভাবে	11
সার্থক	11
বোকাচোদা	11
বদমাশটা	11
স্ট্যাগ	11
ঘাবড়ে	11
আরিয়াকে	11
খুবি	11
ক্লাচ	11
গ্যালারি	11
শিখছি	11
উভয়ই	11
অপপ্রচার	11
পাস্তা	11
প্যাটেল	11
মর্ট	11
পুলিশও	11
আদ্রিয়ান	11
সম্ভ্রান্ত	11
কং	11
হওয়াতে	11
ছবিটি	11
বসেছি	11
কমেডি	11
ফ্লাশ	11
গৌরব	11
জয়ন্ত	11
দিছো	11
ট্রাপিজ	11
পিয়া	11
মাতলামি	11
সর্ম্পকে	11
ব্যাথার	11
লিওনার্দো	11
আপনারাও	11
বরাবরই	11
ফাইটের	11
প্রত্যাখ্যাত	11
জুপিটার	11
ফেললেন	11
তিমির	11
প্ল্যাটফর্ম	11
স্বপ্নটা	11
কামানোর	11
জেদি	11
পরিসংখ্যান	11
স্টিলের	11
শেরে	11
ফ্লোরের	11
বৃদ্ধা	11
প্রাণীকে	11
চালাচ্ছিল	11
ট্যাঙ্গো	11
ওয়ালাইকুম	11
কাদায়	11
অন্নাবেল	11
যথা	11
গুরুত্বের	11
অবৈধভাবে	11
লাভটা	11
উদাস	11
সোনিয়া	11
কাদার	11
রেভেন	11
বেশীদিন	11
রোববার	11
লাগালে	11
পাচারকারী	11
সন্ত্রাস	11
মেলভিন	11
খুলবেনা	11
বাচিয়েছি	11
নানুমনি	11
জানাশোনা	11
ইজ্জত	11
ওফ	11
কোনোরকম	11
ফিরছে	11
সিঙ্গেল	11
ততোটা	11
লাঞ্চে	11
প্রমিস	11
ল্যানিস্টাররা	11
কতই	11
কয়েকজনকে	11
চড়ার	11
ওবামা	11
লোয়িস	11
অডিশন	11
ম্যান্ডারিনের	11
মিউটেশনের	11
সার্বভৌম	11
অপহরণকারীদের	11
পেপারের	11
কম্বল	11
ভিকটিম	11
শুনিয়ে	11
ভীরু	11
পড়িয়ে	11
এডয়ার্ড	11
চেষ্ঠা	11
স্টুডেন্ট	11
গ্যারিডোর	11
ম্যা	11
পর্যন্তও	11
রর্ক	11
খাক	11
অনিবার্য	11
ওওও	11
বাচাবে	11
লিখেছ	11
গ্লেন	11
একারনেই	11
সড়	11
স্টার্ককে	11
নেতাকে	11
বাসটা	11
কুফা	11
কথাটাই	11
অনেকক্ষন	11
খোজখবর	11
মারছো	11
ষড়যন্ত্রকারী	11
ক্যামেরাগুলো	11
স্কিন	11
মাহিয়া	11
সম্ভবনা	11
অডিও	11
ট্যাগ	11
রানওয়ে	11
নেট	11
অন্ধকূপ	11
মরগানা	11
সম্পুর্ণ	11
চাটনি	11
দ্বীপটা	11
নাৎজি	11
আকর্ষিত	11
ফিরদাউসের	11
মুডি	11
পোশন	11
অপমানজনক	11
গাড়ীটা	11
মার্টল	11
অনুগ্রহপূর্বক	11
ডাল্টনের	11
মরণশীল	11
উঠেছেন	11
পদার্থের	11
দুঃখটা	11
ধোঁয়ায়	11
গ্যালিলিও	11
চারজনের	11
ওয়াশরুমে	11
শুক্রবারে	11
আপনারাই	11
টুর্নামেন্টে	11
প্রফেসরকে	11
পাচ্ছিল	11
প্যান্টি	11
প্যান্টে	11
হেডকোয়ার্টারে	11
নিয়ন্ত্রক	11
টেনিস	11
ক্লাশ	11
বর্মের	11
সবল	11
সুস্থতা	11
জারস্	11
উঠেন	11
চললো	11
অনুশীলনের	11
জয়কে	11
এটর্নি	11
গুপ্তঘাতক	11
টায়ারের	11
খচ্চর	11
উপরেও	11
সক্ষমতা	11
দড়ির	11
ল্যান্ডার	11
রেসের	11
ভূমির	11
শ্বাসরোধ	11
অনুধাবন	11
বিকেলের	11
হিজ	11
জাগাতে	11
সংস্কৃতির	11
উচ্ছৃঙ্খল	11
কমেন্ট	11
পিটাকে	11
প্রজারা	11
বিনষ্ট	11
শয়তানটাকে	11
কৃষ্ণ	11
মৈদেনের	11
গৌতমের	11
স্টুপিড	11
চিন্তাই	11
খণ্ড	11
নিতান্তই	11
কুড়ান	11
ঢুকানো	11
দাওনা	11
সিকার	11
ইও	11
ইয়ুথ	11
কার্পেট	11
রোজি	11
নোঙ্গর	11
লোপ	11
প্রতিজ্ঞাবদ্ধ	11
হাসছিস	11
বিকল	11
পজিটিভ	11
কিমা	11
অরক্ষিত	11
হুঁশিয়ার	11
অমানবিক	11
হত্যাকাণ্ডটি	11
রয়টর	11
প্রলোভন	11
ডিমটা	11
নির্বোধের	11
কেন্দ্রের	11
উইসট্রম	11
বানালো	11
মিউজিকের	11
এইভাবেই	11
সানন্দে	11
কোমা	11
দক্ষিনের	11
ইতর	11
বার্টি	11
ছড়াতে	11
মার্ট	11
খুজ	11
গ্রেটেল	11
সিটের	11
ঐরকম	11
বস্তির	11
অন্যায়ের	11
গ্যাঞ্জাম	11
স্পিন	11
সালয়া	11
লাগুক	11
কর্পোরেশন	11
যথাযথভাবে	11
ভায়োলেট	11
জলি	11
ডায়াবেটিস	11
দূর্গে	11
কইতে	11
মারাই	11
দৌড়ান	11
এন্টিভাইরাস	11
পাওয়ায়	11
দালানের	11
ছক্কা	11
দৃষ্টিশক্তি	11
মিত্র	11
স্মেক	11
সবগুলা	11
টানেলের	11
প্রবণতা	11
ব্যারাথিয়ন	11
পাগলটা	11
মিশ্রিত	11
পরিনতি	11
উক্তি	11
আমারমম	11
ছাল	11
মেশিনটি	11
মিশর	11
কেঁপে	11
টানুন	11
বাঁচে	11
টেল	11
ধাবিত	11
দাতা	11
আপারকাট	11
রাজেন্দার	11
টানাটানি	11
টয়লেটের	11
এরকমভাবে	11
অংক	11
ভালোমত	11
ত্যানা	11
মার্টি	11
সদ্ব্যবহার	11
বিপুল	11
বিকট	11
অফিসারঃ	11
গেটে	11
ইব্রাহিম	11
পরবর্তি	11
অচিরেই	11
্যো	11
জায়গায়ই	11
হইছিলো	11
রিসার্চের	11
তক্তা	11
ভোদাই	11
গর্দভের	11
সার্গেই	11
গেছিলে	11
পোষ্য	11
পিতামাতার	11
জেনেরিক	11
চ্যাট	11
পুনর্জন্ম	11
বজ্রপাতের	11
এরই	11
শিকারকে	11
ডেকেছিল	11
ঘুরপাক	11
মনোনীত	11
ভামসি	11
বোনাস	11
হাসছো	11
পরিশোধের	11
গেটের	11
নৌবাহিনীর	11
সাইরেন	11
পারছিলেন	11
শিগগিরই	11
গেয়র্গ	11
কুয়া	11
হেরেছি	11
ল্যাঙ্কাস্টার	11
এঞ্জেল	11
সেজন্যে	11
স্থিতিশীল	11
ইউনিটে	11
আরিফ	11
ভাগি	11
জন্মানো	11
বিশ্ববিদ্যালয়ে	11
বরের	11
দর্জি	11
বানালে	11
হোস্টেলে	11
ওয়েনের	11
গোয়েন্দারা	11
ন্যায়বিচারের	11
পরতেন	11
ইংরেজিতে	11
সাগরেদ	11
ফার্মের	11
নব	11
নভেম্বরের	11
আজীবনের	11
রসুন	11
যুবরাজ	11
জ্বিনকে	11
লংবটম	11
চ্যানেলের	11
কানাডা	11
অভিশম্পাত	11
ঝামেলাটা	11
খোসা	11
হাসার	11
বসলো	11
সালমা	11
লোককেই	11
ষষ্ঠ	11
সাক্ষাৎকার	11
হটো	11
দরদ	11
খালাম্মা	11
শোতে	11
মরছে	11
শৈশবে	11
প্যাট	11
খাদ	11
বলতেছে	11
সেক্রেটারির	11
বক	11
করাবো	11
ত্রিশূলের	11
উন্নয়ন	11
বায়ুমণ্ডলের	11
অধ্যয়ন	11
ভিয়েনা	11
সম্প্রদায়	11
ছেলেমেয়েদের	11
ব্যয়বহুল	11
এড়ানো	11
ছিনতাইয়ের	11
তাড়িত	11
বিলিগার্ড	10
কোবরা	10
পকেটের	10
আমাদেরকেই	10
প্রবন্ধ	10
লটারি	10
হীরার	10
কনভয়	10
মিনিটেই	10
বিদেশের	10
মেমো	10
সুগার	10
ঠক	10
উপলক্ষ্যে	10
করবিনা	10
প্ররোচিত	10
নাড়াতে	10
ভাবটা	10
পিলটা	10
কটওয়েল	10
ধৃষ্টতা	10
থুবড়ে	10
কর্কশ	10
সমর্থনযোগ্য	10
ফিড	10
নিয়োগের	10
পাইলটঃ	10
ট্রেডস্টোন	10
বেজমেন্টে	10
রেটিনা	10
জেনিফার	10
পন্ডিত	10
ক্ষিপ্র	10
পাত্রটিকে	10
অংকের	10
একজোড়া	10
মীমাংসা	10
জীবিকা	10
আপোষ	10
লুজার	10
আলাপের	10
উষ্ণতা	10
ষাট	10
আন্ডারওয়ার্ল্ড	10
ষ্টেপ	10
কোডগুলো	10
ভিকিকে	10
নিশ্চিতভাবেই	10
ফাদারের	10
প্রশাসন	10
সিউলে	10
অ্যাানা	10
গেমিং	10
দেখতেছি	10
শুনতাম	10
নারাজ	10
দরখাস্ত	10
খাইসি	10
পন্ড	10
হায়দার	10
বোমাবাজ	10
নাগাল	10
ফিনিশ	10
লেসট্রাড	10
শান্তিময়	10
বেশে	10
যুবকের	10
তোমাদেরই	10
নিলেই	10
নেচে	10
রঙিন	10
ছাপও	10
আআ	10
সাফল্যে	10
চশমার	10
প্রাকৃতিকভাবে	10
উইন্টারফেল	10
সত্ত্বা	10
মাথাকে	10
অনুবাদকের	10
লিখেছিলেন	10
নাইটদের	10
শিক্ষকের	10
বাঁচাবো	10
সেকেন্ডেই	10
মজায়	10
বোমটা	10
কনস্ট্যান্টিন	10
প্রতিষ্ঠার	10
ওত	10
সেকেন্ডও	10
অঙ্কের	10
হরিণের	10
ওডী	10
মিলবে	10
বলিয়ে	10
বরণ	10
দমিয়ে	10
মেয়েগুলো	10
মাসটাং	10
রিবন	10
বদৌলতে	10
দুঃসাহস	10
লেগেই	10
সবধরনের	10
তাতো	10
লুনা	10
পরচুলা	10
অরেঞ্জ	10
কাটাদাগ	10
ঝড়ো	10
লোনের	10
আর্টের	10
ময়নাতদন্তের	10
পাবেই	10
যহন	10
প্লেটের	10
পাতালে	10
তামা	10
চারদিন	10
মরমন্ট	10
জ্বালায়	10
আসবাবপত্র	10
করুণাময়	10
বুঝতাম	10
স্যামি	10
ব্রডকাস্ট	10
একেক	10
মুখেও	10
ড্রাগসের	10
বলতেও	10
আদি	10
খাওয়াবে	10
বিলিয়ে	10
গাট্টা	10
এসপি	10
স্টিভা	10
মানিনা	10
জায়গাই	10
চই	10
বাহার	10
আত্মঘাতী	10
হেফাজত	10
হুদাই	10
বন্ডের	10
স্পন্সর	10
টাইনি	10
লেইসি	10
বেড	10
স্টাডি	10
দখলের	10
অন্যজনের	10
প্রোগ্রামটা	10
ধারনাও	10
এ্যালুমিনাটি	10
রাষ্ট্রপতির	10
ক্ষতিগ্রস্থ	10
ক্লায়েন্টের	10
কুমির	10
হেসটিংস	10
ছবিটার	10
জ্যু	10
ম্যারনির	10
ডাক্তারদের	10
অজান্তেই	10
এব্যাপারে	10
তারচেয়েও	10
কর্মচারীদের	10
উত্তাপ	10
সূরা	10
টেক্সাসের	10
কাঁধ	10
মুসলমানদের	10
ভীতর	10
অশিক্ষিত	10
দৈহিক	10
শরীরকে	10
ব্যখ্যা	10
আইচ্ছা	10
বোল্ট	10
দৌড়াচ্ছে	10
আমিনুল	10
লাগ	10
গেমে	10
ফাঁকে	10
রাগিয়ে	10
বুগি	10
পাকানো	10
ধেয়ে	10
মানু	10
আল্লাহু	10
অপসারণ	10
ড্যাম	10
আকবার	10
মির	10
ম্যাগাজিনে	10
ম্যারেজ	10
এইডস	10
কর্পোরেট	10
মিউটেশন	10
কারমাইকেল	10
প্রতিবেশীরা	10
ভাবছিল	10
বেরট	10
যতোসব	10
কায়দা	10
ইচ্ছাই	10
ঘোড়াগুলো	10
এন্টার্কটিকা	10
বীন	10
রচনা	10
পট	10
লিয়ন	10
হাঁপানো	10
যিশুর	10
রাখাটা	10
কবচ	10
হাজারে	10
পটু	10
আক্রমণাত্মক	10
তেলাপোকা	10
গর্গরা	10
দ্বিতীয়টা	10
অনুপ্রবেশকারী	10
কংগ্রেসের	10
বাহুতে	10
বাহক	10
নিছে	10
আবিষ্কারক	10
সাইকেলের	10
বুঝছেন	10
লড়েছি	10
শিব	10
ঘেরা	10
বোগা	10
ওইরকম	10
ঘন্টাখানেক	10
এইটাও	10
রুপের	10
পিসিন	10
্যালফি	10
বানোয়াট	10
খুজবে	10
নড	10
গ্রামবাসীদের	10
মন্টে	10
জিউ	10
এবারও	10
শীতকালে	10
প্রশিক্ষণের	10
সুপারম্যানকে	10
ছুড়িটা	10
দুর্ঘটনাটা	10
চেহারাও	10
ওক	10
ফ্লাক্স	10
মর্যাদার	10
লিখলে	10
ঘুরেছি	10
গ্যাব্রিয়েল	10
রহস্যজনক	10
চালাচ্ছিলাম	10
এনালিস্ট	10
গাছকে	10
চক্রান্ত	10
নাওনি	10
জুতোর	10
অন্ধকারকে	10
করলা	10
আভার	10
বোকারা	10
জ্যাকসুলি	10
কারাদন্ড	10
ক্যাফে	10
ড্রাগের	10
গোঁড়া	10
বিচ্ছিরি	10
আলোকে	10
জেলায়	10
হতভম্ব	10
করান	10
মামাজী	10
নাড়াও	10
মেকা	10
সৌর	10
গজিয়েছে	10
অনেককে	10
বিপদজ্জনক	10
জেলখানার	10
কাগজগুলো	10
যুগল	10
চেয়েছিলি	10
ক্রুশ	10
ছোঁয়ায়	10
বিক্ষোভ	10
বিচারককে	10
রাগে	10
জালের	10
সকালটা	10
পরলো	10
স্পোর্টস	10
পালনের	10
আঙ্গুরের	10
ফিরা	10
এমনেই	10
সাংবাদিকরা	10
ফেরাতে	10
স্বাধীনভাবে	10
ডুফ্রেইন	10
পুনরুজ্জীবিত	10
বেড়াচ্ছো	10
অমঙ্গল	10
লারা	10
এলাকাতে	10
রাজকুমারীকে	10
জিমে	10
ওভাররাইড	10
পরিমানের	10
কিনেছিলাম	10
পেরুতে	10
সাম্বা	10
মরেছি	10
করছটা	10
মহার্ঘ	10
স্টোরি	10
একশোবার	10
শোষণ	10
মরুভুমিতে	10
দেখাচ্ছিলো	10
ট্রমা	10
সময়কার	10
ছুঁয়েছে	10
হাঁটবে	10
প্রাথমিকভাবে	10
হয়তবা	10
ডেইলি	10
ছ্যাকা	10
শূন্যতা	10
ট্রাকিং	10
সাইটে	10
ডুবতে	10
খুজেছি	10
প্রাচীনতম	10
শান্তিমত	10
সম্বন্ধ	10
স্ক্যানিং	10
জানতনা	10
মারতো	10
মন্দের	10
প্যারাসোর্সের	10
মাইকেলস	10
ঘেন্না	10
এরিন	10
এইখান	10
বায়ো	10
আতিয়ে	10
হার্ভির	10
নেইল	10
পুশকিন	10
ভিতরটা	10
পোজ	10
বেড়ানো	10
আজিজের	10
ব্যারির	10
বলবান	10
দেখাতো	10
পরিচয়ের	10
বাধিয়ে	10
আন্ডারওয়ার্ল্ডের	10
মামুলী	10
তোরটা	10
খাতা	10
গবেষনা	10
দিকেও	10
পুত্রকে	10
বাগদাদ	10
এডওয়ার্ডঃ	10
বাচঁতে	10
শ্রেডারকে	10
সনে	10
খানকির	10
সেতুর	10
জট্টিল	10
উদিত	10
ভিয়েতনামে	10
অস্ত	10
হালকাভাবে	10
চুম্বন	10
পাখনা	10
তালাক	10
দেখবা	10
ম্যাককল	10
ব্লাকের	10
শক্তিধর	10
আবেগে	10
স্বপ্নকে	10
সুপারস্টার	10
জেসিকাঃ	10
খানে	10
বেড়াও	10
দৌড়ের	10
কর্নেলের	10
ডিংওয়াল	10
মজুরি	10
জন্মই	10
ছুবে	10
রিলোড	10
সাঁতরে	10
লিজ	10
হুঙ্কার	10
বাস্তবতার	10
খ্রীষ্টান	10
সহকর্মীর	10
অ্যারো	10
ছারখার	10
বাচিয়েছে	10
কাস্টোমার	10
মারাত্মকভাবে	10
মই	10
ভয়াল	10
হিসু	10
মিথ্যেবাদী	10
চিড়	10
ইশারায়	10
এ্যামোর	10
করিডোর	10
কভু	10
থামার	10
বানিয়েছিলেন	10
ঘোড়সওয়ারী	10
ভেগাসের	10
আর্থারের	10
এভার্সম্যান	10
প্রেরিত	10
আরবের	10
আমন্ত্রিত	10
প্রতিভার	10
ভেবেচিন্তে	10
লাচ্যান্স	10
ভুলিয়ে	10
রেস্ট	10
শাখার	10
ইথিয়েন	10
জজ	10
এসেক্স	10
খুনিদের	10
জিলঃ	10
কদিন	10
চারপাশটা	10
ডিউটিতে	10
দানবরা	10
পাহাড়া	10
ভবিষ্যতকে	10
দুর্ভেদ্য	10
আনাসুয়া	10
ইয়াক	10
মালিকানা	10
কাস্টমারের	10
হেডিসের	10
সার্কিটের	10
থোমাস	10
ক্রিস্টা	10
মোচন	10
প্রতিহিংসার	10
আইসা	10
হবা	10
কিটির	10
শাবাল	10
মুমুর্ষু	10
তোমাগো	10
হইলি	10
বয়রা	10
ইকারাস	10
হাতজোড়	10
বাঁচলাম	10
বৌদ্ধ	10
স্বরাষ্ট্রমন্ত্রীর	10
হাওয়ালা	10
প্রমাণও	10
জামাতা	10
বীরত্বপূর্ণ	10
পঁচে	10
মেডিটেশন	10
শুট	10
পরেনি	10
বাজাব	10
সুবর্ণ	10
হমু	10
ছাউনিতে	10
হাবা	10
ভিজা	10
আটকায়	10
রিহেগো	10
হার্ভার্ড	10
এত্তগুলা	10
জানতোনা	10
পাহারাদার	10
ভেঙ্কানার	10
পিঠের	10
মহোদয়	10
ধান	10
নায়ার	10
অন্যসব	10
পারবেই	10
কৌতুহলী	10
কুত্তাটা	10
বাঁধার	10
জোড়াতালি	10
কামঅন	10
অফিশিয়াল	10
উপায়ই	10
হুপার	10
প্রদেশের	10
স্বজাতির	10
আত্মত্যাগ	10
বহুকাল	10
এঁকেছি	10
ম্যানুয়েল	10
ধংস্ব	10
ব্রহ্মাণ্ডের	10
খরচের	10
সময়মতো	10
ভাড়ার	10
মৃতের	10
জবানবন্দি	10
চুষে	10
শুভাকাঙ্ক্ষী	10
সেনারা	10
টিক	10
ফিঞ্চ	10
বাহিরেই	10
বেসরকারী	10
ছটফট	10
দুয়ারে	10
হপ	10
হোস্ট	10
জাহির	10
বাকিগুলো	10
ফ্র্যাঙ্কের	10
ব্রোনাক	10
ডারসি	10
বিজ্ঞানে	10
আফগান	10
ক্ষণিকের	10
হাম্বা	10
সামলানোর	10
সর্বনিম্ন	10
দানা	10
একটাতে	10
মারাটা	10
পারতি	10
ইয়ার্কি	10
পড়িস	10
পলা	10
খালার	10
ড্রাগনদের	10
দুল	10
তালিয়ার	10
নিওকে	10
নির্ধারন	10
অ্যাক্সিডেন্ট	10
ক্লান্তি	10
ওয়েলসবোরো	10
ফিউরিয়োসা	10
সবাইরে	10
দিয়	10
জিগ্গেস	10
হাম্পটির	10
শক্তভাবে	10
ছাতার	10
ললিপপ	10
খোদাকে	10
হালারপুত	10
মিটিংয়ের	10
গার্লফ্রেন্ডকে	10
প্রবেশাধিকার	10
কঠোরভাবে	10
প্রণাম	10
মটু	10
খনির	10
প্যাড	10
সাবু	10
শুনলেই	10
কিনারা	10
চেম্বারের	10
গুড়ো	10
আবদার	10
বেড়ানোর	10
যানবাহন	10
অগোছালো	10
দীক্ষা	10
ঢুকি	10
সার্জন	10
চেহারাই	10
মূলে	10
নোটের	10
খ্রীস্টান	10
কামাতে	10
উল্লেখযোগ্য	10
কাঠবিড়ালী	10
নতুনের	10
হাঁটছি	10
চোরদের	10
মেরুদণ্ড	10
প্যাট্রিকের	10
মহিলাঃ	10
অন্যেরা	10
লিপ্ট	10
মস্তিষ্ককে	10
নিকটবর্তী	10
সিএমএস	10
উইনস্টন	10
আশ্বস্ত	10
ফাইটিং	10
পাচ্ছনা	10
বুদ্ধিতে	10
সাওরনের	10
দোষের	10
তিনশ	10
টপকে	10
দুশ্চিন্তার	10
বলতেছ	10
বাপু	10
উত্থান	10
আর্মস্ট্রং	10
সাক্ষীর	10
কোণ	10
ক্ষতটা	10
প্রজাদের	10
পারুম	10
ওরকমই	10
স্যাটার্ন	10
দাগা	10
চিরে	10
ভাবলি	10
ইনফ্রারেড	10
সংখ্যাপাতকরণ	10
ভেলা	10
গ্রীষ্মকালে	10
পালিয়েছি	10
আসাতে	10
পেমরি	10
ওয়াশ	10
দফা	10
ব্যপারটা	10
গব্লিন	10
ফিউজ	10
বসানো	10
দাঁড়ানোর	10
মৃতদেহের	10
ঠাট	10
গুপ্তধনের	10
ভাবেনি	10
এগারো	10
বিগড়ে	10
সেকশনে	10
মিনাক্ষী	10
ছেলেখেলা	10
প্রচারের	10
আপনারও	10
শিখলাম	10
স্কেল	10
একদিক	10
ভাজ	10
বিড়ালকে	10
ওরি	10
ওইত্তেরি	10
ইয়াহ্	10
দানবেরা	10
যাচ্ছেতাই	10
ততোক্ষন	10
ডিসচার্জ	10
সাওরন	10
মালারভিড়ি	10
বাচ্চু	10
পরিবেষ্টিত	10
ছিভিলকয়ের	10
ডেকেছো	10
তরমুজের	10
শকুন	10
ডায়লগ	10
এজন্যে	10
ধূসর	10
পরপর	10
স্বাস্থ্যসেবা	10
খারিজ	10
নবীন	10
বানরটা	10
এনার	10
শীর্ষে	10
ম্যানকে	10
শোনোনি	10
ভাগিয়ে	10
যাকগে	10
দেওয়ালের	10
খাবারগুলো	10
হ্যাং	10
ডাম্বলডোরকে	10
একট	10
দাদুর	10
ফুটন্ত	10
কথাটার	10
গুন্ডাদের	10
ভেঙেছি	10
মুদি	10
চীজ	10
ট্রিপে	10
অ্যালোঞ্জো	10
বয়সও	10
সেইদিন	10
মাসিক	10
শরৎ	10
খুঁজছিলেন	10
দোকানদার	10
উৎসাহী	10
হত্যাকাণ্ড	10
শিল্পীরা	10
ম্যাগনিটো	10
সহযোগিতার	10
পইরা	10
অনুরূপ	10
ট্রান্সফর্ম	10
আযোগ	10
তাদেরকেও	10
অটুট	10
হুর	10
কথাটি	10
শিক্ষককে	10
নিখুঁতভাবে	10
পালে	10
আর্কেনস্টোন	10
স্মাগ	10
বানাচ্ছো	10
মহিষ	10
ভক্ষক	10
নউ	10
পাইপে	10
পুটকি	10
খাতায়	10
রবিবারে	10
ফোটে	10
ডাকত	10
ব্রিয়ারিওস	10
সেক্সের	10
অলিম্পাস	10
ফুটা	10
জুরাসিক	10
ভিক্টোরিয়া	10
স্পর্শমণি	10
ঋণের	10
যুক্তিসঙ্গত	10
মেরুতে	10
অ্যারেন	10
ওয়ার	10
আপনাআপনি	10
দীর্ঘদিন	10
সংক্রমণ	10
ঘটাবে	10
যন্ত্রণার	10
দেখল	10
খদ্দের	10
হায়দ্রাবাদী	10
লুথেরান	10
রিঞ্জলার	10
কোত্থাও	10
টিনের	10
খাওয়াটা	10
কায়েম	10
শালীন	10
লাশকে	10
থামাবো	10
আমারতো	10
ভুকমীর	10
স্পার্টা	10
মাইলস	10
ভাঙবে	10
কিনি	10
গালগো	10
রশির	10
রাখতেই	10
কাটাই	10
হ্যারিস	10
ডিসি	10
আও	10
নিগ্রোকে	10
ভ্রনস্কি	10
ভুলবে	10
লেইগ	10
কর্কশকণ্ঠ	10
শালাদের	10
স্টেপ	10
ক্যাডিল্যাক	10
হলিউড	10
খেটেছি	10
ইউনিটকে	10
দেখতেন	10
তুফানের	10
বিমানবন্দর	10
করছনা	10
বেরুচ্ছে	10
চুলা	10
ডিব্বায়	10
তদন্তকারী	10
বর্ণের	10
স্যারা	10
ক্লোনড	10
খেলেছে	10
হাতিয়ে	10
সব্বাই	10
আগামিকাল	10
মুলত	10
হামিংবার্ড	10
রয়েল	10
কুরিয়েন	10
হাজারবার	10
গ্রিডে	10
মার্কেটের	10
বাগে	10
সাতটি	10
শটগান	10
শার্টটা	10
অটোমেটিক	10
বিষদাঁত	10
অ্যাশল্যান্ড	10
বেইজিং	10
দৌড়ালাম	10
হিংস্রতা	10
হোতা	10
নির্ভীক	10
কুকি	10
পাউডারের	10
প্রস্তাবের	10
বন্ধুও	10
জোরসে	10
নায়িকা	10
সন্মান	10
দড়িগুলো	10
স্টিভি	10
বর্ডারের	10
সীমান্তে	10
হাসালে	10
সরফরাজকে	10
ভাইর	10
শহরটাকে	10
মোড়ে	10
দেওয়াই	10
মানুষে	10
বিড়ালটা	10
তুমিত	10
এমেলিয়া	10
ভাইও	10
বিপক্ষের	10
গর্দান	10
বেসরকারি	10
পুর্ব	10
এবেনেজার	10
ঢালো	10
উলংগ	10
খুললো	10
ছুটবে	10
ক্যালিবান	10
জারী	10
বহিষ্কৃত	10
অবধি	10
ক্রাইও	10
কইবা	10
সসের	10
প্রাণীগুলো	10
পতিতা	10
থাকতনা	10
কাজকর্মের	10
প্ল্যানের	10
চাকরানী	10
মাশাল্লাহ	10
উঠবেনা	10
দশটায়	10
পেট্রোনাস	10
মাকা	10
ম্যাজিকের	10
নির্বাহী	10
লিটার	10
ঘটানোর	10
মুসার	10
পন্স	10
পুরুষরা	10
উচ্চারণে	10
মিসাইলের	10
হারাচ্ছে	10
ভাষান্তর	10
হসপিটালের	10
ঠোট	10
স্যুটকেসটা	10
বাইজ	10
অন্ত	10
স্মাগলার	10
টিংক	10
দূরবর্তী	10
জ্যাকেটটা	10
মামী	10
ভিলা	10
বার্নস	10
বেড়িয়েছি	10
লর্ডস	10
উদ্ভাবিত	10
প্রান্তের	10
আটকাবার	10
মোরে	10
মেটাল	10
সঙ্গীকে	10
তুলার	10
ভুমি	10
জাঙ্গিয়া	10
স্নার্ট	10
বলছিলি	10
আইল্যান্ডের	10
যন্ত্রটি	10
মূর্তির	10
স্টেডিয়ামের	10
মার্গো	10
নৈতিকতা	10
ব্র্যান্ডিট	10
অগ্রিম	10
ডাঙ্গা	10
মসজিদ	10
সার্কেল	10
খাতির	10
সমর্থ	10
নিনজা	10
লুকের	10
ফুটের	10
সদস্যরা	10
অধীন	10
তাহেরি	10
বারনার্ড	10
কমু	10
আঠারো	10
রাউন্ডে	10
ট্রেঞ্চ	10
প্যাচাল	10
বস্তাগুলো	10
চুক্তিপত্র	10
কর্মচারীর	10
ফুলদানি	10
থাকবা	10
টস	10
শেয়ারের	10
মায়াবী	10
আয়েশা	10
একচেটিয়া	10
মাইয়্যা	10
পোকামাকড়	10
শিয়াল	10
আশ্রয়ের	10
নায়িকার	10
হুইলচেয়ার	10
ইতালীয়	10
দায়িত্বভার	9
পরীক্ষাটা	9
উইসলার	9
পিটসবার্গ	9
ম্যো	9
ফিটিং	9
জেসিকে	9
বাঁচিয়েছো	9
বিস্মৃত	9
ঠেকিয়ে	9
ঘটানো	9
পাটিল	9
ফিলিপা	9
জানোয়ারটা	9
সিজারের	9
কাউন্টডাউন	9
ব্লাকউডের	9
ক্লার্কি	9
কূটনৈতিক	9
ব্রিফিং	9
মুক্কাম	9
এনকোড	9
সাহায্যই	9
কেউনা	9
সটকে	9
বিস্ফোরন	9
বর্ননা	9
মোকাবেলার	9
বেলের	9
ভূষিত	9
জীবের	9
পাবোনা	9
বাড়াবে	9
গাউন	9
তাদেরও	9
সিদ্ধার্থকে	9
গণতন্ত্রের	9
ঘটিয়ে	9
কমিউনিস্ট	9
লেস্ত্রাড	9
শুনলি	9
রহস্যটা	9
ফেরি	9
স্কোয়ার	9
ছক	9
মনি	9
নাগাটা	9
ব্রিটিশদের	9
হিলে	9
ব্লাহ	9
বিশৃঙ্খলার	9
জেলাস	9
সচেষ্ট	9
ভারতীয়রা	9
হইয়ো	9
বাচ্চাকেও	9
রাষ্ট্রদূত	9
অাবার	9
বন্ধনে	9
আসক্তি	9
রেইক্স	9
লেনশার	9
পুলিশেরা	9
অভিহিত	9
আপ্যায়ন	9
স্টেসি	9
জানলেও	9
ইঞ্চির	9
ঐখানেই	9
হান্টলি	9
কামের	9
সংবেদনশীল	9
অাসে	9
বন্ধী	9
পরিনাম	9
ঢুকেছিলো	9
প্রতিধ্বনি	9
টাইপরাইটার	9
সঙ্কুচিত	9
পোলি	9
বেড়াল	9
শতভাগ	9
গারদে	9
ভাইরা	9
রিভার্স	9
বয়সি	9
মধ্যরাত	9
ভরতে	9
জল্লাদ	9
সাদামাটা	9
জনক	9
আজকেও	9
অনুচিত	9
প্রকাশ্যে	9
ডেমো	9
এন্ড্রিও	9
ভিনি	9
ফান	9
ব্যারন	9
ব্রান্ডি	9
তারজন্য	9
ফিসফিসানি	9
ভরিয়ে	9
মিনিটও	9
কোকেইন	9
টার্মিনালে	9
এতোদূর	9
পাইসি	9
পুনরূজ্জীবিত	9
রেশন	9
মাসল	9
গ্রেফতারের	9
ঘেঁষে	9
হওয়াই	9
ম্যাচের	9
বলেছিনা	9
সম্পর্কযুক্ত	9
সুসজ্জিত	9
হ্যাকিং	9
বক্সটা	9
এতবড়	9
খাবারও	9
মাফিয়ারা	9
এইমাত্রই	9
জাগছে	9
চো	9
নার্ভ	9
চেটে	9
রহস্যময়ী	9
মরতাম	9
কসাই	9
দুর্ভাগ্যজনক	9
নিলামে	9
আর্কাইভে	9
নিকৃষ্ট	9
টমিকে	9
প্রথমটা	9
অর্জুনের	9
প্রতিরূপ	9
ফেরে	9
স্টিয়ারিং	9
করাতো	9
থ্রেড	9
কামিয়ে	9
অর্চনা	9
শিঙ্গা	9
অবলম্বনে	9
জানতামই	9
মরিচা	9
ভাঙাতে	9
ট্রেইনার	9
শিডিউল	9
এপাশ	9
শোনাবো	9
অনুবাদে	9
জানায়নি	9
ঘোরার	9
একসাথ	9
আইপি	9
কয়েকবছর	9
ন্যস্ত	9
লড়াইতে	9
তন্দ্রা	9
খাজানা	9
রেডিওর	9
মাগি	9
ঐশ্বরিয়ার	9
জুরিখ	9
বাচ্চাই	9
মূঢ়	9
করাত	9
আঁকে	9
বন্ধুগন	9
নড়বি	9
বিজ্ঞ	9
লেইনের	9
স্পিগেল	9
ওমা	9
নেটওয়ার্কের	9
পটিয়ে	9
ইচ্ছাতেই	9
পদবিন্যাস	9
ঠেলা	9
দুনিয়াটাকে	9
অনুভতি	9
কল্পনাশক্তি	9
শ্রোতা	9
শিবির	9
নিস্ক্রিয়	9
সারুমন	9
মনোনিবেশ	9
অপেক্ষিত	9
খুশিই	9
চাবুকের	9
প্যাসয়ো	9
আমিত	9
বাঁধের	9
নিঃশব্দে	9
দ্রব্য	9
ছেলেমানুষি	9
ইভিল	9
বাজায়	9
জেলেই	9
বিলাপ	9
চৌম্বক	9
আঁচার	9
পাজামা	9
বসব	9
শেষমেষ	9
ক্যাস	9
বৃদ্ধির	9
বিলম্বিত	9
অপব্যবহার	9
ভেনিস	9
আর্নল্ড	9
মরলো	9
এগুচ্ছে	9
এইসবের	9
কুসংস্কার	9
বিভ্রান্তিকর	9
অত্যাধিক	9
কোমরের	9
ঠিকাছো	9
জোনাথন	9
পামেলা	9
আইএসএস	9
বেবস্থা	9
মুম্বাইয়ে	9
দেখিয়েছিলে	9
বুঝছিনা	9
পুর্ন	9
তাঁবু	9
লক্ষণীয়	9
লেকে	9
নিঃশ্বাসের	9
আনিঙ্গাক	9
কনের	9
রোসিটা	9
দেখেনা	9
মানাতে	9
কার্যত	9
থ্যাঙ্কস	9
চিবিয়ে	9
সুযোগও	9
পুণরায়	9
ঠাডা	9
রক্তচোষা	9
বিছিন্ন	9
বৃস্টি	9
যত্নের	9
মগজের	9
গ্রহনের	9
ইউএস	9
আওয়াজটা	9
শিখো	9
শুশান	9
হারাবেন	9
গ্যান্ডাল্	9
জ্যেষ্ঠ	9
ভুগছেন	9
হিংসার	9
অর্ক্	9
খাওনি	9
উড	9
শ্রমিককে	9
ব্রীজ	9
গহীনে	9
রিকোলেটির	9
রিকস	9
নওজোয়ান	9
ক্লারা	9
পুডভকিন	9
ট্রেনটি	9
আলোয়	9
অপ্রীতিকর	9
কিতাব	9
স্ট্যাগেল	9
উপস্থিতির	9
শার্ফ	9
মহারাজা	9
চিন্তাধারা	9
স্নেক	9
টুনা	9
ভাঙো	9
বাবারে	9
তিরুনেলভেলি	9
সেরকমটা	9
খায়া	9
বাইরাভা	9
পালাব	9
কলঙ্কিত	9
চলেছো	9
রওয়ানা	9
কারণের	9
এলফদের	9
সার্জনফিশ	9
বেচারী	9
ইযিঃ	9
অশ্বারোহণে	9
চপ	9
বাচসের	9
অধিকতর	9
মাঝপথে	9
গন্ডরের	9
য়	9
মাহা	9
হাঁপিয়ে	9
অ্যাটর্নি	9
খুনিটা	9
উপগ্রহ	9
সাদরে	9
সায়েন্সের	9
আনুষ্ঠানিকতা	9
ক্রুদের	9
প্রকট	9
তাজ্জব	9
সামারঃ	9
পুরণ	9
শিরস্ত্রাণ	9
শাম্বাল	9
লিড	9
চিনা	9
ভাঙ্গবে	9
মারপিট	9
সেকি	9
পূর্বপুরুষের	9
ন্যাট	9
উপকূলে	9
এনটআন	9
জঘণ্য	9
স্প্যারোকে	9
সার্ভারে	9
প্যাঁচাল	9
বেত	9
যত্নে	9
প্রকল্পের	9
থাই	9
সতীর্থ	9
স্পেশালিষ্ট	9
শিক্ষার্থীকে	9
পাওয়াটা	9
ঘটনাই	9
কষ্টটা	9
নিজেকেও	9
আবেগপ্রবণ	9
হারাবার	9
হালুয়া	9
মেরুর	9
বর্তমানের	9
বৈধতা	9
দৃশ্যমান	9
রোববারে	9
আটলান্টিক	9
বাট	9
দুর্ধর্ষ	9
অনিচ্ছাকৃত	9
ভর্তা	9
লুমোস	9
্যান্ডাল	9
বিশ্বাসও	9
আবালের	9
বেত্রাঘাত	9
সামলায়	9
আলুর	9
বারথোলোমেও	9
সাবাথ	9
লোককাহিনী	9
ফ্রন্ট	9
ভবিষ্যৎবাণী	9
প্রতিফলিত	9
উড়	9
বারটন	9
দুরত্ব	9
সম্মানার্থে	9
অত্যাচারী	9
ছাড়বেন	9
গাধাটাকে	9
পার্কটা	9
বেড়ার	9
রিডিকিলাস	9
জন্মেছে	9
পালাচ্ছ	9
নৌকাটা	9
গন্ডগোল	9
বেহালাটা	9
মর্ড	9
অ্যাঞ্জিয়ারের	9
এলাবামা	9
চাঙ্গা	9
কাঁদি	9
ব্যাবসায়ী	9
আয়ের	9
তাঁরে	9
ঘুমাব	9
গ্যালান্ট্রি	9
সুদূর	9
মোজেস	9
ঘষে	9
নোবেল	9
গুন্ডারা	9
রিংহোম	9
চলতো	9
নিরপরাধ	9
হিউজের	9
গুঁড়ো	9
খেলছ	9
ববের	9
যাবজ্জীবন	9
পের	9
কিনারে	9
ওদেরও	9
চক্রের	9
শুটার	9
ক্রিপ্টন	9
অর্ডারের	9
লাশগুলো	9
সুখকর	9
ওজাকি	9
রুপান্তরিত	9
ডিসকভারি	9
প্রত্যাশিত	9
হলোনা	9
এসেও	9
ডাকনাম	9
ইউটিউব	9
আইনজীবীর	9
করেছেনঃ	9
মৌরিয়ার	9
ঘাতক	9
আশাই	9
রোবটকে	9
মরুক	9
শিখবো	9
বুড়োদের	9
পরেরজন	9
জিনির	9
ভরার	9
করুণার	9
গিটার	9
কামানের	9
ক্ষুধার	9
আম্বার	9
বিদায়ী	9
স্ট্যাচু	9
মাথাই	9
তোয়াক্কা	9
সজীব	9
হেনড্রি	9
দেস	9
প্রসাদ	9
সুপ্ত	9
উম্ম	9
লিফলেট	9
নাড়ু	9
হাইওয়েতে	9
কামড়েছে	9
দিনেও	9
মাইরালাইছে	9
ঘুমিয়েছে	9
অবাস্তব	9
ওইখানেই	9
স্বরণ	9
ইনভাইটেশন	9
অহেতুক	9
সুপ	9
রেমন্ড	9
সমৃদ্ধি	9
এমারেল্ড	9
ধরনা	9
অ্যালগরিদম	9
অপরিবর্তনীয়	9
মারকোভিচ	9
পাপার	9
প্রাইমারি	9
খাটাশ	9
সড়িয়ে	9
উপভোগ্য	9
ট্র্যাকার	9
ধুসর	9
চপ্পল	9
ইন্দ্রিয়	9
স্ক্রিন	9
বচ্চন	9
অমিতাব	9
নামানোর	9
জাদুতে	9
খোলাই	9
আইজ্যাকস	9
বোমারু	9
আরা	9
মেনু	9
লক্ষ্যের	9
সাধারণভাবে	9
জাদুঘর	9
ডুব	9
জং	9
আয়ারল্যান্ড	9
বুলেটটা	9
লবিতে	9
হয়েগেছে	9
আইরিশদের	9
কাউন্সিলে	9
এগুলার	9
আনলো	9
পুনঃস্থাপন	9
ঘোঁৎঘোঁৎ	9
তাঁরাই	9
নিরিবিলি	9
ধ্বংসাত্মক	9
লুই	9
সৌন্দর্যে	9
প্যান্ডোরায়	9
মনিটরের	9
ট্রাক্টর	9
মায়ামি	9
শিষ্টাচার	9
মাতার	9
দূর্গ	9
উঠেনা	9
হিজু	9
অভিশংসকের	9
ঝুলানো	9
জর্জকে	9
হটাত	9
আল্ড্রিচ	9
কিংকং	9
মতবাদ	9
জানলেই	9
যন্ত্রপাতির	9
টোম্বলি	9
কনুই	9
মস্ত	9
অনুসারী	9
বাজান	9
স্ট্রেচার	9
নাঃ	9
কর্মক্ষেত্রে	9
জুলিয়েট	9
চাচীর	9
সর্দি	9
রোমিও	9
একশন	9
অপরিষ্কার	9
প্রাণবন্ত	9
ঊর্ধ্বতন	9
মাব	9
পেঁচানো	9
অণ্ডকোষ	9
শ্যামুয়েল	9
সুড়সুড়ি	9
রেসে	9
হত্তয়া	9
এলাকাটা	9
মাকড়	9
চিহ্নই	9
ধ্রুবক	9
আলাপচারিতা	9
আচারন	9
এডভেঞ্চার	9
পাতাগুলো	9
রক্ষীদের	9
হাসবো	9
খামারে	9
ডিরেক্টিভ	9
পড়িনি	9
স্টাইলের	9
ভ্রমনের	9
সুখেই	9
বসলে	9
ইরাকের	9
উম্মোচন	9
সংক্রামক	9
সম্মুখে	9
দর্শকের	9
গাছটি	9
জানাল	9
মাঝখানের	9
মেয়েলি	9
ফেলনা	9
তোতলামি	9
থামি	9
কার্রলা	9
টিউলিপ	9
চিনত	9
রোজা	9
কাতুকুতু	9
ঝুলছে	9
স্টুডেন্টদের	9
ভায়েরা	9
তালায়	9
সেথুরামান	9
মুভিটির	9
রকেটের	9
পেছনেই	9
আরেকটার	9
পিপাসা	9
ন্যায়ের	9
লুকান	9
দূর্ঘটনায়	9
মুফাসার	9
হাইম	9
কয়বার	9
কারণই	9
হাঁটছে	9
মোর্স	9
বেড়াতো	9
আস্তা	9
কলাম	9
পাচ্ছেনা	9
ডয়েল	9
গতবারের	9
নয়টি	9
হালা	9
অভদ্রতা	9
মেয়রের	9
অর্থনীতিতে	9
উইগ	9
পোল্ডেক	9
ক্যারে	9
কুন্ডার	9
জান্ডার	9
ডাকছেন	9
কৌতূহলী	9
করিয়েছিল	9
নৌবাহিনী	9
ক্র্যাকোতে	9
হায়ড্রার	9
ডেলিভারী	9
মালিকদের	9
উকুন	9
সন্ধির	9
গুদামের	9
হাইড্রা	9
রাক্ষসের	9
অনর	9
ঢুকেছিল	9
ফন্দি	9
কথামতো	9
জাগে	9
টিকেটের	9
গার্ডেনে	9
ভ্লাদ	9
তাবু	9
ডাইনীটা	9
একাকীত্ব	9
নাৎজিরা	9
হিম	9
ঢিলে	9
ক্যালেন্ডার	9
খ্রিষ্টানদের	9
যোগান	9
অংশগ্রহন	9
সাইক্লোপস	9
ফাঁসানোর	9
খারাপটা	9
মেশিনকে	9
সৃস্টিকর্তা	9
বইটার	9
মারবেনা	9
থাইল্যান্ড	9
শক্তিই	9
খামোশ	9
পালটা	9
এগনেস	9
কলোনির	9
অতল	9
কুয়েতে	9
সিমু	9
ভাগতে	9
স্টার্নকে	9
বাসন	9
চলত	9
থালাবাসনের	9
উপস্থাপনা	9
ফিনারটি	9
এক্সিট	9
বলদা	9
রয়	9
শার্টের	9
তালিকাভুক্ত	9
ক্যাপিটল	9
অকথ্য	9
গাঁজাখুরি	9
কম্বান	9
সায়	9
দেখছিলো	9
কানেক্ট	9
লাইব্রেরীতে	9
একজোট	9
নাইট্রোজেন	9
মণিমুক্তা	9
মারগারেট	9
ঠ্যাং	9
চিড়ে	9
কোনদিনই	9
প্যাকিং	9
অ্যশউইৎয	9
সর্প	9
কারিগররা	9
ছোঁয়ার	9
ফ্লেভার	9
ধর্মপ্রচারের	9
আনন্দময়	9
শিবের	9
বন্ধই	9
পদক্ষেপে	9
ইয়েয়ে	9
মোয়রা	9
টিমোক্সি	9
গুহাতে	9
তিনশত	9
এন্টি	9
কারনটা	9
সাইলাস	9
মিষ্টির	9
পৌঁছলাম	9
আন্টিকে	9
স্মরণে	9
বোগাস	9
ব্রেনে	9
রানি	9
সরফরাজের	9
ইলেক্ট্রোম্যাগনেটিক	9
তের	9
পারস্পরিক	9
দরকারী	9
সাহিত্য	9
সাজেশন	9
ডেকচি	9
গ্রস	9
মাখজুমের	9
বলেছিই	9
ম্যানেজারের	9
কনডম	9
হটাৎ	9
ছড়াচ্ছে	9
সর্ব	9
ভাজি	9
ম্যানঃ	9
ডাডলি	9
পেতুনিয়া	9
টেরেসার	9
প্রত্নতত্ত্ববিদ	9
এজে	9
পক্ষেই	9
ট্যুরে	9
পড	9
পর্দায়	9
দুইজনকেই	9
পাত্রে	9
পারলি	9
সেইসাথে	9
সিস্টেমকে	9
অইদিন	9
দুবাই	9
গুঁড়িয়ে	9
নিরীক্ষা	9
দাঁড়ি	9
মন্ত্রের	9
সবকিছুকে	9
মিশরে	9
প্রস্তর	9
জন্মগত	9
ফাকি	9
কমতে	9
কর্মফল	9
কীর্তি	9
কল্পকাহিনী	9
কদাকার	9
লড়	9
হ্যানিবল	9
উৎসবে	9
চাবে	9
লেকটারের	9
তাকাবি	9
আগাচ্ছি	9
নিউট	9
ভিজিয়ে	9
সন্ত্রাসীকে	9
সঙ্গিনী	9
ড্যানির	9
আইভি	9
ফ্লিন্ট	9
কুতাপিঃ	9
ক্যাথরিনের	9
কিল	9
মিনি	9
ওয়েবসাইটে	9
পাইপটা	9
পরিধি	9
স্বেচ্ছাসেবক	9
ফ্যাকাশে	9
কপিকল	9
মঙ্গলবারে	9
নাইজেল	9
পারফর্ম	9
প্রতিবিম্ব	9
পাতাল	9
দূতাবাসে	9
দিনশেষে	9
কমনরুমে	9
ওয়ারগ	9
কম্বিনেশন	9
গ্রেজয়	9
বোয়েন	9
আইবো	9
ডাকিনীবিদ্যা	9
আমব্রিজ	9
বল্	9
পানিটা	9
কাম্য	9
কাঁদিস	9
বাচ্চাকাচ্চাদের	9
ক্রুজ	9
মাল্লি	9
ডকের	9
ব্যাড	9
আলোগুলো	9
পামু	9
উঠবি	9
গলানো	9
কুম্বায়া	9
অন্যকিছুর	9
রিড্ডিকুলাস	9
বিলীন	9
পাথরগুলো	9
ম্যাথ	9
মরবা	9
থামবেনা	9
বাড়ায়	9
সত্তর	9
বুঝলো	9
ধ্যাত্তেরিকা	9
শ্রী	9
কার্যকলাপ	9
টিন	9
যেদিকে	9
গার্ডরা	9
ইউনিভার্সিটিতে	9
গ্যাসে	9
কোবাল্ট	9
ফ্রেন্ডের	9
বেচারার	9
ধরেও	9
সৌজন্য	9
আইজ	9
কোওরা	9
স্টুডিওতে	9
হিরোইন	9
গ্রেইলের	9
সফলভাবে	9
ব্যাঙ্কে	9
খাদ্যের	9
পরিক্ষায়	9
প্রাণীরা	9
দুর্ভাগা	9
ভাঙানো	9
বেশীই	9
স্কডিয়া	9
লিখছ	9
ছাড়ি	9
সোমবারের	9
ডাটাবেজ	9
ইউনিফর্মটা	9
সাক্ষীরা	9
ব্যাংকার	9
এতকিছুর	9
ঝুকে	9
তুমাদের	9
ছাড়ছে	9
আফটারনুন	9
রূপার	9
পেয়ারের	9
এরপরও	9
খুজবো	9
কোর্সের	9
দুঃখজনকভাবে	9
ট্রন	9
সিলভা	9
গ্রামটা	9
ছোঁবে	9
এনকম	9
এঙ্গেজমেন্টের	9
ঢাকার	9
পড়াবো	9
তাসের	9
বদলিয়ে	9
শোনেননি	9
পুসি	9
ফাথমস	9
মালায়লাম	9
মেলভিল	9
প্যাসিফিক	9
হাজারটা	9
মেয়েটাও	9
ইউজার	9
বাগদান	9
দ্বিমত	9
ডায়ালগ	9
ক্রিস্টি	9
সাহায্যেই	9
বাচ্চাটির	9
আসছিলে	9
গ্রেভস	9
ফাইনালে	9
পরিশ্রমী	9
সন্দেহে	9
শিখব	9
রপ্তানি	9
গোলাকার	9
ভাইয়ার	9
টাম্ব্রিয়া	9
থ্রী	9
আশরাফুল	9
ইন্টেলিজেন্সের	9
রাঁধুনি	9
মার্লেনিয়ান	9
খায়নি	9
খেচ্চর	9
জয়েন্ট	9
পাদ্মে	9
ছত্রখান	9
অনাহারে	9
শাড়িটা	9
কোনর	9
নিকের	9
ছদ্মনাম	9
ডায়মন্ডের	9
হাইবারনেশন	9
প্রসপেক্টর	9
জেসিকা	9
মুভিটা	9
ভ্যাকসিন	9
বন্ধুটা	9
ড্রাইভটি	9
জানাইনি	9
কামে	9
চিনতেন	9
উরিয়ে	9
প্রশ্নোত্তর	9
জাগুয়ার	9
বুজে	9
পাল্টেছে	9
কোলা	9
স্টেশনটা	9
পাড়	9
শোও	9
রিপ্লাই	9
বোম্ব	9
কারে	9
সন্ত্রাসীর	9
দিওয়ানা	9
শায়িত	9
সংগীত	9
থ্রাস্টার	9
ফালা	9
জ্বলজ্বল	9
খিচ্চা	9
যথার্থ	9
বন্ধক	9
মেইস্টার	9
অপু	9
স্ট্যাটাস	9
নারকীয়	9
লিখছে	9
সুর্য	9
দিচ্ছিলে	9
তারিখটা	9
সন্ত্রাসীরা	9
শতকের	9
সিবাশ্চিয়ান	9
সত্বেও	9
নারনীয়া	9
পলক	9
ছেলেগুলোর	9
বাকীটা	9
চটপটে	9
ক্রনস	9
আন্ডারগ্রাউন্ডে	9
শিক্ষার্থীরা	9
সৌভাগ্যক্রমে	9
শিখিয়েছিল	9
প্রতিরাতে	9
তেড়ে	9
সন্ধ্যাটা	9
টানার	9
ড্রাইভে	9
খেলছো	9
আতঙ্কের	9
চাইছিলে	9
পেজ	9
দুর্গম	9
প্রান্তরে	9
স্কেয়ারক্রো	9
মিনিস্টারের	9
চোরা	9
শিধু	9
ওপরের	9
শুনলো	9
একবারো	9
গানার	9
পেরিচালি	9
বন্ধকী	9
বাদামি	9
চিল	9
ফ্যালকনি	9
গ্রীষ্ম	9
উডস	9
আত্নহত্যা	9
যায়গাটা	9
মিমাংসা	9
দেখাচ্ছিস	9
এনলরড	9
প্রজেক্টের	9
দেখবেনা	9
ফুসফুসের	9
সাদাকালো	9
বিচরণ	9
সেলিনকে	9
উদ্দেশ্যটা	9
পরিপূর্ন	9
অবস্থাও	9
আহামরি	9
সামলাবে	9
বেনামী	9
আগাচ্ছে	9
শিকারীর	9
ডিয়াগো	9
টেকা	9
ঠিকানাটা	9
বাকীরা	9
অপরিচিতদের	9
সিওর	9
কলড্রন	9
মনেহচ্ছে	9
কিশোর	9
যাহা	9
জিদ	9
দরকারই	9
কইরেন	9
এধরণের	9
ভন	9
বিটার	9
সাদাদের	9
গ্রিল	9
জুনায়েদ	9
প্যলসন	9
গ্যারিসন	9
সত্ত্বার	9
ফ্লামেল	9
স্কার্ট	9
গুরুজী	9
আবর্তিত	9
মহামহিম	9
জীন	9
ক্যাসেট	9
জিবাকে	9
মুখস্থ	9
ডেলিভারির	9
পিতাকে	9
দিদা	9
বিলম্ব	9
ভালকরে	9
কাফেলা	9
ঔষধের	9
নির্বাক	9
জিংলিং	9
এপক	9
ফিনিক	9
জনগন	9
সুদৃশ্য	9
রিস্ক	9
বগস	9
নিষ্ঠুরতা	9
পেঁয়াজ	9
সন্ধা	9
ফিল্মের	9
ব্রিলিয়ান্ট	9
খারপ	9
কলিগ	9
হালেলুজাহ	9
বহিঃপ্রকাশ	9
ডগায়	9
মিথ্যাটা	9
ভ্যালি	9
আলোচনায়	9
লিখেছিলাম	9
প্যাডফুট	9
চড়ি	9
অর্লিন্সে	9
যেতেন	9
দেহকে	9
ঘুমাচ্ছিলে	9
একমাস	9
বেরোয়	9
হোলে	9
দেওয়াল	9
উপত্যকার	9
সাফাই	9
স্ট্রোক	9
ফিদা	9
উঠানোর	9
খাইনা	9
পৌছেছি	9
জিপ	9
সেরাদের	9
হাবুডুবু	9
সাটলার	9
ক্যাপসুল	9
পেরেছিস	9
হানিমুনে	9
জন্মস্থান	9
কসাইয়ের	9
কাত	9
ম্যাকটাগার	9
মেতে	9
পেশার	9
অভিব্যক্তি	9
ডোথরাকি	9
বকবকানি	9
হেলথ	9
ইস্তাম্বুলে	9
হৃৎপিণ্ড	9
নার্সের	9
নীরবে	9
একাজে	9
টারগ্যারিয়ান	9
বালদিনি	9
দাসী	9
ফিরলাম	9
পুলিভেট্টি	9
কুকর্মের	9
শস্যাগার	9
ডেনিজের	9
সাইকি	9
পুরানা	9
অমীমাংসিত	9
যেরকমটা	9
হারিয়ো	9
কতোটুকু	9
অ্যালুমিনিয়াম	9
মায়ার	9
অভিপ্রায়	9
ভূতুড়ে	9
বিশ্বজুড়ে	9
আত্মীয়ের	9
তেজস্ক্রিয়	9
ঘূর্ণায়মান	9
অল্পবয়সী	9
বসবেন	8
কঙ্কাল	8
ফিরেছি	8
স্টেফান	8
মুখেই	8
কিই	8
তিনটার	8
ট্রুডি	8
হৃৎপিন্ড	8
জমিনে	8
অ্যাকাউন্টে	8
হাতকে	8
শারম্যানকে	8
ক্রাং	8
বাচ্চাগুলোকে	8
মাইকেলকে	8
গ্লোবাল	8
মর্মস্পর্শী	8
সী	8
ভদ্রমহোদয়গন	8
ইনসাইট	8
ড্রাই	8
নিধন	8
রিভিউ	8
আসেননি	8
অ্যাঞ্জেলিনার	8
শত্রুপক্ষের	8
চৌকস	8
ওকি	8
নেভাদা	8
জনিত	8
লেজের	8
ছোঁড়	8
রিফ্লেক্স	8
গেইমে	8
বাধন	8
ডর	8
আব্দি	8
অ্যামাজন	8
পুচি	8
কোনপ্রকার	8
বেকন	8
হোমো	8
সিকোয়েন্স	8
টেডির	8
পিছপা	8
অজ্ঞ	8
মোরালেসের	8
বেটসি	8
হাউন্ড	8
টার্টল	8
সম্মতিতে	8
অ্যাডমিরাল	8
পিচ	8
জাজমেন্ট	8
ফেলিস	8
মাইকির	8
চুক্তিবদ্ধ	8
শিখাবে	8
বন্ধ্যা	8
বেলিকফের	8
নির্মূল	8
নড়বড়ে	8
ব্রুনো	8
ওরল্যান্ডো	8
বাসস্থান	8
বিষন্ন	8
সৈন্যের	8
দেইনা	8
মোটেলে	8
লিজি	8
মোহন	8
কার্যকলাপের	8
কেটি	8
জিনিষপত্র	8
আরোহী	8
মনগড়া	8
এক্সিডেন্টে	8
স্যানটিনো	8
মতামতের	8
বন্যায়	8
বাকীদের	8
জিমের	8
আফিম	8
অচেতন	8
গ্যালেন্টাইন	8
রাতভর	8
নেটওয়ার্কে	8
প্যারেড	8
ডিউড	8
লোশন	8
মেন্ডেজ	8
শাওয়ার	8
পরাতে	8
একটিও	8
বোমের	8
মুকুটটি	8
পেয়াজ	8
প্রতিপক্ষ	8
গায়িকা	8
উড়াই	8
টেকনিক্যাল	8
বলিষ্ঠ	8
টুপির	8
লাগতেছে	8
উইলি	8
এইটাকে	8
পুলি	8
নেক	8
পাঠালাম	8
খেলত	8
শপথের	8
হইলাম	8
নৃশংসভাবে	8
মানসিকতার	8
প্রোগ্রামিং	8
লাড্ডু	8
বাবুর্চির	8
স্যাম্পল	8
ঘাটাঘাটি	8
কিডনি	8
পরিস্থিতিটা	8
পাল্লায়	8
হিটার	8
শ্বাসের	8
বিশেষজ্ঞরা	8
স্বপ্নপুরী	8
ভরি	8
দার্শনিক	8
গরমের	8
ট্রিগারে	8
পরিবর্তনকারী	8
কেয়ারটেকার	8
ডিগনাম	8
দেছে	8
খন্ড	8
রামার	8
শোভা	8
পরমানন্দ	8
যাকেই	8
থোর্ন	8
মাতব্বরি	8
বিশ্বস্ততা	8
গোলামের	8
টাকলু	8
এইটুকু	8
সামান্যতম	8
ট্রান্সপোর্ট	8
উঠুক	8
রাজাদের	8
ডেজার্ট	8
নির্ঝর	8
সাহিত্যের	8
বাকস	8
লিক্লেয়ার	8
মিউনিখ	8
গন্য	8
কিসকো	8
বাবারা	8
জোয়েস	8
ঘুমাইনি	8
সহবাস	8
কেঁটে	8
নিঃসঙ্গতা	8
ট্রান্সপোর্টেড	8
অনুভূতিগুলোকে	8
কারাদণ্ড	8
বিফল	8
বাবাকেও	8
ক্ষীণ	8
হানবে	8
পরিচালনায়	8
পদ্ধতিটা	8
গ্যারি	8
রাজন	8
পেতেই	8
গ্রামা	8
পদার্থবিদ	8
ব্ল্যাকের	8
ভরো	8
পাড়িয়ে	8
হাটুর	8
অবাধ্যতা	8
বাজাচ্ছি	8
ঢুক	8
চার্লসকে	8
আ্যন্টন	8
ক্রিটিক	8
নৌকাগুলো	8
এলাঙ্গো	8
মিথ্রানের	8
দারিদ্র	8
বেটে	8
কয়েল	8
কনরের	8
পার্টনারের	8
তরুণদের	8
মগজে	8
স্কাউট	8
নিলয়	8
গ্যাংস্টারের	8
ফেরেনি	8
কার্টেলের	8
্যাম্বো	8
জানলা	8
বৈঠকে	8
ত্রাসের	8
সিল্যান্ড	8
আর্টেমিশিয়া	8
শুকনা	8
কাসেরেস	8
সেঙ্গালভারায়ান	8
বিকশিত	8
এস্টেট	8
শর্টকাট	8
কমানো	8
অত্যাধুনিক	8
সরাইয়া	8
ভক্তি	8
সেঙ্গাল	8
রোডের	8
এক্সাইটেড	8
শতাধিক	8
সবুর	8
রকে	8
পিচ্ছিল	8
হায়াবুজা	8
এনক্রিপ্ট	8
প্রতিদ্বন্দ্বীতা	8
ছিলোই	8
কেয়ামত	8
কামাল	8
মিলিমিটার	8
কনরকে	8
ইস্ত্রি	8
কোলোট্টো	8
চার্চিল	8
হেরোইন	8
মেডুসা	8
পরিষদের	8
ইটের	8
শুয়েছিলাম	8
অনুপস্থিতিতে	8
শূন্যতায়	8
অক্টোপাস	8
আত্মীয়স্বজন	8
ভূমিকায়	8
স্টেটস	8
অ্যালকোহল	8
বিদেশ	8
যোগাযোগে	8
রগ	8
ম্যাককয়	8
দুঃস্বপ্নের	8
আনুবিস	8
সেলকির	8
কাকের	8
উত্তরণ	8
স্যাটেলাইটের	8
হুঁশ	8
লক্ষি	8
গোমেজকে	8
দ্রুতগতিতে	8
জবরদস্ত	8
এলকোহল	8
টুইসেল	8
মেয়েগুলোর	8
সিডি	8
বার্তার	8
পূর্বদিকে	8
মরিচ	8
নিচ্ছিল	8
ট্যাক্সির	8
আলোটা	8
ম্যাক্সিমা	8
করছিলা	8
ভ্যালু	8
প্রাকটিস	8
পোড়াও	8
দেখালো	8
বাজনা	8
দৌড়িয়ে	8
গণিতের	8
মুক্তিপণের	8
কোষের	8
টুক	8
ফেসিয়াল	8
এপিক	8
নাচব	8
ওপরই	8
হট্টগোল	8
পেইন্টার	8
ন্যাভিগেশন	8
জুলু	8
লেলিয়ে	8
বেসিক	8
তৃষ্ণা	8
আমদানি	8
পড়তেই	8
ইসিলডুর	8
অমরত্ব	8
খুজব	8
কার্টেন	8
কোলকাতা	8
ব্র্যান্ডের	8
ঋতু	8
নকশার	8
জুজুই	8
পছন্দই	8
চরকায়	8
চেন্নাইতে	8
কার্ভার	8
বিংগো	8
জামিন	8
উম্মে	8
রিপিট	8
ভাষ্যমতে	8
বাসনা	8
তুলেছেন	8
কনকে	8
পণ্ড	8
পাঠাচ্ছেন	8
পিক্সি	8
ডিশ	8
জানালাটা	8
বেকারি	8
রাখবা	8
নেং	8
পুলের	8
পেশী	8
আপনা	8
জন্মেছিলে	8
জাঁকজমক	8
মইধ্যে	8
যথাসম্ভব	8
সুদের	8
যতসব	8
চাচ্চু	8
উনারে	8
সুইচটা	8
ওপস	8
দীর্ঘজীবি	8
ভণ্ড	8
জুটি	8
কিনেছিল	8
প্রাচ্যের	8
মরণের	8
টুচি	8
সারেকে	8
চাকুটা	8
এতিমখানা	8
ফোর্সে	8
নিভি	8
ভাগেন	8
মতোন	8
গুরুত্বপুর্ণ	8
মরিয়ম	8
শিশুসুলভ	8
লিকি	8
ছেঁড়া	8
মশাল	8
শুভ্র	8
সূর্যোদয়ের	8
হাতল	8
ব্যবস্থাই	8
তরুণী	8
জটিলতা	8
উড়ছিলাম	8
খুচরা	8
ঔষুধ	8
বুঝাচ্ছে	8
পর্বতমালা	8
এলার্জি	8
পাগলদের	8
শুনতেও	8
জাগাও	8
হিসেবেও	8
যুবার	8
অনুরাগ	8
ইসলা	8
ব্ল্যাককে	8
ইয়ার্ডে	8
আপনাদেরই	8
দিছিলাম	8
সেইখানে	8
পদোন্নতি	8
কার্লের	8
আপের	8
টর	8
অফুরন্ত	8
সিঙ্গাপুর	8
কেড়েছে	8
হসকিন্স	8
লাগিয়েছিল	8
পেট্টিগ্রূ	8
কিশোরী	8
সেইই	8
ইন্ডোমিনাস	8
কার্য	8
হকলি	8
গর্ববোধ	8
রব	8
নেভি	8
উত্তাল	8
রাস্তাঘাট	8
মর্ফিয়াসের	8
শরীফ	8
ছয়টি	8
লাইব্রেরি	8
ক্ষেপণাস্ত্র	8
দাসত্ব	8
চুলওয়ালা	8
লুপে	8
নরওয়ের	8
মেয়েঃ	8
যতক্ষণে	8
তর্কের	8
অক্সিজেনের	8
খেলছিল	8
ব্রেট	8
ছুটছে	8
থ্রাস্ট	8
সম্মানবোধ	8
খের	8
শেঞ্জহউ	8
কাপে	8
গোলমেলে	8
সিস্টেমই	8
ডাইপার	8
বাবুকে	8
স্বাক্ষরিত	8
চাপতে	8
অবকাশ	8
গেটওয়ে	8
মিমি	8
ওয়ানা	8
উদ্দেশ্যের	8
গির্জার	8
জাগানো	8
ঠেকে	8
এবিগেল	8
কর্পের	8
রক্ষিবাহিনী	8
টেকনিক্যালি	8
অতৃপ্ত	8
নল	8
ঝিনুক	8
টড	8
কীজন্য	8
মুম্বাইতে	8
অফিসিয়ালি	8
প্রতিও	8
জানোয়ারদের	8
বৌয়ের	8
ট্রি	8
বাচিয়েছ	8
বিচিত্র	8
ট্রেইনিং	8
সাহেবার	8
খাওয়াব	8
উল্টিয়ে	8
চালাচ্ছ	8
লকডাউন	8
থেরিসিয়া	8
সেন্ড	8
কুঞ্জাপান	8
সোনাকে	8
থামাব	8
জিঞ্জার	8
অনেকদূর	8
উদ্ভাবন	8
আড়াআড়ি	8
স্বাভাবিকের	8
পরোয়াই	8
রসবোধ	8
লেনদেনের	8
মুছতে	8
বেশ্যাদের	8
ব্যাচ	8
ঘোলাটে	8
উত্তীর্ণ	8
শিশির	8
সোনারা	8
একানের	8
বুটস্ট্র্যাপ	8
হেনরিকে	8
হারলো	8
এলার্ট	8
প্রসেসর	8
গোরান	8
যডি	8
ফ্যান্টাস্টিক	8
উঠায়	8
ফিলচ	8
ভাল্লাগসে	8
কারণও	8
পলিজুস	8
শৈল্পিক	8
কিচ্ছুই	8
ডকে	8
রুকউড	8
দাঁতে	8
ক্র্যাব	8
গয়েল	8
ব্যাপকভাবে	8
একটায়	8
হারামজাদার	8
ছুইয়	8
রাশিয়ানদের	8
তালাবদ্ধ	8
সানওয়ো	8
মাস্তান	8
আইফেল	8
কয়েদীকে	8
ওয়ার্নিং	8
অভাবনীয়	8
ল্যানিস্টারের	8
বুটের	8
রবিন	8
পোল	8
জোরাহ	8
ডেনেরিস	8
সিরিয়াসকে	8
হেডউইগ	8
সরাইখানায়	8
ট্রাইউইজার্ড	8
গোলযোগ	8
দ্রোগো	8
লাগলেও	8
চাদরের	8
মেইহেমের	8
জায়গামতো	8
ভারতীয়দের	8
দড়িতে	8
সুইডিশ	8
ডিমগুলো	8
সেগুলি	8
বসাবে	8
আ্যলবাস	8
স্ট্যানিস	8
প্রতিশ্রুতিশীল	8
মাঃ	8
চক্ষু	8
পাগলামির	8
ওদেরই	8
থমাসের	8
সপ্ন	8
কেল্লায়	8
দরকারটা	8
ভাঙ্গে	8
ফুঁক	8
ক্লিন্ট	8
পেগি	8
করছস	8
মোনিং	8
ফেইসবুক	8
আলমারিতে	8
আক্ষেপ	8
লেভিওসা	8
রাজের	8
অকল্পনীয়	8
মস্তিস্কের	8
ম্যারির	8
ঈর্ষান্বিত	8
মিলিচ	8
হযরত	8
বুটস	8
এইদিক	8
ফোরস	8
চলচ্চিত্র	8
গ	8
ডিজাইনের	8
যদ্দূর	8
পরশু	8
হাঁটাহাঁটি	8
প্রশ্নটি	8
এন্ড্রিয়াস	8
সুনামি	8
বড়টা	8
পনিরের	8
খুদে	8
সুট	8
পূরণের	8
দৃষ্টিভঙ্গির	8
লোডিং	8
ভাবনি	8
সবদিকে	8
আইনকে	8
গিয়ারমো	8
পয়সায়	8
কারের	8
আইনত	8
তাড়াতে	8
আছাড়	8
ধরলো	8
তাকি	8
হারাইনি	8
কিনার	8
স্ক্রাম	8
সর্বাত্মক	8
ডেবি	8
সাইজে	8
বড়ভাই	8
লতিফ	8
নকশাটা	8
যাইনা	8
বলাও	8
হতনা	8
খালীসি	8
হাওয়ার	8
বস্তুকে	8
উচ্চতার	8
ডুম	8
পিষ্ট	8
গোমস্তা	8
ফুসফুসে	8
তুর্কী	8
সংঘর্ষের	8
সাবজেক্টের	8
হার্টবিট	8
চাচ্ছেনা	8
ততোক্ষণ	8
জফ্রি	8
মারটির	8
বাঁদরের	8
লালা	8
ঘুমুতে	8
দীর্ঘজিবী	8
কল্টার	8
মারতেই	8
সুবিচার	8
আস্	8
তোয়ালেটা	8
সিবিলা	8
সঙ্ঘের	8
শাটিলন	8
প্রভাবশালী	8
অ্যামিগো	8
সবগুলি	8
মেন	8
মার্লার	8
অবমাননা	8
পরিশ্রান্ত	8
জানুকে	8
দীর্ঘজীবী	8
আপেক্ষিক	8
কুস্তি	8
পদবি	8
গ্রাফিটি	8
ঘোড়াটা	8
চেম্বার্স	8
ছুড়বো	8
গোলামি	8
চালাবি	8
উঠোনে	8
ছুতে	8
তামাক	8
নিকো	8
পড়েছিলেন	8
মাস্তি	8
লিডাভিগ	8
নেওয়াটা	8
মাইডাস	8
খ্রিস্টান	8
যাওয়াটাই	8
অসুস্থতার	8
হাতগুলো	8
জেনেছ	8
ডানদিক	8
দর্শকমন্ডলী	8
সেটাতো	8
ইউরেকা	8
পণ	8
প্রণীত	8
উদ্বেগহীন	8
ঘৃণিত	8
ঘি	8
শাখায়	8
কইল	8
নিতম্ব	8
মতানুযায়ী	8
চামচা	8
সামর্থ্যের	8
এলিসন	8
মেরনা	8
মিয়াকে	8
শুভবিকাল	8
মায়ামির	8
শুওরেরবাচ্চা	8
খুলেছ	8
আটা	8
দলত্যাগীদের	8
আরবদের	8
নাইরোবি	8
শুনিয়েছে	8
স্প্রিং	8
মেট্রোপলিস	8
অল্ড্রিচ	8
ভালোবাসবো	8
টীচার	8
প্যাট্রিয়ট	8
নিম্নলিখিত	8
আমর	8
সায়েন্টিস্ট	8
জিওন	8
শুননি	8
গ্রেপ্তারের	8
সাবওয়ে	8
বিদ্রোহের	8
বীচে	8
দৃশ্যের	8
ওইটার	8
সাধিত	8
পটেটো	8
মাফিক	8
মস্তিস্ক	8
ম্যারন	8
ঝুড়িতে	8
জাগতে	8
ম্যাশিন	8
সম্রাজ্য	8
তথ্যটা	8
রামেশ্বর	8
জার্নি	8
হাহাকার	8
শতাব্দীতে	8
ওঝার	8
টাংগাবালি	8
বিবেকের	8
ঝুলতে	8
খুঁজেই	8
লনে	8
স্পীকার	8
ষ্টেট	8
মারাঠি	8
কাপড়চোপড়	8
চুড়ান্ত	8
কতক্ষণের	8
বেইজমেন্টে	8
বোনটি	8
জনসাধারণের	8
আনুগত্যের	8
রাজপুত্রের	8
লক্ষ্যবস্তু	8
প্রশিক্ষক	8
পদব্রজে	8
মাংসে	8
পাঠালে	8
নেবুলা	8
দেহরক্ষী	8
দেখছিল	8
এরাও	8
চোটে	8
বিষ্টা	8
যতদুর	8
নেতারা	8
পারকিং	8
জোম্বি	8
ফর্মুলাটা	8
শ্বশ্রু	8
বুঝাচ্ছেন	8
লটে	8
কর্মকাণ্ড	8
তাকাচ্ছ	8
আত্মাহুতি	8
লিমো	8
কাটিয়েছেন	8
ছুড়তে	8
যোগায়	8
ক্রমাগত	8
থিতু	8
করাল	8
শুধায়ো	8
সেটাতেই	8
কক্ষের	8
ব্রিটেনে	8
বাড়ীওয়ালা	8
পদাঘাত	8
মাথাওয়ালা	8
রিপন	8
বন্ধুসুলভ	8
ধাক্কার	8
রসিদ	8
এ্যলিস	8
খেতেই	8
উথলে	8
গুরত্বপূর্ণ	8
শাসনের	8
চিমটি	8
চড়াও	8
কমান্ডিং	8
টারা	8
রিটার্ন	8
ব্যাক্তিকে	8
ক্যাথেরিন	8
গুলু	8
অধিষ্ঠিত	8
শামুক	8
তজ্জাতীয়	8
পড়নি	8
পাখিকে	8
বকছ	8
গোঁফ	8
কিস্তি	8
পর্যবেক্ষণের	8
পুরোপুরিই	8
অন্যত্র	8
দেয়াই	8
দুর্বিপাক	8
টুপিটা	8
হাসছি	8
মেলামেশা	8
অতিষ্ঠ	8
ব্যাচেলর	8
ছেলেঃ	8
সিটটা	8
নজরদারী	8
পরিমাপ	8
জনপ্রিয়তা	8
ঘোড়সওয়ারীরা	8
অনাহূত	8
ড্রিংকস	8
বসবাসের	8
রীজ	8
ইংরেজরা	8
বীরত্ব	8
অনুরাগী	8
থাকেই	8
স্টাইলটা	8
বেহায়া	8
আমাদিগের	8
কার্রলাঃ	8
তাজমহল	8
প্রসিকিউশন	8
বেলাকে	8
কেসটার	8
জায়গাটিকে	8
পরিপাটি	8
অঙ্কন	8
জেনো	8
শিন	8
জোড়ে	8
শুনাচ্ছে	8
লাফালাফি	8
ফ্লোরিডা	8
ব	8
মিশ্র	8
হেনলি	8
অবিচলিত	8
জন্মেছো	8
জীবনভর	8
মতুলুই	8
লেগোলাস	8
গুণ্ডারা	8
শিয়ালের	8
মানো	8
জ্বলবে	8
হাতিয়ারের	8
স্যাক্সনদের	8
আছেটা	8
মগ্ন	8
পরস্পরকে	8
বার্ন্সকে	8
হবিটদের	8
থিকা	8
বললামই	8
আদব	8
পরখ	8
বিলবোর	8
কেশ	8
আমারটার	8
অন্বেষণ	8
ডিউরিন	8
গোয়েন্দার	8
কামিয়েছি	8
কাটাব	8
সংযোজন	8
বৈশালী	8
সম্মুখের	8
করিবে	8
বহিরাগত	8
ক্লেশ	8
পিপাসার্ত	8
স্তূপ	8
চালে	8
ইয়ামি	8
ডিঙ	8
ওশেন	8
ঢুকাবে	8
বার্লি	8
উপহারটা	8
লেডওয়ার্ড	8
যব	8
ধূর	8
গাঁথা	8
ভালবেসেছি	8
উঃ	8
প্রাণনাশ	8
ক্যাসেন্ড্রা	8
ক্ষেতের	8
লোমশ	8
একান্তই	8
গ্রীষ্মে	8
ঝাঁক	8
গম্ভীরভাবে	8
বৃহত্তর	8
পূরণে	8
সাহসিক	8
ফিস্ট	8
সুপরিচিত	8
রক্ষার্থে	8
দূরবীন	8
আজকালকার	8
ম্যাসি	8
গন্ধও	8
মদ্যপান	8
পন্থায়	8
রাবারের	8
ঐসকল	8
উচ্চস্বরে	8
স্লিপার	8
কাউ	8
খাওয়ায়	8
সোফার	8
আঙ্কেলকে	8
উপস	8
হিস্টোরি	8
লড	8
সন্দেহভাজনকে	8
অক্ষরগুলো	8
গতরাতের	8
প্যানিক	8
ডোজার	8
নাগালে	8
জন্তুর	8
সম্মোহিত	8
অন্ধকারাচ্ছন্ন	8
ভ্রাম্যমাণ	8
জুলুম	8
ভক্তদের	8
জেরী	8
বুঝাবে	8
টেলিভিশনে	8
দিল্লির	8
বলবীর	8
জ্ঞাপন	8
মেহেরবানী	8
অমানুষ	8
মর্টেম	8
ঘুরেফিরে	8
অবতরণের	8
বিলির	8
অরে	8
জেনির	8
কন্সট্রাকশনের	8
আসলটা	8
গাদ্দারি	8
ডায়রী	8
অস্বীকৃতি	8
কাস্টমাররা	8
তোমর	8
কদর্য	8
ফ্রাঙ্কলিন	8
ট্যালেন্ট	8
জেনা	8
জাগা	8
মানসন	8
ট্রাফিকের	8
পোল্যান্ডের	8
গ্র্যাজুয়েট	8
সহায়তার	8
বেরোবো	8
কেঁদেছি	8
কাপড়গুলো	8
মালুম	8
এসএমএস	8
বাবাজী	8
সম্রাটের	8
দিচ্ছনা	8
টার্নারকে	8
রাশিয়ায়	8
ভাতিজার	8
কাইরন	8
গণহত্যার	8
ভাইঙ্গা	8
জীবনেরই	8
সাধন	8
টারটারাসের	8
গুদামে	8
কেলভিন	8
বৈধভাবে	8
খুকী	8
ডানদিকের	8
আমলে	8
কমদামী	8
গুগল	8
ঘরবাড়ি	8
পোড়াতে	8
আজে	8
ফিরল	8
ড্রিমস	8
হাফেজ	8
দাগাও	8
অ্যাানাবেথ	8
এতদুর	8
ভেদাভেদ	8
মাঝখান	8
রোপন	8
একটিভেট	8
নিস্কর্মা	8
ডগলাস	8
বাহন	8
এডমন্ডসের	8
ছাউনির	8
ফেন্স	8
আ্যসগার্ডের	8
ভালবেসেছিলাম	8
হায়েনা	8
শেখাবো	8
ডার্সি	8
কুলাঙ্গার	8
অণু	8
মহল	8
ক্রোধের	8
চমকাচ্ছে	8
আ্যসগার্ড	8
হাঁট	8
দেখাস	8
রোবটটা	8
বীণা	8
ক্যালকুলেশন	8
নানুমনির	8
পুরাটা	8
ছোটোখাটো	8
কুরিয়ার	8
ধাঁধার	8
পার্লামেন্ট	8
বিশেষজ্ঞদের	8
শুনছিলাম	8
সনাতন	8
সড়ুন	8
চলব	8
পালাচ্ছি	8
দৌড়াদৌড়ি	8
ঘোষিত	8
গভর্ণর	8
উল্টোপাল্টা	8
হোরাসের	8
আনিনি	8
এমনও	8
শ্রেনীর	8
বেনেট	8
রুমমেট	8
আন্দালিব	8
যৌগ	8
অনীক	8
মালিকা	8
সন্তানেরা	8
জনাথোন	8
ভিড়ে	8
চাইল	8
গাগা	8
ট্রে	8
ব্লাইট	8
জুড়েই	8
শুনলেন	8
আবছা	8
হৃদয়কে	8
টাইয়েন	8
ভাড়ায়	8
গাইবে	8
সিনেমাতে	8
কতবড়	8
এজেন্সির	8
মুড়ি	8
পাচটা	8
ভয়েট	8
স্যুটকেসে	8
দিনগুলোর	8
রিওরড্যান	8
বেশিক্ষন	8
মানুষগুলোকে	8
ঝোপের	8
প্লেনেই	8
পৃথিবীটাকে	8
মুক্তাটা	8
জায়গাগুলো	8
অর্গলটি	8
অভিন্ন	8
ওন	8
গেছিলি	8
আটজন	8
স্টুয়ার্ডেস	8
কাউন্টারে	8
দায়িত্বশীল	8
খসে	8
আটলান্টার	8
হামাদা	8
উদ্দীপ্ত	8
চেনাজানা	8
অর্জনে	8
ডিসকাউন্ট	8
জুতোগুলো	8
ক্যালিফোর্নিয়ায়	8
স্বর্ণকেশী	8
ক্ষতের	8
ট্যাংকে	8
জড়ানোর	8
স্মারক	8
ভারপ্রাপ্ত	8
অগ্নিমূর্তি	8
ফ্লিপ	8
ভুলিনি	8
সহযোগীরা	8
ভার্গা	8
আল্লু	8
সম্মিলিত	8
বন্দুকধারী	8
ঝুঁকিটা	8
হিংসুটে	8
বাইপাস	8
জানেই	8
পেট্টিগ্রু	8
নিকটতম	8
দলগত	8
গোঙানি	8
নিরামিষভোজী	8
টিচারকে	8
বাড়িটার	8
হচ্ছিলাম	8
ড্যান্সার	8
ব্যালকনিতে	8
পুরুষেরা	8
বিপ্লবী	8
কিউবা	8
ল্যুক	8
গণহত্যা	8
ষাড়ের	8
প্রিন্সের	8
নিউইয়র্কে	8
হাসতো	8
ঢাকনা	8
বেরুচ্ছি	8
ধসে	8
ম্যাসেজটা	8
ভাল্লাগলো	8
স্টিকটা	8
পোড়ানোর	8
অর্কিড	8
ডাচ	8
টেক্সাস	8
বিনকোভস্কি	8
অধ	8
বর্জন	8
বেশরম	8
নিরবতা	8
কাপটা	8
এলচি	8
ঘুরছি	8
মেহমানদের	8
সেলিনের	8
আঁকি	8
উপনীত	8
দেখলা	8
প্লাটুন	8
অাপনাকে	8
আছস	8
রোদের	8
চড়বো	8
রাজ্যকে	8
ধৈর্যশীল	8
ল্যাবরেটরিতে	8
ইবির	8
এ্যালুমিনাটিরা	8
উত্তেজনায়	8
সীমাবদ্ধতা	8
পছন্দমত	8
ফারগাস	8
বণিক	8
জানিয়েই	8
টেরোরিস্ট	8
সৎমা	8
ট্র্যাকে	8
স্কুলটা	8
ডাকাতদের	8
আনান্দের	8
রুমগুলো	8
উপরওয়ালা	8
থামালে	8
হাফিজ	8
রামচন্দ্রন	8
বুঝেই	8
মলিন	8
লবন	8
পরেরদিন	8
অলিম্পিক	8
হরিদাস	8
শুনছিলে	8
ভেবেছিলি	8
আন্দোলনের	8
বর্গ	8
আঁকার	8
বকা	8
গবাদি	8
মহালক্ষ্মীর	8
আনাসুয়াকে	8
উদ্যমী	8
আলম	8
ভেট্রা	8
স্ল্যাভি	8
ব্লেয়ার	8
বাইতে	8
দেখাইনি	8
সং	8
রেনাই	8
কাপড়টা	8
এওয়ার্ড	8
পসাইডন	8
দৈর্ঘ্য	8
ডাল্টনকে	8
ফার	8
খাওয়াবো	8
ডাইনির	8
ভালোবাসাই	8
ইরাকে	8
মাদারচোঁত	8
ঘটিয়েছে	8
ছায়াপথ	8
অবস্থাই	8
চাক্করা	8
পারছিল	8
অধিপতি	8
মালের	8
হনুমান	8
স্বাস্থ্যকর	8
ছেড়েছি	8
চোরটা	8
একজনকেও	8
অপরাধবোধ	8
আস্তানায়	8
ছোটদের	8
তাগো	8
ব্রাউনিং	8
বন্ধুক	8
ইকবাল	8
রাফায়েলের	8
আনবেন	8
বুর্কিনা	8
ডিটেইলস	8
ফাসো	8
দাড়িওয়ালা	8
গ্রেডের	8
পাংচার	8
সেরিওঝা	8
উল্লেখিত	8
বিলুপ্তির	8
মধ্যরাতের	8
গানটি	8
ক্যামারলেনু	8
ট্রিপের	8
সুই	8
পারলেনা	8
হ্রাস	8
ঋন	8
বাভা	8
পরীক্ষাটায়	8
পদতলে	8
স্টেডিয়ামে	8
এয়ারপোর্টের	8
ফেডেরাল	8
জয়প্রকাশ	8
রূপালী	8
রিল	8
গুপ্তধনগুলো	8
জালিয়াত	8
আসবোনা	8
বাতিঘর	8
এমআইসিআর	8
চেকগুলো	8
মৌমাছির	8
মোজার্ট	8
শূন্যে	8
পেশাগত	8
ইস্টার	8
অতিসত্বর	8
কিছুএকটা	8
জিং	8
ইঞ্চিও	8
উৎকৃষ্ট	8
মৃত্যুদন্ড	8
স্টানসিলস	8
এনকমের	8
ধনুশ	8
গ্রানার	8
বিদ্যার	8
কইলো	8
তুমরা	8
আটলান্টিকের	8
বেপার	8
কিউব	8
রাঘব	8
পরিবহনের	8
কোর্সে	8
হইব	8
বর্ষা	8
প্রমাণাদি	8
বাড়ীর	8
অমলেট	8
ভেষজ	8
মানিমেকালাই	8
আনছ	8
আশ্রমে	8
প্রো	8
সন্দেহই	8
করতি	8
ক্যান্সেল	8
তোমকে	8
পদায়ের	8
পিরিয়ড	8
উডির	8
দুশ্চরিত্রা	8
ফোনেই	8
শাম্ভু	8
এটিতে	8
চাইবি	8
মারকাজের	8
অক্ষরে	8
গিজগিজ	8
ভেংগে	8
ডায়মন	8
চুল্লী	8
ভরবে	8
প্রক্সি	8
মাইক্রো	8
যাবতীয়	8
বাটনে	8
ছোটলোক	8
ভরসায়	8
উডিকে	8
বাচবে	8
লিক	8
ছবিটির	8
ডেডহেড	8
অনি	8
চিলি	8
গুপ্তচরদের	8
কেনে	8
গোছল	8
রেঞ্জের	8
ভালমতো	8
বিবাদে	8
নিষ্ঠুরভাবে	8
ধৈর্যের	8
এগুতে	8
আশ্রয়ে	8
উত্তরসূরি	8
বিমানবন্দরে	8
মেরুদন্ড	8
স্ট্রং	8
বেটার	8
কর্তা	8
এএসপি	8
বেড়ান	8
গদা	8
মাইনে	8
আটলান্টা	8
ওঃ	8
আগেরটা	8
ব্যতিত	8
মিলিটারিতে	8
কেজির	8
ক্যান্সারে	8
সুপারম্যানের	8
এঙ্গেজড	8
বুজ্জি	8
লুইজিয়ানার	8
পিকচার	8
দাম্ভিকতা	8
বালুঝড়	8
ওয়ার্ডে	8
হ্যাকারদের	8
সুলভ	8
বার্কলি	8
খুজতেছি	8
পুচকে	8
মাছটা	8
দেবীর	8
দিবাস্বপ্ন	8
পরিহার	8
রোমানদের	8
বুদ্ধার	8
একগুঁয়ে	8
ছেলেমেয়েরা	8
সূর্যোদয়	8
এশিয়ার	8
পুয়ের্তো	8
ক্যাভিয়ার	8
ওয়েলশ	8
অধিনায়ক	8
খসড়া	8
স্নায়বিক	8
গুঁড়া	8
সময়জ্ঞান	8
করিয়া	8
ভেতরেও	7
প্রতিদানে	7
লুসিয়া	7
ব্রেড	7
তামার	7
লাগাচ্ছে	7
ততোই	7
পাখিটাকে	7
বস্তায়	7
সৃতি	7
বিলটা	7
পাচ্ছিলো	7
গারগ্যানচুয়ার	7
লোকেরাই	7
পরিবারটাকে	7
গাধাটা	7
নীতির	7
উঠানে	7
যাদুকরকে	7
বেঁকে	7
থিনিং	7
ধরছিস	7
খাসা	7
আমারটাও	7
আগ্রহের	7
গিয়েও	7
পরিচ্ছন্নতা	7
বেরনোর	7
রিজার্ভেশন	7
একপ্রকার	7
জিতব	7
হাঙরের	7
খুলেছি	7
নেফারিও	7
কমেডিয়ান	7
গুণী	7
ইলেকট্রনিক	7
মাখা	7
জিরাফ	7
গাড়িতেই	7
তাকাস	7
ক্ষমতাসীন	7
কেচাপ	7
থ্যাংক্স	7
ছারা	7
কাচ	7
মোহ	7
ডিজাইনে	7
ফেয়ারি	7
ওভাল	7
শিডিউলের	7
আগ্নেয়গিরিতে	7
ফ্যাসিস্ট	7
ফিগার	7
রান্নায়	7
শেকল	7
নেবোই	7
লামা	7
উজ্জল	7
বায়	7
রাজনীতিবিদদের	7
ধূলিসাৎ	7
এদেশের	7
এটাকেও	7
সপ্তাহখানেক	7
নিঃশ্বাসে	7
পিনের	7
কেলি	7
ঢালতে	7
ডাস্টবিনে	7
কুক্কুট	7
ববিনস্কি	7
কয়েদ	7
ভাবব	7
খেয়ো	7
শোনানো	7
সত্যই	7
দানবকে	7
ল্যাংগুয়েজ	7
পণ্ডিত	7
উতসর্গ	7
ঢোকাও	7
নিকষ	7
জিতছে	7
ফটোটা	7
আম্মাচী	7
অাছি	7
বিচারে	7
নোঙর	7
ধান্ধা	7
পাহারায়	7
লিখেছো	7
একাউন্টের	7
কারেন্টের	7
ডানপাশে	7
কাঁপতে	7
শীট	7
ঢুকেছিলাম	7
কোম্পানিটি	7
রুমালটা	7
চাপার	7
সাইক্লোপসের	7
চলেনা	7
অ্যান্ডারসন	7
তলোয়ারের	7
কলমটা	7
খনিজ	7
ঘনিষ্ট	7
পুলিশটা	7
নিদ্রায়	7
আকবর	7
মোছার	7
দেবলোকের	7
হারিয়েছিলো	7
রেসার	7
বইন	7
বাসিন্দারা	7
পুনরুত্থান	7
সুরঙ্গ	7
কাশী	7
উলটে	7
বাঁচাল	7
রিংটোন	7
রেমেডিস	7
জার্মানী	7
বন্ধুদেরকে	7
ফুটিয়ে	7
ময়দান	7
সমস্য	7
ঢুকিয়েছিলাম	7
উইলফ্রেড	7
অপহরণের	7
অঙ্কুরিত	7
অনুদান	7
টনিকে	7
ডাকছো	7
এরিয়াতে	7
হারাল	7
মরটান	7
মনমরা	7
এডিসন	7
টানেলে	7
স্টাফদের	7
খেতাম	7
জোক্স	7
নিস্পাপ	7
আনোয়ার	7
জামের	7
পুলিশি	7
আন্ডারওয়্যার	7
নিভাও	7
আত্মপক্ষ	7
মহিলাটার	7
ভাঙ্গেনি	7
কনফারেন্সের	7
আকর্ষনীয়	7
অর্পণ	7
সঞ্চিত	7
গেরে	7
বাজেটের	7
সেলভিগ	7
গর্তের	7
এরিককে	7
গোপণ	7
কিভবে	7
ইয়েলোজ্যাকেট	7
স্বপ্নেই	7
আসনের	7
এরিসের	7
নিবেদন	7
রক্ষিত	7
অনুকূলে	7
বাচ্চাগুলোর	7
ছেলেটাও	7
লুইজ	7
হলিউডে	7
কাটেনি	7
গাদ্দার	7
আগন্তুক	7
মন্ত্রণালয়ে	7
খামটা	7
তানভির	7
সত্যিৎ	7
সেমিনার	7
আবহাওয়ায়	7
মাথাচাড়া	7
খেলছিস	7
গুডনাইট	7
বেচার	7
এলিট	7
উদগ্রীব	7
জাদুকররা	7
মেজাজে	7
পল্লবির	7
অাছেন	7
গুপ্তচরকে	7
পাগলাগারদে	7
ডারলিং	7
শিরা	7
গোত্রদের	7
অবাধে	7
আদিদের	7
সেনার	7
বন্দিদের	7
পুননির্মান	7
বেলাজিও	7
জনসাধারণ	7
ক্যাপসুলের	7
পুডিং	7
কক্ষপথ	7
কমান্ডো	7
কৌশলী	7
ট্যুরিস্ট	7
বেঁচেই	7
অবিরাম	7
জামার	7
খাদক	7
খুঁটিয়ে	7
ডাইনোসরদের	7
দেশি	7
দাফনের	7
পড়বেনা	7
বন্ধুই	7
প্রচারকের	7
লোভের	7
হারিয়েছিলাম	7
লড়াইটা	7
উৎসবটা	7
ধীরগতির	7
খেলনার	7
সৃষ্টিকর্তাকে	7
পেরেশান	7
কাটলে	7
তোকেও	7
পাহারে	7
মর্গ	7
সম্মানজনক	7
ফাঁসিয়ে	7
আত্নাকে	7
যুক্তিসংগত	7
কার্ডগুলো	7
শিখিয়েছিলেন	7
ব্যবহারে	7
বান্ধবীর	7
বলটাকে	7
সম্রাজ্যের	7
পিচ্চিটা	7
বিন্যাস	7
ভালোবাসতেন	7
তাকাবেনা	7
চখাম	7
মিরাজ	7
ডিজেল	7
হোপারের	7
জাপানিজ	7
গ্রাহকদের	7
গাড়িও	7
বোনসোন	7
আদর্শবাদী	7
রেডিওঃ	7
থার্মাল	7
ঘন্টাই	7
পারসি	7
কম্পানির	7
পল্লবি	7
ব্রাগা	7
ধমনী	7
ফিরো	7
থামব	7
ইতস্তত	7
মেট্রোপলিসের	7
আমেরিকাকে	7
এডিশন	7
ক্রিপ্টোনিয়ান	7
রেস্টুরেন্টের	7
উইন	7
কিলিক	7
ল্যাং	7
ভেঙ্গেছ	7
দুঃশ্চিন্তা	7
জিন্স	7
এইখানেই	7
বীরের	7
কাঁদো	7
ইউন	7
বাইনচোত	7
পড়াতে	7
গতিশীল	7
ভ্রমণটা	7
নাশক	7
খামু	7
খুজছেন	7
স্কাইনেটে	7
রুটে	7
জাদুদণ্ড	7
নিদ্রা	7
মুল্যবান	7
একাজ	7
এ্যাটলাস	7
চলছো	7
ব্ল্যায়ার	7
সোলার	7
মেয়েমানুষ	7
জাপানী	7
ব্লাকউডকে	7
ম্যাকট্যাগার্ট	7
অধরা	7
বকছিস	7
খাচায়	7
এলেনা	7
গুজবে	7
ঠেকাও	7
সত্যিকারে	7
খানিক	7
ক্লাসরুমে	7
কৃষ্ণের	7
চঞ্চল	7
চিরসবুজ	7
হ্যাটটা	7
বাচ্চারাও	7
ক্রসের	7
দাঁতগুলো	7
ভাঙলো	7
ফ্ল্যাশলাইট	7
সংকটের	7
পতনের	7
লিখলাম	7
সামনা	7
রিমোটটা	7
বোঝনি	7
সম্মোহন	7
ব্ল্যাকবার্ন	7
হাস	7
বুযতে	7
এসিড	7
শ্রাইক	7
বুজলে	7
কনফিউজ	7
বোকারাম	7
ফিল্টার	7
নির্ভয়ে	7
পর্দাটা	7
বিল্ডিঙে	7
ডরোথি	7
শ্রদ্ধার	7
টারমিনেটর	7
খেলেছো	7
দাদীকে	7
কার্তিককে	7
নেমেছি	7
হারা	7
ক্লিপটা	7
অভ্যাসে	7
ওলো	7
বেষ্ট	7
ট্রায়াল	7
স্টিকার	7
গৃহহীন	7
আলোকপাত	7
ওশান	7
মলম	7
টাও	7
হিন্দিতে	7
অ্যাম্যান্ডা	7
ভাইসাব	7
খুনগুলো	7
নির্দেশের	7
মোড়ানো	7
পাজল	7
গ্রামবাসীর	7
ভিজিটর	7
ইরাকী	7
কর্মকর্তারা	7
আরিয়ার	7
জগিং	7
কাওয়ারড	7
ভাগ্যটা	7
মোটরসাইকেল	7
যাত্রাপথে	7
বালিশের	7
স্ট্রীটের	7
সম্প্রদায়কে	7
খুলির	7
বদমেজাজি	7
তাৎক্ষনিক	7
বিশেষকরে	7
ক্যাসেলের	7
রক্স	7
বুঝাও	7
ব্রাডলি	7
প্রমোশনের	7
ষ্টীল	7
লম্বু	7
দুর্গন্ধময়	7
সমাধানটা	7
উদ্বুদ্ধ	7
নারীরা	7
পাত	7
জুরি	7
পরদাদা	7
নরবি	7
শখের	7
জম্ম	7
ডেভিনা	7
ধর্মই	7
মামনির	7
কাচের	7
রিপোর্টিং	7
কারী	7
পরাক্রমশালী	7
ভাবল	7
হোলো	7
হারামীর	7
শুনানিতে	7
সমূদ্র	7
মিটানোর	7
কোম্পানীর	7
পারতেছো	7
ভয়ই	7
বোতামের	7
বাক্যের	7
মার্কেটিং	7
নেয়াটা	7
আয়ারল্যান্ডের	7
নানটাকেটের	7
মুক্তিপণ	7
মিচ	7
তাণ্ডব	7
গর্ডনকে	7
অদম্য	7
ক্রিটার	7
বাইসাইকেল	7
তারসাথে	7
তুললো	7
খুঁজছিলো	7
সস্তায়	7
মতনই	7
কোনই	7
দিছেন	7
ভিকটিমের	7
বেদুইনদের	7
বাসর	7
গডফ্রে	7
গিনা	7
আঙ্গুর	7
থামলো	7
বার্থ	7
উচ্চমানের	7
গোথামকে	7
পথভ্রষ্ট	7
বুঝতেছি	7
ভালোনা	7
প্রেতাত্মার	7
ওওহ্	7
আতঙ্কে	7
সমর্পন	7
প্লানটা	7
রডনি	7
ঐসময়	7
সবঠিক	7
খোলাসা	7
গর্ভপাত	7
লিবি	7
শ্যাডো	7
আবাসস্থল	7
হেডলাইন	7
মানবতা	7
হাসাতে	7
চেকে	7
কপালপোড়া	7
চমকিত	7
অ্যাকশন	7
উদ্দিনরকি	7
আইআরএস	7
পস্তাতে	7
ওমরকে	7
নাম্বারটি	7
হাতটি	7
মেলায়	7
আকাশকে	7
অপ্রত্যাশিতভাবে	7
মোশন	7
টুকরোগুলো	7
উদাহরণস্বরূপ	7
দিনগুলি	7
ইঁদুরটাকে	7
ডেটের	7
মধ্যবর্তী	7
যাবেই	7
জনিকে	7
সুজি	7
অংশই	7
ভূতটা	7
ছেড়েই	7
অনুভূতিগুলো	7
গবেষণায়	7
মৃত্যুও	7
পালিয়েছিলি	7
ফিসা	7
ঢুকেছো	7
কতদিনের	7
সাবধানতা	7
ভেবনা	7
ঈদ	7
ডাটাবেজে	7
ভিনদেশী	7
কুরে	7
ভিঞ্চি	7
মিত্রানের	7
প্রবেশপথ	7
ফর্মটা	7
ফেলছিলাম	7
পড়েনা	7
এলেক্সকে	7
টিকবেনা	7
ঢুকেছিলে	7
টুইটারে	7
উন্নতমানের	7
পাঁঠা	7
সোয়া	7
কপালের	7
ভালবাসতো	7
ছিলই	7
পেভেন্সি	7
পরেছিলো	7
কথাতেই	7
মহাকাশের	7
সুসানের	7
লিখেছিলে	7
ছাপানো	7
অসহ্যকর	7
চেন্নাইয়ের	7
স্মৃতিকে	7
বাস্তবের	7
করাচ্ছি	7
এরকমটাই	7
এডউইন	7
পোস্টে	7
হারিয়েই	7
মনিটরে	7
ধ্বংসযজ্ঞ	7
শিকাগোর	7
সিডনী	7
জার্নাল	7
মিরান্ডা	7
চুলকানি	7
স্বর্গরাজ্যে	7
ভলিবল	7
প্রতিযোগীদের	7
আহাম্মকের	7
শেষদিন	7
যুদ্ধজাহাজ	7
তফাৎ	7
পুরষ্কারের	7
নাটালি	7
দিনগুলোতে	7
খাচ্ছিলাম	7
টুইন	7
গর্ধবের	7
কতটি	7
জেমির	7
নবজন্ম	7
অধিবাসীদের	7
একধাপ	7
বোকচোদ	7
সমাপ্তির	7
এলিসিয়া	7
টেলিগ্রাম	7
হতাশায়	7
খাপে	7
স্পর্শও	7
আফগানিস্তানের	7
হায়াতে	7
লালনপালন	7
ঝাড়ুলাঠির	7
সাধুদের	7
আনতাম	7
কিম্ভুতকিমাকার	7
বাটির	7
বহমান	7
বাস্টার	7
জব্দ	7
অভ্যস্থ	7
খুঁজছিল	7
মহোদয়া	7
খানাপিনা	7
বেড়াতাম	7
ধারের	7
হেডাম	7
ডাকেন	7
হলনা	7
ফ্লেয়ার	7
স্ট্রেঞ্জ	7
বুঝতেও	7
লিওনের	7
উইজলির	7
এরল	7
মিং	7
বাদই	7
সিনে	7
লিস্টের	7
বেনের	7
বালুর	7
পাকনা	7
ঘুরাবে	7
পার্লারে	7
স্বর্ণালী	7
ভিক্ষাবৃত্তি	7
ওভারটাইম	7
এটাতেই	7
গ্রীষ্মকাল	7
স্বীকৃত	7
অনুপস্থিতি	7
ভেগেছে	7
ভাইয়ে	7
চশমাটা	7
নিষ্পত্তি	7
পার্থিব	7
চারশ	7
বেশকিছু	7
হাঁটবো	7
বশ্যতা	7
সমূহ	7
শোনাতে	7
দেশটা	7
নির্মান	7
দেশটার	7
খাদে	7
কাটবেন	7
আমেরিকানের	7
হীন	7
দোজখে	7
জোরাজুরি	7
কিনছি	7
রেখার	7
কতোদিন	7
তদের	7
কাঁটাচামচ	7
মাস্তুল	7
সালাদের	7
কেরাকে	7
হলিউডের	7
সিরিয়ার	7
ধর্মঘট	7
দীক্ষিত	7
সংগ্রামের	7
ইটার	7
অগোচরে	7
রশিটা	7
সিয়ার্সোর	7
ভেলকি	7
মৃদুস্বরে	7
অভ	7
ভাবুক	7
কাস্টম	7
সেভিওর	7
ডুরান্ট	7
রাসেল	7
ওতেই	7
ব্যক্তিরা	7
পুকুরে	7
বসাতে	7
ব্যাগটি	7
রণকৌশল	7
ছবিগুলোর	7
ভুলই	7
প্রতিবেদনের	7
ভাঙাই	7
সমান্তরাল	7
মধ্যের	7
কার্স	7
দরুন	7
ফ্লেউর	7
লাগালাম	7
ক্যাপের	7
ছিঁচকে	7
ইগর	7
মাকার	7
মাঝরাত	7
ভন্ডামি	7
টানছে	7
ঘিন্না	7
মগ	7
অবনতি	7
উর্বর	7
বুঝোনা	7
শার্প	7
গাছপালার	7
হোমস্টিড	7
নম্বরে	7
বেক্কল	7
পুড়ছে	7
ডজনের	7
কোণঠাসা	7
এসবকে	7
হত্যাকারীর	7
সুরাহা	7
কামনায়	7
পড়ানো	7
জড়	7
লিলিপুট	7
মেয়েদেরকে	7
জাজ্বল্যমান	7
বুসানের	7
পোকামাকড়ের	7
ডাইনিদের	7
আগুনটা	7
জলাতঙ্ক	7
মৃগয়া	7
উন্মুখ	7
মিজগিন	7
লায়লা	7
কার্টেল	7
অ্যামেরিকানরা	7
লোকও	7
গ্রাসের	7
জিনা	7
আত্মসাৎ	7
এন্টারপ্রাইজ	7
চলতাম	7
ত্যাজ্য	7
লাগিয়েছ	7
সিলিং	7
ব্যতীত	7
জংলি	7
আণ্ডা	7
ইমোশনাল	7
পরিনি	7
পোঁতা	7
মস্ত্রোম	7
পরিমাণটা	7
জমিন	7
হোস	7
রসের	7
স্ত্রীও	7
ছাড়েনি	7
হতবাক	7
সুবাদে	7
জাম্বো	7
কাঁদার	7
রিপোর্টের	7
শোচনীয়	7
শীঘ্র	7
হেফাসটিস	7
আগানো	7
ভালোও	7
ভিয়েতনামি	7
ছুটছি	7
গুলার	7
এরিয়ার	7
নাগরিকের	7
সম্মেলনের	7
আইলো	7
হেঁয়ালি	7
মুক্তো	7
উপার্জনের	7
অসন্তোষ	7
ঘুমাচ্ছিলাম	7
যোগদানের	7
পারমিট	7
কিচ্ছা	7
হইতাসে	7
পাইয়া	7
খাওয়াই	7
চাঁদা	7
রাজত্বের	7
কাস্তে	7
ভিসন	7
শব্দজট	7
হিলস	7
ইয়োগা	7
প্রকাশ্য	7
শিকারিরা	7
পার্টিকে	7
ফুফাতো	7
গিমলি	7
বাঁধে	7
ডেনিস্টন	7
ফ্রাঙ্কি	7
তত্ত্বাবধানে	7
ডটার	7
ছয়টার	7
নগর	7
মেগান	7
অর্কদের	7
পথহারা	7
বর্ণমালা	7
নির্গত	7
যতবারই	7
প্রর্দশিত	7
অপ্রচলিত	7
শীতকালীন	7
সোফায়	7
সমর্থিত	7
হস্তনির্মিত	7
ঠাকুরমা	7
লাইটার	7
বাইচ্চা	7
প্রজেক্টে	7
আজো	7
মুড়ে	7
মার্ডার	7
রাজমুকুট	7
ততবারই	7
পাতি	7
ন্যানি	7
বোলেন্সের	7
কাঁচুমাচু	7
বাকা	7
ওয়াইমি	7
আইয়ো	7
ইনশাআল্লাহ	7
কোষাগার	7
ভিক্টিমের	7
শিল্পপতি	7
বিড়বিড়	7
ভিজিট	7
আলঝেইমার	7
সম্ভাব্যতা	7
চালাচ্ছেন	7
কাটাচ্ছি	7
সেক্টরে	7
প্রতিযোগীতা	7
দিনদিন	7
ব্যাপী	7
মিশরীয়	7
প্রত্নতাত্ত্বিক	7
জোচ্চোর	7
জানালাগুলো	7
ইন্ডিয়ানা	7
মেয়েরাও	7
শয়তানী	7
ওরই	7
উচ্চপদস্থ	7
স্ট্রিপ	7
পুর্বে	7
চার্জশিট	7
রাইতে	7
কাইট্টা	7
ছেড়া	7
বিষয়টার	7
প্রাণহানি	7
চয়	7
বেরোচ্ছে	7
রুপকথার	7
দেখতেছে	7
কস্ট	7
ঝলকানি	7
চোখা	7
বাড়া	7
সবকিছুতে	7
সতর্কবাণী	7
দেশটাকে	7
মার্শালের	7
ঘোরানো	7
ছাইপাঁশ	7
অষ্টম	7
পুরাটাই	7
পরিসমাপ্তি	7
ব্যর্থতায়	7
সব্বাইকে	7
যন্ত্রগুলো	7
প্রারম্ভিক	7
কও	7
করনের	7
যাহারা	7
টাইটানিকে	7
ভার্সন	7
বোরাক	7
ভরসার	7
স্ট্রিটের	7
অ্যাপাচি	7
প্রতিপক্ষের	7
বেলক	7
নেভির	7
সাধ্যমতো	7
প্রাণীই	7
জিনকে	7
শৈলী	7
অ্যালি	7
এনিটা	7
সবকটা	7
নোড়ো	7
খুললাম	7
কাটিয়েছ	7
দোষীকে	7
উম্বাসি	7
ওয়াগন	7
নামাবো	7
যৌবন	7
জার্মানির	7
কাকুর	7
কেইবা	7
বেড়াবো	7
কুকর্ম	7
স্পিডে	7
রান্নাঘরের	7
জিএমপি	7
উঠলেন	7
স্ক্রিপ	7
ঘুরাফেরা	7
লাডলো	7
পিটের	7
রাজদ্রোহ	7
এগুচ্ছি	7
এনেছিলেন	7
এলিয়েনের	7
হকি	7
জীবনটাও	7
কাটালাম	7
ব্যাবহারের	7
নিজেদেরই	7
গুণ্ডাদের	7
হাসিতে	7
লোকবল	7
নাইটেরা	7
ক্রিপ্টনের	7
জড	7
টাকাটাই	7
শুকে	7
নাথিং	7
হারবো	7
শ্রেডারের	7
ভিডিওর	7
টুল	7
নির্মাণের	7
অদ্রি	7
পারমু	7
খানায়	7
এড়ানোর	7
কইছি	7
পড়বি	7
সারাহকে	7
ভরাট	7
ভোলা	7
ভ্যানিলা	7
খাবারই	7
ফেললি	7
একটানা	7
নেতিবাচক	7
অনধিকারপ্রবেশকারী	7
স্টকম্যান	7
কিচেনের	7
মারতাম	7
স্টকম্যানের	7
ব্রাজিল	7
সাবিনা	7
এগুলির	7
জায়নের	7
সহিংসতার	7
শিখিয়েছ	7
ডুমুর	7
অনুভুতির	7
ছাঁদে	7
বনভূমি	7
হ্যামার	7
সেক্সী	7
রেট্রো	7
বলছিলা	7
একইসাথে	7
শোধরাতে	7
ডোয়ার্ফদের	7
ভাইরে	7
ডরিস	7
চুক্তিপত্রে	7
চলতেছে	7
রুফাস	7
সান্তিনো	7
ভাগছে	7
আশাবাদী	7
বার্তাটা	7
চিন্তাকে	7
পৈতৃক	7
পাঠায়নি	7
অপরাধীদেরকে	7
ফলমূল	7
দাগগুলো	7
লুকাবো	7
মুভমেন্ট	7
মেকানিকের	7
চিং	7
গ্র্যাজুয়েশন	7
উটিতে	7
দৌড়ায়	7
ভিয়েনাতে	7
তালুর	7
ব্রেকফাস্টের	7
ডাউনটাউন	7
প্রেতের	7
ওয়ান্টেড	7
বিবেচিত	7
পিটি	7
বলাটাই	7
মায়ানেকড়ে	7
ধামাচাপা	7
মদন	7
সমর্থনের	7
সম্বোধন	7
নাবিকেরা	7
জিতেছো	7
সাদারল্যান্ড	7
প্রিম	7
নিশ্চল	7
রাখছিল	7
দিনরাত	7
হুয়ার	7
বোস্টনের	7
নিয়তির	7
ডুবাও	7
স্নেইপকে	7
কথাবার্তার	7
হাস্য	7
সিরাপ	7
ফিরেছ	7
দৌড়ানি	7
মহাজগতের	7
বেঞ্জিকে	7
পাঠাইনি	7
ঘ্রাণটা	7
কালশিটে	7
থাপ্পর	7
ভাগ্যই	7
ধপ	7
নিতম্বে	7
সঙ্ক্রান্ত	7
কৃতকার্য	7
দমাতে	7
জমেছে	7
ওইযে	7
ট্রল	7
জাভা	7
সংবর্ধনা	7
স্পীডে	7
জন্মাবে	7
চিনিয়ে	7
পারোস	7
ডুবোয়া	7
আছিল	7
বাব্বার	7
সাক্ষাৎকারের	7
প্যান্ডোরার	7
অগাস্টিন	7
সাংবাদিকের	7
হংকংয়ে	7
প্রাইজ	7
চর	7
অথিতিদের	7
চাঁদে	7
ওপার	7
ট্রেনিংপ্রাপ্ত	7
উদ্ভুত	7
নাড়ি	7
আবুল	7
বৃহস্পতিবারের	7
ঘোরো	7
প্রতাপ	7
চেয়ারটা	7
ফালি	7
জিহাদ	7
দাঁড়ালে	7
মেহনত	7
মরিনি	7
রিমাকে	7
স্ট্রংগার্ম	7
গ্লিটারিং	7
তাকিয়েছিলে	7
বনবে	7
ওয়েব্যাক	7
ইউনিক	7
মোস্তফা	7
ব্রাজিলের	7
খেটে	7
স্করপিওন	7
উঠেই	7
পরামর্শের	7
গলানোর	7
লেগেছি	7
রোজই	7
রকিং	7
কল্লা	7
শারিরীক	7
জিহবা	7
ভিকো	7
বিংক	7
এলোমেলোভাবে	7
অভিনয়ের	7
আগেরটার	7
যাত্রীবাহী	7
কাজী	7
ল্যাংলি	7
প্রানীরা	7
কফিনে	7
প্রশ্নে	7
বীরযোদ্ধা	7
ঢাকতে	7
মৈদেনকে	7
অপেরা	7
ডিভিশন	7
সিরিজের	7
অনুসৃত	7
লিমা	7
সমানে	7
নাকগলানো	7
অলসতা	7
সামিট	7
এলিভেটর	7
বাজা	7
সেদিক	7
কৃতজ্ঞতার	7
অলংকার	7
মসজিদে	7
ছদ্ম	7
মধ্যস্থতা	7
নমনীয়	7
পুকুরের	7
ধর্ষিত	7
পোষন	7
শাবল	7
ইকো	7
ধুশ	7
ঘণ্টাখানেক	7
জুতাগুলো	7
সামঞ্জস্যপূর্ণ	7
গ্রাহাম	7
ডায়ারউলফ	7
শরীরটি	7
পরাগ	7
কাঁপুনি	7
ডোথরাকিরা	7
প্রতীকের	7
রয়েস	7
আর্তরিয়াস	7
সুপ্রসন্ন	7
সার্ভিসকে	7
গোশত	7
জ্বীনরা	7
ইনজয়	7
ছুঁড়ো	7
মুখগুলো	7
লেনদেনে	7
কালোদের	7
হ্যাহ	7
ঢোকাতে	7
ডিব্বা	7
বানা	7
যাইব	7
বড়জোর	7
ক্যাথরিনকে	7
দেখাইতে	7
জনেরই	7
এবসেন্ট	7
চিরবিদায়	7
অধিকারে	7
প্রোডাকশনের	7
মেটানোর	7
সেলের	7
মস্কোর	7
দিগন্তের	7
ট্রেনটা	7
পশুরা	7
ফ্ল্যাপ	7
কোয়ালিটি	7
এখনোও	7
পন্টিং	7
চিলটন	7
বোঝোনি	7
পিসিং	7
ঝোল	7
যাইস	7
অইটা	7
চালেই	7
হিয়াহ	7
কারি	7
সদস্যের	7
মাহমুদুল	7
রিহার্সাল	7
প্রার্থীর	7
এ্যকশন	7
নীচ	7
ইওহান	7
হাম্মাদ	7
মিগ	7
স্যান্ডির	7
দক্ষিণপূর্ব	7
সেগুলা	7
গুনগুন	7
জুকার	7
বেকুবি	7
তাকাচ্ছো	7
সবকটাকে	7
সংগ্রামী	7
ছোটভাই	7
খাচ্ছো	7
প্যাসেঞ্জার	7
কেরালার	7
একচেটিয়াভাবে	7
আত্মসমর্পন	7
অবজেকশন	7
মালগুলো	7
ঠিকভাবেই	7
বিশ্লেষক	7
জর্জঃ	7
ঘামায়	7
ডিজাইনার	7
ফলা	7
থাকাতে	7
সত্তা	7
রিংগো	7
বেশীক্ষণ	7
গুরুকে	7
পোর্টালে	7
সাসপেন্ড	7
ফ্যাসিলিটি	7
ফুটবলের	7
বিফলে	7
বলতাছে	7
ব্রুস্টার	7
হারার	7
প্রশ্নটাই	7
ঘাট	7
পুষিয়ে	7
এইটি	7
ফষ্টিনষ্টি	7
ডন্টলেস	7
সদরদপ্তরে	7
ব্রোড	7
থেমেছে	7
কচ্ছপের	7
রেডিং	7
প্রশ্বাস	7
কেঊ	7
নাচা	7
সকালবেলা	7
অন্যরাও	7
লেভেলে	7
লেখকের	7
কর্মক্ষম	7
নগরে	7
হিপ	7
ঝাঁকি	7
দিলেকের	7
ফিরেও	7
আহার	7
আতিয়া	7
অ্যাংকর	7
চিন্তে	7
ক্যাডেই	7
আইতাছে	7
হেহ	7
টুপিতে	7
বইবে	7
রুচি	7
মাটিকে	7
কোটিতে	7
হতাশাজনক	7
উত্তোলন	7
বইটি	7
আ্যল	7
বিসমিল্লাহ্	7
পারকিন্স	7
দৌলত	7
দোহায়	7
আত্মারা	7
ফেয়ারীরা	7
আবেগতাড়িত	7
ওয়ালেসকে	7
যতোক্ষণ	7
অপারেট	7
বেলিকফকে	7
পাবিনা	7
কিংডম	7
কুত্তি	7
উদ্ভিন্ন	7
সান্ড্রা	7
হতভাগ্য	7
গবাটো	7
ট্যুরিং	7
ইশানের	7
লিখিনি	7
গৃহে	7
পড়াশোনার	7
প্রশস্ত	7
মাত্রাতিরিক্ত	7
ত্বরা	7
ফগকে	7
ঢোকানোর	7
রাজত্বে	7
অন্তঃসত্ত্বা	7
ভিলাতে	7
তান্ত্রিক	7
হ্যাঁয়	7
বাগদত্তার	7
খুনও	7
আইনি	7
বয়ের	7
কানাকড়িও	7
মোদের	7
রিকটাস	7
হবস্	7
করালাম	7
বাচাঁও	7
বাহুল্য	7
ভিক্টরকে	7
রিচমন্ড	7
সপ্তাহান্তে	7
লেসলি	7
বসন্তে	7
ভুতুড়ে	7
পাশা	7
সালার	7
অতিথির	7
রূপান্তরের	7
মাশিডো	7
কিউপিড	7
উদ্ভাবনী	7
গণিতবিদ	7
সন্ধায়	7
ম্যাকিনটশ	7
ম্যাকগাফিন	7
তুর্কিতে	7
ভাগ্যিস	7
চাকরানীর	7
হাসছেন	7
সমাজতন্ত্র	7
বিচক্ষণতা	7
বুভের	7
রোবটদের	7
কেটেছি	7
পুনর্নির্মাণ	7
সুবিধে	7
পুর	7
এতবার	7
ফের	7
বাঁচাতেই	7
টাউনের	7
পাবলিকের	7
মেরুদণ্ডের	7
বিভাজন	7
মারবনা	7
কথ্য	7
ওয়ার্মহোল	7
দৃষ্টিকে	7
মারুক	7
কাঠমিস্ত্রি	7
ধাঁধাটা	7
আদিবাসীদের	7
মারতেসি	7
বেইলিশ	7
হার্স্ট	7
উদ্যম	7
ফিলিপসের	7
সাদ্দামের	7
বাসতে	7
পারমিশন	7
গ্যালাহ্যাড	7
আগ্রা	7
সেন	7
ঘোমটা	7
গ্রীকদের	7
এরিকঃ	7
পোষ	7
ভালবাসাই	7
পোঁটলা	7
কোল্ড	7
বিদ্যুত	7
এলার	7
ফ্রেডো	7
ছুয়ে	7
মন্তর	7
হেপবার্ন	7
চিতা	7
চাচাত	7
মাজা	7
মার্ক্স	7
মানুষকেও	7
বাজেভাবে	7
মঁসিয়োর	7
প্রাইড	7
কব্জি	7
মূর্ত	7
প্রমাণগুলো	7
এড্রেস	7
চিফের	7
সাপ্লাইয়ের	7
প্যাঁচানো	7
ক্রম	7
বানাবেন	7
দেহাবশেষ	7
লাগাবো	7
সামান্যই	7
ঘুরত	7
অস্ত্রাগার	7
নাবিকরা	7
রক্ষীরা	7
মরেনা	7
সাইকোলজিস্ট	7
জ্ঞানই	7
অমায়িক	7
তাবোল	7
নিঃশব্দ	7
জলজ্যান্ত	7
ডাকলাম	7
বেমানান	7
তুলব	7
রোজেলি	7
এঞ্জেলাঃ	7
ফেয়ার	7
আবোল	7
টাল	7
সংবাদপত্র	7
চেইনটা	7
থর্নটন	7
মাদকাসক্ত	7
গর্ভ	7
মেশিনগুলো	7
সমাবেশ	7
ভাঙ্গো	7
নিকোলাই	7
বোনটা	7
বলস	7
ক্লোয়ি	7
পতাকার	7
হাসিমুখে	7
জর্জিয়ার	7
দাড়িয়েছে	7
সমঝোতার	7
ডাকলেন	7
লোকজনও	7
একঘণ্টা	7
দেখিয়েছিস	7
আসছনা	7
স্ট্রাইডার	7
পিছের	7
ফাইলটি	7
পানিই	7
বধূ	7
কোনোকিছু	7
সামী	7
ফ্রাঞ্জ	7
এটারও	7
বাড়ার	7
মিলিয়নিয়ার	7
উৎপাদনের	7
ব্যারিস্টান	7
রেগুলার	7
দূতাবাসের	7
আজুর	7
পেছনটা	7
মারছেন	7
রামাচন্দ্রা	7
বুঝলা	7
টেকসই	7
বাস্তবতায়	7
দামটা	7
ব্যুরো	7
তিরস্কার	7
আনঅবটেনিয়াম	7
রালফ	7
ঢোল	7
মুষ্টি	7
থাকিনা	7
বাধতে	7
রাজসাক্ষীর	7
প্রবনতা	7
বানাতাম	7
আচ্ছাদিত	7
দরিদ্রের	7
মারসেলাসের	7
আহরণ	7
বাব্বাকে	7
কোকেন	7
কাফেলার	7
ক্রেজি	7
সাজতে	7
সাঁতারু	7
দলা	7
ব্রিফকেসটা	7
অংশটুকু	7
বৈচিত্র্য	7
আসতেন	7
নেবুলাস	7
ইহাই	7
আইতাছি	7
ব্যথায়	7
কুটনৈতিক	7
কর্নেলকে	7
ঘোরাতে	7
বৌদ্ধের	7
জেরার	7
উপকারিতা	7
ইনভাইট	7
হারমান	7
তেলাপোকার	7
করিসনি	7
বাজপাখি	7
ডানপাশের	7
সংগ্রহে	7
সংকর	7
নবজাতক	7
কিটসনার	7
ইন্দিরা	7
মাগনা	7
প্রেক্ষিতে	7
ভাইরাসটা	7
বন্ধনী	7
পিকনিকে	7
জিনিসপত্রে	7
মাইকেলের	7
আত্মায়	7
প্রফুল্লতা	7
বেইলি	7
জাহাজগুলো	7
এরমধ্যেই	7
হেব্বি	7
গড়ার	7
বেশিও	7
নিষ্কৃতি	7
তৃতীয়ত	7
সুরা	7
রেকন	7
পাগুলো	7
ইরান	7
অনুর্বর	7
ইনফেকশন	7
শিশুটিকে	7
আসেও	7
উপাদানের	7
আমস্টারডামে	7
উড়ো	7
আবর্তন	7
ব্রাযিনি	7
ধুত	7
ভিত্তিক	7
রাণীকে	7
পারসেন্ট	7
সতর্কবানী	7
বিলুপ্তি	7
সরাবে	7
অলিভ	7
ইঞ্জিনিয়ারদের	7
গয়না	7
মোকাবেলায়	7
দায়িত্বপ্রাপ্ত	7
সাময়িকভাবে	7
গিয়ারের	7
তাছাড়াও	7
নাড়ানো	7
চুড়ি	7
কনিয়াক	7
ইউরোপীয়	7
ছলনা	6
মেসিয়াস	6
মাইডাসের	6
ভোদড়	6
সারানো	6
নরকী	6
নির্দ্বিধায়	6
মুলার	6
ফোনও	6
ভুমিতে	6
কোনোটাই	6
একুশ	6
উদ্ভাসিত	6
গ্লাসে	6
ওয়াচে	6
জ্বেলে	6
কিংসম্যানের	6
ম্যাক্সের	6
জ্বালাই	6
খেলাই	6
গামজে	6
আর্মার	6
সিঙ্গাপুরে	6
অবশ	6
হ্যামবার্গার	6
রোসা	6
মাঝখানেই	6
প্রশিক্ষণপ্রাপ্ত	6
ডানায়	6
উবে	6
বাধো	6
গ্রিগস	6
চেইনের	6
নারনীয়ায়	6
অনেককেই	6
উসুল	6
সংবাদপত্রের	6
ডেব্রা	6
বাক্যটা	6
আলমারীর	6
বকছে	6
ঘুরি	6
পেনশনের	6
স্কুলেই	6
গণ্যমান্য	6
ঊরি	6
কেষ্ট	6
চেপেছে	6
রেসপন্স	6
বসেও	6
চোখদুটো	6
কর্মীকে	6
হাউটেনের	6
ঘটনাটাই	6
অলিম্পাসের	6
প্রশংসার	6
ডিজনি	6
ইলেক্ট্রিসিটি	6
গুলিগুলো	6
আইএএস	6
শুনেও	6
ছুঁতেও	6
হাইস্কুলে	6
দ্বিধাবোধ	6
গরিবদের	6
ঘোড়াটাকে	6
জ্যোতিষী	6
ডেনিজকে	6
গলাবাজি	6
তারকার	6
মাহিমার	6
ড্যাব	6
দাওতো	6
আপনজনের	6
ডেল্টার	6
শিখাব	6
উঠাবে	6
জুমা	6
জোরপূর্বক	6
ট্যাঙ্কি	6
মুহূর্তও	6
নামটাই	6
আজমল	6
কনসোল	6
অ্যাঞ্জেলিকা	6
ধ্বংসস্তূপ	6
ভাবিও	6
পরস্পরের	6
নামকরা	6
মাউন্টেনের	6
দুজনার	6
স্বরুপ	6
সাহয্য	6
রাসূল	6
কেটেছিলাম	6
ডাইভিং	6
ফাউন্টেনে	6
শুনতেছি	6
চলছিলাম	6
স্ট্যাসী	6
পেতেন	6
তোরই	6
ডাঙায়	6
মেসার	6
ডিয়াজের	6
অপরাধগুলো	6
ফেলছেন	6
অভিনব	6
সিরিনা	6
উম্মাদ	6
ঢালে	6
অ্যান্ড্রুস	6
মদে	6
ফারা	6
পালকের	6
আলবৎ	6
শুস্ক	6
লিটভিঙ্ক	6
সংখ্যাটি	6
উদ্ধৃতি	6
পেঙ্গুইনরা	6
পুরি	6
লিটভিঙ্ককে	6
ফোয়ারা	6
ঢুকল	6
টাইউইন	6
বিরিয়ানির	6
স্পাইডি	6
পেদ্রো	6
আনিদো	6
মোগো	6
চিনিও	6
ব্লাজার	6
সংঘর্ষে	6
প্রজনন	6
টোষ্ট	6
হাজত	6
টেকনোলোজি	6
ম্যাচে	6
অতিথী	6
চলল	6
শিকারিদের	6
রূপবতী	6
নাড়িয়ে	6
খাওয়ালে	6
ধুম	6
প্রবৃত্ত	6
সার্কেলে	6
তুলনামূলক	6
মৌখিক	6
ম্যাপের	6
কিপার	6
ব্যাংকেই	6
হোটেলটা	6
কতদুর	6
সুদৃঢ়	6
ব্লেচলি	6
উপলব্ধ	6
অফিসটা	6
রানওয়ের	6
পাইলটকে	6
পাথরও	6
ডকুমেন্টস	6
নিবদ্ধ	6
এটমের	6
লেমকোভা	6
হেরেছে	6
জাম্পার	6
মারটিকে	6
লেক্সিংটন	6
ঘরোয়া	6
ঘোড়াও	6
কামড়িয়েছে	6
পরশপাথর	6
ডগা	6
ঘাটে	6
ব্যাকটেরিয়া	6
ঐদিনের	6
আফা	6
প্রভুকে	6
আরোও	6
স্ট্র্যান্ড	6
এমি	6
মধ্যযুগীয়	6
অননুমোদিত	6
কল্যাণে	6
কার্তুজ	6
শারম্যানাস	6
বেড়িয়েছে	6
কোনসময়	6
দেখিয়েছিলো	6
বেগতিক	6
ফুফুর	6
কাপুরুষতা	6
হইছি	6
মানাচ্ছে	6
ছাড়াছাড়ি	6
ড্যানের	6
ডকুমেন্টারি	6
রোলান্ড	6
কোথার	6
ফাসিতে	6
পেইল	6
আর্কের	6
টাউনে	6
আপনজনদের	6
লিখেছিলো	6
বাবুটা	6
মর্গান	6
পরিচর্যা	6
অটোপাইলট	6
তেলেসমাতি	6
কানি	6
ফাটাতে	6
লড়েছে	6
কারিকালানকে	6
আর্মিরা	6
টাপির	6
সর্বত্রই	6
পরকালে	6
কেন্দ্রীভূত	6
ঘুমাচ্ছো	6
কম্বলটা	6
পেনির	6
শনের	6
ভিআইপি	6
রয়কে	6
মেলানো	6
সেকথা	6
আত	6
অংকে	6
দোভাষী	6
শুটারের	6
কোনরূপ	6
দারা	6
সম্ভাবনাও	6
ডায়েরী	6
শুধরে	6
সামলাবো	6
আপ্নের	6
মরেও	6
বিধায়	6
অ্যাসিস্ট্যান্ট	6
নিমজ্জিত	6
মিস্টিরিয়াস	6
খামে	6
লাগিয়েছিলাম	6
শক্তকরে	6
এখতিয়ার	6
অতিরঞ্জিত	6
মোনা	6
মেরিকে	6
আছর	6
মুলতবি	6
দৌঁড়ে	6
আজম	6
ওপারের	6
কুয়ার	6
বাগ	6
ডানার	6
পক্ষেও	6
পাড়ের	6
আতংকের	6
ওয়্যাগনার	6
ঢুকলাম	6
প্রতিনিধির	6
মানিপেনি	6
বিষটা	6
স্টকব্রোকার	6
লাগিয়েছিলে	6
জমকালো	6
ক্রিসটোফারকে	6
রিসার্চে	6
দামও	6
শিখরে	6
গগের	6
আজরাইল	6
যমদূত	6
ঐশ্বরিয়াকে	6
নির্দেশনার	6
পুরোপুরিভাবে	6
শুনুক	6
মধ্যমাঙ্গুলি	6
পর্জন্য	6
চোট	6
বুগিতে	6
ফ্যাল্ক	6
শার্ক	6
প্রত্যক্ষ	6
ডিসট্রিকটের	6
নাকটা	6
সিরিজ	6
শেষকৃত্যের	6
বৈশ্বিক	6
ক্রিসটোফারঃ	6
কামাবো	6
অ্যাই	6
পডে	6
সামলাব	6
কোয়ার্টারে	6
ফ্যাক্টরিটা	6
কোঝান্দাই	6
টেরেসা	6
হয়নাই	6
উয়ান	6
ঐটাকে	6
পরিস্কারভাবে	6
অশান্ত	6
পেশীর	6
টেস্টের	6
কফিনের	6
বদলাওনি	6
ঢেঁউ	6
দোজখের	6
কেরি	6
ইমন	6
কুঞ্জাপো	6
মিনারেল	6
কুঞ্জাপা	6
উফফ	6
ওয়েদারবাই	6
তাকাউ	6
কমব্যাট	6
কন্টেইনার	6
গুতা	6
উদ্দেশ্যেই	6
প্রেশার	6
পেরেছিলেন	6
অসংগতি	6
পেটাতে	6
অপবাদ	6
অকল্যান্ড	6
চার্য	6
ঐটার	6
পেরেছিলো	6
ঢাকো	6
পৃথিবীতেই	6
আত্মহারা	6
হেনরির	6
এস্তাইল	6
চোরাই	6
ঠিকঠাকভাবে	6
সাজান	6
রজার্সের	6
শ্যুটিং	6
নজরের	6
গ্রিনিতে	6
খোঁড়াখুঁড়ি	6
ফিডার	6
ধরাশায়ী	6
গ্লোরিয়াকে	6
নামটাও	6
তালু	6
ঘণ্টি	6
হানে	6
উমারের	6
ব্রুকলিনের	6
তিৎসিকে	6
লিখার	6
ইয়ার্নার	6
আবাদকারী	6
ইশ্	6
পতিতালয়	6
ইয়র্কবাসী	6
স্কারলেটের	6
টর্চ	6
সুফল	6
জনসম্মুখে	6
জয়ধ্বনি	6
সুস্থে	6
বিদ্রুপ	6
প্রোটোটাইপ	6
ফোনটি	6
মজাও	6
কাটাতাম	6
কমিউনিটির	6
ওয়ার্ল্ডে	6
তুলাটা	6
সপ্তাহান্তের	6
বাচিঁয়ে	6
মাংসাশী	6
প্যাটসিকে	6
লালিত	6
প্যাটসকে	6
মোন্টে	6
এক্সপ্রেসে	6
পরিবারই	6
বট	6
ধোকাঁ	6
প্রসবকালীন	6
ভোল্টের	6
অশ্রদ্ধা	6
পৌঁছাব	6
রোমাঞ্চিত	6
আয়লাকে	6
বিবস	6
থাকারই	6
গোনা	6
এলোপাথাড়ি	6
সেলফ	6
প্রয়োজনীয়তা	6
পুতেরে	6
সত্যে	6
অপারেটিং	6
ঝুঁকে	6
বরকে	6
নাসার	6
ফাহিম	6
মূহুর্ত	6
এবিষয়ে	6
মুল্যে	6
জনৈকঃ	6
মেডিক্যালের	6
দিতনা	6
ষ্টেশনের	6
মহামান্যা	6
কয়টি	6
ডেইনেরিস	6
চিরন্তন	6
স্মোক	6
ম্যানহাটনে	6
অনুভূতিকে	6
ক্ষ্যাপা	6
পড়ছিলাম	6
শরীরেই	6
স্পেসে	6
লাভা	6
জানিয়েছিলাম	6
টেকনোড্রোম	6
নামি	6
কাঠমিস্ত্রী	6
লাফাতে	6
তুলেছিলে	6
রকের	6
যুদ্ধটি	6
ডুমের	6
তদারকি	6
অনুকূল	6
গিলতে	6
টিরিয়ন	6
শৌখিন	6
দাদির	6
গিট	6
দিকটাই	6
অমুল্য	6
ফালাইছে	6
আয়ত্তের	6
সময়টায়	6
সুসুকে	6
ভুলব	6
প্রথমজন	6
ঘুরতেই	6
সেবাস্তিয়ান	6
পূজারী	6
জ্বালাবো	6
সন্তানও	6
পিসি	6
ডাকোটা	6
মোলাকাত	6
কাতানা	6
ট্রেডিং	6
প্রটোকল	6
উচ্চহাসি	6
ডিসুজা	6
ধুকে	6
পরিবারও	6
গ্যাগ	6
চাপো	6
সাতজন	6
রাইফেলের	6
শিখি	6
সিউন	6
গল্পই	6
গর্গদের	6
স্বদেশ	6
জান্নাত	6
হাম্বাআআ	6
দেখভালের	6
ভাষ্য	6
ভাঙলে	6
নাতনী	6
সুনজর	6
ক্লান	6
্যাবিট	6
পেস্ট্রি	6
এলিজার	6
্যাপ্টরদের	6
লুয়িস	6
কেভিনের	6
ওয়েরউলফ	6
গ্রিনবো	6
নদীটা	6
শক্তিমত্তা	6
কাঞ্চনের	6
বেণী	6
অনাগত	6
যুদ্ধবাজ	6
প্রাসঙ্গিকভাবেই	6
চ্যাম্পলেন	6
টেপটা	6
ইন্টারসেপ্টর	6
অতিথিদের	6
বোয়িং	6
আরোহন	6
সহ্যের	6
দিলেককে	6
ইয়াসিন	6
সংমিশ্রণ	6
হগসমিডে	6
কনফিউশন	6
বন্দুকও	6
সলোমনের	6
জেনিকে	6
বমির	6
জনরে	6
একো	6
ফেলুক	6
গার্চেস	6
ফটকে	6
মিনিয়নরা	6
ঘটাও	6
মনিবের	6
ঐত্তেরি	6
বাঁচিয়েছিলাম	6
আবির্ভাব	6
থাওন	6
টিককা	6
লৌরি	6
প্রাণীটার	6
জ্যাস্পার	6
পেন্টাগন	6
কাটি	6
হংকংয়ের	6
মেসেজের	6
অত্যাচারের	6
গ্রাফিতিটা	6
ভাঙ্গাচোরা	6
জানতি	6
লরেক্স	6
মুভিটার	6
পরিপ্রেক্ষিতে	6
বাফেলো	6
চোষা	6
ঘুমা	6
আতিথেয়তা	6
খবিশ	6
সাজাবো	6
বিবর্ণ	6
আকাঙ্ক্ষিত	6
অমৃত	6
আইএমএফের	6
ঘ্যানঘ্যান	6
জলবায়ু	6
মুষ্ঠি	6
দশটি	6
টং	6
মেহমানরা	6
কেরালা	6
পালাবি	6
চকচক	6
সম্ভাশিবা	6
অবুঝ	6
পলকেই	6
জবাবদিহিতা	6
সালাহ	6
এশিয়াতে	6
পুনর্জনম	6
হাহা	6
ডলির	6
নৈপুণ্য	6
ওষুধগুলো	6
ওবামার	6
বাধ	6
হাড়গোড়	6
গেমার	6
এক্সিডেন্টের	6
বিষয়ই	6
প্যাকেজটা	6
কাঁদা	6
রাগোভ	6
দৃঢ়তা	6
কন্যারা	6
পারবোই	6
দোস্তোরা	6
ধুত্তুরি	6
গাছগুলোর	6
কেজ	6
ঘষা	6
মারানো	6
বোঝাবে	6
বাক্পটুতাপূর্ণ	6
হবেও	6
খালের	6
মানসিকতা	6
চিহ্নের	6
পনেরো	6
যানবাহনের	6
খুলা	6
গাড়	6
মৃতু্য	6
ঢাইকা	6
কাটাকাটি	6
সম্পাদকের	6
বারকায়ি	6
পোঁদ	6
বাহুডোরে	6
পানে	6
তারাতাড়ি	6
ধরাছোঁয়ার	6
ওগুলোও	6
বন্দীকে	6
গুচ্ছ	6
সামার্স	6
স্ট্রাটস্ফিয়ারে	6
হাউসের	6
ব্যতিক্রমসমূহ	6
টেক্সাসে	6
ট্যানিস	6
কাপছে	6
বসেছিলে	6
সুরেশ	6
এন্ড্রু	6
মনস্থির	6
নানটাকেট	6
ইলসা	6
টুইট	6
পেইন্টিংটা	6
বাইবেলটা	6
বোটক্স	6
মদ্যপ	6
তুলবেন	6
বেঞ্চে	6
নাকচ	6
মিনেসোটা	6
তুড়ি	6
বিন্দুমাত্রও	6
বাতলে	6
প্রকৃতিতে	6
আছড়ে	6
পূর্বাভাস	6
ট্রানজিট	6
কৃষকেরা	6
ফিটফাট	6
ইউনিফর্মের	6
সতের	6
শিখবেন	6
স্মিত	6
সাতরে	6
অলরাইট	6
পরীক্ষণ	6
মাউথ	6
ক্যান্টিন	6
ধাঁধাঁর	6
প্লাস্টার	6
ম্যাগাজিনের	6
আংশিক	6
হলিংসওয়ার্থ	6
দূরত্বটা	6
রেইন	6
ভিন	6
পাইছ	6
যাহ্	6
শহুরে	6
এয়ারলাইন্স	6
মাদকদ্রব্য	6
জ্যানাস	6
বিঘ্ন	6
কেবলি	6
মরলেই	6
সঞ্চালিত	6
পভু	6
পপকর্ন	6
দংশন	6
সাঈম	6
একবারেই	6
গেথে	6
খেললে	6
নিকি	6
কুকুরটাকে	6
আনাতে	6
শালাবাবু	6
কবেই	6
কায়রো	6
সামিরা	6
ড্যান্সের	6
সংজ্ঞাটা	6
ভালোবাসাটা	6
লাখের	6
বালানের	6
ঘোষ	6
মলু	6
অনুমানে	6
লিন্ডসে	6
প্যারাসাইট	6
লেখায়	6
খুজেই	6
দ্বারপ্রান্তে	6
রুনি	6
ফ্রেংক	6
শনির	6
মতের	6
রুনির	6
তোমাদেরকেই	6
কিউবাতে	6
আয়ারল্যান্ডে	6
টুকে	6
তত্ত্বাবধান	6
কোদাইকানাল	6
এথেন্সের	6
হাইড্রোকার্বন	6
ভাবলেন	6
পাঠাবেন	6
গীর্জা	6
অ্যানাস্তেসিয়া	6
অতিথিকে	6
ছাত্রীকে	6
ধ্বংসলীলা	6
পদবী	6
স্যন্টি	6
মাষ্টর	6
জাক্কা	6
মাঙ্গামা	6
কামিং	6
সাংকেতিক	6
বোকামির	6
নিহিত	6
আবদুর	6
ফসলের	6
বিধান	6
অস্ত্রটি	6
ভাঙেনি	6
পিরামিডের	6
ট্র্যাভার্স	6
নাগরিককে	6
আল্লাহই	6
হরি	6
বিচের	6
পেয়োনা	6
কাকার	6
প্রচারণা	6
ওয়ালে	6
অনুযায়ি	6
ল্যাভেন্ডারের	6
নেভাতে	6
অামিও	6
খানি	6
আঙুলে	6
শ্রিয়া	6
চিকনা	6
দেখসস	6
এইড	6
বেরনিনি	6
ভোটের	6
কাঠগড়ায়	6
জুবলি	6
কামেশ্বরী	6
মিডিয়াম	6
গোবরে	6
বোনও	6
পিংক	6
অামায়	6
হিংসাত্মক	6
চুইংগামের	6
কাঁদিও	6
গুরুত্বহীন	6
বিষণ্ণতা	6
শালীকে	6
মীমাংসিত	6
ইভেন্ট	6
শীগ্রই	6
এসময়	6
ঘোরের	6
মনুষ্যত্ব	6
ভালবাসবো	6
ভয়াবহতা	6
রাজাও	6
রশ্নির	6
শ্বশুরমশাই	6
শতকরা	6
চয়েজ	6
রাতদিন	6
পুষে	6
অাজ	6
পরতো	6
পারতেছি	6
নেইরে	6
এ্যালুমিনাটিদের	6
ডাকাডাকি	6
চায়ে	6
হেঁসে	6
নাগাভেলির	6
নাগাভেলিকে	6
মতেই	6
বোঝাবো	6
ডালপালা	6
বেরোচ্ছি	6
বোঝেনা	6
দাহ্য	6
ক্যাপচার	6
সেগুলোই	6
শিক্ষানবিস	6
কিডন্যাপার	6
ইটস	6
ঐতিহ্যগত	6
ফ্লুরট	6
প্রজাপতির	6
ল্যাংটা	6
পূর্বনির্ধারিত	6
দেবরাজ	6
দশজনের	6
পুষ্টিকর	6
তামাসা	6
বানাইছো	6
কালিমা	6
নামহীন	6
শটের	6
উৎফুল্ল	6
কাগজপত্রের	6
উড়বো	6
চাকরিতে	6
কাটছিল	6
আইতাসে	6
সঙ্গত	6
থামলাম	6
মায়েরা	6
ঘাবড়ানোর	6
চিনবেন	6
এন্ড্রোমিডা	6
পার্সিয়াসের	6
বালককে	6
বিত্তবান	6
ভুলভাল	6
ভালোবাসাও	6
এমনিয়া	6
পসাইডনের	6
সাদাসিধা	6
অবহেলিত	6
ব্যবধান	6
মাস্টার্ড	6
এ্যমনেশিয়া	6
টেনো	6
পার্শ্বদেশ	6
ফিটজ	6
খায়না	6
তৈরিতে	6
করিয়েন	6
জানোস	6
অারেকটা	6
পুশকিনের	6
চারকোনা	6
এনগেজমেন্টের	6
মেকাপ	6
রক্তই	6
কেরানি	6
রুপার	6
গফুর	6
অাসবে	6
উদ্দীপনা	6
সঞ্চার	6
অ্যারেস্ট	6
ট্রাফিকে	6
ধোয়ার	6
জুতাটা	6
সবগুলাকে	6
লুপার	6
গালের	6
ভেরি	6
ডিনামাইট	6
আনবেনা	6
ওয়াইবর্ণ	6
আল্লা	6
ফ্রয়েড	6
ব্যাকুল	6
হেতে	6
পেশেন্ট	6
পাজলের	6
জুয়ার	6
ভ্যালিতে	6
মাসুদ	6
কনফিউজড	6
কতৃপক্ষ	6
ইনসেপশন	6
সুস্বাস্থ্য	6
অ্যাঙ্গাস	6
টার্কি	6
ক্রিস্টোফারের	6
দৌড়াইয়া	6
বাতিটা	6
ভেরোনিকা	6
টোর	6
গোগো	6
আর্মড	6
্যোর	6
এতোক্ষনে	6
ব্যাথাটা	6
মসজিদের	6
সম্পদশালী	6
হীসো	6
ধ্বস	6
করছোনা	6
মিশ্রা	6
ধাত্তারি	6
জেনেভার	6
ভুপাতিত	6
কৃষ্ণামূর্তি	6
উদ্দাম	6
পুরস্কৃত	6
দাঁড়িয়েছিল	6
অন্যদিক	6
দোষে	6
উলটাপালটা	6
ঘটলে	6
ট্রেড	6
থানা	6
ক্যাশে	6
আমানত	6
চ্যো	6
মুনি	6
দর্শনার্থী	6
পাকিস্তানী	6
পঙ্খীরাজ	6
কিমি	6
দানের	6
খুজো	6
ক্ষার	6
লুথা	6
হারামজাদারা	6
শ্রোতাদের	6
তাকাচ্ছিস	6
বোঝাব	6
নিরামিষ	6
কংগ্রাচুলেশনস	6
ট্রুপ	6
কাপের	6
মোটকা	6
এরচে	6
দামই	6
কোরিয়ায়	6
টুরিস্ট	6
মিস্ত্রি	6
ঘনীভূত	6
কুমারের	6
মালকিন	6
চলাকালীন	6
ব্যাটসি	6
প্রতিমূর্তি	6
গজাবে	6
অধ্যায়টা	6
সমীকরণের	6
শাদা	6
পার্থাসারাথির	6
চিন্তাশক্তি	6
বেহাল	6
লিপম্যানের	6
কপ্টার	6
হ্যারিসন	6
ইঞ্জিনে	6
আর্কিটেক্ট	6
ভার্চুয়াল	6
বেইমানি	6
টডি	6
ডিয়াব্লো	6
বায়োমেট্রিক	6
থামেনি	6
মুষ্ট্যাঘাত	6
কৃষিকাজ	6
সিমেন্ট	6
শাহ	6
গার্ডকে	6
খুটিনাটি	6
মিডিয়ায়	6
পৌঁছাই	6
মটরশুঁটি	6
জাদুকারিনী	6
টেট	6
উঠেছ	6
চিজি	6
গুলোও	6
ভিডিওটি	6
পরিস্কারের	6
তাপিও	6
রেমেডিসের	6
রিডিক	6
রবে	6
ব্যাটারির	6
ছড়া	6
মুগ্ধকর	6
ভিন্নতা	6
লীলা	6
ম্যারিমাক	6
সবাইকেও	6
শুয়োরটা	6
বর্বরতা	6
জিঞ্জাস	6
অঙ্কিতা	6
সিসিলিয়ান	6
অ্যাপল	6
হ্যাগেন	6
কটাক্ষপাত	6
যীশুকে	6
ব্রেমেন	6
এলবার্ট	6
জোনে	6
লিডারের	6
অবতীর্ণ	6
নগরীতে	6
সেনাবাহিনীকে	6
খুলার	6
রূপক	6
টানবো	6
ইউরোপোলের	6
অল্পকিছু	6
ডেনির	6
সাবরিনা	6
লিলিয়ানাকে	6
কাটিং	6
আপ্পু	6
পার্সেন্ট	6
ছিভিলকয়ে	6
ভাগাড়ে	6
রোমানোর	6
মেকানিক্যাল	6
পিটারের	6
গোমেজের	6
অনধিকার	6
কেনান	6
ভাসছে	6
গুঁজে	6
কোণার	6
গডফ্রের	6
আরবি	6
ড্রেসিং	6
মহাপ্লাবন	6
সহিংসতা	6
ভীষণভাবে	6
নেতৃত্বের	6
মোরালেসকে	6
পেয়ালায়	6
আইডিয়াকে	6
স্টার্কদের	6
বসায়	6
প্রেমিককে	6
পুরস্কারটি	6
কান্দা	6
স্প্রাউট	6
ওয়েড	6
অর্পন	6
পড়ুয়া	6
এজ্যনই	6
বক্তব্যের	6
আলমারি	6
লরেস	6
সিমাস	6
নায়কের	6
অভিকর্ষ	6
সঙ্গীতের	6
আখলাক	6
ন্যূনতম	6
ঝাড়ুলাঠি	6
কাভালেটিস	6
জলাশয়	6
গিফ্ট	6
চিটে	6
টকি	6
ওয়াকি	6
বিশপের	6
সমস্যাটার	6
মুক্কামে	6
কনভিন্স	6
স্বাস্থ্যবান	6
স্টার্করা	6
কিংডমের	6
সোলোজোকে	6
মুহুরি	6
কয়েনের	6
হাইজ্যাক	6
হাজারেরও	6
কোণা	6
পোর্টকি	6
দরজাগুলি	6
কিংয়ের	6
ভাদ্রিস	6
পাম্পকিন	6
তেসিও	6
চয়েস	6
প্লেসে	6
নাছোড়বান্দা	6
মাদকের	6
ফুটছে	6
এয়ারওয়েজের	6
ইওসেফ	6
গুনছি	6
তোকমা	6
রেনেটো	6
ফেটিয়ে	6
ইয়াঙ্কিরা	6
যার্গকে	6
চেইস	6
যার্গের	6
ঝাড়ি	6
মাইক্রোবট	6
মিত্রশক্তি	6
ব্যথাকে	6
অ্যাবাগ্নালি	6
ষে	6
স্বার্থপরতার	6
উন্মোচিত	6
তু	6
সিগারেটটা	6
অ্যান্ডির	6
পোস্টকার্ড	6
জেনাইন	6
আসাধারন	6
দশটার	6
অধম	6
সোয়েটার	6
মন্ত্রনালয়	6
হুইজি	6
জারজের	6
দুর্গন্ধযুক্ত	6
ছাঁটাই	6
গবেট	6
মারওয়ান	6
ল্যানডন	6
গেইটে	6
সৈনিকরা	6
প্লুটো	6
সিগনোরা	6
ব্যতিক্রমী	6
বিপত্তি	6
নরবে	6
ক্লায়েন্টকে	6
মেনন	6
দানবটা	6
চেকও	6
কন্টিনেন্টাল	6
সেমিরা	6
একরের	6
লাগলেন	6
উন্মাদনা	6
শপে	6
প্রথমবারেই	6
গাভী	6
বাছুর	6
মেরুদন্ডে	6
নাখোশ	6
আখড়া	6
জড়ানো	6
ডাবলিনের	6
ইয়াঙ্কি	6
প্রচন্ডভাবে	6
মাডরিক	6
সন	6
অ্যাঞ্জেলো	6
যন্ত্রে	6
অঙ্গুষ্ঠ	6
মারলেন	6
উপকরণ	6
প্রবর্তন	6
সংস্থায়	6
ধনীরা	6
ম্যারিয়াসকে	6
মার্সি	6
রাউটিং	6
ক্লায়েন্টদের	6
পৌঁছালাম	6
বাথরুমটা	6
জার্সি	6
ল্যাপ্টেনেন্ট	6
সোজাসাপ্টা	6
খুলেই	6
বেরাচ্ছে	6
মঁরিশার	6
আইপড	6
পালাল	6
সর্বশেষে	6
আমেরিকানো	6
নাইটিংগেল	6
বুড়	6
সিইও	6
গোড়া	6
দ্রুততম	6
কোলাকজুহিঃ	6
ফইন্নি	6
ছিঁচকাঁদুনে	6
মফেট	6
শক্তিহীন	6
বানাইনি	6
নিয়মকানুন	6
উইনগার্ডিয়াম	6
বানাস	6
রিডল	6
ট্রাস্ককে	6
ডাকের	6
ঝিঁ	6
ভেদাপালানিতে	6
পূরনে	6
বিষফোঁড়া	6
গড়বর	6
চালাচালি	6
ছোটকাল	6
পিণ্ডি	6
ভেব	6
আভাঃ	6
জোকটা	6
ম্যান্ডি	6
মিডিয়াকে	6
চ্যালেঞ্জের	6
বুঝিয়েছে	6
ব্যারিকেড	6
বিক্রিত	6
ট্র্যান্সসেক্সসিউয়াল	6
আকস্মিকভাবে	6
স্বপক্ষে	6
আগেভাগেই	6
চারা	6
ইস্তফা	6
শূকরের	6
কুমারকে	6
জিনিসগুলোর	6
জায়গাও	6
বুড়ার	6
আসতাছে	6
টেনেছেন	6
পাহাড়ী	6
বেরো	6
কারস	6
ফ্রাইডে	6
মুদ্রার	6
হাওয়াইতে	6
চেও	6
পাহাড়িয়া	6
চোরাচালান	6
চালাচ্ছো	6
তুলকালাম	6
কিউবায়	6
ফেইল	6
প্রচারক	6
ড্রাইভের	6
কিউবান	6
থমকে	6
টরপেডো	6
বিবস্ত্র	6
ঠান্ডার	6
যোদ্ধাকে	6
সেলাইয়ের	6
বদমাশদের	6
খেলাধুলায়	6
জিংক্স	6
বেচারাকে	6
কাঁদছিলাম	6
সেবন	6
পিচ্চির	6
যোগ্যতার	6
পাণ্ডুলিপি	6
জঞ্জালের	6
মজাক	6
প্রখ্যাত	6
পাপেট	6
সুবিধের	6
রিজকে	6
রঙ্গের	6
মেঘমালা	6
ইংরেজীতে	6
চোলাদের	6
ধারণে	6
চক্ষুযুগল	6
চুমুর	6
পান্ডিয়া	6
লগইন	6
জেরিকো	6
ক্লিনিক	6
হারবার	6
দূরদর্শী	6
গর্দফ	6
কিউবার	6
জলদস্যুরা	6
দানশীল	6
কুরাইশ	6
পেন্টহাউজ	6
খোয়া	6
স্ট্রবেরী	6
প্যাকেটে	6
মুমিনিন	6
অভিজ্ঞতাসম্পন্ন	6
আমিরুল	6
উইং	6
দ্রব্যসামগ্রী	6
দাঁড়াবেন	6
রোগা	6
বুঝতেছ	6
একলাই	6
খর্ব	6
ছাড়িস	6
মিলাতে	6
মৎস্যকন্যা	6
বানচোত	6
মর্ডরে	6
যাতায়াত	6
রাখল	6
হাচি	6
তারকে	6
শিষ	6
লাইক	6
পুড়তে	6
বায়োডাটা	6
তাকারঃ	6
শামসের	6
ডাক্তারটা	6
ভয়ও	6
রুবারব	6
খপ্পরে	6
মাঞ্জানান	6
মোচ	6
মর্ডর	6
পারভেজ	6
ইয়াস্রিবের	6
শুকানোর	6
মঙ্গলবারের	6
নামবেন	6
গাল্প	6
টাউবার	6
ছেলেটাকেও	6
পড়ছো	6
কস্টিগান	6
চুলটা	6
আহঃ	6
আনিস	6
শিখাচ্ছি	6
ক্রুডস	6
কোয়ার্টারমেইনঃ	6
কুত্তাটার	6
তৃপ্ত	6
প্রস্তাবে	6
পরছেনা	6
ছোড়ো	6
অস্থিরতা	6
খেলিনি	6
বাসী	6
রক্তমাখা	6
ঠেলাঠেলি	6
যেটুকু	6
শাশুড়ি	6
ব্যাকপ্যাকে	6
রিভেন্ডেলে	6
মারছিস	6
গ্রু	6
সত্ত্বে	6
জিহাদে	6
ডোরম্যান	6
স্বাদটা	6
কেনি	6
কস্টেলোকে	6
ক্লারীওন	6
ইয়ামা	6
কইতাসি	6
এমনকিছু	6
ভুমিকা	6
পিপিন	6
ট্র্যাপ	6
পরীক্ষিত	6
লুসিকে	6
বনেট	6
ড্র্যাগন	6
সুশি	6
রকমে	6
করাতেই	6
রানস্টক	6
ভাবোনি	6
পথনির্দেশ	6
ন্যায়পরায়ণতা	6
নিউজে	6
পালিয়েছিলে	6
লিপোয়া	6
এক্সচেঞ্জ	6
প্যালেস	6
রিমুভাল	6
পুডিকিন	6
প্রেসিডেন্সিয়াল	6
শেরিফের	6
বাইজান্টাইন	6
উম্মম	6
জাঙিয়া	6
আবে	6
লাতের	6
একাকি	6
অজেয়	6
ফেবের	6
লুদউইগ	6
মর্ফিয়াসকে	6
অয়েল	6
ব্লগের	6
স্টাইনার	6
সচিবঃ	6
লুটপাট	6
জ্	6
ভিন্নমত	6
পার্নো	6
ঢুকেছ	6
জাগবে	6
কেজিবি	6
সনদ	6
ডনের	6
সংবিধানের	6
লাঞ্ছনা	6
কপিরাইট	6
খাদের	6
জানবেই	6
ফেউ	6
রঙ্গিন	6
ফেলবেনা	6
লাহোর	6
হারামখোর	6
অ্যাম্বেসীতে	6
রোজগার	6
উটের	6
রুটির	6
ইমেইলে	6
পরিতৃপ্তি	6
বসতির	6
পারিয়ে	6
বেলজিয়ামে	6
বড়লোকের	6
ঝি	6
সর্বশক্তি	6
ব্লশেইন	6
কেনাকাটার	6
কোডিং	6
সন্ত্রাসবাদী	6
শিক্ষার্থীর	6
ট্রাঙ্ক	6
তেমনটিই	6
পাত্তাই	6
বাইজান্টাইনের	6
ব্যাগগুলো	6
কেঁদোনা	6
চক্রটা	6
ঘাসসানের	6
বাহককে	6
কিপ	6
সিরিয়ায়	6
একঘন্টা	6
মানাত	6
অফারটা	6
প্রাচ্য	6
বিতর্কিত	6
এঁকেছে	6
আরটেম	6
খেয়েছিলে	6
রিভেঞ্জ	6
লুকাচ্ছে	6
দোলনা	6
রিপাবলিকান	6
দুশ্চিন্তায়	6
জন্মেছিলাম	6
বিশেষজ্ঞের	6
সাথেসাথেই	6
প্রাণপ্রিয়	6
সাবমিসিভের	6
হহহ	6
নষ্ঠ	6
প্রহার	6
গেইল	6
হাপি	6
করবেননা	6
এডিসনের	6
উফ্	6
নিরর্থক	6
প্রাধান্য	6
মোহে	6
বকশিশ	6
সঙ্গি	6
ঠাই	6
গোয়েথের	6
বোলে	6
মিট	6
খুনোখুনি	6
প্রচারণার	6
কুকুররা	6
ওড়া	6
অংশগুলো	6
এককথায়	6
অন্যটার	6
অ্যাটাকের	6
তাদেরই	6
ভয়েই	6
হিসাবটা	6
সমতুল্য	6
চেকআপ	6
কতৃক	6
এডিকে	6
কম্পনের	6
অন্যথা	6
জার্ভেস	6
লোকমুখে	6
ট্রিট	6
খেয়ালের	6
চুক্তিপত্রের	6
মনোহর	6
মালায়ালাম	6
ক্ষুদার্থ	6
ধ্রুব	6
জুরিদের	6
পাড়াতে	6
কারসাজি	6
প্রেস্টিজ	6
ঘুমাচ্ছেন	6
ন্যজব্যাম	6
ফার্বর	6
আচ্ছন্ন	6
ট্রাভেলের	6
বধূটা	6
খুলেন	6
পরিবর্তনশীল	6
ভালবাসিস	6
পরিকল্পনাকারী	6
খেই	6
সাজে	6
এনাকে	6
বর্ডেনের	6
শিফটে	6
পেফারবার্গ	6
উম্	6
কারনের	6
চকোলেটের	6
পাপাত্মা	6
মনাক	6
ন্যাখা	6
হোয়াটসঅ্যাপে	6
অনিষ্ট	6
আনলি	6
ছেলেগুলো	6
ছড়াছড়ি	6
ঠ	6
ব্রিনলিৎযে	6
রক্ষিতা	6
ক্যাকটাস	6
সুবাসিত	6
কুয়াশার	6
রবিনসন	6
হইছো	6
বিলাসবহুল	6
ঠাকুরের	6
তালুতে	6
এডভান্স	6
প্রসিদ্ধ	6
হেল্	6
তিনটে	6
গিফটের	6
খোদায়	6
কৃষ্ণগহবরের	6
রেসিপির	6
মহাকর্ষের	6
মধ্যাকর্ষণ	6
হাজতে	6
হারলে	6
শিখেছেন	6
ড্রিংকের	6
ব্লুবেরি	6
অটোতে	6
পূর্বপুরুষরা	6
প্ল্যাযাও	6
ভাঁওতাবাজি	6
ফোনকল	6
গাইবো	6
অমরণশীল	6
ছড়িয়েছিল	6
ছন্দে	6
কলে	6
অমরত্বের	6
বিড়ালটি	6
য়া	6
ছাউনি	6
পটে	6
মেনুতে	6
ওইটাই	6
শাশ্বত	6
বদলাবেনা	6
লড়েছিল	6
আ্যসগার্ডে	6
ইলেক্ট্রনিক	6
ইনটিলিজেন্স	6
তোশিবা	6
ক্র্যাকো	6
গোছাও	6
দিগন্তে	6
তোষামোদ	6
কলিজার	6
অ্যাপোলো	6
প্যাট্রিককে	6
অ্যাকাডেমি	6
দৌলতের	6
ক্রনাস	6
বহনকারী	6
গেছিলেন	6
দাড়াচ্ছে	6
উঠেছো	6
ভবিষ্যদ্বাণীর	6
গোষ্ঠীর	6
রেনাটা	6
রেনাটার	6
রুমালের	6
জুয়েলারি	6
বক্তব্যে	6
সুপ্রিয়	6
ওসবে	6
পাটাতনে	6
গ্রাজুয়েশন	6
খুনখারাবী	6
ফয়সাল	6
বৃদ্ধদের	6
তিভান	6
মেলো	6
আতঙ্কজনক	6
টোকেন	6
আকৃতিতে	6
ডোয়ার্ফ	6
বুধবারে	6
লুকালে	6
তাকিয়েছে	6
বানাচ্ছিল	6
কৃত	6
বাগদাদে	6
ক্র্যস	6
গোডাউনে	6
রেজিনা	6
প্ল্যাযাওতে	6
ইঁদুরকে	6
গতিবেগে	6
মুন্না	6
পুরাপরি	6
সালোমান	6
ধ্ধংস	6
তোগো	6
আদিদ	6
ওরও	6
টেলিপোর্টেশন	6
সেরেছে	6
টুইস্ট	6
এফবিআইয়ের	6
ইন্ডিয়ানদের	6
সোনায়	6
টুলিও	6
খুনিরা	6
সংকল্প	6
যুদ্ধবিরতির	6
শ্রুতিকে	6
শ্রুতির	6
পরেছেন	6
বোঝাচ্ছ	6
ভীড়	6
সিএস	6
প্রতিবছর	6
কাছিয়ে	6
সেইভাবে	6
ঐদিক	6
কুকুরগুলো	6
বুথে	6
উত্পাত	6
শ্যাম্পু	6
অর্থবহ	6
বিস্তর	6
চুপিচুপি	6
য়েক্টান	6
বানাত	6
পদক্ষেপের	6
বাকারা	6
ভূয়া	6
ব্যান্ডে	6
কিনছো	6
টানছি	6
সজ্জা	6
স্পষ্টত	6
দুর্বলতার	6
আম্ব্রেলার	6
চাওয়ালা	6
লোকগুলা	6
সিঙ্গারা	6
সমর্থকদের	6
মহাসমুদ্র	6
ভাইটি	6
নিংড়ে	6
রংধনুর	6
আয়কর	6
ভঙ্গের	6
ক্যামেরাতে	6
টেকনিশিয়ান	6
খাইয়েছে	6
পর্বে	6
মাতলামী	6
বিরোধীতা	6
দেখিয়েছিলাম	6
মানিব্যাগে	6
নিয়মই	6
অমিতাভ	6
লোমের	6
বেরিয়েছি	6
ফ্যাশনের	6
লিং	6
প্লেগ	6
যুক্তির	6
ফলেই	6
ম্লান	6
মিলিয়েছে	6
আঙ্গো	6
বায়োমেট্রিক্স	6
পিঞ্চ	6
বুদ্ধিশুদ্ধি	6
ধারেকাছেও	6
হ্যামবুর্গে	6
ট্র্যাকারটা	6
মুচকি	6
মাস্কিটার	6
অসফল	6
খিদা	6
মিলিটারিদের	6
নির্দোষের	6
তথ্যে	6
ঘটনাও	6
রাস্তাটি	6
ইদুরের	6
আসামিপক্ষ	6
গিরি	6
নেয়তিরির	6
লাভই	6
দেখালাম	6
দাউ	6
এডওয়ার্ডের	6
নির্বাণ	6
পড়তেও	6
একাডেমীতে	6
ওপাশ	6
অবজেক্ট	6
বামেরটা	6
ঝামেলাই	6
সাহেলু	6
আঁটকা	6
কষ্টার্জিত	6
লাগিয়েছো	6
সূর্যগ্রহণ	6
সম্পূর্ণই	6
বার্লিনের	6
পতঙ্গ	6
হারাচ্ছ	6
আপীল	6
প্রধানত	6
ক্রুটি	6
ঘোষণাকারী	6
আহবান	6
প্রতিবন্ধকতা	6
ঈশ্বরই	6
স্বচ্ছতা	6
কছে	6
মামুন	6
মেডিভ্যাক	6
কিভাব	6
বংশে	6
পুনরাবৃত্তির	6
রুদ্ধশ্বাস	6
পিনোকিও	6
লুফে	6
থিম	6
বোল্ড	6
বিবাদীর	6
প্যাগান	6
এগোচ্ছি	6
পিতামাতা	6
কোয়ারিচ	6
আগামীকালকে	6
ট্রাইয়াল	6
নামাজের	6
চুলার	6
কুঠার	6
চালকের	6
কীটের	6
মেশানো	6
লজ্জাকর	6
জন্মগ্রহন	6
রুলস	6
হটে	6
বেচা	6
ভাম্পায়ার	6
লেমুরিয়ান	6
শূনতে	6
খুলিনি	6
সন্তোষজনক	6
ঘাঁটির	6
ভিনগ্রহী	6
সেদিকেই	6
টিসাহিক	6
শিখানো	6
কবুতর	6
স্ট্রুকার	6
সুজা	6
কার্তিকের	6
ছবিটিতে	6
ভেরিফাই	6
বয়ফ্রেন্ডকে	6
এসেন্ডার	6
প্রদর্শনের	6
প্র্যাকটিসের	6
স্ক্রিনে	6
একপথে	6
এটেনশন	6
গেলা	6
শুর	6
চাহনি	6
খেদমত	6
নষ্টের	6
পদ্ম	6
টাইটানিয়াম	6
তারপরের	6
কন্ডিশন	6
জিম্মিকে	6
ট্রিপল	6
দিসি	6
ম্যাগ্নেটো	6
কিনো	6
বাস্তবতাকে	6
আক্রমণে	6
ইনফিনিটি	6
বাব্বাহ	6
চামে	6
সিওক	6
কুকুরগুলোকে	6
একমুখী	6
ফ্রী	6
প্রধানমন্ত্রীঃ	6
অস্ত্রধারী	6
আধিপত্য	6
উপরও	6
ক্রাগলিন	6
গুরুতরভাবে	6
স্লেটার	6
থরর	6
কাং	6
গামোরাকে	6
নিক্কু	6
ঝরনার	6
মারতেন	6
টেক্স	6
ঢেঁকি	6
দাদাজী	6
চক্করে	6
আলভিন	6
বিঙ্গো	6
বদমাশি	6
জুরিখে	6
ভিদ্যা	6
প্রবলেম	6
সাধুবাবাকে	6
আরমিটেজ	6
কোয়ারটারমেইন	6
বারুদের	6
ধর্ষক	6
আবোলতাবোল	6
কারলেনকোকে	6
হির্	6
ডুবাতে	6
লঞ্চার	6
টিভিটা	6
সিঙ্ক	6
বারবেবিউটেনল	6
টিমক্সিলিন	6
ফ্যাল্কন	6
ঘোউল	6
যদ্দুর	6
দেখছেনা	6
স্বভাবতই	6
রেকর্ডে	6
অবসাদগ্রস্থ	6
সিমান্তে	6
ক্ষতিকারক	6
উদ্ভিদের	6
বাড়াচ্ছি	6
টায়লার	6
বুঝছনা	6
বাসস্থানের	6
বুঝাচ্ছো	6
মন্ত্রীসভার	6
পেন্টাগনের	6
ওয়াইসমান	6
নজিরবিহীন	6
ছেড়েছ	6
ডুবানো	6
নিউরোটক্সিন	6
জনগোষ্ঠী	6
আন্ডারকভার	6
কায়দায়	6
কাটল	6
ট্রাউজার	6
সাক্ষাতে	6
প্রধানদের	6
মটর	6
প্রহর	6
কান্সাসে	6
ইংরেজদের	6
গ্যাসোলিন	6
মৌ	6
মাউ	6
নাস্তায়	6
ঠেলো	6
বার্বারা	6
ভদ্রমহিলাগন	6
ডাস্ট	6
উপকূলের	6
হার্ভিকে	6
টনির	6
ঘনত্ব	6
পরমাণুর	6
যুগান্তকারী	6
ঈশ্বরপ্রদত্ত	6
রোমানরা	6
কমিউনিস্টদের	6
দেশপ্রেমিক	6
ম্যাকক্যুলিখ	6
বাসবো	6
পেশির	6
সন্ত্রাসের	6
সিবিলি	6
পূর্ণাঙ্গ	6
নানুর	6
দেহগুলোকে	6
বিয়ারের	6
ডমিনিক	6
বুঝেনা	6
স্নায়ুতন্ত্র	6
কাঁপিয়ে	6
মেই	6
শর্তগুলো	6
ফ্লপ	6
পিঁপড়ার	6
ঝাঁকান	6
খোকামনি	6
লুপ্ত	6
ডুপ্লিকেট	6
কমান্ডারকে	6
পাঙ্খা	6
চলেছ	6
আইভরি	6
আলতো	6
ফেললেই	6
ডিলারের	6
সাধারণের	6
মুঠো	6
লেটিকে	6
ভাওয়েল	6
এতটুকুও	6
রাইলি	6
চলুক	6
কিংডমে	6
ময়দা	6
লাগাব	6
গুবলেট	6
টেলিফোনের	6
নেটিভ	6
আবুলের	6
ঢুকিয়েছি	6
পাতো	6
সানশাইন	6
নেভাডায়	6
অনুপাত	6
বুঝাই	6
বেতনও	6
চুক্তিটি	6
প্যানকেকস	6
ঘুরা	6
রোড্	6
ভাল্লাগছে	6
পালনকর্তা	6
সুন্দরীর	6
ইউডেস্কি	6
সেটলে	6
তপস্বীর	6
কয়েদীরা	6
ঘুমোচ্ছি	6
বেকারিতে	6
বুগিম্যান	6
রেইনমেকার	6
কটন	6
ভদ্রলোকেরা	6
আশ্রিত	6
বইপত্র	6
ভেংচি	6
দিছিস	6
অস্টিন	6
কাঁদছি	6
হার্ডি	6
অর্ধেকও	6
ক্যাটের	6
বেকা	6
এরপরই	6
মিলানো	6
ইন্টেরেস্টিং	6
ডায়নাকে	6
বেষ্টিত	6
করিয়েছ	6
ইনভেস্ট	6
করতেছিলাম	6
জানতেনা	6
যন্ত্রনাদায়ক	6
মহাদেশ	6
সুমন	6
ডাণ্ডা	6
হত্যাযজ্ঞ	6
চিত্রকর্ম	6
ঢুকব	6
উত্তেজনাপূর্ণ	6
ডাসকম্ব	6
স্বার্থের	6
রো	6
রূপাঞ্জেল	6
উমঃ	6
সাংবাদিকতা	6
ভোক্তা	6
পয়সাটা	6
গাছটার	6
করতেছেন	6
ফিরত	6
টিপতে	6
মহাদেশের	6
ক্রিডির	6
রাজমিস্ত্রি	6
এগীথ	6
ক্যারোলিন	6
সিলগালা	6
জোয়ে	6
করতেনা	6
পাগলই	6
ন্যাটালী	6
বেশ্যাকে	6
পরমানবিক	6
আগাইয়া	6
ঘ্রাণের	6
ভেঙ্গেই	6
পাইলে	6
ছাড়ায়	6
বদলাচ্ছি	6
ডুবন্ত	6
সরবরাহের	6
তাকাইও	6
এলিয়েট	6
কীসব	6
স্যাক্সনরা	6
পারফিউমার	6
বেজেছে	6
প্রভাবে	6
স্যাক্সন	6
সহযোগীতা	6
অভিযোগের	6
পাঠিও	6
ঘড়িটি	6
নামলো	6
মাছেরা	6
স্ক্রিপ্ট	6
সুদক্ষ	6
আলীয়া	6
নামায	6
দ্বিতীয়বারের	6
জানুন	6
খুনীটা	6
হাল্ক	6
ভূতুরে	6
লাশটি	6
ফিরবেন	6
সত্যও	6
দুর্দশার	6
এল্ভস	6
প্রজেক্টটা	6
অভিমান	6
এন্তোনিও	6
শোনাব	6
অনাহারী	6
চেন্নাইয়ে	6
মাথাব্যাথা	6
মার্গি	6
দুইটার	6
কয়েকশো	6
গানপাউডার	6
মাউন্টটেন	6
ফাটার	6
স্যামকে	6
স্ত্রীদের	6
মারাও	6
বিলে	6
কক্ষণো	6
গেরিলা	6
প্লেটগুলো	6
গ্রাসে	6
অকার্যকর	6
শ্রিকিং	6
চাইল্ড	6
ট্রিন	6
উঠতি	6
নাগরিকগণ	6
শ্যান্কস	6
ব্ল্যাকবার্ড	6
অভ্যাসের	6
নিঝুম	6
খোঁড়া	6
এলেও	6
কারাতে	6
প্রদানের	6
সময়েও	6
সম্মাননা	6
আনুর	6
ব্যবস্থায়	6
এক্সিকিউটিভ	6
প্রার্থীরা	6
আটটি	6
প্রতিপালিত	6
পেইন্টের	6
বুথ	6
মোদ্দা	6
টুকটাক	6
কোনমতেই	6
বছরও	6
স্টারশীপ	6
ক্রেইনের	6
রেকর্ডার	6
গৌতমকে	6
ইউটিউবে	6
গ্যালারিতে	6
স্রোতে	6
শেলফে	6
ফেরারি	6
বাঁকানো	6
সংবাদটা	6
লুকায়	6
অ্যাভলোনের	6
চৌকাঠের	6
ড্রামার	6
ফরেভার	6
একাকার	6
ক্যালিফোর্নিয়াঃ	6
অশ্বচালনা	6
ধরিনি	6
কমলালেবুর	6
কিনেছ	6
রেজিমেন্ট	6
সিনথিয়া	6
ট্র্যাজেডি	6
আইনজীবি	6
একনায়ক	6
গ্রেপ্তারি	6
চাকাটা	6
বোল্যান্ড	6
স্ন্যাপ	6
ঐটাও	6
ভাগ্যক্রমে	6
বিশদ	6
আলমা	6
ব্রীজের	6
পূর্বনির্দিষ্ট	6
বিবদমান	6
লাইব্রেরিতে	6
কনভেনশন	6
ভগবন্	6
প্রচারিত	6
কৃপায়	6
পাইলি	6
হিরাটা	6
কুকুরছানাটার	6
কনোতে	6
কোনখানে	6
বপন	6
সর্বোত্তম	6
অ্যালবাস	6
গোসলে	6
টুথ	6
কর্ডগুলি	6
কেম্নে	6
ইয়েই	6
এডিট	6
খোরাক	6
শিভামের	6
মোডে	6
দাসদের	6
মেইনফ্রেমে	6
অর্করা	6
দণ্ডিত	6
গলাবেনা	6
রাবাই	6
টেস্টে	6
ওয়েটিং	6
রজ্যার	6
ডোবার	6
পুঙ্খানুপুঙ্খভাবে	6
কেসিং	6
জমপেশ	6
আপেলের	6
এলিয়ট	6
হ্যার	6
ছোঁ	6
প্যারা	6
দপ্তরে	6
গবলিন	6
ফর্সা	6
টেরাফর্মিং	6
কোপ	6
ড্রামের	6
দাঁড়ালো	6
উদ্যোক্তা	6
ইনগ্রাম	6
ফেইজ	6
ক্রিয়া	6
পোঁটা	6
পিঁপড়ে	6
টায়রা	6
আনন্দদায়ক	6
দৃঢ়ভাবে	6
বিষয়বস্তু	6
মুখরোচক	5
অপেক্ষাকৃত	5
ফরচুন	5
পরোটা	5
গতিবেগ	5
ডোমার্গ	5
বোতসোয়ানাতে	5
ধরছো	5
রিপ	5
জিগরি	5
বাড়	5
ধামাকা	5
রাইজিং	5
মাইকে	5
মমের	5
মূর্তিটা	5
হোমটাউন	5
মুড়ির	5
চোঁখ	5
প্রোগ্রামগুলো	5
নেবোনা	5
অলক্ষুণে	5
রাডারে	5
সাংহাই	5
টোকিওর	5
টুকরোটা	5
মার্সে	5
টোকিও	5
জেরক্স	5
জাহিদ	5
নিচ্ছিলো	5
জন্তুকে	5
সম্ভাবনাই	5
কেনের	5
টীমের	5
বুলিয়ে	5
হৃদয়স্পর্শী	5
লেভিন	5
শামস	5
জংশনে	5
মুহুর্তেই	5
লক্ষ্ণী	5
পিনিক	5
ভালোবেসেছিলাম	5
করন	5
অনিচ্ছুক	5
ডগি	5
অবলা	5
মোস্ট	5
লিমিটেড	5
ড্রাকুলার	5
সদের	5
পদমর্যাদার	5
স্নিডার	5
মেলাও	5
পাঠাইছে	5
চাদ	5
ঘুড়ে	5
বোকচন্দর	5
স্টার্লিং	5
আহহহ	5
কাঁদছেন	5
দীর্ঘস্থায়ী	5
আটকাবেনা	5
ডেরায়	5
পেয়	5
হোমল্যান্ড	5
রচিত	5
মহিলাটাই	5
ভয়ার্ত	5
ফটোগ্রাফি	5
নায়কদের	5
মানাইছে	5
পালাচ্ছিলে	5
পরিপুর্ন	5
খুজা	5
পৃষ্ঠাটা	5
আগামীর	5
গালাগালি	5
সত্যিটাই	5
লেডির	5
তাড়াহুড়ার	5
নববর্ষের	5
স্বার্থপরতা	5
সীমারেখার	5
উত্থিত	5
প্রতিপত্তি	5
অরণ্য	5
খেয়েছিলেন	5
বাড়ান	5
শতকে	5
চাকরিদাতা	5
মাস্টারপিস	5
অমিল	5
নাইটরা	5
প্রোডাক্ট	5
এসপিন	5
লাইব্রেরী	5
গুদামঘরে	5
নড়ে	5
মামুর	5
কিফ	5
সরিয়েছি	5
যথেষ্টই	5
ওয়ান্সি	5
চারিত্রিক	5
এঞ্জি	5
কন্ঠে	5
আঠার	5
ডারউইন	5
চাঁদটা	5
কেতলি	5
স্তন্যপায়ী	5
পৌনে	5
নিবেদিত	5
বইসা	5
কামরায়	5
ডেভেলপ	5
নহে	5
কেপ্টেন	5
দাবিদার	5
কচুকাটা	5
সৈন্যকে	5
জুজুৎসু	5
ওমরের	5
ভুলিস	5
বাচাল	5
লুথারের	5
জুতায়	5
শুরুকরি	5
অগো	5
ফালামু	5
তাহারা	5
রাজিব	5
হওন	5
তেইশ	5
ইডি	5
তুর্কি	5
বস্তিতে	5
তাপইকা	5
থিসিস	5
গতকালকেই	5
দাগী	5
যা্ও	5
লগিন	5
নিঁখুত	5
ডিমক	5
এক্সট্রেমিস	5
ফলাফলের	5
দাদাও	5
মিলছেনা	5
পাহাড়সম	5
ত্রিভুজ	5
বেতার	5
ছড়ির	5
ক্ষয়ক্ষতির	5
ইয়াও	5
বোঝাবোঝি	5
মহামারি	5
মহাজাগতিক	5
ইশশ	5
কুয়েতের	5
সিপাহীরা	5
রিজেক্ট	5
নানুকে	5
কাজকর্মে	5
বেনামে	5
বেট	5
লিওনার্ড	5
জুলুমের	5
ম্যাসাজ	5
সমাধিগৃহ	5
ডিব্	5
অটলভাবে	5
গানই	5
সুপ্রিম	5
মগের	5
তারাতো	5
বেয়াদপ	5
যথার্থভাবে	5
দুর্ভোগ	5
চিনলে	5
পরাভূত	5
হুল	5
জিওগ্রাফিক	5
শতক	5
্যাংকিং	5
কাপিয়ে	5
পাঠক	5
খ্রিষ্ট	5
বেইলীর	5
ভার্জিনিয়ার	5
জব্বর	5
খুলছেনা	5
পিংকি	5
ক্যাফের	5
বোর্ডটা	5
মালায়লিয়ান	5
পলিশ	5
মেলবিনের	5
রেড্ডি	5
এগ্রিন	5
টগবগ	5
গ্রিডের	5
স্যা	5
বেকুবের	5
পরিচিতদের	5
গুডম্যান	5
ভিরাম	5
স্বাদে	5
সমুদ্রযাত্রা	5
ইঙ্ক	5
বাচ্চাগো	5
পেটানো	5
দেখছস	5
জ্যাভেলিন	5
মমি	5
পুরোটার	5
ব্রিফক্রেস	5
যেগুলা	5
কামিয়েছে	5
বহির্গমন	5
মলের	5
আইরিশরা	5
ছাপের	5
যাত্রাপথটা	5
নাচার	5
যাদুকরই	5
তরিকা	5
তুলেছিলাম	5
রিফিউজি	5
গার্ডঃ	5
ক্ষুদে	5
হীরের	5
স্পিরিট	5
বাচান	5
কৃষকের	5
ভায়োলেন্স	5
পড়বেই	5
সেভিংস	5
বসাও	5
কর্তার	5
লাইনেই	5
হার্টে	5
শাড়ী	5
জ্যাকর	5
ট্রিক	5
ঘুমিয়েছিলাম	5
নিশাচর	5
বাঘে	5
বাচ্চারে	5
অফিসেই	5
চিমনি	5
গাড়িগুলোর	5
ম্যান্টল	5
পোড়ানো	5
সংগৃহীত	5
কন্ডাক্টর	5
নটিক্যাল	5
ক্যাটরিনার	5
আকাশপথে	5
প্রকাশে	5
সিমান্ত	5
এন্টেনার	5
ঘুরলে	5
চেয়ারের	5
চালিও	5
ভাইটা	5
পৌঁছালে	5
নির্ঘাৎ	5
অ্যালবাম	5
ছাড়লো	5
রাখিনা	5
গ্রেটুইটি	5
ছাত্রছাত্রীদের	5
ডিক্সন	5
অভিভুত	5
কনটেন্ট	5
জানতামনা	5
ক্লিগেন	5
ভারাক্রান্ত	5
হাদারাম	5
কইয়া	5
পরুক	5
সরবরাহকারী	5
সংবিধান	5
আউন্স	5
কালোজাদু	5
অফিশিয়ালি	5
এডমিরাল	5
কুফুরির	5
মাপার	5
ড্রাক্সের	5
বিভোর	5
পাইলটই	5
স্ক্রলিং	5
এয়ারফোর্স	5
ব্যাবসায়িক	5
হইছিল	5
দজ্জাল	5
রবের	5
পাঠাচ্ছ	5
ব্র্যানযিনো	5
লটারী	5
কল্যাণ	5
শ্যাষ	5
অঙ্কটা	5
মেশাতে	5
খুঁজা	5
টেজারফেস	5
কংগ্রেসম্যান	5
ইয়ন্ডুর	5
নাৎসিদের	5
আকর্ষণের	5
ওয়ার্নার	5
নেয়না	5
সমাপ্তিটা	5
শাশুড়ির	5
লকল্যান	5
বারবিকিউ	5
ক্রেইগ	5
মানচিত্রটা	5
পাওয়ারে	5
নিউইয়র্কের	5
দেশঃ	5
হইনা	5
গাঙ	5
দাইজিউনে	5
অজানাকে	5
কইছিলো	5
ম্যাসাচুসেটস	5
থাকিনি	5
আটটার	5
তাঁরার	5
মাইক্রফটের	5
এসেক্সের	5
মাইনগুলো	5
ভাষাঃ	5
গার্ডিয়ান্স	5
নিইনি	5
স্ট্যাম্প	5
আটকাই	5
পরিত্রান	5
বাগদানের	5
চত্বর	5
এমবিএ	5
উদারতার	5
বিধি	5
বাড়িটাতে	5
উভয়েই	5
আমারদের	5
ওষুধে	5
মংকফোর্ড	5
টেলার	5
হরণ	5
উইচক্র্যাফট	5
হারামজাদাটা	5
ক্র্যাক	5
ভবিষ্যতবাণী	5
গ্রামাটন	5
কুশল	5
ডাইনিটাকে	5
চিন্তাটা	5
বসদের	5
নারনীয়াকে	5
চিহ্নও	5
আগেরটাই	5
গেছিরে	5
ফকিন্নির	5
বির্হে	5
পিটিয়েছি	5
দেখালেন	5
স্বর্ণমুদ্রা	5
ফেসবুকেঃ	5
লোনাপ্পান	5
ফোঁটাও	5
চারজনই	5
জিবনের	5
সুপারনোভা	5
আত্মসম্মান	5
রপ্ত	5
গোড়ালিতে	5
মাসকট	5
ওঠান	5
কুইলকে	5
সমূদ্রে	5
বেশীর	5
ব্যাটাদের	5
কৌতুকাভিনেতা	5
চালের	5
আগালে	5
আরোপিত	5
গুলতি	5
কারিকালান	5
পালোয়ান	5
পাটা	5
গুণবে	5
মাভা	5
সেজন্যেই	5
মেয়েটাই	5
দুরান	5
রাগকে	5
ব্যাঁ	5
ঘুমালে	5
ঊর্ধ্বে	5
ব্রাজিলে	5
জেডি	5
অলঙ্কার	5
চরকী	5
কুইনের	5
বাড়ালে	5
লেটির	5
আন্ডারে	5
প্রেসক্রিপশন	5
চালনার	5
বদমাইশটা	5
মহারানী	5
চিনতেই	5
বুঝতেন	5
জ্বীনকে	5
ছাড়ানোর	5
ইব্রাহীমের	5
আকাশচুম্বী	5
ফটক	5
অশ্লীল	5
গায়বে	5
জুরির	5
ফার্মটা	5
আলোকের	5
চিতার	5
স্লেভ	5
বিপর্যয়ের	5
দুধগুলো	5
চালাতেই	5
অঘটন	5
রহমতে	5
লর্ডরা	5
ভিত্তিহীন	5
উরন্ত	5
ক্ষমতাও	5
ভাঙে	5
ক্যাসল	5
ব্রনসন	5
জুটেছে	5
মনস্তাত্ত্বিক	5
কোরআনের	5
পারাপার	5
এডআর্ড	5
অনুপযুক্ত	5
হুইলটা	5
ঘুমাচ্ছ	5
টিকাপ	5
মডিউলের	5
তখুনি	5
গাদাগাদি	5
কারাবন্দী	5
ইন্সুরেন্স	5
অপর্যাপ্ত	5
ইন্ধন	5
দশেক	5
অস্বাভাবিকতা	5
কইসি	5
কোষে	5
সোকোভিয়া	5
শরম	5
স্লাইডে	5
মুগুর	5
হায়াথি	5
ক্রী	5
বেড়	5
ওজাকির	5
ভামসির	5
দয়ে	5
গাচ্ছে	5
শীতনিদ্রায়	5
জেসমিন	5
মহাকাশচারী	5
পূর্ণতা	5
কোনরকমে	5
আঁকুন	5
পরছ	5
করেছন	5
লাশও	5
শুরুই	5
পুরুষমানুষ	5
পাচ্ছিলে	5
কমপ্লেক্স	5
হাঁটে	5
পাষাণ	5
প্যাজ	5
ইবিকে	5
ঠিকানাও	5
গোলার	5
চি	5
ঘটতো	5
সেথুরামানের	5
বুস্টার	5
জনির	5
হাস্যরস	5
ড্রেনে	5
আব্দুল্লাহ	5
ধরতাম	5
খোয়াতে	5
অাপনাদের	5
ভিনসেন্টকে	5
অন্যদেরও	5
বুঝোনি	5
কিনেছেন	5
জাহাজেই	5
মহোদয়গন	5
হাঙ্গরের	5
তারাকে	5
অডিশনের	5
নাইমেরিয়া	5
বন্দরের	5
নিতেও	5
কব্জিতে	5
ফো	5
পাঠাত	5
ছুঁড়েছে	5
অনেক্ষন	5
রসদ	5
ব্যারাকে	5
শয়তানরা	5
যাওয়াতে	5
চার্লিঃ	5
তামাকের	5
টেস্টটি	5
ফায়জো	5
আজিজেরে	5
কাঙ্খিত	5
কালাহারি	5
ভবনটা	5
সমবেত	5
বর্ধিত	5
বসেছিলো	5
ফিনিয়াস	5
হাইব্রিড	5
ফিলিপাইন	5
ওইগুলি	5
বাৎসরিক	5
কোমলতা	5
শত্রুতার	5
মিলান	5
ধার্মিকতা	5
ডোন্ট	5
শোনাবেন	5
টাডা	5
আজরাইলের	5
লেগেছ	5
বজ্জাতটা	5
চমৎকারভাবে	5
এলশা	5
অহহ	5
স্থপতি	5
ডুয়ার্ফদের	5
ভামসিকে	5
সাইলেন্ট	5
অন্যজনকে	5
তৈয়ার	5
চুম্বক	5
কার্যক্রমে	5
আসোলে	5
থিংস	5
বকর	5
আয়ন	5
রাখলেন	5
ব্র্যানের	5
ক্যাম্পকে	5
চূড়া	5
দুলি	5
নতুনত্ব	5
সেকারণেই	5
ট্রায়ালের	5
ম্যানড্রেক	5
পাঁজি	5
ইন্টারেস্ট	5
নৌ	5
অভাবের	5
চারটে	5
শেষেই	5
ফ্যাক্স	5
উন্মাদের	5
খজনক	5
খেলাও	5
থাক্	5
ডুয়ার্ফের	5
ফুঁড়ে	5
মহাপ্রাচীরে	5
গ্রস্থ	5
বিঁধে	5
ফেলেছিলি	5
প	5
করিওনা	5
পাল্টাবো	5
মিনিটই	5
উপশম	5
হইলেই	5
করতাছ	5
প্লেনগুলো	5
ড্রিসেলা	5
নেইম	5
ভুলনা	5
ফক্সে	5
হাঁসে	5
চালালো	5
ফিল্ডের	5
আতিকুল	5
গনি	5
পিয়েরেত্তি	5
বানালেন	5
বীমার	5
পৌঁছেছ	5
জেসপার	5
বেকসুর	5
ক্রিল	5
ভুলবশত	5
বাড়িটাকে	5
ম্যাসিভ	5
এতীম	5
অভিষেকের	5
ধরতো	5
দয়িত	5
ক্ষণস্থায়ী	5
টিপস	5
বৃষ্টিপাত	5
দাদাজানের	5
হর্নের	5
ক্রেইনকে	5
অসধারন	5
মিরাজকে	5
গ্যাল্যাক্সি	5
ভালোবাসিনা	5
নিরুপায়	5
বাপারে	5
প্রিয়জনের	5
ঋনী	5
হম	5
ব্রোকার	5
জয়গৌরি	5
পাল্টিয়ে	5
কিউম	5
খুশিতেই	5
গুনতেই	5
পৃথক্	5
সেলসিয়াস	5
রায়ের	5
আত্নীয়	5
ফান্ডের	5
নরিংটন	5
ভাইসকল	5
ক্লিন	5
গুনাহ	5
মানবেনা	5
কাউচে	5
জাষ্টিন	5
নাটকীয়তা	5
গ্লাসকে	5
বাঁচালাম	5
ফিরিয়েও	5
নোনতা	5
সংজ্ঞায়িত	5
হামিশ	5
শাস্তিটা	5
নাম্বারই	5
নাৎসি	5
ভাবতেন	5
দোস্তি	5
পান্ডু	5
জিতো	5
মেকার	5
খুশিমতো	5
অরাল	5
ভঙ্গিতে	5
বম্ব	5
পাঠ্যবই	5
ব্রাহ্মণ	5
বন্দীশালা	5
জাজ	5
বোধয়	5
বোরকা	5
ইঞ্জিনিয়াররা	5
হুই	5
দেশীয়	5
অতটুকুই	5
সহিংস	5
পৌত্তলিক	5
প্রধানেরা	5
একরোখা	5
ইউনানী	5
জ্বরে	5
রীতিতে	5
ম্যানার্সের	5
টারটারাস	5
সেগুলোও	5
লুকনো	5
লায়োনেল	5
সাতটার	5
নেতিয়ে	5
তাকিয়েছি	5
ভাংবে	5
শ্রাইকের	5
উঠতেই	5
অল্পের	5
বার্বি	5
পাহাড়চূড়ায়	5
দ্যান	5
কামনার	5
খ্যাতির	5
সুখময়	5
মাবুদ	5
হননি	5
হতাশাগ্রস্ত	5
শিক্ষকতা	5
ফিলিং	5
পেস্ট	5
চেচামেচি	5
অভেদ্য	5
রইলেন	5
অসুবিধার	5
উইন্ডো	5
বাঙ্কার	5
ল্যান্ডে	5
এক্সট্যাসি	5
নিষ্করুণ	5
লাইটগুলো	5
চাইছিস	5
ভোল্ডেমর্ট	5
স্ক্রীনে	5
পাশবিক	5
ম্যাজিকাল	5
পিপড়া	5
আথোস	5
আদা	5
সুদসহ	5
সময়টাকে	5
দুমুখো	5
বীজকে	5
গোরস্থানে	5
স্ল্যাশা	5
স্মরণিকা	5
ক্রিপ্টনকে	5
বাণীর	5
পরিয়েছে	5
বাধ্যবাধকতা	5
ম্যানর	5
ভান্ডার	5
রিপার	5
ডোনাটের	5
ত্রয়ীর	5
বিন্দুতে	5
কখনোও	5
অনভিজ্ঞ	5
ডবল	5
উপকূলীয়	5
বখশিশ	5
লকারের	5
দৃশ্যপট	5
রোডি	5
থলের	5
তুখোড়	5
বার্গারের	5
নিঃশ্বাসও	5
ততটুকু	5
এমিলির	5
উওর	5
ব্রুকলিনে	5
অনাবৃত	5
ম্যালের	5
বিভ্রান্তি	5
এস্পেন	5
জফরি	5
কলমে	5
ফারাক	5
নরওয়েজিয়ান	5
শুনবি	5
ঘষতে	5
করিয়ো	5
ওয়াকারদের	5
চিমনির	5
পুরষ্কারটা	5
ভ্যালির	5
স্যামুয়েল	5
কিছুইনা	5
হৃদপিন্ড	5
সিল্কের	5
স্বমস্বরে	5
আফসোসে	5
দূর্ঘটনার	5
লাইফলাইন	5
আরিয়াডনি	5
প্রাচীরে	5
সচেতনভাবে	5
কইত্তে	5
নূরা	5
কালাহারির	5
কয়েকমাস	5
জড়ালো	5
সারাক্ষন	5
নামাজ	5
রান্নাবান্না	5
পরিবেশটা	5
ধারার	5
সারানোর	5
আকরিক	5
বন্ধুটাকে	5
প্রতিস্থাপিত	5
এলভিস	5
উপলক্ষ্য	5
এক্সিয়ম	5
বশবর্তী	5
কিকের	5
সাইটের	5
বহুমূল্য	5
খাটান	5
স্বরূপে	5
জন্মভূমি	5
মনেপ্রাণে	5
দাসত্বের	5
গ্ল্যাসের	5
ঘুরুন	5
দৃষ্টিসীমার	5
আয়নাতে	5
সার্জারিতে	5
কাওকেই	5
নাতির	5
সেলিব্রেটি	5
লন	5
ইয়ারের	5
বেঁজে	5
ব্যথাটা	5
ক্ষতস্থান	5
অচপল	5
অজানার	5
্যাঙ্কেল	5
ত্বক	5
লাখে	5
পেল্টগুলো	5
পছন্দটা	5
পার্টটা	5
ইমিগ্রেশন	5
ঘুরব	5
ফাঁদের	5
দৌড়াচ্ছ	5
এতা	5
মিশতে	5
ডাকবি	5
দুর্ঘটনাবশত	5
আপার	5
শোরগোল	5
উঠছিলাম	5
ওয়াইল্ডার	5
অসুখী	5
অ্যান্সার	5
বিষয়টাকে	5
মালে	5
চকমকি	5
পাগলও	5
কম্বিনেশনটা	5
অভিশাপের	5
টোকাই	5
পুরিয়ে	5
বাদিকে	5
চালিয়েছিলো	5
সৌন্যদল	5
বলদটা	5
ঘুমাচ্ছিল	5
পারছিলো	5
কুত্তাকে	5
ডাক্তারও	5
চিবোও	5
হাতও	5
বকো	5
ক্যালমা	5
বোগার্টের	5
হেনরিক	5
নিষ্প্রাণ	5
মেনার্ড	5
গিট্টু	5
লেঙ্গুড়	5
বাচা	5
ফ্যাক্টরী	5
ফেনট্রেস	5
স্টোরিতে	5
টির	5
লেনে	5
তোমারদের	5
লরার	5
মোচড়	5
কুঠরিতে	5
জোরি	5
বাকবিককে	5
গুনন	5
স্থানও	5
রেশম	5
দেখলেও	5
জোয়ি	5
ড্রেকো	5
বোম্বে	5
টর্চার	5
চূর্ণবিচূর্ণ	5
কন্সট্রাকশন	5
প্রদর্শক	5
রম	5
অনন্যতা	5
সঙ্গীর	5
কেদাভ্রা	5
আভাদা	5
কামড়াচ্ছে	5
হ্যানিবাল	5
শয়ে	5
রুচির	5
মেরামতকারী	5
হাটে	5
শর্তের	5
স্বচক্ষে	5
ড্যাথোরাকি	5
খাঁজ	5
মেরেও	5
দেখাবার	5
কুলপতি	5
মায়েদের	5
সম্পাদন	5
সৃষ্টিকে	5
লুকায়িত	5
কাটবেনা	5
সুমি	5
দুর্গন্ধে	5
প্যাসেজ	5
এসিপি	5
ভার্নো	5
ডোনাট	5
কাহিনীতে	5
গ্রানাইট	5
যেগুলি	5
খুজেঁ	5
সাইন্টিফিক	5
খাচ্ছিল	5
বিক্রিও	5
কল্পনাই	5
ডিরেক্ট	5
লেটার	5
ম্যানহাটনের	5
শিকাগোতে	5
ধুত্তোর	5
নিমু	5
বাঘকে	5
দূরত্বের	5
ধোনি	5
শামুকের	5
মরুভুমি	5
প্রতিজ্ঞার	5
সাধারনের	5
জেরুজালেমকে	5
ক্যাটারিং	5
ক্যারেন	5
ঢুকালে	5
আদরে	5
রামায়ণ	5
জিবানন্দাম	5
উগরে	5
শ্রীনগর	5
রেখায়	5
রফা	5
চেস্টার	5
ডাস্টবিন	5
ইথারকে	5
পৌঁছার	5
পড়ালেখায়	5
ব্যস্	5
নরম্যান্ডির	5
শুনাই	5
ইমপ্রেস	5
কয়েদীখানায়	5
হোগান	5
গাইয়ের	5
ব্রহ্মাণ্ডে	5
সিগনালের	5
অন্ধকূপে	5
নামীদামী	5
সতেজতা	5
কারিন	5
রশিদ	5
শিল্পীর	5
বিলাসিতা	5
রোভার	5
এলাবামার	5
ঘুরছিলাম	5
জাম	5
সিউলের	5
ছেপেছে	5
ঈশ্বরও	5
টাহা	5
হাছা	5
অরেলিও	5
গঠনের	5
মুরগিটা	5
বিবৃতিতে	5
আইবল	5
তাহমীদ	5
গিলিউইড	5
এজেন্সিতে	5
টেনশনে	5
ডিটেক্টর	5
যুদ্ধবিরতি	5
সেন্টারের	5
সেন্টিনেলরা	5
কূপে	5
আন্তর্জাতিকভাবে	5
ফ্রেডের	5
কারখানাতে	5
হয়রানির	5
স্টিমার	5
মাদাম	5
প্রতিভাও	5
ব্যাথায়	5
সেরাম	5
ইজেক্ট	5
শাক	5
উল্কা	5
দুষ্প্রাপ্য	5
পেশাজীবী	5
ভলডেমর্টকে	5
উইসট্রমকে	5
সপ্তাহটা	5
শাজিন	5
ছেলেটাই	5
মারলিন	5
এক্সরে	5
যথাসময়ে	5
দুইটাকে	5
রাশি	5
নেকড়েটা	5
স্বজনদের	5
জিতেছিস	5
আমান	5
পুর্বপুরুষের	5
পড়ানোর	5
শ্রমিকেরা	5
খেয়েও	5
সালা	5
নুডলস	5
ক্রূসিও	5
এলেক্সের	5
রাইস	5
এয়ারপ্লেন	5
অরোর	5
আ্যলেস্টর	5
ক্রাউচ	5
মেরেছিলি	5
রুমেও	5
ব্রেস	5
ছিঁড়া	5
ক্ষমতাই	5
স্যান্ডিকে	5
গুহাবাসী	5
আব্দুল	5
লিগে	5
নিস্তব্ধতা	5
চরা	5
লোকদেখানো	5
প্রদর্শনীতে	5
শিক্ষাবিদ	5
আজকাবানের	5
মানেনা	5
সরেন	5
অকাতরে	5
মনিকের	5
ভুলভাবে	5
হাঁটাচলা	5
যেকরেই	5
লাগালেই	5
চালাবেন	5
ভোম্বলের	5
লিটলফিঙ্গার	5
চিনেছেন	5
জুনকে	5
যাদুকরের	5
সাদার	5
ধারণাটা	5
নাবিকের	5
ডেলাকৌর	5
গুগলে	5
ভেল	5
কষ্টকে	5
তালির	5
ডিভাইনেশন	5
চেকপয়েন্ট	5
ফ্লাফি	5
ইবেলিন	5
উঠিস	5
ঘুমোচ্ছে	5
উটকো	5
পশুটাকে	5
করালো	5
এককালে	5
জেটে	5
অন্যগুলোর	5
প্রবলভাবে	5
বৈবাহিক	5
বাড়িয়েছি	5
ফাউন্টেনের	5
কোনকিছুতে	5
মৃতকে	5
ব্রিয়ারিওসের	5
কূপ	5
মামনিকে	5
গ্রামবাসীরা	5
মরেছিস	5
একরাতে	5
খাটতে	5
এরদাল	5
দিলা	5
বিস্মৃতি	5
ট্রান্সমিশনের	5
কথাতো	5
দাঁড়িয়েছিলাম	5
রাখতেন	5
জিনিদের	5
এটমকে	5
ডলারই	5
রাডারের	5
সামারা	5
বিচে	5
বিছিয়ে	5
প্রতিরোধী	5
স্কার্ফ	5
উকিলও	5
সোমবারে	5
জাদুমন্ত্রের	5
দায়িত্বটা	5
সামলাতেই	5
কাজটাকে	5
তাহলো	5
শতবার	5
বিনয়ের	5
ইচ্ছাপূরণ	5
ছাড়পত্র	5
পড়লেন	5
ভিভিয়ান	5
প্রতিবেশি	5
রেললাইন	5
ব্ল্যাকে	5
পিছেই	5
উপকারের	5
ওমন	5
কালুয়াদের	5
পালালে	5
আইডিয়াই	5
মিল্ক	5
রেগেই	5
কিউটি	5
পাওয়ারের	5
কফিটা	5
পাইর্সড	5
ডিসডেন	5
কালোর	5
প্রুফ	5
এইসবকিছু	5
বন্দীরা	5
পরিচারিকা	5
বিভাগকে	5
বল্লা	5
খোঁজাখুঁজি	5
শিপটা	5
ব্যাখ্যার	5
নার্সরা	5
ক্রিমিনালদের	5
ব্যাঙের	5
প্রলুব্ধকর	5
হাঙর	5
আনাড়ির	5
ভাইবোনদের	5
সারাংশ	5
সংশ্লিষ্ট	5
আওয়াজে	5
একটিই	5
সান্জু	5
কুমিরের	5
অনুপ্রেরনা	5
পলিফিউমাস	5
স্বর্নের	5
কুটি	5
এককোষী	5
পার্শ্বপ্রতিক্রিয়া	5
চাচী	5
শব্দটার	5
ফারাওদের	5
লেন্স	5
আপসেট	5
বন্দুকগুলো	5
যেকন	5
পুকুর	5
আসবনা	5
দেবলোকে	5
মিডল	5
টিচ	5
সাঁতরাতে	5
বাটপার	5
দরবারে	5
হিংসায়	5
এট্যাক	5
তুম	5
লুককে	5
ব্র্যান্ডি	5
এপার্টমেন্টের	5
মাস্টারকে	5
হটতে	5
ট্রেলার	5
য়ে	5
সংগম	5
পরিবারদের	5
মানুষেরই	5
গাসের	5
জেনের	5
খরচা	5
ইবেলিনের	5
জাহাজই	5
কেরোসিন	5
আশাও	5
ছোরা	5
টেবিলটা	5
এনডিউরেন্সের	5
বাড়িতেও	5
ওরকমভাবে	5
বোঝাচ্ছিলাম	5
রেনজার	5
শ্রমিকরা	5
ঘুঘু	5
রূপের	5
শোকাহত	5
থাকছো	5
কামাব	5
খোঁড়ার	5
ম্যাক্সকে	5
ডেকেছিলে	5
এন্থনি	5
দেখিওনা	5
ডুশ্যাম্প	5
গ্রেডি	5
সারাজীবনে	5
ডাকছিল	5
বসলাম	5
অসহায়দের	5
দো	5
পরপারে	5
পোলাটা	5
গদি	5
করিম	5
আক্কু	5
শেঠ	5
যেকেউই	5
ঐটাতে	5
শার্লককে	5
শুনেছিলেন	5
অ্যাম্বুশ	5
টিবিলিসির	5
দুশমনের	5
ছাত্রের	5
গ্যাব্রিয়েলা	5
বাজপাখির	5
কারাসব	5
ওডিন	5
নূপুর	5
নয়া	5
মিত্রদের	5
ডেভিসঃ	5
স্যাডো	5
পিয়ার	5
বেটেনি	5
মিনেসোটায়	5
স্পেয়ারিং	5
পছন্দও	5
শব্দগুলোর	5
গেটটা	5
প্রফুল্ল	5
তিনদিনের	5
টার্বো	5
বাটুল	5
ভাস্কর	5
বেচতাম	5
অধীনস্থ	5
টেক্সি	5
কমিকস	5
বিচ্ছিন্নকরণ	5
চ্যাম্প	5
তাড়ার	5
করোস	5
বেহেশত	5
নর্দার্ন	5
মরেছ	5
আলেহান্দ্রো	5
চলরে	5
আধাঘন্টার	5
চেঁচামিচির	5
গ্রিনউইচ	5
ফিজিক্সের	5
কার্লোর	5
নির্গমন	5
ওয়াই	5
দাগও	5
থ্যাচারের	5
থ্যাচার	5
জলাঞ্জলি	5
রিগ্যান	5
মাছগুলো	5
কনিষ্ঠ	5
ডিজে	5
প্রথমদিন	5
উপাসনা	5
চোরামি	5
কর্জ	5
অন্ত্যেষ্টিক্রিয়ায়	5
বাজনার	5
ডেল্টারা	5
বেদুইন	5
ডেলিভার	5
ড্যস	5
পোলারে	5
রাখোনি	5
সার্সি	5
প্রাপ্তবয়স্ক	5
ত্রান	5
সাপ্তাহিক	5
বাদক	5
সুতাকাটার	5
বকেয়া	5
গলদা	5
বাবাঃ	5
ব্যাটারে	5
বিঘ্নিত	5
সমন্বয়ে	5
সম্মানটা	5
অলিভেট	5
বলতেছেন	5
সংকটাপন্ন	5
নিয়মটা	5
হেলপ	5
নিঃসঙ্গতার	5
নেহি	5
তাকালো	5
পাটাতন	5
মন্দা	5
নর্দমা	5
রাজারা	5
দিবসে	5
ইস্তাম্বুল	5
কিলারের	5
দোলাও	5
সায়ানাইড	5
পদমর্যাদা	5
ফ্রেঞ্চম্যানের	5
গোনায়	5
ছুড়ো	5
গুস্তাভ	5
নর্দাম্বারল্যান্ড	5
মহিলাই	5
পেন্টাগনে	5
অপসারন	5
ঝুলিতে	5
এস্টেটের	5
অ্যাড্রেস	5
উৎপাত	5
কমান	5
ফ্যাঙ্গ	5
অভিশাপটি	5
শুদু	5
আনিতা	5
বারি	5
ক্যাবি	5
কিংডমস	5
শ্রীলংকা	5
খেলুন	5
বৈশিষ্ট্যের	5
আকৃতির	5
সুপারভাইজার	5
কাটান	5
যাসনি	5
করোনার	5
লাগায়া	5
রেবেকার	5
উড়ায়	5
এম্নে	5
বানায়া	5
বাহাদুরি	5
বার্তাই	5
আন্তরিকতার	5
পরিস্থিতে	5
শীতলতা	5
হোকনা	5
ফোনটাও	5
রাক্ষসী	5
মুখমন্ডল	5
যাত্রাপথের	5
সফি	5
দৌড়াচ্ছি	5
লুকাচ্ছ	5
তাকিয়েছিলাম	5
দ্বীপকে	5
পমফ্রে	5
গেলনা	5
ওয়ালের	5
বিলকে	5
স্নিচ	5
হাটো	5
আবালটা	5
পশুপাখির	5
তেজী	5
জোঁক	5
তারিখগুলো	5
পশ্চিমাদের	5
ভুইলা	5
লক্ষ্যবস্তুর	5
পিছলা	5
বেচি	5
স্কয়্যার	5
খবরই	5
কর্তব্যপরায়ণ	5
রক্তবর্ণ	5
থেরাপিস্ট	5
দোং	5
সিক্রেটসের	5
দেবের	5
নামলাম	5
চাতু	5
আফসোসের	5
সিদুর	5
আপনারে	5
আকাশটা	5
স্কয়ার	5
এমির	5
ঘুমিয়েই	5
আমা	5
হাতুড়িটা	5
বলছেনা	5
কালচার	5
জন্মশত্রু	5
দেখবার	5
হার্বার	5
লুকাচ্ছি	5
পর্তুগিজ	5
তরকারি	5
উড়েছি	5
লিডারদের	5
আউটগোয়িং	5
সিমান্তের	5
পটকা	5
মিচেল	5
চেতনাকে	5
দুর্ভিক্ষ	5
এরপরের	5
কসিমনো	5
সত্তার	5
মিষ্টিওয়ালা	5
কুত্তাদের	5
ছাড়ঁ	5
নয়ের	5
স্বজন	5
নড়লে	5
এঙ্গেলে	5
কলেরা	5
পদদলিত	5
টবায়েস	5
ভর্তির	5
সিনেটরের	5
মু	5
জিবনেও	5
বিশ্বাসঘাতকদের	5
চেকিং	5
সদস্যকে	5
তৃপ্তি	5
সারের	5
যাহুরিয়াশ	5
মেরেছিলেন	5
ডিলেট	5
ব্যাঙ্কই	5
টেলিফোনে	5
নাম্বারও	5
পরবেনা	5
দুদু	5
দ্বাসত্ব	5
অন্ত্যেষ্টিক্রিয়া	5
ট্যরিয়েল	5
কলটি	5
শু	5
পাথরটি	5
আম্ম	5
গল্পটার	5
আ্যল্	5
ওস্কোর্পে	5
দয়াবান	5
এখনিই	5
এলগোরিদম	5
কারোই	5
গায়েও	5
সিঙ্গার	5
আক্রোশ	5
কচু	5
অইখানে	5
পারতাছি	5
দরজাটি	5
পেঙ্গুইনের	5
ফেলতেও	5
দূরেই	5
নেয়াই	5
পেরিয়া	5
দলবল	5
অবশিষ্টাংশ	5
দিওয়ালী	5
ভাবিনা	5
করাচ্ছে	5
সাইডের	5
দাড়াই	5
পলানোর	5
হাওয়াইয়ের	5
এগুলোও	5
ডনোভান	5
মফিজ	5
নতুনদের	5
ভালর	5
ইজ্জতের	5
গ্রেভসের	5
নিভির	5
শিরশ্ছেদ	5
সংশয়	5
রুশ	5
টায়ারে	5
জোকগুলো	5
সঙ্গতি	5
সুলিভানের	5
রাইটার	5
সময়মতই	5
যত্নবান	5
বোধশক্তি	5
ননসেন্স	5
ঘাপটি	5
হাওয়েল	5
অ্যান্ডিকে	5
স্মিটি	5
পাইছোস	5
মুনের	5
নপুংসক	5
সিরিও	5
খেলনাটা	5
টেরোরিস্টকে	5
কিডনাপ	5
শ্যারন	5
ইশরাক	5
পিঠটা	5
একটির	5
ফ্রেঙ্ক	5
দান্তে	5
পর্যালোচনা	5
মার্কস	5
বিকৃতি	5
ফতোয়া	5
ইলেইন	5
ধূলো	5
মুল্লুক	5
আরগুস	5
মিছিল	5
রেডনেক	5
চাকরীর	5
করমর্দন	5
নগণ্য	5
বলবিনা	5
উপস্থাপক	5
সেহেতু	5
ব্যাংককে	5
কুঁকড়ে	5
ওয়ালারকে	5
হীজ	5
ছাড়লাম	5
ইচ্ছাকে	5
কেইসটা	5
মোড়ক	5
সুপারী	5
সারছে	5
বিলিং	5
শপ	5
গৌল্ড	5
একদন	5
কবুল	5
চাটতে	5
ম্যারিওন	5
ম্যাগনেটিক	5
রাগটা	5
দলবদ্ধ	5
গুপ্তা	5
ওরিজিনাল	5
এসআই	5
নেইনা	5
পঙ্খিরাজ	5
রুপকথা	5
অতিমানবের	5
হত্যাকান্ডের	5
বাঁশিও	5
পারতোনা	5
বাসযোগ্য	5
ঊন	5
ফুসারা	5
ধাতুকে	5
চিপা	5
কেঁদেছে	5
থামল	5
সম্মেলনে	5
হারু	5
গৌল্ডকে	5
আগরবাতি	5
বিভেদ	5
মতোও	5
জ	5
তাকিয়েছিল	5
রাজেন্দ্রন	5
পশুগুলোকে	5
লাফাবে	5
ব্যাপারী	5
স্বতঃস্ফূর্ত	5
প্রবৃত্তির	5
বহুদূর	5
উদ্দেশ্যই	5
সম্প্রসারণ	5
কর্তব্যের	5
উদহারন	5
ম্যানেজমেন্ট	5
মারবেও	5
দেখতাছি	5
হছে	5
খাটানো	5
ন্যাড়া	5
হ্যামস্টার	5
ধান্ধায়	5
টানব	5
পেয়না	5
পড়লা	5
যুদ্ধেই	5
বোঝাচ্ছেন	5
হুকুমের	5
আশঙ্কায়	5
ম্যাক্সিম	5
কেন্দ্রস্থলে	5
কয়েট	5
অনেকগুলি	5
টাইপিং	5
বাছতে	5
চকলেটটা	5
বিরুদ্ধ	5
রামের	5
ফ্রানসিস্কো	5
ধুত্তোরি	5
খুলছেন	5
বিষপান	5
ক্ষমতাশীল	5
অস্রের	5
মাঝি	5
ব্যাবস্থার	5
ইচ্ছাকৃত	5
সাদৃশ্য	5
হারি	5
কাটিয়েছো	5
টুথপেস্ট	5
মুহূর্তটা	5
মিসড	5
হিমালয়ের	5
দিশা	5
মিডওয়ে	5
সাবস্টিটিউট	5
স্বতন্ত্র	5
জোছনা	5
চুলোয়	5
ভুক্তভোগী	5
পালিয়েছিলাম	5
মাস্টারদের	5
তিনটাই	5
অশান্তির	5
স্যামন	5
বেশুমার	5
ফেলেও	5
ট্র্যান্সফার	5
উপাস্যদের	5
ভাঙল	5
সংবিধানে	5
ম্যান্ড্রাক	5
খুলেছিল	5
ঘুমাচ্ছি	5
মেয়েরাই	5
লিংকন	5
ডেরা	5
ভাষাই	5
কাজকারবার	5
ক্যাস্টারলি	5
ব্রেইনের	5
ভ্যু	5
চটকদার	5
হারমায়োনির	5
সিদ্ধান্তও	5
ব্যস্ততা	5
গোণার	5
যাইগা	5
বাল্টিমোর	5
হাফলপাফ	5
ভেরা	5
কিলিং	5
চাষাবাদ	5
একমিনিট	5
্যাভেনক্ল	5
জৈন	5
দুশমনরা	5
টয়েন	5
টিয়ান	5
হাউজকে	5
অবিশ্বাস্যভাবে	5
উইনসটন	5
মুচড়িয়ে	5
হান্টিং	5
মারসেলাসকে	5
নিতম্বের	5
উলের	5
মহাজাতক	5
টুকিটাকি	5
গ্রাহকের	5
হেরি	5
বিনোদ	5
বৃদ্ধরা	5
উঠেছিলাম	5
ফিরাতে	5
মানুষরাই	5
নিরবে	5
ভূখণ্ড	5
সংগীতকার	5
লুকাতাম	5
তালিকাটা	5
নিহতের	5
ঝাড়া	5
জ্বলা	5
নৌবহর	5
সময়টাই	5
বাজলো	5
গডজিলা	5
ছল	5
ফ্যালকন	5
ফুটপাতে	5
জোরেই	5
ভায়োলিন	5
মণ্ডলী	5
কুইঞ্জেল	5
বাইকটি	5
লিগ্যাল	5
উদ্ভিদবিজ্ঞানী	5
মনেকরে	5
পৃথিবীও	5
হাটাও	5
এনরিক	5
কটিবন্ধ	5
সমস্যাগুলো	5
সার্ডিন	5
দেজা	5
টোরেস	5
কমিটিতে	5
অভিমানী	5
একারণেই	5
কর্মক্ষমতা	5
পৃথীবিতে	5
আছিলাম	5
ট্যাফি	5
ম্যারিকে	5
আয়রোন	5
সিড়ির	5
ব্যাপারটাও	5
প্যাশন	5
নেভানোর	5
অ্যাসিড	5
লই	5
সিম্পল	5
এরে	5
এন্টিমেটার	5
হাঁটুতে	5
কাউন্টি	5
ভায়ের	5
মুখমুখি	5
শারম্যানের	5
উসকে	5
মোলায়েম	5
উমমম	5
ব্যাটস	5
পুরোহিতের	5
খেলেন	5
মেসন	5
দেখায়নি	5
বিড়ম্বনায়	5
আকাম	5
লোকেশনটা	5
টিউরিংয়ের	5
শায়ারের	5
ভার্সাই	5
স্যামওয়াইজ	5
ম্যানহোলের	5
থামতেই	5
পরেছো	5
সংঘটনের	5
তরতাজা	5
অ্যানাগ্রাম	5
তেও	5
ওয়াহিদ	5
খুজুন	5
ভালোবেসেছি	5
ভস্ম	5
উত্তেজনাকর	5
হারামিরা	5
মনটাই	5
গ্যামজি	5
চ্যালেঞ্জার	5
গারদ	5
হারামজাদাকে	5
কোয়ার্টারমাস্টার	5
মেঞ্জিস	5
বানাবার	5
প্রত্যেককেই	5
মূহুর্তের	5
নরবার্ট	5
কুলি	5
নিয়োগপ্রাপ্ত	5
স্বচ্ছন্দ	5
সমস্যাটাই	5
কামরান	5
ইহুদিদের	5
এ্যাম্বুলেন্স	5
বিতর্ক	5
কিংপিন	5
ইসিলডুরের	5
নিচেও	5
বাজাবো	5
ঠাসা	5
জিনিসগুলোই	5
জুলাইয়ের	5
মেশিনগান	5
জামাইয়ের	5
আতংকে	5
ইনস্পেকটর	5
দাড়িয়েছিল	5
একফোঁটা	5
কতোজন	5
বেপারে	5
শুয়রের	5
ক্রনসকে	5
বাঁচিয়েছিলেন	5
সিজ	5
রোজিকে	5
নড়লেই	5
দেতে	5
সানাই	5
জাদুবিদ্যার	5
কোম্পানিটা	5
অ্যালানের	5
লুকাচ্ছো	5
ইগোকে	5
সংকটে	5
নীতিবাক্য	5
অনুরোধের	5
তাকাল	5
স্কটকে	5
ভোলার	5
ছেড়েও	5
ব্যাথ্যা	5
উইন্ডের	5
হাসবেন	5
এনোনা	5
ডেভকে	5
বিষাদ	5
চোদা	5
জিতল	5
ঘূর্ণি	5
রেমি	5
অচেনাদের	5
ওয়েবসাইটের	5
শেখাব	5
থেকেছ	5
বরোমির	5
ট্রিগারটা	5
নিখোজ	5
এটাকি	5
জাপানিরা	5
উপকথা	5
অনিরাপদ	5
অন্যমনস্ক	5
সময়সীমা	5
জেনেশুনে	5
জাহাপনা	5
কর্ণেল	5
পুরস্কারের	5
বেটি	5
খাট	5
লালসা	5
মানির	5
রিভেন্ডেল	5
সবগুলোকে	5
কোয়ামবাটুরে	5
থেকোনা	5
আগ্রহে	5
খ্রীস্ট	5
এশিয়ান	5
ভাঙবো	5
প্রথার	5
পাইন্ট	5
পুনর্জনমের	5
সুইং	5
হ্যাটের	5
ভিঞ্চির	5
রিসিপ্ট	5
কণ্ঠঃ	5
জানাটা	5
শিঘ্রই	5
থামিস	5
সংঘটন	5
গম্বুজ	5
বোঝান	5
দ্রুততার	5
ক্রিপটেক্স	5
সিদ্ধান্তই	5
থঠ	5
টুকুই	5
মেঝের	5
আগাগোড়া	5
মিত্রানকে	5
শ্বেতাঙ্গ	5
দেড়টা	5
অস্বাস্থ্যকর	5
জুরে	5
ঘেলু	5
ত্যাগের	5
নিজেরাও	5
ক্যালিবারের	5
ক্লাসমেট	5
পরেছিলেন	5
কল্পনাতেও	5
জেনারেশনের	5
গগলস	5
দুধভাত	5
উউউ	5
হেসো	5
বিড়ালটাকে	5
ডাকল	5
শোকের	5
ভুলোমনা	5
ক্রমশ	5
শাসনকর্তা	5
কার্সন	5
শক্তিটা	5
আশপাশের	5
পীড়া	5
রকস্টেডি	5
টিউলিপের	5
গ্রীসকে	5
উঠানো	5
মূল্যই	5
কেবিনের	5
অ্যাঞ্জেলিনাকে	5
প্রজাতিকে	5
পুতেরা	5
ওয়াশরুম	5
ট্রেনিংয়ের	5
বসাচ্ছি	5
বাষ্প	5
জ্যানেট	5
অন্যসবার	5
ফ্লোরিডায়	5
বাটি	5
মাসও	5
পূর্বেও	5
অস্ত্রই	5
পরিবর্তনটা	5
হেরাল্ড	5
টার্টলদের	5
করিডোরে	5
উউউউ	5
বানের	5
শাওলিনের	5
বস্টনে	5
ওয়েভ	5
থোড়াই	5
স্পিঙ্ক	5
সিলিন্ডার	5
হেলিকপ্টারটা	5
ধরায়	5
নিয়েছিলি	5
লাগাবেনা	5
হারামিগুলো	5
নানীর	5
আইরন	5
বিতাড়িত	5
ঐগুলো	5
কুংফুকে	5
গ্রাডি	5
শুধো	5
ঐতিহ্যগতভাবে	5
আনবি	5
স্পার্টান	5
দক্ষতায়	5
জিজ	5
রিটালিন	5
মাসখানেক	5
ভাগার	5
এভেঞ্জার্স	5
সকেট	5
কুকুরও	5
ফিলিপস	5
আসতেও	5
স্পাইনাল	5
কিন	5
ফোনগুলো	5
সপ্রতিভ	5
বদমাশগুলো	5
ভাসতে	5
শ্রবণ	5
দুর্গটি	5
তাদেরতো	5
বান্ধবীদের	5
আডলার	5
প্রাণিবিদ্যা	5
এভেঞ্জার্সের	5
ইতালিয়ানদের	5
জিনিষের	5
ভেঙ্গেছিলাম	5
গড়ের	5
মুখ্যমন্ত্রীর	5
বানাচ্ছেন	5
অাসবো	5
প্রয়োজনটা	5
থিওরির	5
মোটু	5
প্লেস	5
আরাধ্য	5
বিপদসংকুল	5
পিএ	5
সম্মানও	5
কামলা	5
হারায়নি	5
স্টুয়ার্টের	5
ডক্টরকে	5
আল্লাহরে	5
লজ্জ্বা	5
তীব্রভাবে	5
আচারণ	5
কারমেন	5
চুরুট	5
ভাঙ্গব	5
বেন্নেট	5
ডের	5
বিদারক	5
পাঠাবার	5
জিজ্ঞেসা	5
উড়ানোর	5
সাধুবাবার	5
ঘটবেই	5
ফুটেজটা	5
হাইড্রোজেন	5
তারকাদের	5
কাটাকাটির	5
ওয়াসা	5
গোলাগুলির	5
রাশিয়াতে	5
এগিয়েছি	5
ইন্টারপুলের	5
বুঝোই	5
আশপাশে	5
ঝোলানো	5
ফ্রুটিকা	5
দ্রুতাবাসে	5
বিলকিস	5
হুউউ	5
পলিকে	5
ফেলোনা	5
ভগবানই	5
ভাটা	5
ফকিন্নি	5
মামুরা	5
নারায়ণ	5
ভালমত	5
ব্যাপারের	5
গেসি	5
পাইলটদের	5
জম্বি	5
গ্রহনযোগ্য	5
সন্মানিত	5
ক্যানসেল	5
ওলটার	5
চাপাস্বরে	5
ফালানোর	5
অযাচিত	5
পেলেও	5
অ্যাপ্লাই	5
দাঁড়াবো	5
জায়গাগুলোতে	5
হইও	5
গ্র্যপি	5
উইমেন	5
শোধনাগার	5
লক্ষ্যভ্রষ্ট	5
স্কোয়াডে	5
বাকিরাও	5
রিচি	5
পার্শ্ববর্তী	5
সহকারীকে	5
স্পন্দিত	5
অ্যামেরিকানদের	5
পাইলা	5
পাইছিস	5
অক্কা	5
আলি	5
দেখাল	5
হরমোন	5
নাগাদ	5
বিটি	5
খুঁটি	5
সাপেক্ষে	5
বাংলাদেশে	5
দেশপ্রেম	5
পার্থিয়ান	5
সঙ্গম	5
প্রশ্নগুলোর	5
চালাতাম	5
জানলি	5
কাঁতর	5
ড্রেনের	5
দেখামাত্র	5
পরিমাণের	5
রাজবংশের	5
সিরিয়াসের	5
কিনেছিলো	5
স্পৃহা	5
চাপাতে	5
অধ্যাপনা	5
মঙ্গেশ	5
লাইলা	5
অগত্যা	5
অস্বীকৃত	5
স্ত্রীরা	5
পলকে	5
নির্ণয়ের	5
ফিলিপাইনে	5
স্টুডিও	5
জেনিস	5
পৌছানো	5
এনকাউন্টার	5
এটুকোই	5
চিডো	5
পাড়ায়	5
একেও	5
জ্যোতিষীর	5
মক্কা	5
ডাম্প	5
ট্যায়ার	5
পাঠাবি	5
আরামের	5
কাবুতে	5
অভিনয়ে	5
দেখনা	5
অনিচ্ছা	5
বজ্জাতের	5
সিলেক্ট	5
ধরবা	5
ইন্ডিয়ায়	5
সলো	5
একটূ	5
উর্ধ্বতন	5
ধাম	5
নিয়তিকে	5
পৌছুতে	5
কাজটাও	5
সম্বলিত	5
ছিটে	5
অজুহাতে	5
ক্যালাগানের	5
প্যাঁচ	5
স্কটের	5
পর্যবেক্ষক	5
সমতল	5
কিন্ডারগার্টেন	5
রুপির	5
মঙ্গলজনক	5
পৌছালে	5
ঘুমাতেই	5
মন্দীভূত	5
রক্ষীবাহিনী	5
ডিসট্রিক্ট	5
সার্বিয়ান	5
সৌরভ	5
কনক্রিট	5
এনাদের	5
খাওয়াদাওয়া	5
গহনা	5
রক্তবিন্দু	5
পৌঁছা	5
প্যানেম	5
বানিয়েই	5
নথিপত্র	5
উদ্ধারে	5
মাগীটাকে	5
অনুপ্রানিত	5
রিমার	5
কনসাল	5
হিরার	5
বিপদকে	5
পারায়	5
ব্যায়	5
মুক্তিকামী	5
গ্যারাজে	5
মিনিটেরও	5
পাবোই	5
পড়ছেনা	5
আ্যব	5
মর্ত্যের	5
কোম্পানীতে	5
এংগেজমেন্ট	5
বকিস	5
অনুগ্রহে	5
ল্যাব্	5
মাইক্রোবটগুলো	5
করেননা	5
ফতে	5
জার্নালিস্ট	5
কাঁদছিল	5
হাজিরা	5
মরনশীল	5
লেইনকে	5
প্রেমময়	5
সংসদ	5
প্রোথেরোর	5
বাকোয়াজ	5
চাকুরিটা	5
প্রতিভাবানদের	5
হার্ডওয়্যারের	5
বেড়াত	5
সুধা	5
জাগুয়ারের	5
চালিয়েছ	5
শিকারীরা	5
্যান	5
কলোম্বিয়া	5
অনুশাসন	5
অ্যালার্মটা	5
আয়োজনের	5
বেঈমানী	5
বিশ্রামে	5
শটে	5
ধারক	5
চোষক	5
ফেলছিলে	5
ভালও	5
নুয়ে	5
গিয়ারে	5
অনেক্ষণ	5
খেসারত	5
অনুমানের	5
মূখ্যমন্ত্রী	5
আংঘারাদ	5
হয়রান	5
প্রতিপক্ষকে	5
জুয়ারি	5
মহেশ	5
সেকেণ্ডে	5
বিজেতা	5
গন্তব্যস্থল	5
স্বপ্নপুরীর	5
গনেশ	5
পরিভ্রমণ	5
ছাত্ররা	5
দৌঁড়াচ্ছে	5
অপ্রিয়	5
অস্ত্রপাতি	5
থেকনা	5
বিল্ডার	5
নিউটনের	5
লেডিজ	5
লট	5
চমকানোর	5
অমনটা	5
থামলেন	5
দেরীতে	5
হারাচ্ছো	5
মহিউদ্দিন	5
খেটেছে	5
অ্যামেরিকানের	5
গপ্পো	5
উশু	5
প্লাটুনের	5
ধীরেসুস্থে	5
সসটা	5
পরিপূর্ণতা	5
পজেটিভ	5
এসেছিলি	5
ভেতরই	5
জ্বালানির	5
অদূর	5
জিতলাম	5
পার্টনারশিপ	5
কয়টার	5
অনৈচ্ছিক	5
বাশ	5
হান্টকে	5
সমাধানে	5
ফুডের	5
আঁকো	5
নচেৎ	5
বিব্রতকর	5
ধুলোর	5
ফিরেছো	5
ফ্রোজেন	5
সঁপে	5
আসাটাই	5
দৈত্যাকার	5
প্রাগৈতিহাসিক	5
কাটালে	5
শান্তিতেই	5
যানে	5
উর্ধ্বে	5
অন্নেক	5
অরণ্যে	5
প্রশ্নবিদ্ধ	5
জুনের	5
লোটজে	5
হান্টার	5
চ্যান্সেলরকে	5
কউলসন	5
সময়ঃ	5
চুলায়	5
জানালাম	5
ফেব্রুয়ারী	5
পছন্দনীয়	5
স্টিক	5
কেনইবা	5
প্লাটফর্মে	5
এরমানে	5
অ্যালাম	5
চর্চিত	5
গ্রাহ্য	5
ক্যালার	5
বসিয়েছে	5
ট্যাংকটা	5
সেল্ভিগ	5
ইন্ডিয়ানরা	5
বাটিতে	5
আংকেলের	5
কমসেকম	5
মার্চে	5
লিস্টটা	5
শেলবী	5
প্রখর	5
পোর্টল্যান্ড	5
অপেরায়	5
ম্যানচেস্টারে	5
দ্বাদশ	5
গব্লিন্স	5
সুসংগঠিত	5
সিক্ত	5
স্টেডিয়াম	5
জীবনকাল	5
ঈসমাইল	5
ব্লাউজ	5
অবরুদ্ধ	5
তমিজের	5
মার্ফির	5
অর্থোদ্ধার	5
অবস্থানটা	5
শিখিনি	5
রৌগ	5
ভিকির	5
ক্যাপসুলে	5
বোঝেনই	5
মুহাম্মাদ	5
ব্যবস্থাও	5
পড়ছেন	5
অতিথিবৃন্দ	5
টেসলার	5
অর্চিকে	5
ছুরিগুলো	5
পৌছেছে	5
তফাত	5
ড্যারেয়াল	5
স্টেজের	5
হাড্ডিসার	5
তাপে	5
গতকালকের	5
আঁকবো	5
জ্বলছিলো	5
প্যালেসে	5
কোলকাতায়	5
বসছি	5
জমিদার	5
সমন্ধীয়	5
গারনিতে	5
পৌঁছাল	5
গান্ধী	5
দুরনিয়ন্ত্রীত	5
ছায়াও	5
অ্যাভাটারে	5
মেলতে	5
লক্ষীটি	5
অ্যাভাটারের	5
কোজিকোড	5
কোনটাকে	5
রাজনীতিবিদরা	5
প্ল্যাস্টিক	5
পাল্টায়নি	5
রক্সেনা	5
কঠিনভাবে	5
প্রোফেসর	5
লিপিবদ্ধ	5
এতোসব	5
আত্মীয়দের	5
এগিও	5
পার্কারের	5
প্রোপ্রাইওসেপ্টিভ	5
ফেরো	5
ছুঁলে	5
স্টিলির	5
প্রক্রিয়াটা	5
চালকরা	5
ভালুকটা	5
ম্যাডক্স	5
উন্মাদীয়ভাবে	5
বুবি	5
নাড়াচ্ছো	5
সঙ্গতিপূর্ন	5
বাশার	5
স্রাবন	5
সিমগুলো	5
ইউরেক	5
বাজিয়েছে	5
ব্রিফকেসে	5
বিভ্রান্তির	5
ব্যাপারটাতে	5
পোহাতে	5
ভেতরকার	5
ডিস্টাল	5
অসাড়তা	5
পোস্টিং	5
পেজার	5
স্টিলি	5
মূল্যটা	5
মোরগের	5
জী্য	5
নাম্বনাটস	5
শেন	5
শেল্টার	5
বসবাসকারীরা	5
সেম	5
দুইজনই	5
সোনামণির	5
মাছিরা	5
ড্র	5
প্যাক্সটন	5
পান্ডে	5
খাটার	5
ক্যাসির	5
কুয়ায়	5
কস্ট্যা	5
গ্রেসের	5
স্ক্যাট	5
দলই	5
টাইমার	5
জীবনযাত্রা	5
রোটর	5
ক্যাসিনোর	5
ঘুড়ী	5
খানের	5
অগ্রগতির	5
পার্কারকে	5
বেইজ্জতি	5
লাশে	5
মার্স	5
শুভদিন	5
মহত্ত্ব	5
সাপিটোক্যাম	5
আপ্পুভাই	5
এ্টা	5
নিখুত	5
প্রশিক্ষনে	5
টনের	5
মূলকথা	5
রোবটরা	5
হাড়্গুলো	5
বোনদের	5
বৈরুতে	5
মাপছি	5
গোবরের	5
উদ্ভ্রান্ত	5
সিগারেটটি	5
অংশুশিরা	5
বন্যরা	5
স্কোয়াক	5
অপারেশনকে	5
হোস্টেল	5
ব্যবসায়ীরা	5
আসামীদের	5
খেলেই	5
চার্চকে	5
তাতাগ্লিয়ার	5
মেডিক্যালে	5
হিরোইনের	5
রেকর্ডও	5
খাচ্ছিস	5
হোভার	5
ভ্রনস্কির	5
বালাই	5
প্রস্থানের	5
প্রতিকুল	5
ভালোবাসলে	5
বিতৃষ্ণ	5
খবরটি	5
কেজিতে	5
সনির	5
হিরোদের	5
বায়োলজিতে	5
খাচ্ছেন	5
খাওয়াচ্ছে	5
দৌড়াব	5
অ্যাওয়ার্ডটা	5
জোরা	5
আত্মীয়তা	5
পুর্বদিকে	5
কয়েকজনের	5
পদ্মশ্রী	5
স্বাস্থ্যবিজ্ঞানী	5
মুখবিষয়ক	5
মস্তিস্কবিহীন	5
নিত্য	5
সাহেল	5
মূক	5
সহ্রদয়	5
ধর্মগুরুর	5
মৃত্য	5
ক্রিপকির	5
আইডেন্ট	5
আনেনি	5
নাইডুর	5
ধর্মান্তরিত	5
মুকেশ	5
খামারের	5
সাজ	5
পিলার	5
হর্নে	5
লেডী	5
তিওয়ারি	5
ওহহহ	5
নন্দকিশোর	5
ব্যবচ্ছেদ	5
অল্পই	5
মনির	5
পছন্দসই	5
পার্টিকল	5
সহজবভাবে	5
ট্রাংকাল	5
পড়ায়	5
ওখানটা	5
ব্যাঙ্	5
মেহনতের	5
ঠুনকো	5
উদ্ভিদবিদ্যা	5
প্রিন্সিপালের	5
ফিউরিকে	5
ব্যবহারকারী	5
বাস্তবায়িত	5
মেভিসের	5
বলসে	5
নড়	5
ভাবসো	5
সংস্কারের	5
ছুঁড়তে	5
জাতিসংঘের	5
লেনিন	5
সেলফ্রিজে	5
আটটায়	5
পড়োনি	5
হোয়াইটের	5
লাউঞ্জ	5
লাইভস	5
প্রোটেকশন	5
গৌরবময়	5
অধ্যায়কে	5
সক্রিয়তা	5
কফিই	5
পারমানবিক	5
আবেগী	5
মেয়েকেও	5
ডিলার	5
মেটাবে	5
রাঘভ	5
ক্ষেত্রের	5
কোর্লেয়নের	5
চেয়েছিস	5
সিগন্যালই	5
ডাব্লু	5
জিনোম	5
মাধ্যাকর্ষন	5
সর্ণা	5
উদ্বেগও	5
ভালবাসতেন	5
ফ্যাল	5
শেষটাও	5
আলোকবর্ষ	5
কোনার	5
অলিভেটি	5
ভেনেজুয়েলা	5
ছুরিওলা	5
ফহিন্নির	5
উপজাতির	5
ঝোঁপ	5
সামনেও	5
ডলফিন	5
দুর্বিষহ	5
ভালবাসব	5
রাগও	5
ফেলতেন	5
ক্লিফ	5
দশজন	5
অস্ত্রকে	5
ভেঞ্চুর	5
ভাষাটা	5
গ্রিজ	5
ঢুকা	5
ক্যাপিটাইন	5
বিপদ্	5
পিলিজ	5
ধারণক্ষমতা	5
বুজেছ	5
উল্লসিত	5
সুবিধামতো	5
দাদাগিরি	5
জীবাশ্ম	5
ফিউরির	5
মহাজগত	5
জনসম্পদ	5
মোগাদিশু	5
টুথব্রাশ	5
লতান	5
উদ্ভিদগুলোতে	5
রামা	5
তারাদের	5
সাঞ্চেজ	5
খুইয়ে	5
কবিতায়	5
আর্বিভাব	5
মিশিগান	5
ফিরতাম	5
গোড়ালি	5
সোয়ামি	5
ফেললেও	5
তাকাচ্ছিল	5
লাভে	5
পারাটা	5
এগি	5
গুনসম্পন্ন	5
স্বরাষ্ট্রমন্ত্রী	5
সংঘবদ্ধ	5
খুঁজেও	5
কাঠামোর	5
ইহ	5
তাঁবুতে	5
বিজনেসম্যান	5
ভাসা	5
যতোদিন	5
মাটিতেই	5
রুজ	5
দশম	5
কামারখানাতে	5
ড্রয়ার	5
গুরুত্তপুর্ন	5
ঝাড়	5
সুলিকে	5
বাঙ্ক	5
অনুনাদী	5
রকস্টেডিকে	5
্যাপ্টরের	5
হেইল	5
খোশমেজাজ	5
দুঃখময়	5
বোঝাচ্ছে	5
অণ্ডকোষের	5
ভোলানো	5
কারিগরি	5
মহাবীর	5
বুড়িটাকে	5
স্তম্ভের	5
সর্বশক্তিতে	5
কৃতিত্বের	5
উড়ব	5
ক্যারি	5
নগরের	5
দিলবার	5
ডায়েট	5
ফাঁকফোকর	5
উসিলা	5
বৃত্তি	5
পেতেছে	5
হেলে	5
কোরিন	5
কৌশলগত	5
ছুঁড়ছে	5
অযথাই	5
জিদ্দি	5
কারেনিন	5
ওয়াইনের	5
আজরাতেই	5
মাকরান্দ	5
জঙ্গলকে	5
গোছের	5
ভাসি	5
অভিযানগুলোতে	5
চিনেনা	5
এমেট	5
বোকামী	5
খ্যাতনামা	5
খোকারা	5
কুরআনের	5
ছুঁড়ছি	5
অবসন্ন	5
অগ্নির	5
রাখেননি	5
মেলার	5
ডিরেক্টরের	5
পরিব্যাপ্ত	5
ওয়েনফ্লিট	5
কানেক্টেড	5
বার্গ	5
উপায়ও	5
হাটবো	5
ভাসাব	4
এলোকেশের	4
মেষ	4
কাটছিলাম	4
ফহিন্নি	4
জন্মেও	4
মুখিয়ে	4
বদখত	4
রক্তও	4
রাস্তাও	4
মোষ	4
টোকাও	4
বেসমেন্ট	4
সুইডেনের	4
অ্যাকুয়া	4
তুন্দ্রা	4
সার্বক্ষণিক	4
অকাল	4
কলম্বাস	4
ফক্সের	4
এন্টিবডির	4
অস্ত্রও	4
জায়াগায়	4
পালিয়েছিলো	4
গোছাতে	4
বুকার	4
ছোটাছুটি	4
মোষের	4
ট্রেনিংটা	4
এনেস্থেটিক্স	4
নভি	4
নয়টার	4
অর্পিত	4
টেকনিকে	4
গোমেজও	4
শেষেরটা	4
আযাযিল	4
ধরবোই	4
কামড়াতে	4
স্ট্রাইকারের	4
আত্মপ্রকাশ	4
জলকন্যা	4
পাড়ার	4
জায়গামতই	4
বলদটাকে	4
থালায়	4
বয়স্কদের	4
পছন্দে	4
নিচ্ছিলে	4
বাচ্চাকাচ্চার	4
বেজন্মাগুলোকে	4
চিনাবাদাম	4
গলাটা	4
ধরাও	4
মানুষজাতি	4
বলোঃ	4
বিক্রয়ের	4
নম্বার	4
মিনকি	4
টাপিরের	4
মোটেল	4
গ্রাভিটি	4
হবনা	4
ধী	4
চললেই	4
ভড়কে	4
বস্	4
এন্টিবায়োটিক	4
উরুর	4
নরওয়েতে	4
ফ্লাইং	4
বৃত্তে	4
কার্টিস	4
সেব্যাস্টিয়ান	4
ডিসট্রিকট	4
পিকাসো	4
ল্যব	4
দাঁড়াতেই	4
আফনে	4
কোরিয়াতে	4
সন্ধার	4
দুয়ার	4
সাজিয়েছি	4
প্রোজেক্টের	4
রগচটা	4
বারবৌসা	4
প্রাণশক্তি	4
ভীড়ের	4
আটকান	4
হ্যান্সের	4
রঙয়ের	4
পাদদেশ	4
ধুম্রজাল	4
সেক্টরের	4
আফসুস	4
আইরিসকে	4
ইয়ট	4
জিন্দেগি	4
ব্লাকবেয়ার্ড	4
সিটাডেল	4
পোড়ার	4
গাইছিল	4
কেলর	4
কেলেক্স	4
জিগ	4
ষাড়	4
কোডেক্স	4
জাম্পিং	4
আয়ত্ত	4
মৃত্যুশয্যায়	4
নিয়মকে	4
অন্তঃস্থল	4
ফার্নেস	4
তাৎপর্য	4
বাচানো	4
ফাউন্ডেশনের	4
অগ্রদূত	4
গাড়িটাও	4
লকহেড	4
জানিয়েছ	4
ক্যাম্পটা	4
লোইছ	4
ফ্লায়িং	4
তাকিয়েছেন	4
চিঠিপত্র	4
টেলিপ্যাথটা	4
অপরদিকে	4
অবিশ্বাসী	4
গতকালকে	4
ওলসনের	4
টেলিপ্যাথ	4
মানবকে	4
ক্রিসসি	4
মুষলধারে	4
শংকর	4
যাচ্ছই	4
সূর্যটাকে	4
সাংসদ	4
গাড়িবহর	4
গ্লোভ	4
ফৌজদারি	4
মিয়ারা	4
কার্টুনের	4
জীবনেই	4
সিয়ার্স	4
জন্	4
মনসাইকে	4
হারম্যান	4
অভিযোজন	4
ওলাভসেনকে	4
ধরনে	4
সূচালো	4
দৈর্ঘ	4
আমিস্বর্গে	4
কোষগুলোকে	4
প্রচলন	4
লটের	4
দমকল	4
বখে	4
ইচ্ছেটা	4
ডিয়াজ	4
খুঁজলাম	4
মূলধন	4
মালিকানায়	4
এইইই	4
হাসপাতালেই	4
বিশ্বযুদ্ধে	4
এভিয়েশন	4
শরীক	4
উরি	4
যুদ্ধযান	4
জিম্মাদার	4
অজ্ঞতার	4
লাউঞ্জে	4
মালকড়ি	4
কালাহারিতে	4
আয়ানে	4
শকুনের	4
রাখলেই	4
ডনকে	4
সরাবেনা	4
নওজোয়ানদের	4
দিকেরটা	4
কামনাকারী	4
সত্যটাই	4
মেহমানদারী	4
জীববিজ্ঞানী	4
ছাগলামি	4
গালাড্রেল	4
বাড়িয়েছে	4
ডাম্বলডোরও	4
হলোটা	4
এনাটলি	4
হোমে	4
হাটার	4
পঁচাত্তর	4
ব্রোগ	4
জন্তুটাকে	4
ছাত্রীর	4
সুত্রে	4
গুইন	4
হ্যালোঁ	4
এডুয়ার্ডো	4
উঠোন	4
চেঁচিয়ে	4
টহলদার	4
এক্সপ্লোরারে	4
দেশগুলোর	4
আগমনে	4
অতীতকালের	4
কমিউনিকেশন	4
সান্দোভালের	4
বিয়াল্লিশ	4
সাপটা	4
আদান	4
হিউস্টনের	4
অপেশাদার	4
হেলাফেলা	4
খুশিরই	4
লাঞ্চার	4
অভিকর্ষের	4
সহস্র	4
লাইব্রেরির	4
টেলিস্কোপ	4
আপগ্রেড	4
কিংসম্যানে	4
আইরীন	4
অসম্ভবের	4
মিথ্রান্ডির	4
সুমদ্র	4
জমিজমার	4
ইয়উং	4
জোচ্চুরি	4
পণ্যসম্ভার	4
মৌসুম	4
লান্সেলটের	4
বিল্ডিংটা	4
ক্যানটার	4
ব্যবহারিক	4
বিআর	4
মরগান	4
বাঁচাটা	4
পাপাস	4
অ্যাপ	4
কতোইনা	4
রিকগনিশন	4
শুকায়	4
লালবাতি	4
ভেল্কি	4
সয়োজ	4
লিলিয়ানার	4
বার্গারগুলো	4
খাদ্যে	4
নৌকাটি	4
গুলিকে	4
কাশবে	4
ফারিকের	4
ট্রান্সপোর্টের	4
কোলোট্ট	4
জন্স	4
দেখোনা	4
সরিয়ো	4
ছাইপাশ	4
জালাও	4
সবাইঃ	4
ভিনসেন্টের	4
পুড়িয়েই	4
বেশতো	4
শিকের	4
মাঝপথেই	4
ফ্রেন্ডস	4
প্রতিশ্রুতির	4
সবাইক	4
পাছে	4
টার্গিন	4
আবক্ষ	4
সেইরুক	4
ক্রাস	4
ব্যাটালিয়ন	4
ডিগ	4
নিবন্ধ	4
সুঁড়সুঁড়ি	4
খেঁকী	4
ভোদকা	4
জমছে	4
রেখনা	4
প্রয়াস	4
বিস্ময়করভাবে	4
দেশগুলো	4
দিনটায়	4
মোনাকো	4
আইরিনের	4
চড়নদার	4
আইনী	4
তরবারী	4
ড্রেসে	4
রাত্রের	4
সীসা	4
শ্চিন্তা	4
বুঁকে	4
কঠিনই	4
মেঞ্জ	4
জাদুমন্ত্রোচ্চারণ	4
মেরোনা	4
নুরান	4
বউটা	4
পাথ	4
এডির	4
সিথার	4
কাঁটায়	4
লেখাটা	4
সহন	4
ছুরা	4
ডলোরেস	4
টার্কিশ	4
চড়োনি	4
ভালবেসেছে	4
বাস্কো	4
বাচাই	4
উপাস্য	4
আউলস	4
সমৃদ্ধির	4
ডেইলী	4
অ্যাভলোন	4
সনের	4
বেবির	4
নিরব	4
জিম্বো	4
সোনাদানা	4
অ্যাপ্লিকেশন	4
খেলেছিলো	4
গজায়	4
কোলোজাল	4
আইয়া	4
গিলোটিন	4
শিহরিত	4
আগ্রাসী	4
মিন্ট	4
কুকুরছানার	4
মালিকেরা	4
হ্যারল্ড	4
খুললেই	4
বেদীর	4
অ্যাপার্টমেন্টের	4
হর্সপাওয়ার	4
সর্বোচ্ছ	4
জানিসই	4
সোনাখোর	4
মোকাদ্দারের	4
মিরা	4
জ্বীনেরা	4
চোরটাকে	4
অসভ্যের	4
আইনস্টাইনের	4
রুযী	4
জায়গাটাতে	4
পশুটা	4
তোমারটাও	4
মিটিয়েছি	4
এসএমএসটা	4
দ্রুতগতির	4
তাত্ত্বিকভাবে	4
বছরগুলো	4
ভবঘুরেদের	4
কোয়ারেন্টিন	4
স্নাইপারের	4
যন্ত্রটাই	4
ব্যাকফায়ার	4
গাড়িটায়	4
টেরেল	4
মুস্সৌরি	4
গ্যাঞ্জামের	4
ছেদ	4
সাটেলাইট	4
মধ্যদিয়ে	4
তাহাদিগের	4
ফাটতে	4
কোঝান্দাইকে	4
ছয়টায়	4
কলুষিত	4
সারুম্যান	4
সর্বোৎকৃষ্ট	4
ম্যানুয়ালি	4
ওওয়া	4
জাদুকে	4
শ্রীনিধি	4
বারেই	4
নৎসি	4
ওয়ালাদের	4
ফাঁশ	4
ফিউনারেল	4
হ্যাপিনেস	4
রোমাঞ্চের	4
এন্টিডট	4
পড়ালেখার	4
প্রসঙ্গে	4
ঢাললে	4
একানকে	4
রাশেদুজ্জামান	4
লেখিকা	4
জনার্ধন	4
ফিয়ালব্যাকা	4
রাশেদুজ্জা	4
রামপ্রকাশ	4
মুহুর্তটা	4
প্রণয়ন	4
নোংরামি	4
কাঙ্ক্ষিত	4
শূণ্যতায়	4
ছাঁদ	4
শিখাইনি	4
ঘরটায়	4
বসছ্	4
জশেমি	4
জাগানোর	4
এঁ	4
ডিট্রিখ	4
মেয়েরও	4
ডিভাইসটা	4
হানিবানি	4
কোটির	4
ধুরছাই	4
অন্তর্দৃষ্টি	4
এলিজাবেথকে	4
জেটটা	4
মাদারচোদের	4
ভাইরাসকে	4
প্রেরণাদায়ক	4
দুইটাকেই	4
বিষ্ঠার	4
টুকরোতে	4
দুচেছি	4
কাকতালীয়ভাবে	4
বেশ্যাটা	4
বাসাতেই	4
রয়টরে	4
লটারির	4
চ্যাম্পের	4
ফরম	4
ছুঁচো	4
এ্যানিভার্সারি	4
উচুঁ	4
দুচে	4
প্রোফাইলের	4
কাভারেজ	4
গ্যাজেট	4
লুটের	4
বন্দক	4
হারামিটাকে	4
ইয়্যাং	4
কিলবান	4
বড়লোকদের	4
আচরণে	4
টিয়াংগং	4
সাকিন	4
এতটাও	4
তরঙ্গে	4
এরপরেই	4
চার্জিং	4
ফেরিতে	4
নির্বিঘ্নে	4
হাঁপাবে	4
ভাবছিলেন	4
ঝেরে	4
পৌঁছাবো	4
একশোতে	4
বলপার্কের	4
তেরো	4
চক্রে	4
চিচিং	4
হেনেছে	4
বদলিয়েছে	4
ম্যানচেস্টার	4
গোল্লা	4
কবরস্থানের	4
সেগুলোতে	4
ঘেঁষতে	4
শ্বাসরুদ্ধ	4
এরখাওয়া	4
বাঁদরটা	4
মেলানোর	4
কামার	4
অ্যাকাউন্টটা	4
গোজি	4
অকালে	4
ক্যারেট	4
বংস	4
চুপিসারে	4
স্বর্গেরপ্যাচ	4
ব্যালিস্টিক	4
থামাচ্ছি	4
সুনিশ্চিত	4
কঙ্গো	4
সোনামানিক	4
সালটা	4
প্লানের	4
ব্যারেলের	4
এলোনা	4
সাবালক	4
লর্ডকে	4
পুরুষই	4
মহাদেশে	4
একসময়ের	4
হুশহাশ	4
ভিত্রে	4
থাকিবে	4
ক্যালভাট	4
ইন্দ্রিয়কে	4
পিপা	4
রেক্সের	4
রৌপ্য	4
মিলনমেলা	4
এসছে	4
ফেরিরো	4
থিউরী	4
আইনজীবীঃ	4
কুয়েন্টিন	4
গড়গড়	4
বাঁচবি	4
লম্পট	4
সেগুলিকে	4
সেদার	4
ক্লোনিং	4
জ্বীনের	4
বানিয়ো	4
মরেডার্স	4
ফিটের	4
বাত	4
রোজমার্তা	4
শুলে	4
পোপকে	4
চিন্তাগ্রস্ত	4
গোস্তের	4
ঘোড়সওয়ার	4
সোভিয়েতদের	4
পাল্টাচ্ছি	4
এমিনে	4
মমতা	4
জলখাবার	4
নক্স	4
দাওয়াতে	4
লোকটিই	4
ভঙ্গকারী	4
বকে	4
ব্যাটারীর	4
বাচাঁর	4
ব্রেকে	4
ইন্টারপুল	4
প্রবাল	4
উদ্বেগটা	4
মরছেনা	4
বুলি	4
খয়েরি	4
অর্থই	4
চালাস	4
আভি	4
এন্টোনি	4
হৈ	4
গড়ালো	4
ছিলামনা	4
মানবেন	4
আগস্টের	4
অ্যারেনের	4
জানোয়ারটাকে	4
সওয়ারির	4
ঔষুধের	4
ফ্লোরিডাতে	4
সাইকোলজি	4
পাইছস	4
গ্রাবিট্	4
হুমড়ি	4
ওয়াকাররা	4
ওয়াইল্ডলিংদের	4
ফ্যাসিবাদী	4
ডলারগুলো	4
নীচের	4
আয়দিলেক	4
প্রমাণটা	4
সুইচটি	4
কালির	4
রিভারল্যান্ডস	4
সেরানো	4
মনিবকে	4
ঘানি	4
স্লাশিয়াস	4
মোড়ের	4
লন্ড্রির	4
অইছে	4
মুর্খ	4
জোনাস	4
সম্পতি	4
তারাবাজি	4
প্লাও	4
হিপোগ্রিফ	4
ডেজ	4
যাইবা	4
গীটার	4
স্কেচবুক	4
মেজে	4
কর্মচারীরা	4
আইব	4
সওয়ারি	4
ছিটানো	4
ভরেনি	4
অবস্থাডা	4
খোঁজতাছে	4
গুনতাছে	4
লোকশিল্পী	4
পাডানোর	4
জেইমির	4
অর্লিন্স	4
ভেঙ্গেছো	4
তুইল্যা	4
কত্তগুলা	4
বালকটাকে	4
বার্ষিকীর	4
পোটলা	4
হলফ	4
আপনেরা	4
বিক্রিয়ার	4
ব্যারাথিওন	4
কামড়ের	4
সেরিব্রোর	4
কইলি	4
ইনজেন	4
আব্রাহামের	4
সোভিয়েতরা	4
মতবাদে	4
ম্যান্স	4
পানিপথে	4
প্রাণীটিকে	4
রাইখ্যা	4
ওয়াইল্ডলিং	4
অ্যালকালাই	4
বিমূর্ত	4
খাঁচাতেই	4
প্রাসঙ্গিক	4
আত্মত্যাগের	4
মিনিয়নদের	4
ডিমেন্টরের	4
ক্যার	4
বিলাসী	4
খুক	4
ভূতদের	4
সবগুলোতে	4
অকারনে	4
তামশা	4
ড্রোনের	4
অনুসন্ধানকারী	4
জন্তুটা	4
বাচমু	4
তুলতুলে	4
হুউ	4
মানষিক	4
মানুষটির	4
ফুটবলার	4
দ্রোগোর	4
সয়	4
শুকরগুলো	4
যুদ্ধও	4
বন্ধুকেও	4
গামছা	4
লাম্পি	4
একরাত	4
ইউজিনের	4
সান্তনা	4
দামামা	4
রিভার	4
দ্বীপটি	4
ঝাক	4
জ্বলছ	4
উঠিনি	4
গজাল	4
বিজয়ীর	4
রক্তক্ষরণের	4
হাতাতে	4
হ্যাম্পটন	4
স্ট্যানটন	4
ডিসেম্বরে	4
শাহী	4
মশালের	4
বিরূপ	4
উদ্বোধন	4
মরিন	4
ক্যামরা	4
বৈদেশিক	4
মেকআপের	4
ডোথরাকিদের	4
বায়ুমণ্ডলে	4
দাঁতটা	4
প্রোডাকশন	4
হাড্ডির	4
বৈরি	4
মশারি	4
নেমেছিলো	4
বেনজেন	4
ব্র্যানকে	4
পরিণতির	4
ডেবস্	4
নর্থের	4
ঘুমিয়েছিলে	4
সুবোধ	4
পরানো	4
বিকলাঙ্গ	4
লঞ্চের	4
ওঠেনি	4
তলোয়ারটি	4
অতিকায়	4
আসোই	4
সুপারি	4
হলদে	4
জন্তুটি	4
নড়ছি	4
মিশনটি	4
আখ্যায়িত	4
বদমাইশের	4
কখোনোই	4
শিল্ডের	4
প্রোমোশন	4
বিএসসি	4
নিশপিশ	4
রিডের	4
ফিউনারেলে	4
কেরামতি	4
গ্যালাহ্যাডের	4
ভোটে	4
পশুটি	4
পরবেই	4
ধ্বংসই	4
হৃদরোগ	4
ছেলেপেলে	4
বেসি	4
মুকুটটা	4
শেরিনের	4
অবর্ণনীয়	4
সবিনয়ে	4
ওঠানো	4
টুগেদার	4
দেশটাই	4
পরিনতির	4
ইন্ডাস্ট্রির	4
রেজিস্ট্রি	4
আগামীকালই	4
তল্লাশী	4
ঘিরেই	4
জন্মায়নি	4
দয়াকর	4
উমারকে	4
নিভাতে	4
তারমত	4
কারুকাজ	4
ব্রিডিং	4
বাজাচ্ছ	4
গবাটোর	4
যুবাকে	4
স্যামওয়েল	4
বিরক্তিতে	4
আঁধারে	4
পশুগুলো	4
প্রাপ্তি	4
যেইসব	4
শিলিং	4
জগণ্য	4
ধুঁকে	4
অ্যালাকিকে	4
বান্দরদের	4
কৈ	4
প্রতিবারের	4
বিড়	4
ভাবলেও	4
বক্সটারের	4
ব্রান্ডের	4
জ্বলি	4
ধরাটা	4
অধার্মিক	4
জাগালাম	4
ভক্ষণ	4
নিখোঁজের	4
হত্যাকান্ড	4
অপকর্মের	4
পদোন্নতির	4
চিউ	4
টানছিস	4
রিপোর্টটি	4
ফ্যান্টাসটিক	4
বছরটা	4
খুইয়েছে	4
মোল্লা	4
দাগটা	4
পরিচয়টা	4
প্রিয়তমার	4
আঁকছি	4
ভাইটাল	4
রেশমী	4
নিকা	4
দেম	4
হ্যাঁলো	4
ছোঁয়াচে	4
লরিও	4
বিশেষণ	4
পোক্ত	4
অ্যাটেনশন	4
থাকাও	4
মেডে	4
জানাবা	4
ভুলক্রমে	4
সরলভাবে	4
জটিলতার	4
বুঝেছিল	4
আইডিয়াটাই	4
অহঙ্কারের	4
ঝলসে	4
বাড়িটি	4
ফোটার	4
পাসোতে	4
অবগতির	4
সারাগোটা	4
বেলজিয়াম	4
ব্যাপারস্যাপার	4
ম্যাটের	4
রসকে	4
হোডোর	4
বয়েসের	4
পরেনা	4
দারূন	4
হাতই	4
কৌতুকের	4
করবোটা	4
মেইহেমে	4
টরেন্ট	4
গর্গের	4
চিনতোও	4
চলেছিলো	4
গালিগালাজ	4
বেড়াচ্ছেন	4
আ্যলোহমোরা	4
নষ্টা	4
ক্রুসিফাইড	4
ফ্লেশ	4
শব্দকে	4
লিখত	4
খিদেয়	4
প্রশাসনের	4
বয়ামগুলো	4
ঘড়িকে	4
সুড়ঙ্গের	4
কারারুদ্ধ	4
দেখিয়েছিল	4
একদিনও	4
পেয়েছিলি	4
দাড়াবেন	4
বাড়িই	4
যতখানি	4
দৈববাণী	4
ম্যাগডিলান	4
কোচের	4
মাংসও	4
দেহেন	4
পিছনটা	4
ডাকাতটা	4
সিদ্ধান্তগুলো	4
এইগুলাই	4
হাউসারের	4
জবাবে	4
শপিংয়ে	4
স্পেক্টার	4
পেনিকে	4
ডিভোর্সের	4
ডালে	4
আজ্ঞা	4
নেভাল	4
উঠছিলো	4
আরিয়ানের	4
তদন্তটা	4
দুরবস্থা	4
যাবই	4
অক্টোপাসের	4
মেগানের	4
খুনখারাবি	4
বাসিন্দাদের	4
শেক	4
খাঁড়া	4
কুঁড়ি	4
আমারটায়	4
যিশুকে	4
পূর্বপুরুষেরা	4
মহল্লার	4
কমোডে	4
কার্নোস	4
দাসের	4
গোলাবারুদের	4
দাড়ায়া	4
আজন্ম	4
ফর্মে	4
একরম	4
কোট্টাম	4
উড়েছে	4
বেভারলি	4
রাজীর	4
ওয়ালাইকুমুস	4
ফ্রাউ	4
পদটা	4
পেকে	4
চালিয়েছো	4
বোগাকে	4
লড়ছো	4
পেছনেও	4
ছলচাতুরি	4
কাউন্সিলকে	4
উৎসর্গের	4
টার্মিনালের	4
লেখাপড়ার	4
হাঁটুন	4
করায়া	4
ইনহেলার	4
অর্ধেকে	4
ম্যানিকাভেলের	4
বিহিত	4
গভর্নরের	4
ভ্রষ্ট	4
মানবীয়	4
ব্রুস্টারের	4
ফিজি	4
অসামান্য	4
গ্যাজোলিন	4
বিজ্ঞানসম্মত	4
নির্জনতা	4
সূত্রের	4
উঠছো	4
ঘরকে	4
জানোতো	4
লেপ	4
বিষ্ণু	4
মাছির	4
জুতাটি	4
ক্রোধে	4
ধরতেই	4
পুন	4
লবণাক্ত	4
আামার	4
থ্রোটল	4
প্রাণীটা	4
দিনটিতে	4
পাপে	4
যুযুলা	4
ঘাটতে	4
সমাহার	4
নেভাডার	4
তুত	4
আইছি	4
স্পষ্টই	4
মাদ্রাজ	4
জিনগত	4
হাজারও	4
ক্যাঙ্গারুর	4
আঁকছে	4
কুইরেল	4
ওবারহাউজার	4
প্যানথার	4
রঙে	4
তারছিঁড়া	4
রৌদ্রজ্জ্বল	4
ডুববে	4
সৎভাবে	4
কোম্পানিই	4
পেঁচারা	4
জিতবেন	4
গাঁয়ে	4
জর্জিয়ান	4
রঙধনুর	4
আকা	4
ওয়েব্যাকের	4
বাঁধবে	4
শিক্ষায়	4
অজানায়	4
ওড়াতে	4
দাঁড়িয়েছ	4
বেতে	4
বেতটা	4
প্রকৃতিস্থ	4
খোশাটা	4
স্তূপের	4
বপনকারী	4
গাঁজার	4
উপাসক	4
টাপাস	4
পেয়ারা	4
সিডনিতে	4
তুৃমি	4
তুলেছো	4
ঝাপটা	4
বিশেষ্য	4
ওষুধগুলি	4
পুরাণের	4
বসত	4
জেনারেটরের	4
জিয়ানের	4
নেভিউ	4
দলপতি	4
নাদুসনুদুস	4
পতনশীল	4
বানিয়েছিলে	4
ফাহাই	4
সহজতর	4
মনও	4
নিসব্ধ	4
গৃহপালিত	4
পরামর্শক	4
বদলাচ্ছে	4
কোনদিক	4
কানেটিকাটে	4
হাটছিলাম	4
পরিবেশনায়	4
সারাগোটায়	4
প্রোগ্রামটি	4
জ্ঞানীর	4
মজুরির	4
পাইলেই	4
অনস্বীকার্য	4
গভর্মেন্ট	4
মেডিকেলের	4
পরিবর্তনে	4
দেমাগ	4
হ্যামিলটন	4
সারাগোটার	4
বাসস্থানও	4
খ্যাতিসম্পন্ন	4
সর্পিল	4
কসরতবিদ	4
আর্ন	4
ক্লিগেঞ্জ	4
অপূর্ণতা	4
শন্দ	4
পরিস	4
সাহেবকে	4
ক্যাঙ্গারু	4
ঘুসির	4
চৌবাচ্চার	4
রেঞ্জারদের	4
লেই	4
চাকুরে	4
ডায়াবেটিক	4
বিনয়কে	4
ব্যান্ডটাকে	4
অদেখা	4
বুড়োরা	4
ফুপু	4
ঘটিয়েছিল	4
বাড়াবো	4
বোল	4
ওগুলোতে	4
ডিভারশন	4
মুন্ডু	4
সুযোগটাও	4
হুইসেলের	4
সভ্যতায়	4
সুড়ঙ্গে	4
ইউনিকর্নের	4
নৈতিকতার	4
দেখাক	4
আদ্রে	4
নজরদারীর	4
শারীরিকভাবে	4
কর্তৃপক্ষদের	4
অসাড়	4
শ্	4
মৃতদেহকে	4
ট্রেইলার	4
ফাংশনস	4
চুরিই	4
লবস্টার	4
ঘটিয়েছ	4
ওইগুলা	4
জগটা	4
দোষীদের	4
ঝর্না	4
প্রাইভেটকে	4
মমিন	4
এগোব	4
ফুটপাথ	4
নামব	4
ঘটনাকে	4
সৈন্যে	4
টেলিপোর্টার	4
খুইল্লা	4
বানিয়েছিলো	4
জিরাফের	4
এ্যালিয়েন	4
ব্যাখ্যাও	4
জফরির	4
সেন্ট্রালে	4
কমিশনারকে	4
এইরিস	4
দেলে	4
উপসংহার	4
কন্ট্রাক্টর	4
এসিপির	4
অপরিচিতের	4
লাই	4
ততবার	4
পরশুদিন	4
দাবীদার	4
বেদনার	4
কাব্য	4
আশ্রয়কেন্দ্র	4
বেড়াচ্ছিল	4
সুনামের	4
ছুড়েছে	4
পৌঁছেই	4
আশ্চর্যরকমের	4
ধর্মসভা	4
স্লোগান	4
অভিনেতাদের	4
ভেষ্ট	4
সহপাঠীর	4
চাষার	4
নিক্স	4
খেপে	4
জখমের	4
পাথরকে	4
উঠেছিলে	4
বিনিময়েই	4
বস্তাপচা	4
সমবয়সী	4
উঠলোই	4
শব্দই	4
আররঘঘঘ	4
চমকাবে	4
মধ্যম	4
চলাচলের	4
জান্ডারের	4
পথগুলো	4
পক্ষাঘাতগ্রস্ত	4
ত্রিশুল	4
কুট্যি	4
টেপা	4
গন্তব্যস্থলে	4
শোকে	4
অনিতা	4
রাখনি	4
ব্যাংকটা	4
দূঃখীত	4
ব্রুস্টারকে	4
হৃদকম্পন	4
বালকেরা	4
মারশাল	4
করিয়েছিলাম	4
ইল	4
চুকিয়ে	4
ঘামাতে	4
যন্ত্রণাটা	4
সাইবর্গটির	4
ভিজুয়াল	4
লোকেটর	4
হ্যাসেলহফ	4
মেন্টিস	4
হং	4
ইয়ন্ডুকে	4
সর্বশ্রেষ্ট	4
সহিসালামতে	4
জলা	4
এমিলিও	4
অসঙ্গত	4
সহযোগীদের	4
সাপোর্টের	4
সংঘাতপূর্ণ	4
ম্যাগ্নেটোর	4
জমাতে	4
তথ্যচিত্র	4
নিবন্ধিত	4
মিসাইলগুলো	4
গুপ্তচরের	4
সিরিঞ্জ	4
মহাপাপ	4
লাঞ্ছ	4
ইলেকট্রিসিটি	4
আআআ	4
নেশাগ্রস্ত	4
করনীয়	4
মহিলাটাকে	4
হৃদরোগে	4
ব্রুকলিন	4
প্রবেশমুখে	4
হেডকোয়ার্টার	4
পৌছালো	4
ডিলের	4
চুক্তিমত	4
রেশ	4
কজন	4
মুর	4
উদহারণ	4
থামিস্টিক্লিভস	4
জুসের	4
প্রত্যেকজনকে	4
লড়ছ	4
কাষ্টমার	4
বোধগম্য	4
অপকর্ম	4
সাবঅ্যাটোমিক	4
হওয়ারই	4
গলির	4
আনছেন	4
কমজোর	4
জ্যাকপট	4
অশ্লীলতা	4
দিল্লিতে	4
উভয়ে	4
জাপানীরা	4
নিরুৎসাহিত	4
কমোড	4
বুঝুন	4
অপ্রবিত্র	4
স্কোয়াড্রন	4
লিজেন্ড	4
বস্তাবন্দী	4
কিছুকিছু	4
আততায়ীকে	4
মামারা	4
ফ্রিম্যান	4
প্রিন্টের	4
অগোরে	4
ম্যাসেনজার	4
ভণ্ডুল	4
ওইপাশে	4
এতোটুকুই	4
ডান্সিং	4
ঝলমলে	4
গাঢাকা	4
বোটকে	4
হ্যাঁরে	4
ইফেক্ট	4
কোলের	4
ক্লাউন্স	4
ফেলছিল	4
ক্লাউন্সরা	4
চাপবি	4
বেঈমানির	4
আসমান	4
মানুষদেরকে	4
ধ্যান্দা	4
পোশাকগুলো	4
দোস্তের	4
ব্যাং	4
বাকীগুলো	4
কম্পাউন্ডে	4
নুড্যুলস	4
রামিরেজ	4
জানোয়ারটার	4
শুনছেনা	4
সমূলে	4
সর্বনাশা	4
বানিয়েছিস	4
খেলাতে	4
চালাত	4
অধ্যয়নরত	4
বহুদূরে	4
ছোকরারা	4
রীজকে	4
পরেছিস	4
ডাইনোসরেরা	4
পলিটিক্স	4
ল্যাম্বোরগিনি	4
ড্যাভিস	4
প্রুডোমকে	4
গণ্ডিতে	4
কল্পনারও	4
নিলামের	4
পাল্টাই	4
পেন্টের	4
সিরিয়া	4
রিবুট	4
শর্তাবলী	4
হসপিতালে	4
ওইদিক	4
কয়জনকে	4
শিহরিয়া	4
চেতন	4
মিউটেশনটা	4
গমের	4
আদমি	4
পিঁপড়াদের	4
এথেন্সকে	4
কৃ	4
মাচ	4
আবেগপ্রবন	4
ফ্রিকোয়েন্সিতে	4
সাক্ষ্যপ্রমাণ	4
শিশুও	4
বেলরকে	4
ছাড়লেন	4
নৈবেদ্য	4
গ্যালাক্সিকে	4
আলুভর্তা	4
অনায়াসে	4
শক্তিও	4
গুরুর	4
প্রলোভনে	4
ইয়ংগ্যাং	4
তাদেরটা	4
কেথরিন	4
প্রেজেন্ট	4
আসাদুজ্জামান	4
লাগসে	4
স্নাতকোত্তর	4
গদিতে	4
দানিয়েলের	4
দায়িত্বকে	4
অ্যাসিস্টেন্ট	4
ম্যাকাও	4
হাতছানি	4
ফাটাবো	4
ওরাকেলের	4
তুরুপের	4
লউরাকে	4
ভোগান্তির	4
এখনের	4
হারিকেন	4
ফোঁস	4
স্ম্যাক	4
ডসের	4
ক্রিস্টিয়ান	4
অর্চির	4
পরিচয়ে	4
বিনিয়োগে	4
সন্নিকটে	4
হবিটরা	4
পর্যবেক্ষণে	4
প্লাটফর্ম	4
কুপোকাত	4
গ্রীকরা	4
পার্থক্যই	4
ডার্কনেস	4
ডাইস	4
সিনেট	4
আষাঢ়ে	4
পারবই	4
কাছা	4
মোহর	4
কেমব্রিজে	4
প্রাণিদের	4
অপরাধটা	4
বছরেই	4
সাদিকুল	4
গুড়ি	4
উইকিপিডিয়া	4
বিজনেসে	4
হেইও	4
ট্রাষ্ট	4
দুক্ষিত	4
পরিদর্শনে	4
শিল্পে	4
খাঁটিয়ে	4
সমাদর	4
প্রজন্মে	4
একযোগে	4
বাজারেও	4
মতিগতি	4
বানাচ্ছিলাম	4
প্রদীপ্ত	4
ওয়েটারের	4
একজনকেই	4
আর্মিকে	4
দামাদামি	4
কুটির	4
নাড়াবো	4
ছে	4
টিকা	4
ঘাসে	4
উন্মাদটা	4
অংশবিশেষ	4
কুইনানকে	4
ডিভোস	4
সারাদিনে	4
মক্কায়	4
বার্তাগুলো	4
ডোবে	4
ড্রয়ারের	4
হিমালয়ে	4
গাইব	4
ইন্টার্ভিউ	4
্যেন	4
ফ্রোডোর	4
এবি	4
ভোজবাজির	4
উহহ	4
উনিতো	4
সেখতে	4
দায়িত্বজ্ঞানহীন	4
ইস্পাত	4
তোতলাবে	4
ঢোকাবে	4
অদক্ষ	4
গ্রহকে	4
টেপে	4
যাদি	4
লাহোরের	4
চল্	4
পরিষ্কারভাবেই	4
জিবনে	4
রাশান	4
বিশ্বকাপ	4
দেওয়ালে	4
চ্যাপ্টা	4
রেজিস্টারে	4
জননীর	4
অনুমতিপ্রাপ্ত	4
মিথ্যের	4
জগগুর	4
সাতটায়	4
নাতাশার	4
সাম	4
ছিদ্রটা	4
মুসলমানরা	4
হার্নান্দেজ	4
স্ট্যান্ডার্ড	4
যাইতাছে	4
মাস্তানদের	4
গেসিরে	4
ঢুকতেই	4
দ্বিতীয়টি	4
অফেন্স	4
ছাইয়ের	4
মুর্তি	4
ঘটিত	4
স্পাইডারম্যান	4
বনমানুষের	4
শ্যুট	4
ওয়াকারের	4
ট্রাভিস	4
করতাছো	4
থিকই	4
চিননা	4
জনমেও	4
মহীয়ান	4
নর্থে	4
বইলেন	4
সিরিয়াসভাবে	4
এলিভেটরে	4
আধারে	4
ঠাংগাবালির	4
টিসি	4
মেয়রকে	4
কর্তব্যবোধে	4
মারটিনের	4
ম্যালকাহি	4
গোয়ার	4
মেইনল্যান্ড	4
শীতযাপনতা	4
দাদুকে	4
মারবিনা	4
কল্যানে	4
প্লাগটা	4
সত্যিকারভাবে	4
মারবোনা	4
সংশোধনী	4
সাংবিধানিক	4
ফালায়	4
রাকুয়েল	4
তাছারা	4
মমতাজের	4
সেফটা	4
বিতর্কের	4
দাঁড়াব	4
হালুয়াওয়ালা	4
বাঁচাচ্ছি	4
দর্জিরা	4
সন্দিহান	4
মতুলুইএর	4
সেজেগুজে	4
ভুলোনা	4
জান্নাতের	4
কংগ্রেশনাল	4
প্রবালপ্রাচীর	4
কলহ	4
অমনি	4
ভার্সিটিতে	4
সমুদ্রপৃষ্ঠ	4
হেসেই	4
গেসিলাম	4
যদিবা	4
প্রদেশে	4
প্রতিমা	4
সিজন	4
ড্যারিয়াস	4
ম্যারাথনের	4
মতও	4
ইসাক	4
লিঙ্গের	4
অগ্নিসংযোগ	4
বাপও	4
স্পার্টানদের	4
হবিটকে	4
মারকাস	4
টিংগু	4
বুঝছোস	4
স্মাগলিং	4
তেলে	4
টাংগাবালির	4
পাদ্রীর	4
আসছোস	4
দৈত্যর	4
ব্লগে	4
সংঘাত	4
টেকে	4
বোলিং	4
কংক্রিটের	4
বনি	4
এশিয়া	4
গ্রামবাসীকে	4
বেসমেন্টে	4
ছেদন	4
পাকিয়ো	4
হাটুতে	4
প্রাইভেসি	4
উঅলত্স্	4
অক্ষরের	4
হাউলওয়াদিগে	4
জনবহুল	4
অপছন্দের	4
ইশ্বরকে	4
শাওয়ারের	4
জোলা	4
ভ্যাসেলিন	4
বুটে	4
এতীমখানায়	4
রণন	4
অলীক	4
নিপীড়ন	4
মহামারীতে	4
রগে	4
মরণাপন্ন	4
স্মিড	4
শিশ	4
বিভীষিকাময়	4
সংকোচন	4
মাংকি	4
সন্নাসীরা	4
সহায়তাকারী	4
রামলোর	4
রামলো	4
যাত্তয়া	4
দুর্ঘটনাস্থলের	4
ওলকটের	4
গেতে	4
রোডেরিককে	4
অভিবাহকদের	4
আলফাতে	4
য়াটি	4
সেনাকে	4
অভীষ্ট	4
থাকাকালে	4
গাছগুলোকে	4
স্কা	4
দুইদিনের	4
অল্পমাত্র	4
কোনোদিনও	4
ব্যভিচার	4
রাজপ্রাসাদ	4
ম্যাকনাইট	4
বিচারকার্য	4
মৃগী	4
যন্ত্রপাতিগুলো	4
আশ্রম	4
পাগলে	4
সোমালিদের	4
কাদিস	4
ব্রেকআপ	4
ঘাতকতা	4
সোমালি	4
গুনছে	4
এতোকিছু	4
কামড়ানো	4
বানাচ্ছিস	4
দৈত্যটা	4
বান্ধবীকে	4
হ্যালিক্যারি	4
ডেবরা	4
জেসপারঃ	4
বায়োলজি	4
গ্রামসি	4
জোলার	4
চাইতেছি	4
আসমানে	4
খটকা	4
বেক্তি	4
ভারসাম্যজনিত	4
কেপ্টেইন	4
ওয়েলন	4
উদ্দীপনার	4
নেমন্তন্ন	4
ভীরা	4
গৃহ	4
হ্যারেল	4
কাশো	4
মার্টিনকে	4
মামি	4
অরবিন্দ	4
সাদাসিধে	4
ফুটানো	4
শপের	4
ছোঁড়া	4
জঙ্গলটা	4
ফেরাবে	4
নরছে	4
ইনভেস্টিগেশন	4
ওয়াকেনসিল্ড	4
সংবাদের	4
উন্মুক্তভাবে	4
অফিসার্স	4
নাররী	4
কটলার	4
গাবো	4
স্কাউং	4
পিঠও	4
সাথিয়াবামা	4
অ্যামস্টারডাম	4
নিস্তব্ধ	4
টেলমারিনরা	4
পড়েও	4
প্রমাণই	4
ধন্যি	4
হোলি	4
ওইভাবে	4
সংক্রামিত	4
বদলালো	4
পঁচার	4
স্খলিত	4
জিম্মা	4
মিহি	4
ভিএফআর	4
চিনেছে	4
কুশ্রী	4
গ্রাব	4
বন্ধুটি	4
ইহার	4
উঠানামা	4
গন	4
করতোনা	4
পাভেল	4
প্রার্থিত	4
রইবে	4
বিবর্তনে	4
লিজট	4
লোহালক্কড়	4
নিদারুণভাবে	4
প্রকৃতিকে	4
পুনঃশক্তিসঞ্চার	4
হৃত্পিণ্ড	4
তিনগুণ	4
প্রটেক্ট	4
ইটা	4
জেনারেশন	4
ভালবাসলে	4
আধ্যাত্তিক	4
ভরসাদায়ক	4
কেসটাকে	4
কেদো	4
আঙ্গুলই	4
সিগন্যালটা	4
স্যাটেলাইটে	4
পরিবর্তনকে	4
চর্বির	4
ভোর্টেক্স	4
য়াট	4
ফাঁসীর	4
এইটুকেন	4
ফলাফলই	4
সরূপ	4
বানশী	4
কমানডেন্ট	4
ভাইরাসটি	4
স্পীকারে	4
রেঞ্জাররা	4
স্টারে	4
নথিগুলো	4
সপেস্পিয়ান	4
লেফট্যানেন্ট	4
ক্ষতিও	4
অভিসার	4
শগার্ট	4
নবম	4
নথিতে	4
পিটপিট	4
নোক	4
সংযুক্তির	4
নাড়ুর	4
চর্বিহীন	4
বিপক্ষ	4
সাক্ষ্যি	4
সিলোয়ানিন	4
বুলডোজার	4
বেরোনোর	4
মহারাজের	4
খুড়ে	4
ট্রাকটাকে	4
পয়েন্টজ	4
সড়কের	4
প্রিমা	4
মারসে	4
আস্থার	4
বোকাদের	4
সুরঙ্গের	4
রোমবাসীরা	4
লীচ	4
ময়দার	4
উটাহ	4
নিশানাওয়ালা	4
প্রতিদ্বন্দ্বীদের	4
বুঝিয়েছেন	4
মারনি	4
ফোনই	4
ঝামেলাও	4
বিশ্বাসকে	4
বুঝালে	4
প্রবেশপথে	4
মানবের	4
ডিকশনারিতে	4
শিভ	4
ক্যালিবার	4
হ্যামবুর্গ	4
প্রানীর	4
ছোটার	4
টেরির	4
স্বনামধন্য	4
দৌড়ালে	4
পানের	4
দেখাবি	4
নায়ককে	4
জাম্পস্যুট	4
নাচবি	4
ইঞ্জিনিয়ারিংয়ের	4
এডিনবার্গে	4
ফ্রুট	4
বাছাইয়ের	4
লাইমান	4
করালি	4
অরি	4
দপ্তরের	4
ডেনহাম	4
টিভিঃ	4
এন্টারপ্রাইজের	4
অফিসেও	4
শেখনি	4
লুব	4
যকে	4
পেপারকে	4
ভাঙ্গিয়ে	4
নুড়ি	4
পুটকির	4
সেনাবাহিনীদের	4
উত্সাহিত	4
চিপটা	4
মাস্কটা	4
সুরিলো	4
ফাঁপা	4
বয়েল	4
কাকতাল	4
স্টেডি	4
রেডী	4
জীবনযাপনের	4
দৌড়াবো	4
কার্লোস	4
পার্বত্য	4
জড়িয়েছ	4
প্রাণীরাই	4
ওদিকেই	4
থাকেনি	4
ওয়ার্কশপে	4
ধড়াস্	4
ক্রিকেটার	4
চাইলি	4
প্লেটস	4
মিথ্যারোপ	4
সাবমেরিনের	4
অঙ্কে	4
পাঠের	4
পট্	4
বহুমুখী	4
লিভিংস্টোন	4
জানেননা	4
হুজুগে	4
হাসিবুল	4
বাকম্যান	4
উগ্র	4
ফলাফলে	4
শ্রেণীবদ্ধ	4
সুপারহিরোর	4
মনজুর	4
দাঁড়িয়েই	4
জোসেফা	4
গিয়াস	4
খামের	4
উপাত্ত	4
চুইয়ে	4
বলিব	4
দেওয়াটাই	4
সবজান্তাকে	4
বুঝতি	4
শ্রাবণী	4
আদিদকে	4
লুকিয়েই	4
পরীকে	4
চাঁছাছোলা	4
ম্যাককিনি	4
কেলেঙ্কারি	4
ভাবলেই	4
কম্পিউটারজি	4
মামন	4
পেন	4
ধরাবো	4
জাভেদ	4
আস্হা	4
মিলিশিয়ার	4
বিপরীতমুখী	4
খুজছিলে	4
জীপ	4
আজকেরটা	4
আরামিস	4
সংক্ষেপ	4
কৃত্তিম	4
বেশীরভাগই	4
শ্রিনিভাস	4
ভিতরেও	4
শিখিয়েছিলাম	4
একেবার	4
চীট	4
বিজ্ঞানীর	4
গানরানার	4
শিরচ্ছেদ	4
অগাস্টিনের	4
শোয়ের	4
ঘিঞ্জি	4
থান্ডার	4
থেংকু	4
পৌরুষপূর্ণ	4
ওয়ালশ	4
জানিয়েছো	4
ভ্লাদিমির	4
সাবলীল	4
ফেসবুকের	4
সুরদাস	4
ভোল্টেজ	4
কার্লা	4
ভ্রাম্যমান	4
মনিকার	4
মাক্তোর	4
রুপীর	4
ফরমায়েশ	4
জোছনায়	4
লাইনাস	4
ফিসফিসিয়ে	4
উপস্থাপনার	4
আইজি	4
ওয়েস্কার	4
ক্লোন	4
পরথোস	4
এক্সিওম	4
বিপথগামী	4
নগদে	4
প্রত্যক্ষদর্শীর	4
স্তন্যদান	4
ক্ষমাপ্রার্থনা	4
ভ্যানটা	4
সর্দারেরা	4
অন্যায্য	4
সরছি	4
আইনসভার	4
শিশুটি	4
অনুভূতিও	4
শতশত	4
পীড়াপীড়ি	4
শুনোনি	4
নিলি	4
বসতো	4
শুভস্য	4
হোয়াহ	4
মানবো	4
দেতো	4
কেউকে	4
অস্ট্রেলিয়ার	4
ফারাহ	4
ড্যাগ	4
পরছায়া	4
সারমাশিয়ান	4
আক্কা	4
নার্সারি	4
নিঃশর্তভাবে	4
দাই	4
পারফিউমের	4
নম্রতা	4
ন্যাংটো	4
ভিয়েনায়	4
কস্তুরী	4
ম্যালা	4
প্রেরণার	4
অপারগ	4
রোমেনোফ	4
ছোড়ার	4
ঘ্রাণকে	4
হাইপার	4
শিখাবেন	4
গলদ	4
পৌঁছল	4
মাউন্টেইন	4
এ্যালবিন	4
স্টিং	4
মোটরের	4
কাসটাস	4
পেপারওয়ার্ক	4
মিলিমিটারের	4
জ্যোৎস্না	4
বিদেশীদের	4
উড়িয়েছি	4
ভাবেনা	4
ওয়াদার	4
ঐভাবেই	4
জমাইমুনে	4
রূপা	4
বাড়ছিল	4
ঘৃণায়	4
এইগুলার	4
হুমমমম	4
ওইহানে	4
বাসীর	4
বিদ্রহীদের	4
এথেলাস	4
মক্কার	4
লাইফে	4
উপ	4
তোলাটা	4
গুরুজির	4
টোন	4
সাহিত্যে	4
শুনাও	4
জল্লাদের	4
ল্যারির	4
ট	4
গ্রেঃ	4
হাইডোজ	4
ঘরটার	4
বিড়ালগুলো	4
তন্ত্রমন্ত্রের	4
ন্যাচুরম	4
ডেমোন্টো	4
ঘুমপাড়ানি	4
মাতোয়ারা	4
পশ্চিমেও	4
বাচসকে	4
বমিতে	4
কলোনিস্ট	4
শূণ্য	4
কৃষ্ণাণ	4
কাঁপাতে	4
রীতিমত	4
পাঞ্জা	4
বিধানসভা	4
এলেক্টো	4
মানছিনা	4
কাবাবের	4
গোয়েন্দাকে	4
নিয়মানুযায়ী	4
পাম	4
ব্রিউস্টারের	4
সুঘ্রাণ	4
গ্রেনোলির	4
আওয়ার	4
কান্	4
আবেদনপত্র	4
অ্যাভেঞ্জার্স	4
গার্ডেন	4
গ্রামকে	4
বাচ্চাগুলার	4
হয়ও	4
জ্যামের	4
মুখমণ্ডল	4
বরদাস্ত	4
ঘেনঘেনানি	4
ক্রিশ্চিয়ানের	4
কার্যক্রমের	4
লাফিয়েছে	4
খামোখা	4
ছিলও	4
উত্যক্ত	4
সমাগম	4
কামড়াচ্ছ	4
এডলার	4
ইডেন	4
ফুয়াদ	4
চ	4
কেলভিনের	4
অত্যান্ত	4
বাধ্যতা	4
খাতে	4
ভিক্ষুক	4
সংগ্রহকারী	4
বিচক্ষণতার	4
মিলের	4
বাঁটুল	4
দেখাবেনা	4
বডিটা	4
ল্যাংফোর্ড	4
একঘেঁয়ে	4
মানিক	4
উঠাই	4
তারদিকে	4
ডাইনীকে	4
গুনো	4
বাঁধুন	4
জাতে	4
খরিদ	4
নিবা	4
নাজি	4
উলটা	4
অউ	4
খেলাঘর	4
ক্ষিতি	4
সাম্বার	4
ল্যান্ডারে	4
দুঃসময়	4
এরেবরে	4
সেটল	4
কদমের	4
অন্যকিছুও	4
বিস্ময়ে	4
বম্বার	4
পর্বতমালার	4
বন্দির	4
মাড়িয়ে	4
মিঞা	4
অনাবশ্যক	4
এল্	4
এলাকাগুলো	4
দিছিলেন	4
লিরা	4
কোষ্ঠী	4
ওকেনশিল্ড	4
কুমারীত্ব	4
পারিসনি	4
অ্যাকাডেমির	4
মাঞ্চিন	4
প্রিয়জন	4
খুঁড়তে	4
পেড়িয়ে	4
অফলাইন	4
মরীচিকা	4
সতী	4
মাইয়ারা	4
মহাশূন্যে	4
নানার	4
স্টিম	4
বারটোন	4
মানুষকেই	4
টার্ন	4
ট্রলি	4
প্লেজ	4
লেভি	4
নগরবাসী	4
চালাকিটা	4
জ্যোতির্বিদ্যা	4
সাথীদের	4
ব্লিডিং	4
যাচ্ছিলনা	4
কন্টিনেন্টালে	4
উপদেশের	4
স্কুইডি	4
প্রোথেরো	4
গাচ্চামি	4
সারানাম	4
কারার	4
কম্পমান	4
পাপমোচনের	4
ধ্বনিবিশিষ্ট	4
ইনগুভা	4
অনুপ্রেরণার	4
বুসান	4
পথনির্দেশক	4
ফাটবে	4
সমাধিস্থ	4
টুইন্সের	4
কেভানাগ	4
চমকটা	4
অধ্যবসায়ী	4
সূচিত	4
কাঁপানো	4
নামেন	4
আরিয়ানা	4
রহস্যোদ্ঘাটন	4
প্লুটার্ক	4
ডায়ালিং	4
পুনর্বাসন	4
অঙ্কিত	4
স্ট্যান	4
ফ্রেডরিখ	4
অনুযোগ	4
এফি	4
উপলক্ষ	4
ভাঙ্গলো	4
ফিটজারবার্ট	4
প্যাসকেল	4
পতনে	4
পাকস্থলীর	4
গ্রামেই	4
ট্যাঙ্কে	4
মুখোশে	4
স্ট্যাটিক	4
আসসালাম	4
অবজ্ঞাসূচক	4
গ্রিফিন	4
নাযিল	4
রজনী	4
ক্র্যাকিং	4
পরনের	4
আসিফ	4
কিনবেন	4
তারকাটা	4
মাইনের	4
বেঠিক	4
নেতৃত্বাধীন	4
এনারা	4
গুরুত্বারোপ	4
দেশেরই	4
দর্শনে	4
উত্থাপন	4
অনুসরণের	4
ফেলবনা	4
সাক্ষীকে	4
ওপেনহাইমার	4
ট্যুরিজম	4
লিফ্টের	4
তালার	4
পরলোক	4
খাইলে	4
চৌকি	4
জ্ঞ্যান	4
সার্সেই	4
ক্যাটনিসকে	4
শহরজুড়ে	4
দর্শনের	4
বেমালুম	4
বসছে	4
অ্যাজটেক	4
কচ্কচিয়া	4
রাজধানীকে	4
পরবা	4
মুশফিকুর	4
লিখন	4
সাটলারের	4
রেজিন	4
চুষতে	4
দেখায়া	4
বায়ুবাহিত	4
বেনশপ	4
পাঁ	4
মাইরো	4
পাসপোর্টের	4
ধ্বস্তাধস্তির	4
অন্যটি	4
ক্যামোরা	4
জুনিয়রকে	4
লাগিয়েছিলো	4
ক্ষুর	4
পেঁয়াজের	4
উইকের	4
ক্যাপ্টেনঃ	4
বেকস	4
ঈমান	4
তাকিয়েছিলো	4
পুলা	4
রিমান্ডে	4
বেলচা	4
পিনাট	4
মুখপাত্র	4
বেল্টের	4
জোঁকের	4
একোনি	4
বাধিত	4
লার্জ	4
ভেবেচিন্তেই	4
ঘরটাকে	4
সিরামিক	4
কেদনা	4
মিথ্যাও	4
কাফনের	4
বানিও	4
পাকাতে	4
কার্ডিয়াক	4
টেষ্ট	4
ইয়েলো	4
জবাবের	4
বিবেকহীন	4
স্ফীত	4
পাওয়াই	4
স্মৃতিসৌধ	4
আগান	4
ক্ষুদার্ত	4
কোরবানির	4
ঘুমোবো	4
একরকমের	4
অকৃতকার্য	4
রুপালী	4
স্নার্টের	4
অ্যানাকে	4
স্টেইল	4
তথাপি	4
নারীসমাজ	4
গতমাসে	4
কুকুরেরা	4
আ্যবের	4
পৃষ্ঠাটি	4
স্নার্টকে	4
কিমস	4
হিজিবিজি	4
কনসালটেন্ট	4
প্যারাডাইজ	4
মিঠাই	4
ছাঁচ	4
ঢুকছেনা	4
কৌতুহলি	4
এমাউন্ট	4
মালী	4
উপার্জিত	4
বৃত্তাকার	4
কিবোর্ড	4
আসতেছ	4
দুর্ব্যবহার	4
সাক্ষীদের	4
ট্যাক্সের	4
ক্র	4
ম্যারাথন	4
লেটুস	4
কার্যক্ষমতা	4
আকর	4
লার্কহিলের	4
ফ্রাঙ্গোইজ	4
ঘণ্টাই	4
একাকীত্বের	4
সোপর্দ	4
সমন্ধ	4
বন্ধুকের	4
চালাতো	4
শেল	4
কৃষ্ণাঙ্গ	4
সারার	4
ছোয়া	4
ঐখান	4
বোঝাটা	4
হাঁসি	4
পয়েন্টের	4
গারগ্যানচুয়া	4
টেরেন্স	4
আমন	4
দাড়াল	4
উদ্দেশ্যহীন	4
মাকড়শা	4
ঠাণ্ডার	4
কলোনী	4
ডেঞ্জারাস	4
উঠছেন	4
ওয়াইফাই	4
কৃষ্ণগহবর	4
চালাতেন	4
জিনিসটাও	4
যাওনা	4
ডার্ট	4
ফাঁসানো	4
অন্যসবাই	4
সৃস্টি	4
কইলা	4
বাশির	4
পুনাওয়ালা	4
শানদার	4
হেলমেটটা	4
কস্কি	4
ছাতাটা	4
আবির্ভূত	4
উঠলেই	4
পরাও	4
পুড়িয়েছে	4
ব্যাক্তিই	4
ইনস্পেক্টরকে	4
হায়েমডাল	4
ঘুরার	4
হোমসকে	4
নরবিউরি	4
খাচার	4
অকারণে	4
আমন্ত্রণে	4
অবধারিত	4
বদ্দা	4
গর্বে	4
ফাতিমা	4
বরখেলাপ	4
আ্যমব্রিস্টার	4
জুতোটা	4
দীর্ঘায়ু	4
তোমা	4
মানতাম	4
ফানি	4
করারও	4
নর্তকী	4
ন্যায়নিষ্ঠবান	4
ওলালা	4
বাঁচিয়েছিলে	4
তারায়	4
অকপটে	4
কামাচ্ছে	4
মোজাম্বিকের	4
এডমন্ডস	4
বেসম্ভব	4
উল্লাসিত	4
মহল্লায়	4
ফুঁসে	4
সকালেও	4
আমির	4
ফেরানো	4
বিনাশের	4
গুস্তোয়	4
ডেথের	4
ওঠাতে	4
ছেলেরাই	4
মহত্ব	4
তেঁতো	4
ঊঠ	4
ক্ল্যস	4
আলিশান	4
রিহার্সেল	4
মাইকিকে	4
মস্করা	4
ফাঁসাতে	4
ইনার	4
বেত্তমিজ	4
পত্রিকাতে	4
পার্সে	4
সম্মোহনের	4
মামলাটি	4
ফুলতে	4
চেনোনা	4
ফলস্বরূপ	4
তপস্বীকে	4
নিরাপত্তাই	4
ঢালার	4
আবেগি	4
বোলোনা	4
পাইলস	4
উপঢৌকন	4
নাড়াচ্ছি	4
ভাঙচুর	4
প্রশান্তির	4
কারিগরের	4
চালানর	4
লাইসেন্সের	4
ঠুকে	4
টুইটার	4
কেটলি	4
ফ্যাক্টরীর	4
কখোনো	4
থাঙ্কু	4
তপস্বীজিকে	4
শায়ারে	4
পাগড়ী	4
ভীর	4
বড়গুলো	4
আব্বাস	4
রিফাত	4
গজনী	4
ফারজানা	4
কেটেছিল	4
ছিনাল	4
ভাষাবিদ	4
ম্যানেজাররা	4
জার্মানের	4
বারবারা	4
আনারস	4
ঘুরতাম	4
হামলাটা	4
ট্রাঙ্কে	4
অসুস্থই	4
ঠেকানো	4
কন্টাক্টের	4
সীমাকে	4
দামের	4
দীপ্ত	4
ঘটিয়েছিলে	4
বুঝাবো	4
ডাম্পটি	4
আবরণে	4
এন্টোনিও	4
বাঁধিয়ে	4
গ্যান্ডালফের	4
ফেয়ারীর	4
সমকামীদের	4
ভাবাও	4
চেহারাকে	4
ফুরিয়েছে	4
স্যাপার	4
করলোনা	4
দায়িত্বগুলো	4
কথাগুলি	4
বেরুনোর	4
নালায়	4
জিলিয়ান	4
মেহের	4
বুদ্ধিহীন	4
ইরাকীরা	4
চালব	4
কল্যাণকর	4
অর্গানাইজেশন	4
আঘাতও	4
সেলিব্রেটির	4
মেরু	4
ছাড়বি	4
্যামসবটম	4
ট্রাংক	4
মাফিয়াদের	4
বিয়েল	4
মিনারের	4
স্কুলেও	4
কোলাহল	4
লিগের	4
দন্ত	4
দেওয়ায়	4
ইঁদুরই	4
হারকিউলিক্স	4
হেডস	4
দেখাশুনার	4
কিনছেন	4
এ্যানি	4
জাপ্টে	4
প্রার্থনাই	4
কমও	4
ইনসপেকটর	4
কোচি	4
কীটপতঙ্গের	4
পুনর্জীবিত	4
ফিকস	4
সহায়তায়	4
চুক্তিপত্রটা	4
অভিমুখে	4
নিশান	4
বয়েস	4
পৌছা	4
জোরাব	4
ইউনিভার্সিটির	4
উল্লুক	4
নিষেধাজ্ঞা	4
খানার	4
বিজলীত	4
শরাব	4
কোমরবন্ধ	4
আবি	4
হ্যান্ডেলের	4
চিন্নাম্মা	4
বাদশাহ্	4
সিলভি	4
গাঢ়	4
পারিও	4
নেক্টার	4
ন্যান্সি	4
নেকী	4
লিফ্ট	4
স্লেভা	4
সেটারই	4
চাচি	4
পৃথিবীকেও	4
আ্যনিওয়ান	4
সিলভারের	4
বাথটাবের	4
পেট্রোলের	4
হাতা	4
কাপ্তান	4
অজস্র	4
কল্পনাপ্রবণ	4
তারাতারিই	4
তেসেরাক্তের	4
হিংসে	4
কাবার	4
সমন্বিত	4
দিভিয়ার	4
বৈশালীর	4
কষ্টও	4
সূতো	4
মার্কের	4
ইঞ্জিনিয়ারকে	4
দিনটাই	4
হাড্ডিকে	4
জোগার	4
তালাটা	4
পর্বের	4
ইনজেকশনটা	4
বাধ্যতামূলক	4
চলবেন	4
ক্ষতিক্ষারক	4
রথ	4
জাহান	4
মরুভুমির	4
ক্লক	4
সহমত	4
জামায়	4
অতিথিরা	4
করিয়েছো	4
রাইড	4
স্টান্ট	4
বন্ধি	4
এনেছিলে	4
আম্মাজান	4
সুধী	4
চুপটি	4
অক্সাইড	4
অসুস্থদেরকে	4
নাইট্রাস	4
পুত্রদের	4
ছেলেপুলে	4
হত্যাকাণ্ডে	4
ব্যবসাই	4
জাদুটাকে	4
মহড়া	4
বুদ্ধিদীপ্ত	4
গোমতী	4
মানুষজনের	4
আসগার্ডিয়ান	4
রবির	4
নন্দিনী	4
লালো	4
লিনা	4
দালান	4
ক্ষিধে	4
বেবুন	4
কড়কড়ে	4
রও	4
হ্যান্ডল	4
অসিয়তের	4
খেলবেনা	4
আইনগত	4
দৌড়াই	4
ভিনাইল	4
স্যালারি	4
বাঁচিয়েছিস	4
অনুকুলে	4
শিকটা	4
স্কাইপ	4
ন্যাপকিন	4
তারিখেই	4
টনিক	4
সেলিব্রেট	4
বেসবলের	4
মূলমন্ত্র	4
ওয়ার্মহোলের	4
বাঁদিকের	4
রেশমীনা	4
সয়ে	4
মিনাক্ষীর	4
মিশ্রণ	4
শান্তা	4
ল্যাজারাস	4
এপিসোড	4
স্থানাংক	4
আলতু	4
গুরুত্বর	4
উদ্যোক্তাদের	4
স্পেশালিস্ট	4
সাতজনের	4
আত্নবিশ্বাস	4
আপুকুট্টান	4
শেফকে	4
চিনব	4
জেনকে	4
রোহানের	4
কর্ন	4
সুন্দরই	4
প্রশংসাও	4
কথক	4
সলিন	4
অত্যাচারিত	4
ভদ্রতার	4
অস্তিত্বকে	4
লারৌস	4
খেলাঘরে	4
লেখেছে	4
ভাড়াও	4
মিছরি	4
বজ্রবিদ্যুত	4
হগ্গল	4
এইনা	4
বাথটাব	4
ওশেনের	4
গ্রাজুয়েশনের	4
শত্রুদেরকে	4
হ্রদ	4
ফাবি	4
পূর্ণবয়স্ক	4
উঁচিয়ে	4
চটে	4
ভক্তরা	4
ঝনঝন	4
সবজির	4
মার্ফের	4
পারফরমেন্স	4
রোজামুন্ড	4
ঘুমোবে	4
পেরি	4
মরিয়ার্টিকে	4
থামিয়েছি	4
পেট্রল	4
ভাঙছি	4
পাসনি	4
বাধাই	4
ঘুরেছে	4
ভাববঙ্গি	4
পার্সির	4
ক্রিটিকদের	4
আদ্র	4
অ্যাকাডেমিতে	4
মুদির	4
যাত্রীকে	4
মিস্রানি	4
মাহি	4
আক্রমনে	4
বিকালের	4
শহরটি	4
এয়ারলাইন্সে	4
নিনো	4
ভালবাসাসহ	4
চরে	4
পাইলটরা	4
সিনের	4
কানাডায়	4
রুবেল	4
কোস্টে	4
বল্লম	4
দায়বদ্ধ	4
মায়	4
কাচা	4
অ্যাশলি	4
লাগেরে	4
ুন	4
টপলেস	4
জীপ্	4
সফরে	4
ডেভেনপোর্ট	4
ভাঁজের	4
জোয়্যানা	4
অবাধ	4
দেখাচ্ছিলাম	4
স্যান্ডউইচের	4
নেয়ায়	4
কেসনার	4
আইনই	4
ফটোগুলো	4
স্যুইট	4
কুইন্সে	4
উইনিং	4
যানটি	4
টালি	4
বোঝই	4
জ্যামে	4
বাসায়ও	4
ক্রিমে	4
অফশোর	4
চীপ	4
অপূর্ণ	4
লড়েছেন	4
এনালগ	4
ঘাড়টা	4
অভিপ্রেত	4
তুলছো	4
ড্রাফটিং	4
যতোক্ষন	4
স্ত্রীকেও	4
লক্ষ্যমাত্রা	4
ফ্র্যান্সিসকো	4
চুল্লি	4
গুছাতে	4
ওয়ারিয়র্স	4
জায়গাকে	4
কল্পিত	4
সিমিরা	4
পোর্টালের	4
ক্যাসিয়াস	4
চেকগুলোর	4
জানোও	4
ঝাঁকুনি	4
কাঁদাবে	4
মালেন	4
নাম্বারগুলোর	4
ওহহহহহহ	4
রবার্টার	4
স্পেসবার	4
কল্পী	4
প্রিজম	4
তারাটা	4
যতদিনে	4
চিকিৎসায়	4
রক্ষণাবেক্ষণ	4
কম্পানি	4
যথার্থই	4
কিটিকে	4
মানবাধিকার	4
সুলিভানকে	4
আব্বে	4
সাধের	4
বৃহস্পতি	4
সাতি	4
সেরাফ	4
মাগীর	4
মাং	4
বন্ধুত্ত	4
ট্রাংকে	4
ক্লিনটন	4
নাফা	4
মোতায়েন	4
প্রাচুর্য	4
রাইডিং	4
ভাবাচ্ছে	4
লণ্ডভণ্ড	4
পিনস্ট্রাইপ	4
রোমকে	4
রোশেলের	4
যার্গ	4
ঘোস্ট	4
কসিম্যানো	4
দলটার	4
নিজেদেরকেই	4
সিসমিক	4
লোকগুলি	4
ম্যালেনার	4
ব্র্যাড	4
ক্ষুদা	4
টুকু	4
যেইখানেই	4
রোশেল	4
উপযোগ্য	4
রোটারি	4
ইউনিফর্মে	4
টাকাটাও	4
সহযোগীকে	4
ভাগ্যটাই	4
তীক্ষ্ম	4
খেলেছ	4
জরিত	4
ঘুমিয়েছো	4
ছাড়ল	4
উচ্চশিক্ষার	4
তাইলেই	4
বাজীতে	4
ষোল	4
হাইডেলবার্গ	4
গোলেম	4
শালাই	4
দ্যাখোনি	4
মঁ	4
স্বামির	4
দৌঁড়াতে	4
আগামাথা	4
বীনস	4
জাদুই	4
জানালাও	4
স্কুটারটা	4
লুটিয়ে	4
ধনুষ্টংকারের	4
জামাইর	4
সীটের	4
দেরির	4
মাদ্রিদ	4
যুক্তিহীন	4
চক্রাকারে	4
গাঁ	4
জুলিয়ার্ড	4
প্রিন্সিপ্যাল	4
ফার্নান্দেজ	4
ডিসমিস	4
এসেক্সে	4
মাতালের	4
সান্তোসের	4
ফাটা	4
ঠিকঠাকমতোই	4
স্বকীয়তা	4
বিশ্বব্যাপী	4
কেয়ার্নস	4
ভাবীকে	4
স্বপ্না	4
উডব্রিজ	4
তাকাওনি	4
সম্মানীয়	4
স্থাপনার	4
বিশ্লেষণের	4
মুরালি	4
বদ্ধপরিকর	4
ঝিমঝিম	4
অস্ট্রিয়ার	4
আবা	4
দয়ামায়া	4
ট্রাঙ্কের	4
চুকে	4
ল্যাবসে	4
ভাবতেছো	4
এরোন	4
ক্যানেল	4
ডোজের	4
মুহূর্তগুলো	4
গ্রেইসকে	4
বেড়ালে	4
কটু	4
লিব্রিয়া	4
প্রোজিয়াম	4
হতাহত	4
পৃষ্টা	4
স্বাক্ষী	4
কুলিং	4
জেনেভাতে	4
মনযোগী	4
পৌঁছবো	4
লাগেজ	4
বাস্তববাদী	4
ইউয়েন	4
ব্রাশের	4
ড্রামা	4
রেতরে	4
হিলসে	4
শিডিউলে	4
কতোগুলো	4
প্রিন্সিপ্যালের	4
সংগ্রাহক	4
তাপমাত্রায়	4
ওয়াসাবি	4
খুনগুলোর	4
সুতোয়	4
স্যুটকেসের	4
খাবা	4
গ্রেসা	4
অ্যাপলব্যাওমের	4
ফিটজসিমন্স	4
রিকভারিতে	4
ডিসিশন	4
তত্ত্বাবধানের	4
অবতরন	4
সংকীর্ণ	4
বুলডগ	4
ইস্টার্ন	4
গুপ্তচরবৃত্তি	4
যুদ্ধারা	4
ফ্লেমিং	4
শেরিল	4
ডিলটা	4
গেইমের	4
মেপে	4
মাঠকর্মী	4
ধোঁকাবাজদের	4
যশোদা	4
নাটের	4
ভাঙাবে	4
সিংহটা	4
রামসডেল	4
অ্যাঞ্জেলেসে	4
আর্মসে	4
সুন্দরের	4
এক্ষনি	4
আতংকিত	4
সৌরজগতের	4
পাতেরও	4
ততোটাই	4
ক্লেমেন্তে	4
ভাবির	4
ব্র্যাডিকালাগান	4
ভূগোল	4
কতক্ষনের	4
বসবি	4
শোধাক্ষমতা	4
ফেক	4
কতৃত্ব	4
আমব্রেলা	4
সযত্নে	4
বিড	4
ট্যাক্সিক্যাব	4
ট্রাইপ	4
সইয়ের	4
কুইনকে	4
পূত্র	4
ব্রেকার	4
এক্সপেলিআর্মাস	4
ষ্টুডেন্ট	4
ফ্লুইড	4
মোসাদ	4
কিল্ডেয়ার	4
শেপার্ড	4
টপিক	4
মাস্তল	4
লোকজনে	4
রেতের	4
ফ্যান্টাসি	4
ব্রেইনে	4
সতেরো	4
রেত	4
কুকুরটার	4
সংলগ্ন	4
ওর্ডার	4
শনিবারে	4
ফুটেজে	4
্যাম্পে	4
ক্যালাগানকে	4
চার্টার্ড	4
গ্রিফিন্ডরে	4
নাশতা	4
ময়নাতদন্ত	4
অজ্ঞাতসারেই	4
অ্যাপয়েন্টমেন্টও	4
কড়ায়	4
গন্ডায়	4
নিম্বাস	4
জাহাঙ্গীরঃ	4
হার্ডওয়্যার	4
মাজুঃ	4
অহন	4
প্যারোলে	4
লামার	4
প্রানটাও	4
বিমেল	4
মহাপুরুষ	4
অরগাস	4
মাথাকাটা	4
লাগব	4
বিস্ফোরকের	4
লকহার্ট	4
আম্মুও	4
শিল্পাকে	4
হাঁটলেই	4
জুড়িয়ে	4
ছিড়া	4
পারলামনা	4
ব্যাঙ্গালুর	4
ক্যাডা	4
ব্রুক	4
গাছটাকে	4
নাথানকে	4
চুলহীন	4
সুরিয়ার	4
ম্যান্ড্রাকের	4
প্রকৃতিই	4
ভেজে	4
ওঁ	4
মাহিমাকে	4
হামলাকারীর	4
আগস্টে	4
লেকটারকে	4
শুনিস	4
ক্ষুন্ন	4
গুডলাক	4
ভুগবে	4
পাইথন	4
সাপকে	4
সর্পভাষা	4
জরুলি	4
হানাহানিতে	4
বিশপকে	4
নির্দয়ের	4
রেজিস্ট্রার	4
ট্রাস্কের	4
ফ্যাক্সটা	4
উত্সর্গ	4
পুণ্যে	4
সেলভাম	4
অমৃতের	4
ফেলেনি	4
গ্লেড	4
দৃশ্যকল্প	4
যবে	4
কোলাকজুহির	4
রাসপেল	4
নিমন্ত্রন	4
ব্রডকাস্টের	4
নাইমা	4
বুড়ায়	4
হাগ	4
রফাদফা	4
স্নোডেনকে	4
ম্যালফয়ের	4
বেডে	4
প্রোমোটার	4
রেড্ডির	4
পন্ডিচেরি	4
শৃঙ্গে	4
দুর্নীতির	4
দায়ি	4
সিংহকে	4
পেন্ডেল	4
নরপশুর	4
ভারাটে	4
রেস্পন্স	4
গোলমালের	4
মালকিনের	4
মুখোশধারী	4
মালকিনকে	4
তোমারত	4
ক্যালিফোর্নিয়ার	4
গেটস	4
অফিসারটা	4
উৎসে	4
উদ্ভব	4
ভূমিকম্পটি	4
এনসিয়েন্ট	4
স্কেলের	4
দেখালেও	4
আবেদনময়ী	4
ক্রুরা	4
খুলছো	4
সহকারীর	4
জাদুকারিণী	4
ক্রোক	4
ব্র্যাডলি	4
করছিলনা	4
দিনেরই	4
বাঁধায়	4
বোমারেজ	4
ডিগার	4
প্রানে	4
বাঁধিয়েছ	4
প্রতিটার	4
ক্রিমের	4
টফি	4
যৌথভাবে	4
স্বাচ্ছন্দ্যবোধ	4
পড়ছিলে	4
চুড়িদার	4
পালায়নি	4
মেষশাবক	4
যুবকদের	4
অনন্যা	4
ল্যাম্প	4
অনন্যাকে	4
ম্যাকরল	4
ডবির	4
পেইজ	4
মার্ভ	4
স্ফটিকের	4
উড়ালে	4
কিয়োকো	4
জানতিস	4
লোশনটা	4
ফিফটি	4
ওকলাহোমা	4
পাঠানোটা	4
বানানটা	4
সোহান	4
মাথাতে	4
মাফিয়াকে	4
শুক্রবারের	4
সিপাহি	4
প্রমানও	4
বাটনটা	4
এন্টিক	4
স্রষ্টাকে	4
প্যাংবর্ন	4
জবি	4
ঢুকছ	4
ক্রিস্টিন	4
ত্রুটিপূর্ণ	4
দুবছর	4
ডলা	4
মাথাতেই	4
ভাঙ্গন	4
ঝুড়ির	4
সমস্যাতে	4
মুড়িয়ে	4
এশডন	4
উন্নয়নে	4
খুঁড়েছে	4
আঁ	4
রাস	4
সার্বিয়াতে	4
মৃত্যুমুখে	4
ডিপ্লোমা	4
অসাবধান	4
লোকচক্ষুর	4
ফ্যালকো	4
বধূমাতা	4
ঝক	4
জোজো	4
প্রতিযোগীর	4
লরিস্টন	4
আইসল্যান্ডে	4
রাজ্যটি	4
ডানহাত	4
শার্লকের	4
অপয়া	4
ওলসেন	4
মরেছিল	4
বিচারকদের	4
ক্লিয়ারেন্স	4
ড্রাইভারটা	4
খয়রাতি	4
পাসওয়ার্ডটা	4
ডেভিডসন	4
রিই	4
উত্পাদক	4
রসায়নে	4
কৃপা	4
সোনামণিরা	4
দোকানপাট	4
হেন	4
ছুড়	4
লোয়েল	4
আর্জেন্টিনার	4
খনিতে	4
অনুকরণ	4
যাইতো	4
কর্মসংস্থান	4
খিচুড়ি	4
শুওর	4
ইনস্যুরেন্সের	4
শিখিয়েছিলে	4
ঘোরালে	4
সম্পর্কও	4
সম্রাজ্যে	4
পৌরসংঘ	4
পেইন	4
উপদ্রব	4
ঠিকাদার	4
চালাকের	4
খোলাতে	4
স্কিনে	4
সদ্যই	4
ভোতা	4
্বস্য	4
অন্তরঙ্গ	4
সিএ	4
ক্যাম্পবেল	4
ঢের	4
ব্রেনের	4
মক্কেলদের	4
দরকারের	4
সুপুরুষ	4
খুললেন	4
রাইকো	4
হান্টের	4
রাউন্ডআপ	4
মাসব্যাপী	4
যেজন্য	4
গন্ধওয়ালা	4
বিধায়কদের	4
কুত্তায়	4
দিয়াবলের	4
ঘুমাস	4
কোলাকজুহি	4
চড়ান	4
সাপও	4
বানাইয়া	4
ঘুষিতে	4
কাস্টোমারের	4
বাণিজ্যে	4
বাসিলিস্ক	4
খুলেনি	4
সারাবছর	4
ঝরণা	4
ঢুকাবো	4
হাহহাআহাহা	4
জলাধার	4
মাইক্রোসফট	4
সোয়ামির	4
শহরটিকে	4
প্রোগ্রামকে	4
কিসিমের	4
ড্রাগনে	4
অধিকারীরাই	4
পারলনা	4
কারগিল	4
সাংস্কৃতিক	4
নাইবা	4
প্রাকৃতিকভাবেই	4
অনেকদিনের	4
প্রার্থনাগুলো	4
থাঞ্জাভুর	4
দুশমনকে	4
কোয়েলের	4
স্টোরের	4
তাড়ায়	4
ডিলেকটাডোস	4
যোগার	4
আত্মিক	4
ভ্রান্তি	4
অন্তর্নিহিত	4
সহকর্মীরা	4
শীটার	4
রাজাই	4
শেতাঙ্গ	4
সংগ্রামে	4
বিশালাকৃতি	4
বিবাদ	4
রিগাম	4
দেখস	4
মরক্কোতে	4
রেফারেন্স	4
স্বাধীনতাকে	4
অস্পৃশ্য	4
রইছে	4
কিলারদের	4
এরাম	4
শুপ্রভাত	4
জানবেও	4
বুঝায়া	4
রঙটা	4
পদক্ষেপগুলো	4
হালে	4
পেট্রিজ	4
সাতদিন	4
সেলিনাকে	4
ইলচি	4
কাচি	4
ঘোড়াকে	4
নড়েনি	4
বিয়েই	4
পড়াবেন	4
সমাধির	4
হইলেও	4
রাতই	4
জোড়ায়	4
থামাবেন	4
আস্তানার	4
ইভের	4
ক্রিস্টোফারকে	4
ক্রিস্টির	4
ইসা	4
জ্বলজ্বলে	4
ধারায়	4
বেশ্যারা	4
ঘোঁত	4
বেড়ালাম	4
ভোজের	4
উজাড়	4
চোরাবালি	4
সিরিল	4
দেখছোস	4
কোবল	4
ডিজিট	4
কভারটা	4
সাবধানতার	4
চার্লিকে	4
অর্থঃ	4
ট্যাটুটা	4
ছাড়তেই	4
সবগুলাই	4
আক্রমনাত্মক	4
ট্রান্সমিট	4
ফাঁসিয়েছে	4
সমবেতভাবে	4
এইদিকেই	4
দিছিল	4
প্রস্তুতির	4
করেতে	4
মারতেও	4
মাখানো	4
রুপক	4
বাঞ্চোত	4
আন্দ্রেই	4
বাগ্গিয়া	4
পার্সোনালি	4
সামাজিকতা	4
সাজাবে	4
কোরিয়াকিন	4
হাটাহাটি	4
এইসময়	4
কিলোগ্রাম	4
কমাবে	4
পথটাই	4
খুঁইজা	4
ষ্ট্রীটে	4
মেগামাইন্ডকে	4
পতিতার	4
পিছ	4
তরবারিটা	4
গুনি	4
দণ্ড	4
বকতে	4
বাজতেছে	4
লিখবেন	4
কতা	4
পারিই	4
রিসিভার	4
নিষ্ঠার	4
হায়তিকে	4
ফাকে	4
ফ্রেঞ্চদের	4
লাফানো	4
ফিস্	4
সাবাই	4
স্মৃতিচারণায়	4
চাবা	4
সারাতে	4
ছুঁয়েছ	4
কভারে	4
ওয়াসিংটন	4
ওয়ি	4
টিকেটটা	4
সাহাজ্য	4
জানাবি	4
গিজ	4
রচেস্টার	4
ব্যাংকক	4
ক্যাফেটা	4
কুসিমদো	4
কেঁচো	4
কন্সটেন্সের	4
এতোটুকু	4
ঠিকনা	4
লাফাচ্ছে	4
খেলছিনা	4
দিতি	4
দিনগুলির	4
হল্ট	4
ভালবাসাকে	4
গার্লের	4
গার্ডেরা	4
পিটসবার্গের	4
গণ্ডারের	4
ছেলেমেয়ের	4
সত্যমূর্তীর	4
বিসমিল্লাহির	4
মশাটা	4
সময়টুকু	4
আড্ডায়	4
সম্পাদনায়ঃ	4
ঝাপটানোর	4
দাগের	4
সাহাবীগণ	4
ইয়াল্লা	4
এ্যন্জেল	4
দিকি	4
টানাতে	4
সুতার	4
অবচেতনে	4
প্রজেকশনগুলো	4
বিচ্যুত	4
বাঁচালেন	4
ঘটনাগুলি	4
ঐতিহ্যের	4
হইস	4
শ্যালক	4
ঢলে	4
হওয়াটাও	4
দেহি	4
পত্রে	4
লাফানি	4
উকি	4
যোনিতে	4
ফোরসিবল	4
তিনজনই	4
স্কুলই	4
বদলির	4
ডাকিস	4
বকছেন	4
মাছটার	4
কর্ণ	4
হইত	4
হাসসা	4
শ্যালকের	4
লেঃ	4
সওদাগর	4
বোঝোনা	4
বকাবকি	4
ফাইনালি	4
দেখেক	4
কোরান	4
জ্বাল	4
ডাকুক	4
বিল্ড	4
দৃশ্যে	4
শেখরকে	4
চোখই	4
ঘুমাচ্ছিলেন	4
মধ্যপ্রাচ্যে	4
ছেড়েছো	4
জরাজীর্ণ	4
অতীব	4
শুনছিল	4
গারু	4
বন্ধুরাও	4
ভাঙতেই	4
চৌরাস্তার	4
পালাচ্ছিস	4
সিডের	4
কয়লার	4
ভিত	4
কাঁদতো	4
কেয়ামতের	4
হাঁসতেই	4
মালি	4
ধারণায়	4
গুছাও	4
রাবণের	4
সামান্থার	4
ভল্লম	4
অাপনারা	4
বাভাগারু	4
মামাকে	4
ভাইয়াকে	4
যতি	4
স্যামসন	4
সাবটা	4
আপাত	4
নিলা	4
প্রতিনিধিদের	4
ফুটপাত	4
রেসকিউ	4
প্রিয়াকে	4
প্রোটোন	4
উইপোকা	4
উচ্চাভিলাষী	4
সিলভানো	4
গাউনটা	4
আনয়ন	4
ছুড়েছেন	4
বাড়িটাই	4
গ্যালাক্সি	4
রাবিশ	4
কংক্রিট	4
বিহারি	4
ডিজেবল	4
অামারে	4
কলাকৃতি	4
ঝরবে	4
বাম্পার	4
ঘটনাটার	4
লক্	4
ঘামাবে	4
শূন্যস্থান	4
মরবেন	4
প্রধানরা	4
বুশ	4
হিসাবও	4
কামাতি	4
খাইছো	4
বাচঁবো	4
গানগুলো	4
আসতেসে	4
জোয়ারের	4
কাউরেই	4
মুখও	4
্যাকুন	4
দিমিত্রিয়েভিচ	4
ম্যাডামও	4
সুশীল	4
ঢুকাই	4
রামালিঙ্গাম	4
পদ্মা	4
খোলসা	4
নিজদের	4
কৃষ্ণমূর্তী	4
সহজলভ্য	4
পৃথিবীই	4
সান্টা	4
দাওয়াই	4
মোঁচ	4
ঘামানোর	4
মাগীটা	4
কয়েদখানা	4
সাইকেলটা	4
কুটনি	4
বনাঞ্চল	4
ক্যামব্রিজে	4
ব্রোঞ্জ	4
কিছুকেই	4
মহাকাল	4
মেসেজটি	4
নাভি	4
একাধারে	4
পড়তেন	4
মুক্তার	4
নিথিন	4
ঠেকানোর	4
মাধ্যমিক	4
এক্সিলেন্সি	4
নিউমোনিয়া	4
আমিষ	4
একমাসের	4
ডাকছিলো	4
বাজেটে	4
কাটত	4
বিহারী	4
পাঠাতো	4
দরকারে	4
আত্মীয়তার	4
বরংচ	4
সৎবোনেরা	4
ঠিকাদারি	4
এক্সারসাইজ	4
বালাজি	4
ডক্টরের	4
ফিরছো	4
পেয়ালা	4
আটকালে	4
স্কোয়ারে	4
চাউল	4
সামাজিকভাবে	4
বাড়িকে	4
মেয়েরে	4
আইতেসে	4
ভ্যাটিক্যানে	4
পোস্টমর্টেম	4
দুটোতে	4
বানাইসে	4
চাকরানীকে	4
টাঙ্গা	4
উল্টাও	4
হাভার্ড	4
জ্যাকেটে	4
মণ্ডল	4
মেনেই	4
করতেসো	4
কানটা	4
বাদেই	4
স্ট্যাগের	4
অ্যাশ	4
দেখাতাম	4
খড়	4
প্লানার	4
সম্ভবই	4
আইকিউ	4
ক্রেমলিনে	4
দাড়িঁয়ে	4
মিশরকে	4
ক্লারেন্স	4
শূলে	4
ব্যাংকেও	4
প্রযুক্তিগত	4
সেন্টের	4
তুললাম	4
জর্জি	4
খুজেও	4
শেকলে	4
অাছো	4
নাড়াবে	4
চাইবেই	4
ধরলেন	4
প্রেতাত্নাদের	4
মাঠেই	4
মধ্যখানে	4
গ্রাফিতি	4
পোষাকটা	4
খামাখাই	4
হস্তান্তরের	4
বিষমুক্ত	4
হ্যাথোর	4
ফেরাউন	4
প্রত্নতত্ত্ব	4
দিয়েগোর	4
বানামু	4
পিক্যাডেলি	4
পাউন্ডে	4
বদমায়েশ	4
বিষধর	4
ওসাইরিসের	4
চিত্রকর	4
পারেননা	4
ভিক্ষে	4
অনসরন	4
শোনানোর	4
পক্ষই	4
পোলাডা	4
আমাগোর	4
মিলাও	4
মরুভূমিকে	4
আর্টস	4
ব্যাঙ্গালুরু	4
টাইমসের	4
সাব্বাশ	4
লড়েছো	4
এটাত	4
হেস্তনেস্ত	4
চাকরিও	4
আরশু	4
মড়ার	4
মরিয়ারটি	4
অক্সফোর্ডে	4
ছদ্মবেশী	4
সংসারী	4
খুইজা	4
কোনটির	4
ঝাঁকে	4
আত্মাও	4
ভোটকা	4
পিটিয়েছে	4
খাইস	4
একজনরে	4
খুচরো	4
কইস	4
জীর্ণ	4
আশেপাশেও	4
ওয়েনরাইট	4
ইনাম	4
স্প্ল্যাশ	4
ঝাকুনি	4
লন্ডনেই	4
আ্যবনার	4
খাবারদাবার	4
টাইটেল	4
মেহমানের	4
ভারতকে	4
ভোলে	4
টাইমস	4
বান্ধব	4
আরিভাজগন	4
চেস্ট	4
নিটি	4
গড়পড়তা	4
হিত্তীয়	4
ড্রয়িং	4
পদার্থে	4
আটার	4
মানিব্যাগের	4
ট্রাক্টরটাকে	4
হতই	4
মাংসটা	4
অপেরার	4
সন্তোষ	4
থাবায়	4
স্কুটারে	4
ভিমল	4
কিনেছিলেন	4
উদ্যত	4
শয়তানির	4
খ্রিস্টের	4
বলয়	4
প্রশ্নটার	4
অনুমতিতে	4
উচ্চমাত্রার	4
ঢুকছেন	4
নাশপাতি	4
সপে	4
হেঁটেই	4
বানাইছেন	4
ব্যারাক	4
জিতেছেন	4
একারই	4
হাইওয়ের	4
হাহাহা	4
গামলায়	4
হেডলাইটের	4
বলেছিলা	4
একপক্ষের	4
হিরোকে	4
মেভি	4
গার্লফ্রেণ্ড	4
প্রিন্সকে	4
খুবলে	4
ইন্টারকমে	4
লাগাস	4
স্কোয়াশ	4
কষাকষি	4
চুম্মা	4
খুজতেছো	4
বুদ	4
পাঁজরের	4
মাথায়ও	4
গতরাত্রে	4
উপরাজ	4
পিটানো	4
ক্যানান	4
প্লেজার	4
গর্জিয়াস	4
যেরকমভাবে	4
জায়গাগুলোর	4
টাইমসে	4
অন্ধত্ব	4
অপারেশনগুলো	4
শাহরুখ	4
অন্যদিন	4
হাসছিল	4
জেনেছো	4
ট্রামওয়ে	4
গেছোস	4
কলাম্বিয়ান	4
স্পিংক্সের	4
রাউন্ডের	4
ভাসিতে	4
সুচতুর	4
জুজু	4
ওখানটায়	4
ন্যায়পরায়ণ	4
ফসিল	4
বোম্বের	4
চৌরাস্তায়	4
ব্যাপারস	4
গুলিই	4
শিখছে	4
সত্ত্বাকে	4
অ্যাডভেঞ্চার	4
কাঁপছ	4
হেগে	4
ম্যাসেজের	4
কাটনা	4
করসি	4
আবক্র	4
রান্ডি	4
হারালেন	4
ছাপিয়ে	4
সৈন্যদলের	4
অপূর্ণাঙ্গ	4
খানসামা	4
ফরেস্টের	4
অানতে	4
বাতিলের	4
লটকে	4
জলপাই	4
ঠ্যালা	4
ছেলেকেও	4
ঠেকেছি	4
ক্যালরি	4
মশলা	4
বশীভূত	4
এরিয়ায়	4
গ্রহনক্ষত্রের	4
পূর্বানুমতি	4
বাল্ক	4
হারামজাদী	4
বেতনভোগী	4
কাজিনের	4
নিচতলা	4
কাইমিরা	4
মৌসুমি	4
পুলটা	4
স্টোরে	4
ইভাইনিয়া	4
লাঞ্ছিত	4
পেতেও	4
গুজবের	4
গ্রামসের	4
অসুখের	4
ধনীদের	4
নোটগুলো	4
উপযোগ	4
কবিদের	4
রাতও	4
লোরেইন	4
দেবতাই	4
ঝুলাও	4
টারজান	4
চিনবো	4
ব্যাচের	4
বধু	4
খিটখিটে	4
পাল্টিয়েছি	4
অানন্দ	4
ধরানো	4
ঝোলাবে	4
শুঁটি	4
দিকটায়	4
সবুজটা	4
ব্যবহারকারীর	4
ম্যানার্স	4
স্থিরতা	4
কান্ডের	4
স্লিপেজ	4
ঢালের	4
কারমাইকেলের	4
কয়টায়	4
অ্যালিবাই	4
দফারফা	4
সিগার	4
মেসেজে	4
গেব	4
অপোফিস	4
পটির	4
আনিয়া	4
নর্দমার	4
ডীল	4
হিথ্রো	4
ঘর্ষণ	4
কৃপণতা	4
শিবিরের	4
সারস	4
প্রণালী	4
মোহনীয়	4
গৃহযুদ্ধ	4
টুর্বো	4
জিতেছিলো	4
জিগ্যেশ	4
রোলটা	4
খসা	4
যুক্তিবাদী	4
কুস্তী	4
সংকীর্ন	4
মধুযামিনী	4
হোগার্টস	4
রেজো	4
ব্রুনার	4
ভ্যাকুয়াম	4
পদার্পণ	4
পুনরুদ্ধারের	4
হয়ছিল	4
নাইটক্রাউলার	4
ধাপ্পাবাজি	4
বীজে	4
লেখাতে	4
আস্কা	4
বামনটা	4
দারুচিনি	4
খেয়েছিলো	4
সময়কাল	4
থামালো	4
লেস্ট্রাড	4
রেন্জার্স	4
নিয়মমাফিক	4
যিক	4
বিবাহবিচ্ছেদ	4
মৃত্যুবার্ষিকী	4
কোবেইন	4
কুর্ত	4
পরিবারকেও	4
পদাঙ্ক	4
তুলেন	4
সর্বাঙ্গে	4
গাত্তয়া	4
নির্যাতিত	4
চেষ্টাটা	4
দানবী	4
ওয়েল্চ	4
আশপাশ	4
সুতো	4
মাখে	4
অভিধান	4
অ্যাডলার	4
ওটাতেই	4
অপসৃত	4
উঠবেই	4
নায়িকাকে	4
সম্পাদনায়	4
কারিশমা	4
ঘৃণাও	4
সানির	4
ফেসেছি	4
বংশগত	4
চেহারাটাও	4
হাঁটছিলাম	4
সকলেরই	4
আকাইম্মা	4
গোলাবর্ষণ	4
ফার্নানদেজ	4
একেকজন	4
জড়াজড়ির	4
টুপ	4
ভেলায়	4
ইন্টার	4
করমিয়ার	4
গায়েত্রীর	4
রণক্ষেত্রে	4
উইকেন্ডে	4
চরিতার্থ	4
মালিশ	4
চেতনার	4
সামলাই	4
সোপানে	4
বাকেট	4
চেলুলা	4
রেনলি	4
ইমেল্ডা	4
ফটোগ্রাফ	4
নিমেষে	4
অনেকেরই	4
স্টেটের	4
জর্জিনা	4
ওয়্যারলেস	4
জেলেরা	4
পৌছালাম	4
মেন্ডেজের	4
ফন্টেন	4
বুঝেশুনে	4
চত্বরে	4
আনলিমিটেড	4
ভক্তের	4
খানেকের	4
জিনিসগুলা	4
মেথুসেলাহ	4
ইঁদুরটার	4
ডোনেশন	4
চালানের	4
জের	4
খেলতেই	4
বিজ্ঞতার	4
পৃষ্ঠার	4
সাময়ীক	4
চাকুরির	4
ছেলেকেই	4
শিকলে	4
মাধব	4
কাটানা	4
খ্রিস্টানদের	4
হ্যান্ডের	4
ঘৃণাই	4
চেলা	4
ধাপ্পা	4
গননা	4
রিকার্ডোর	4
নিউরন	4
এইবারে	4
প্রেরণামূলক	4
গিটারের	4
রিসিপশনে	4
কমিউনিজম	4
চেনাই	4
শুন্যতা	4
ড্রিংস	4
করাবি	4
উপকণ্ঠে	4
কাঁপে	4
চাবিটি	4
জিতেই	4
ম্যানফ্রেদিনির	4
ড্রয়ারটা	4
ট্রোজান	4
ল্যাস্টার	4
স্ট্যানিসের	4
ইম্প	4
লিখতেই	4
কোরমা	4
গাইজ	4
কমিশনের	4
সাক্রিফাইস	4
বীজটা	4
মাদুরাইয়ে	4
ট্রিয়ন	4
পিচ্চিরা	4
জানাতো	4
পরিচয়ও	4
নান	4
পালাচ্ছো	4
সমুদ্রপথে	4
বালডা	4
হয়ঃ	4
ক্রাকেন	4
মামলাগুলো	4
কান্ট্রি	4
বার্যিনির	4
ঈশ্বরদের	4
কারনুলে	4
অতিভুজ	4
বয়সটা	4
ফায়ারের	4
মিনার্ভা	4
শেখেনি	4
সুপ্রীয়	4
নটর	4
সেতুতে	4
দারান	4
পেশীগুলো	4
ইজল্যান্ড	4
থিনিংয়ে	4
খুঁজেছো	4
প্রেমকাহিনী	4
ক্রাচ	4
অয়ালার	4
দেন্ধা	4
স্টিভেনসন	4
শুওরের	4
মোরির	4
এলেভেটর	4
অর্থপূর্ণ	4
সোলোজোর	4
ম্যানফ্রেদিনি	4
টাইপরাইটারের	4
জোকের	4
সিকোরার	4
অভিনেত্রীর	4
ভ্যানকে	4
লাগায়নি	4
রিপোর্টারের	4
প্যানেলের	4
পেটানোর	4
যমের	4
নালিশের	4
বয়েসী	4
সিটিজেন	4
পেরিমিটার	4
মূকাভিনেতা	4
ধ্যানে	4
বাঁকের	4
হাড়িয়ে	4
ম্	4
ষ্টোর	4
নিস্পত্তি	4
ফোর্সও	4
আতঙ্কবাদী	4
মুহাম্মদ	4
কোডে	4
নূহ	4
রোবলেস	4
স্ট্যান্ডের	4
কষ্টই	4
মোছা	4
ইষ্টেশনে	4
আর্জেন্টাইন	4
জেফের	4
শাটিলনের	4
নেভী	4
কোপে	4
মাইককে	4
অভিনয়েঃ	4
পক্ষী	4
জাগলিং	4
ক্রলিং	4
বুদাপেস্ট	4
জয়েন্টে	4
বেশিদূর	4
বাবদ	4
এ্যালবাম	4
মনঃস্থির	4
আলোকচ্ছটা	4
ভার্নের	4
ইউনিয়নের	4
মন্ডল	4
চমকানোয়	4
মাতৃভাষা	4
মেশানোর	4
দুর্দশাগ্রস্ত	4
ফ্লিম	4
মাপতে	4
পৃথিবীটাই	4
বেলাল	4
কার্যকারিতা	4
ঝিলে	4
ওয়াকারকে	4
নেবেনা	4
ব্রাসি	4
কাছাকাছিও	4
কানাডার	4
কোস্ট	4
নবাবের	4
পয়েন্টটা	4
স্ক্যামের	4
পাঠায়া	4
ব্যালট	4
ওল্ৎ্	4
সুব্বু	4
নৈরাজ্যবাদী	4
অপটিক	4
আগন্তক	4
ঘুমাতাম	4
এগোলে	4
শর্টকার্ট	4
বর্ণবাদী	4
শ্রেয়	4
মহাজগৎ	4
আমূল	4
রাইমুন্ডো	4
ক্ষতচিহ্ন	4
আলফোনসো	4
ঘুরছ	4
লোকগুলার	4
হ্যানে	4
স্যামিয়াজা	4
কনির	4
অভিমন্যু	4
ব্রাভোর	4
সন্দেহভাজনের	4
কোনসময়ই	4
ভিষন	4
সাক	4
আর্টি	4
রুপিতে	4
স্পন্স	4
অবলাদের	4
বসিয়েছি	4
স্যাটালাইট	4
কাদবে	4
স্ট্যাকস	4
মেটানো	4
স্বার্থপরের	4
পেরেছিলে	4
লেওনিদ	4
ক্যাডিলাক	4
ইউরোপোলে	4
ডিপার্ট্মেন্ট	4
তাঁরই	4
প্রতাপগড়	4
হারমায়োনিকে	4
ঘৃন্য	4
প্রার্থনায়	4
ম্যারিন	4
ক্যামেরাও	4
অঙ্গভঙ্গি	4
বেকের	4
দুলে	4
আঙ্গুলও	4
তেজপাতা	4
ক্রল	4
গুঁটিয়ে	4
জেতে	4
বগডান	4
দর্শনীয়	4
বসাবো	4
অনুচ্ছেদ	4
দেখোতো	4
ক্লেমেঞ্জা	4
অসম্ভবকেই	4
সামারে	4
ইমপ্ল্যান্ট	4
সাগরেদরা	4
গার্ড্	4
সবের	4
ব্যবসায়ের	4
মারিয়ানো	4
বদরাগী	4
ওয়াকিটকি	4
চাবাতে	4
টার্গেটিং	4
লারিসা	4
বেঁড়ে	4
থলে	4
শিহরণ	4
প্রত্যকে	4
এলাকাতেই	4
ভ্যারিস	4
ব্র	4
ক্লোনেল	4
খোদ	4
সবর্দাই	4
বন্ধুত্তের	4
ভূবন	4
কর্তব্যকে	4
লুকার	4
জীপে	4
ভাইকেও	4
সংরক্ষন	4
ভার্সিটি	4
সারাবিশ্বের	4
ক্রামের	4
ছোঁড়ার	4
কনসার্টের	4
অনুচর	4
উইন্টারফেলের	4
ফরচুনার	4
আঁধারের	4
অসভ্যদের	4
ব্ল্যাকস্মিথ	4
টাকাগুলোর	4
ডাকিনি	4
মাকড়শার	4
গবলেট	4
আছিই	4
ইম্পকে	4
ব্রান্ড	4
ভণ্ডামি	4
বাঁচতো	4
বদমাইস	4
ক্ষণ	4
বেইন	4
ঢেকুর	4
এ্যনিমেল	4
ক্যাম্পিং	4
বলবেই	4
সুইচছুরি	4
সাড়াটা	4
সমাজতান্ত্রিক	4
বোরডিয়াক্সে	4
মাপসই	4
সোপান	4
অন্তরালে	4
এগিয়েছে	4
হিটলারকে	4
পৃথিবীজুড়ে	4
ওয়ালারের	4
কাশ্মীরি	4
ততো	4
অলরাউন্ডার	4
বাভাসত্রো	4
অস্ত্রেলিয়ায়	4
বেনকে	4
ফেলাই	4
হাটবে	4
গোদোয়	4
শুইতে	3
সর্দারের	3
ভান্ডারে	3
দিহ্রাম	3
বেচছি	3
হাঁকাবো	3
হাঁকার	3
হবারই	3
সদাই	3
অন্যগুলো	3
কুইরেলের	3
আঙগুল	3
ফিশারিজ	3
ববাইজান্টাইন	3
শিখাবই	3
হাবিযাবি	3
ভোদড়রা	3
আগ্রাকে	3
খুলিয়েছে	3
দিহরাম	3
বাইজান্টিনীয়রা	3
ভুলা	3
একদিনেই	3
ছিয়া	3
আচারটা	3
সাবটাইটেলঃ	3
ভ্রাতৃত্ব	3
রাজকার্যে	3
কোয়াফল	3
তালাকপ্রাপ্ত	3
অবস্থানকে	3
বিস্ফোরণতো	3
দামেস্কের	3
চুর	3
জারজিসের	3
প্লেটটা	3
মরহুম	3
বঁড়শির	3
সওদাগুলো	3
নহি	3
পশমী	3
বিজ্ঞাপিত	3
গরীবের	3
গরিবী	3
আস্তাছে	3
আমিরের	3
অ্যামিলিয়া	3
পাত্রগুলো	3
রামাদা	3
বিশ্বকাপের	3
লাত	3
পালাম	3
কফিও	3
গুপ্তচরটা	3
গন্ডর	3
উজ্জার	3
অন্যরকমই	3
কতকিছুই	3
ইয়াস্রিবে	3
মাহাসাগর	3
যকৃত	3
হৃদয়টির	3
দেখাবা	3
শেষকৃত্যে	3
ইচ্ছাশক্তি	3
দোকানি	3
খাওয়াচ্ছি	3
যবগুলো	3
চোখদিয়ে	3
সাফওয়ান	3
দিহরামের	3
পচাগুলো	3
উদেশ্যের	3
সাউথপো	3
কর্ড	3
বিক্রয়কারী	3
ঘুরানোর	3
বস্ত	3
মার্ফকে	3
প্রতেক	3
নেশাখোরদের	3
সহপাঠীদের	3
অস্রযোদ্ধা	3
স্ট্যাসীর	3
বাচাইছে	3
আপ্রাণ	3
নিষিক্ত	3
ঘুরাচ্ছে	3
স্টিভো	3
মালামালগুলো	3
হুচ	3
পিটাব	3
ট্রামবল	3
শোধবোধ	3
জীবিতরা	3
প্রত্নরত্ন	3
মাদাগাস্কারে	3
স্নরকেল	3
হাঁকাবে	3
মেট্রোপলিটন	3
লবঙ্গ	3
পুনরাবৃত্ত	3
সঠিকের	3
গলাই	3
সিংহটাকে	3
কণ্ঠটি	3
কাজটুকু	3
ষোলশ	3
কায়রোর	3
কারাকক্ষ	3
দাব	3
হৃদয়টি	3
পারতেনা	3
বেজন্মার	3
ট্যানিসের	3
পাতালের	3
চাষীদের	3
যেইখানে	3
মুখটি	3
নগরীর	3
চাপলে	3
সনিকে	3
জানিয়েছিল	3
লোটাসের	3
আঁকছ	3
ওয়েটারকে	3
আবিসিনিয়ার	3
বনিকদের	3
ওসাইরিস	3
কমান্ডমেন্টস	3
আবলুস	3
স্ফুলিঙ্গ	3
মিসঃ	3
অনৈতিকভাবে	3
মরজিনা	3
বাইফ্রস্ট	3
ক্যাথারিন	3
চেজার	3
সাউথে	3
পুচ্ছ	3
ছলে	3
ট্রলস	3
অ্যাকুরিয়াম	3
বুমম	3
কামড়াও	3
অনুসরনীয়	3
লেগুনে	3
নীরবতাই	3
শীর্ষস্থানীয়	3
বায়জান্টাইন	3
বিমাপত্র	3
রটেছে	3
জানলার	3
জ্যাকসনের	3
মহাশক্তি	3
ফলক	3
লিখতাম	3
দুলাভাইকে	3
দেবদেবী	3
অলফাদারের	3
স্থানান্তরণ	3
ইয়েমেনী	3
ওয়াটসনকে	3
ক্রীতদাসদের	3
হেরেছিস	3
এগুনো	3
ফ্লোরিডার	3
খুলল	3
সিমবাকে	3
ভাষাভাষী	3
উপহারও	3
ওয়ালিয়া	3
উদ্দিষ্ট	3
বিমানটা	3
বাইজান্টাইনীয়রা	3
শুঁয়া	3
লম্বাচওড়া	3
ঘিনঘিনে	3
বন্ধুকেই	3
আচরণকে	3
রেজা	3
মর্মোদ্ধার	3
মন্দফল	3
ক্ষণের	3
ধাক্কায়	3
শচীনের	3
ঝগড়াটে	3
সর্ম্পক	3
প্রবীণ	3
লিওনার্দ	3
বুঝানো	3
টাং	3
রংধনু	3
যাচ্ছিলি	3
বকছি	3
ঘুমিয়েছ	3
অতিশয়	3
অশ্রুবিন্দু	3
জুয়াড়ি	3
পার্সিয়ানরা	3
জামাটাও	3
খবরদারি	3
রূহানী	3
গালগল্প	3
ধারণাগুলো	3
লিওনাইডাসের	3
একরাতের	3
প্রদক্ষিণ	3
মূর্তিগুলো	3
সিল্যান্ডের	3
ফ্রিগা	3
ম্যাকমার্ডো	3
ট্রাইটনের	3
অভ্যেস	3
গুস্তের	3
বিশালদেহী	3
আইরিসের	3
কলই	3
জারিক্সেজের	3
তবারক	3
তল্লাশির	3
কোমলমতি	3
গোগরা	3
বাথ্রুমে	3
ডামেরজিয়ান	3
বানিওনা	3
চমকের	3
রামেশ্বরের	3
বৈদ্য	3
তরুণকে	3
ড্রেম্যানকে	3
কেনেথ	3
রামেশ্বরেই	3
রেঞ্জারে	3
ভূমিষ্ঠ	3
প্রেরক	3
বুড়িকে	3
নিউট্রন	3
শোনাত	3
আসিছে	3
দাঁড়াবার	3
পিটারসেনের	3
খ্রিস্টানের	3
স্পার্টাকে	3
কাইত	3
ওয়াল্ট	3
সিলভিমিস্ট	3
আর্ভ	3
বুজলাম	3
ইটালিতে	3
উঠছেনা	3
অনীহা	3
ঘুমায়নি	3
এনযো	3
যেইমাত্র	3
হৃদপিণ্ডে	3
মজমুত	3
কেনও	3
শেষপ্রান্তে	3
সায়মন	3
সুতারাং	3
রেসিপিটা	3
মার্তা	3
ধসিয়ে	3
ক্যালি	3
আ্যলিয়েন্স	3
এল্ম	3
স্পার্টার	3
মহারাণীর	3
টম্যাটো	3
কালেক্টার	3
মাতৃত্ব	3
ডাইভ	3
জ্যাক্স	3
জাদুঘরের	3
পচতে	3
মুফাসাকে	3
বাঁচবেনা	3
অনুগত্য	3
বইকে	3
কিচকিচ	3
হসি	3
অর্গলটা	3
বেঈমানদের	3
নাহল	3
ঘামাও	3
তারবার্তা	3
খেলোয়াড়ের	3
এন্থ্যনি	3
ধরছেনা	3
জশের	3
দুলাভাইয়ের	3
কিমকে	3
ফলশ্রুতিতে	3
কমিটিকে	3
বন্দুককে	3
যুদ্ধাস্ত্র	3
সৌরজগতে	3
শুধরানো	3
যোদ্ধাও	3
চুন	3
উম্বাসিকে	3
বীজের	3
ডাবলমেন্ট	3
পরিমার্জিত	3
জেতাতে	3
কূটনীতি	3
হুয়া	3
লিখিয়ে	3
প্রত্নতত্ত্বের	3
অলিগলিতে	3
জ্যোতিঃপদার্থবিজ্ঞানী	3
উদ্দেশের	3
রেফারি	3
ওঁত	3
ঘন্টাখানেকের	3
আদের	3
ডিগবি	3
জনগণেরা	3
রাতলেজ	3
টাইয়ের	3
করছোস	3
হারব	3
হকার	3
বানজাই	3
ঢুকাইতে	3
মিনাকে	3
লুটতে	3
বোঝালো	3
ধ্বংসযজ্ঞের	3
স্পিকারে	3
নিনজার	3
খানসা	3
পাগলকে	3
ট্রেনেই	3
পশুদেরকেই	3
রক্ষণাবেক্ষনের	3
স্মাগলারের	3
কোলাকোলি	3
ব্রেখট	3
কণ্ঠটা	3
পচেছে	3
রানির	3
মৎস্যাধার	3
কুরাইজার	3
গ্রিংগট্	3
দাবির	3
দলছুট	3
বানাচ্ছিলো	3
আওস	3
যেদিকেই	3
খাজরাজের	3
মোটকি	3
ভাষাও	3
যায়েদের	3
সেনাপ্রধান	3
বারিয়ে	3
গারি	3
ফিল্মে	3
নড়া	3
শাসনভার	3
এতজন	3
স্ত্রীই	3
ঠাংগাবালি	3
সাউথপোকে	3
কন্ট্রাক্টে	3
লোকেশনে	3
পেচি	3
লোচিনী	3
শক্তিশালীরা	3
বিষে	3
অ্যালবেনিয়ার	3
কোকাকোলা	3
ডিফিউজ	3
বাচ্চারই	3
ওয়ার্ম	3
পাল্টাব	3
গোড়ার	3
আদমের	3
কার্মাইন	3
খাটা	3
ক্যানসাস	3
ধরছ	3
ওসবকিছু	3
ফনঃ	3
ডেটিংয়ে	3
আসামির	3
প্যা	3
বিচারকও	3
লাশটিকে	3
প্রতিমাদের	3
মিথরিল	3
বস্ত্রকে	3
ট্রেনিংয়ে	3
চাঁচা	3
সিকুরিটি	3
ধিরে	3
ওয়ারকা	3
হেসনা	3
নওফাল	3
এক্সপ্রেসের	3
এক্সপেরিয়েন্স	3
তালিবের	3
ওয়াহ্	3
খাদিজা	3
জাঁদরেল	3
ফাসির	3
উড়াধুরা	3
বুঝালো	3
ব্যাটারা	3
বন্দীর	3
স্বর্গীয়দূত	3
শিশুদেরকে	3
পশুকে	3
অনিচ্ছাকৃতভাবে	3
ছিলোও	3
নিকিকে	3
ওরাতো	3
বস্ত্রাবৃত	3
মনেরেখ	3
মাইনেকে	3
ভোজোত্সব	3
টিজার	3
হোগায়	3
গেলোনা	3
প্রদেশসমূহে	3
গুলাকে	3
নাটকীয়ভাবে	3
কায়েল	3
ব্রানকে	3
ছিলেননা	3
কর্মসূচী	3
আদর্শবান	3
তেতো	3
অবিচারকার্যের	3
শাসকে	3
প্রিন্সেসের	3
শাসককে	3
শাসকদের	3
মিশরবাসী	3
ট্রাফুলা	3
মারছিলাম	3
ওয়েসলি	3
মজুরী	3
বাজালে	3
গনপ্রশাসনে	3
লেনন	3
অধিকারকে	3
হিব্রুতে	3
বীজটি	3
সজোরে	3
মাইস্টার	3
অন্তর্দৃষ্টিসম্পন্ন	3
বেখবরকে	3
নির্দেশনাকামী	3
ফোঁড়া	3
মুমিন	3
যেবার	3
রেসলিং	3
তাঁরাও	3
পুনর্জনমে	3
প্যাটেন্ট	3
গোঁফলাল	3
রত	3
আগা	3
স্বাদহীন	3
হাস্যজনক	3
বটম	3
জারসম	3
পাতছে	3
গণিতে	3
পাপকাজ	3
হান্স	3
বোর্ডকে	3
প্রশ্রয়দাতাদের	3
পায়সেল	3
আল্লাহরর	3
সেটকে	3
পিরামিডে	3
জিনিয়াসদের	3
নির্বুদ্ধিতার	3
হজ্জ	3
ছুঁয়ো	3
ভাবেননি	3
আংটিটাও	3
কুইনোনেস	3
হল্কার	3
খাত্তাব	3
পাঠিয়ো	3
টিমটা	3
পলের	3
ড্যাথোরাকিরা	3
ছেড়েছিলে	3
কুরাইশিদের	3
পুনর্নির্মিত	3
মাঝেরটা	3
প্রয়োজের	3
সেনাপতিদের	3
সভাকক্ষে	3
ঘাড়ত্যাড়া	3
লীনকে	3
পাখিটি	3
ক্যাসেলে	3
হরিণটা	3
রটে	3
লীন	3
সান্ধ্যকালীন	3
ঝর্ণার	3
খড়িগুলো	3
হাইনরিশ	3
উটকে	3
নেস	3
চলছেই	3
অন্যটাকে	3
দ্বিমতকে	3
ভিতো	3
মিমাংসায়	3
আগুনকে	3
কাতাঙ্গা	3
মিদোকে	3
সংসদের	3
রুথের	3
অপরাজিত	3
লুলা	3
এভরি	3
অবিচ্ছিন্ন	3
তুলেছিলো	3
জন্মালে	3
গাঁধা	3
ক্রাইসলার	3
বিদ্যায়	3
ডেন্টাল	3
অবারিত	3
ভাললাগে	3
অতোটাও	3
কর্দমাক্ত	3
ক্যালিভান	3
ঝর্ণা	3
পরিক্ষিত	3
এনডিউর	3
সেলুন	3
জ্বলো	3
আমারটাই	3
কিংসেলেয়ার	3
তুরস্কে	3
ভালবাসেনা	3
বেখাপ্পা	3
ফাদঁ	3
ক্যাথেলিন	3
কানাঘুষা	3
লেসট্রাডকে	3
বাচ্ছারা	3
স্টেম	3
আঠালো	3
বুড়োটার	3
টাইরেল	3
টার্সকে	3
বন্দুকটি	3
অবিকৃত	3
সেরামের	3
পারসোনাল	3
গচ্চা	3
কানবেরি	3
জাগাব	3
বোরড	3
প্রপার্টি	3
অখাদ্য	3
কোঅর্ডিনেট	3
গানবাজনা	3
গুপ্তদুয়ার	3
কানেফিক	3
ধাপটা	3
চতুষ্পদ	3
ফিংকে	3
কেয়ার্নক্রস	3
উত্তরবাসী	3
পুলিশই	3
স্টেফানি	3
গণ্ডগোলের	3
পৃষ্টায়	3
শর্টগান	3
শক্তিশালীও	3
হোস্টেস	3
শেখায়নি	3
স্পাইডারম্যানের	3
দামদারান	3
দুগ্ধদাঁত	3
থ্রোনে	3
এঞ্জয়	3
এটুকুতেই	3
মাইকেলেঞ্জেলো	3
বিদেহী	3
এমোনিয়ার	3
জন্মও	3
চামার	3
মুরগিটাকে	3
রাশোমোন	3
খুলিতে	3
টারগেরিয়ানরা	3
চিসের	3
টেলিগ্রামটা	3
এলরন্ডের	3
ল্যানিস্টারসরা	3
কসরৎ	3
ভেঙ্গেচুরে	3
অধিনস্ত	3
হেঁহেঁ	3
প্রতিকৃতি	3
প্রজার	3
নোঙরের	3
উইলিয়ামের	3
সত্যিটাকে	3
নড়াচড়াও	3
জ্যাকির	3
সিক্রেটটা	3
শুনতো	3
বাহবা	3
ভিসেরিস	3
উইলিস	3
ধাড়ি	3
মিনিওন	3
এইসবই	3
ভাতিজাকে	3
ডাকাইত	3
বামনটাকে	3
অজ্ঞকে	3
উপাদানটি	3
মুখকে	3
ইউনিকর্ন	3
অনেকখানিই	3
বনরক্ষী	3
ল্যানিস্টারকে	3
ডাইনামাইট	3
জিনিকে	3
আইজেনগার্ডের	3
এইগুলান	3
আন্ডারহিল	3
সম্প্রতিই	3
কানেটিকাট	3
সবকয়টা	3
লড়িতে	3
বার্তায়	3
মরগুল	3
টিউরিংকে	3
রাজপ্রসাদে	3
কুড়মুড়ে	3
মনোযোগে	3
রঙ্গে	3
কামায়	3
মডেলটা	3
যতদ্রুত	3
স্টূয়ার্ট	3
ম্যাজিস্ট্রেটের	3
বুড়োটা	3
মরবেই	3
বিকেলেই	3
আঁচড়িয়ে	3
লাগাতো	3
চিরশত্রু	3
মিসাইলকে	3
বুড়োটাকে	3
দম্পতিকে	3
ভীতরে	3
ফলন	3
প্রত্যক্ষদর্শীদের	3
তাচ্ছিল্য	3
খাঁটায়	3
কাউন্সেলর	3
ব্যক্তিত্বসত্ত্বার	3
থাকছিনা	3
কোনধরনের	3
বাধাহীন	3
মিলেছ	3
বেরোলে	3
ফ্লাফির	3
চাইওনা	3
চিরকুমারী	3
নগরীকে	3
ব্যবসাকে	3
সহনশীলতা	3
উত্তরপশ্চিম	3
রমলি	3
খোঁদাই	3
উটই	3
পাগলামোর	3
ছাইলক	3
দুশমনি	3
সারাবি	3
চিটটা	3
পরিজনকে	3
এপর্যন্ত	3
খবার	3
সর্বকনিষ্ঠ	3
জগতকে	3
গালা	3
সাং	3
ব্র্যান্ডিবাক	3
ভ্রতসনা	3
মনপ্রাণ	3
কর্ক	3
বর্শাটা	3
হবোই	3
মায়াজালে	3
আইনজীবীকে	3
এনিগমায়	3
আগমনকে	3
নিঃস্বার্থ	3
আত্মাটা	3
মোটমাট	3
এগার	3
মালিকানাধীন	3
নিয়োগকর্তা	3
মৃত্যুক্ষণে	3
কেদোনা	3
খেতো	3
হুবুহু	3
ভোটার	3
বৈমানিক	3
পড়েননি	3
বুয়া	3
বেজন্মাকে	3
ইথারের	3
শুনিসনি	3
যেকিনা	3
বর্ধনশীল	3
ওপরকে	3
বারকায়ির	3
ফেরাউনের	3
বিশ্রামবারে	3
পঞ্চদশ	3
মুরুব্বিরা	3
বনিক	3
চাষবাস	3
নেশাদ্রব্য	3
ব্রুম	3
বিংশ	3
রমণীদের	3
মধ্যাহ্ন	3
হবিটের	3
ভালোবাসছি	3
দামেস্ক	3
থ্রিতে	3
খই	3
পুব	3
ফুসাদের	3
উপদ্রবকারী	3
দলীয়ভাবে	3
জাতিই	3
ইলেকট্রিক্যাল	3
রুমমেটের	3
টেলিগ্রামে	3
রন্ধন	3
চূর্ণনশব্দ	3
মুতে	3
বলসি	3
ব্রায়ানের	3
সিমবার	3
নাৎজিদের	3
অনুষ্ঠানটা	3
একনিষ্ঠ	3
উদ্ভাবনের	3
ম্যানকিউইক্	3
্যাভেনউড	3
এল্ভ	3
খুজেছে	3
ভেড়াকেই	3
অধিকারি	3
জয়মাল্য	3
ঠক্ঠক্	3
পরিপূর্ণভাবে	3
ভগিনী	3
প্রত্যাবর্তনের	3
জাকার্তা	3
জিনিসটায়	3
পরিবেশকে	3
হোমপেজ	3
এলামনাই	3
ব্রাঞ্চে	3
আভ্যন্তরীণ	3
আসলনা	3
জলছে	3
পাওলো	3
উটগুলোও	3
কত্তো	3
সাও	3
জলপথে	3
স্থানটি	3
চাকরদের	3
উতবা	3
রাবি	3
আগুনই	3
সূক্ষ	3
বুদবুদ	3
আব্দে	3
গাধাও	3
ধুচ্ছি	3
নড়িস	3
সসও	3
প্রসঙ্গক্রমে	3
পৌছাচ্ছে	3
পাউরুটি	3
এল্মস	3
ফ্যাকাসে	3
রামেসের	3
দেখভালকারীর	3
চারশত	3
শোষণের	3
এঁকেছ	3
আন্দ্রিয়াগো	3
পেয়েছই	3
বাহাদুরির	3
এউ	3
হান্তামার	3
ডুবানোর	3
জীবনীশক্তি	3
যেকোনভাবে	3
গ্রাগের	3
হপকিন্স	3
জিনিসকেও	3
খানকি	3
সেড	3
চলিত	3
এখানি	3
সবা	3
তায়েফের	3
শিপিং	3
কিশমিশ	3
হাইস্কুল	3
আঁধার	3
কম্বলের	3
কয়েকটাকে	3
ফারাও	3
গোলাবর্ষণের	3
ডডস	3
জিতিয়ে	3
চিড়া	3
তাইওয়ান	3
কল্যাণের	3
গ্যাংয়ে	3
সুইডেনে	3
গায়া	3
খোদাইয়ের	3
শেখোনি	3
জুমাহ	3
ডেলিভারীর	3
ভিয়ার	3
ডায়রীতে	3
মর্যাদায়	3
তরক	3
ভুগেছি	3
প্লাগবোর্ড	3
পৌঁছুবে	3
মাগফিরাত	3
গোসলখানার	3
প্রাশাদের	3
লেখাগুলো	3
পিতলের	3
গাছবিশেষ	3
কোম্পানীটির	3
খুবিই	3
খুলবি	3
ডাইনিকে	3
বোকাচোদার	3
ঘড়িও	3
ওয়ালিদ	3
মুঘিরা	3
গোত্রগুলো	3
সংজ্ঞা	3
উত্তরগুলো	3
যথারীতি	3
তথ্যও	3
এনিগমার	3
জানাচ্ছেন	3
কাশিম	3
ভ্যাম্পায়ারের	3
ইশশ্	3
সিগন্যালও	3
কলম্বাসের	3
আসলের	3
স্ট্যান্ডিশ	3
টিউবে	3
আব্দ	3
এতোবার	3
নেচেছিলাম	3
নিকৃষ্টতম	3
ওয়েন্ডি	3
ব্লাউজের	3
দুর্নীতিবাজ	3
দিনটাও	3
ট্রিকস	3
সপ্তা	3
চেতনায়	3
বসল	3
বায়ার	3
কুসুম	3
সারবো	3
বিচির	3
স্কালপেল	3
বৃটেনে	3
বন্ধুত্বে	3
খৃষ্টান	3
কিচ্ছুটি	3
আহহহহ	3
গোলাকৃতি	3
বিরুদ্ধেই	3
অভিনেত্রীকে	3
এগোন	3
কাফেরকে	3
মেজাজটা	3
পুঁজ	3
স্মৃতিচারণ	3
যন্ত্রদের	3
মিঠা	3
এন্সার	3
এতবছর	3
পদার্থবিজ্ঞানী	3
কৃত্রিমতা	3
আলেক্সান্দ্রা	3
ফটকের	3
পাশ্ববর্তী	3
ডেকেছিলেন	3
নাভিশ্বাস	3
ক্রশ	3
ধোয়ায়	3
কাস্টমারকে	3
বার্ন্সের	3
সমাধানও	3
মুথু	3
চিত্রায়ন	3
দেখাইছি	3
ওয়ান্ডারফুল	3
আপ্লুত	3
ক্যাপাসিটর	3
ইম্পালাটি	3
ড্র্যাক্স	3
বেঁচেছে	3
ঘটাচ্ছে	3
অহংকারের	3
আশাজনক	3
সিগেরেট	3
এন্টার্কটিকার	3
আততায়ীর	3
আসোতো	3
ভাইটাকে	3
দাদাভাইয়ের	3
তামাকাসা	3
সহানুভূতিশীল	3
দলটি	3
সম্মানসূচক	3
হেসেছে	3
দুইশত	3
এনক্রিপশন	3
কেন্দ্রবিন্দু	3
জেন্টেল	3
সেগুল	3
মেল	3
কেম্ব্রিজ	3
পিরানহা	3
মামনের	3
উইডো	3
সজীবকরণের	3
কামড়াবো	3
ইংরেজিও	3
ফাম	3
নিয়াই	3
বাতির	3
ম্যাডিসন	3
অ্যাম্বুশের	3
ধর্মযাজক	3
খু	3
ময়ূরের	3
প্রার্থনাস্থলের	3
পাড়বো	3
ঘন্টি	3
ইমেট	3
এক্সট্রাকশন	3
পাঠাবেনা	3
কানেও	3
ফিনেক্সে	3
কোঅরডিনেট	3
দুরূহ	3
নিবারণ	3
রোজেলিঃ	3
নোটবুকে	3
রোডেরিকের	3
চিল্লাইলে	3
স্যাঁতস্যাঁতে	3
জেনেভা	3
বৃষ্টিকে	3
আবহওয়া	3
কাঁচি	3
থামোতো	3
দুভাগ	3
কলিন্সের	3
ওয়েভি	3
বিতরন	3
কনসোলে	3
বিছানাটা	3
সুখভিন্দর	3
নোংড়া	3
বিষয়েও	3
আগামীকালও	3
আহমদ	3
হন্যে	3
নায়িকাদের	3
সলিল	3
জানবার	3
হুসেইনের	3
কোয়ার্নিক্স	3
রজনীকান্ত	3
নাতনীর	3
প্রান্তেই	3
গর্তটা	3
ফাই	3
কার্থ	3
বন্দিরা	3
নিভৃত	3
নির্বাচক	3
প্যাট্রিশিয়া	3
তারারা	3
অক্ষমতা	3
ফীচারের	3
অণ্ডকোষে	3
ভাবানুবাদঃ	3
ভালোবাসোনা	3
ডিউককে	3
শাব্বাস	3
ক্যানের	3
সপ্তায়ে	3
চকমকে	3
ছাঁটা	3
ঘোড়সওয়ারীদের	3
হারামিগুলারে	3
ট্রেডার	3
লবি	3
কার্নিভাল	3
সাজাপ্রাপ্ত	3
যাপনের	3
পরদিনই	3
রুদ্ধ	3
অহংবোধ	3
বেল্টটা	3
বীরপুরুষ	3
স্বাক্ষরের	3
উপরিভাগ	3
কোটর	3
উম্মা	3
প্যানকেকের	3
শুনত	3
স্মিটসের	3
ম্যককল	3
অ্যামাজনে	3
পূর্বক	3
দেখেতে	3
সংঘঠিত	3
প্রোবের	3
নার্নিয়াতে	3
করিডরে	3
ইদুরটা	3
্যামন	3
একগুচ্ছ	3
টেলমার	3
ঘেমে	3
স্থানকে	3
ভাতৃত্ব	3
অচিহ্নিত	3
অমিতাবের	3
রাজনৈতিকভাবে	3
ওয়েব	3
সংস্থান	3
লেজটা	3
দেখচ্ছি	3
হানিমুনের	3
গ্যারেজই	3
পিয়াজ্জা	3
ব্যাংকগুলো	3
কইবার	3
সিটিস	3
ডেইটের	3
সাবটাইটেলে	3
ইতালী	3
আর্থের	3
মেজাজের	3
মর্যাদাপূর্ন	3
ডিনের	3
চুং	3
ভাবের	3
জোনের	3
ধর্মগুরুগণ	3
ভিতরকার	3
মোড়কটা	3
দেখছোনা	3
নিরাশাজনক	3
মারকো	3
কম্বো	3
প্যারি	3
মার্থাকে	3
নিজার	3
ইয়াজিন	3
মোহমেদ	3
মিশ্রন	3
মাতালটা	3
সোমালিয়া	3
সারভাইভর	3
মিষ্টার	3
একটু্	3
সুপারহিরোদের	3
ভেজালে	3
ভাগ্যগুণে	3
ঝিম	3
পয়সাকড়ি	3
মিলিশিয়া	3
চিংড়ির	3
কিশোরীর	3
টেরা	3
সাবটি	3
ত্রাণ	3
বাসিন	3
নেহা	3
দাঁড়াচ্ছি	3
দেশজুড়ে	3
সাদিকের	3
পিংপং	3
বহির্গত	3
গর্তেই	3
শিখলো	3
ডিরেক্টলি	3
বাঁদরামি	3
ক্ষমতাসম্পন্ন	3
অপ্রস্তুত	3
অামারও	3
ধর্মগুরুরা	3
সেইফ	3
ঘটেইনি	3
ছাঁড়	3
লুঠেরা	3
কৌশলগুলো	3
চালায়া	3
বেরোবে	3
অ্যাক্সিডেন্টে	3
প্রসবের	3
এইটারে	3
চৌপাটি	3
বাঁচ	3
জাদুকরেরা	3
আশ্চর্য্য	3
পৌছার	3
স্পেকট্রাম	3
জাদুগুলো	3
গর	3
স্ট্রাউস	3
চিমনীর	3
প্রিয়ার	3
একতাবদ্ধ	3
তৎকালীন	3
চিল্লাপাল্লা	3
নিতেন	3
ময়ূর	3
ক্যারোলাইন	3
মাঞ্জা	3
লাইটস	3
স্যান্ডারসন	3
লেভেলও	3
গরজেই	3
পোলে	3
প্রশ্বাসের	3
জনেরও	3
ঘুরছিলো	3
করাকে	3
জেতো	3
কলির	3
জেতানোর	3
ফ্রিল্যান্স	3
একাডেমীর	3
কেশর	3
মিরাজের	3
রোবটগুলো	3
ম্যাগজিন	3
অ্যামোর	3
নামাচ্ছি	3
আগাবো	3
মুটকি	3
দাওয়াতের	3
খাত	3
খ্রীস্টের	3
ডেনারিয়ান	3
নারনীয়ানদের	3
কণ্ঠগুলো	3
জ্যাব	3
মেয়েরই	3
সুস্থই	3
বিয়েতেও	3
হারাবা	3
মাড়ায়	3
দেওয়াতে	3
সইছেনা	3
ডুরান্টের	3
একটুকুই	3
তোমারাও	3
হোল্ডিং	3
কফিশপ	3
রক্তস্রাব	3
এইচএমটি	3
ডাকছ	3
সর্বচ্চো	3
অাশা	3
ডানাহীন	3
রকমটা	3
প্যাডল	3
কেন্দ্রস্থল	3
ক্যামিস্ট্রি	3
কাকি	3
শপিংমল	3
নাজেহাল	3
সহপাঠী	3
এভার্সম্যানের	3
তুি	3
শত্রুপক্ষ	3
ওয়ারড্যাডি	3
ফড়িং	3
ঢালা	3
লার্ভা	3
পারাভেল	3
অঙ্গহানি	3
ওপাশের	3
ফিলিস	3
রুবা	3
নিলেনা	3
বয়কে	3
বার্নাড	3
ঢুকেও	3
ক্রিয়াকলাপের	3
অপেক্ষাতেই	3
ক্যাটাগরি	3
রুবিকনের	3
বইও	3
শুনিয়েছি	3
অাশীর্বাদ	3
খুনিটাকে	3
কারোও	3
সেদ্ধ	3
উচ্চতম	3
মাইটি	3
ফ্রিক	3
মরেন	3
অনেকবারই	3
উপজাতীয়	3
রাউন্ডেই	3
কবেকার	3
কলিয়ার	3
সবুজে	3
ওফোঁড়	3
বিচারটা	3
হায়ড্রাকে	3
অাজকের	3
লিফম্যানরা	3
ভার্সনে	3
প্রতিদ্বন্দী	3
ব্যাটেলিয়ন	3
দলনেতাও	3
মাশিডোর	3
ক্ষতে	3
উঘ	3
ইনবক্সে	3
ইহাকে	3
সামারের	3
ফেলাও	3
শেখে	3
করতামনা	3
অসীমতার	3
পরিস্তিতি	3
পচাদের	3
উহাই	3
চ্যালেঞ্জিং	3
গর্জে	3
স্টেরিও	3
বদলেছি	3
জিউয়ের	3
গনণা	3
উদ্যোগের	3
ভালোবাসছো	3
থামিওনা	3
কয়ে	3
ভাঙাচোড়া	3
অতপর	3
হামফ্রে	3
পালকে	3
প্লাটুনকে	3
আঁচড়ে	3
ইমাজিনারোম্যানসোফিলা	3
ছেরে	3
জোনাহ	3
রজার্সকে	3
নাটকীয়তার	3
ফটোগ্রাফারের	3
দাঁড়াতাম	3
স্মিথের	3
আঁকিয়ে	3
প্যালেসের	3
আমুর	3
স্নাইপারদের	3
পদবির	3
কাঁদাও	3
গুলবেয়াজ	3
রবো	3
নেওয়াই	3
পথও	3
দিনটাতে	3
সাই	3
পালাস	3
খরা	3
মিতা	3
করছিটা	3
পরিশুদ্ধ	3
বোতামে	3
বৃটেনের	3
দৈত্যেরা	3
কেমনভাবে	3
রক্তকে	3
বংশধরকে	3
বোসের	3
সিটওয়েল	3
পানশালায়	3
ব্যাট্রক	3
প্রথমতঃ	3
লবণের	3
তাকাচ্ছেন	3
কামড়টা	3
মঠে	3
রিমুভ	3
বেয়েই	3
ওইখান	3
ঝরিয়ে	3
চার্লজ	3
পরিবেশবাদী	3
গান্টুয়ার	3
লেবার	3
শোনাতেন	3
জ্যাকসনভিলে	3
বন্যদের	3
আংকেলকে	3
বোকামিই	3
নিয়মিতভাবে	3
ঋতুতে	3
কামড়িয়ে	3
সুধু	3
রিজে	3
সবসময়য়	3
গড়েছি	3
ট্রাকগুলো	3
মাঝেমাঝেই	3
ওটারও	3
সোমালিরা	3
কলিন্সরা	3
গপাগপ	3
আশপাশটা	3
মিষ্টিগুলো	3
ছায়াটা	3
নড়েছে	3
একগুয়ে	3
বর্গা	3
ফাসি	3
সারাভানা	3
ডুবছে	3
ভুললে	3
কল্পনাশক্তির	3
আঁকবে	3
গলফের	3
ক্ষুদ্রতম	3
উঠলি	3
ধারণাও	3
ধর্মযুদ্ধে	3
টোম্বলিকে	3
অ্যালেসঃ	3
ওটুকুই	3
ফাইটে	3
ছোটই	3
খেলোয়ার	3
রিনিঃ	3
আখেরে	3
ডিটোমাসো	3
উপস্থাপনের	3
হেট	3
মেডিকেলে	3
মামীর	3
স্টুডিওর	3
পেলেনা	3
খেয়েছিস	3
সন্ন্যাসীর	3
ওর্ক	3
স্পেলিং	3
পার্সেন্টিজ	3
ট্র্যাকারটাকে	3
কাঁথা	3
ক্ষয়ে	3
আদমকে	3
সাদিককে	3
আয়োজনে	3
সঙ্গমের	3
উনিফর্ম	3
নিমিত্তে	3
ব্যাট্রককে	3
ইজমি	3
কাফের	3
বহরের	3
ভূতরে	3
গ্রামাঞ্চলে	3
বহরে	3
ভালোলাগা	3
ঝটকা	3
কিনলাম	3
পিলা	3
রিঅ্যাকশন	3
প্রতিমাসে	3
সন্ন্যাসীরা	3
চিন্না	3
ঝাড়ুপেটা	3
বাগলে	3
ধ্বংসে	3
গ্রাজুয়েট	3
বউও	3
আবেদনের	3
দুর্ঘটনাস্থল	3
সান্স	3
মাঝরাতের	3
সেরিফ	3
আরেব্বাহ	3
আবর্জনায়	3
এলিসের	3
শৈশবটা	3
্যাপইয়ার্ডের	3
চাষের	3
স্ক্র	3
অভিমন্যুকে	3
মাইক্রোওয়েভ	3
প্রতিষ্ঠাপন	3
ঝামেলাতেই	3
কুংফুর	3
কেরাকের	3
হাবার	3
স্তরেই	3
প্রভাবটা	3
ইতালির	3
দানি	3
চারজনকে	3
বাষ্পে	3
মনোবিজ্ঞানের	3
লাথ	3
বোঝেনি	3
ফন্টের	3
ডেকোরেশনের	3
আমের	3
খেলাটাই	3
পুলাপান	3
জায়গাটাও	3
শিখর	3
হতবুদ্ধ	3
চিন্তারও	3
যেইভর	3
চুক্তিটার	3
কথাকে	3
বারাকুডা	3
দুপক্ষের	3
সোনাই	3
প্রেয়সী	3
বাদুরের	3
বির্হেতে	3
গন্তব্যটা	3
দিনটির	3
প্রবাসী	3
বন্ধুরে	3
রেখাটা	3
দৌরাও	3
অর্গানিক	3
অ্যামবুশ	3
অয়াজ	3
অনুসরণকারী	3
ফুলঝারিয়া	3
হ্যামিশ	3
টেলিগ্রাফ	3
সত্যর	3
নাগরিকত্ব	3
আগ্রহই	3
নম্বরটার	3
পারাবার	3
কিকগুলো	3
মূর্ছা	3
পৌঁছব	3
এসিস্ট্যান্ট	3
উকিলদের	3
বস্তুই	3
অপদস্থ	3
জিনই	3
পিয়ংইয়াং	3
নাচাতে	3
ইন্সটল	3
গ্যারির	3
ড্রাগসে	3
পাদদেশে	3
নড়াবে	3
সবক	3
প্রকোষ্ঠ	3
বেলাভিস্তায়	3
প্রারম্ভ	3
বহুদিনের	3
অন্তরীক্ষ	3
চিরতনের	3
বাগা	3
ভুগছি	3
মানিমেকালাইয়ের	3
ঠেস	3
স্কিয়িং	3
প্রোটেইন	3
স্থাপত্য	3
নোয়ার	3
ন্যাশ	3
কোষ্টা	3
শিশুকাল	3
মাছটাকে	3
পাগলটাকে	3
সম্বন্ধীয়	3
কেমিক্যালের	3
দোস্তদের	3
শুনবেনা	3
করোটির	3
ষাটের	3
টানও	3
জ্বালানোর	3
হায়েনাদের	3
দ্বীপটিকে	3
কুয়াটা	3
সবজান্তার	3
ঝরেছে	3
পাচ্ছিলনা	3
অভাবই	3
নিশানার	3
পালার	3
ড্রাগগুলো	3
পুচকি	3
সুস্থির	3
রাত্তিরে	3
কাচ্চা	3
ব্যাথিত	3
ঢোকাবো	3
অভিশংসক	3
দুইয়ে	3
তেড়িবেড়ি	3
ফার্স্টমেট	3
ভুগছো	3
লুকোচ্ছে	3
কারাদণ্ডের	3
রাতকে	3
এক্সপেরিমেন্টের	3
ডুবায়নি	3
ভাঙবেই	3
ডিগ্রীতে	3
ধাঁচের	3
কার্যালয়	3
বলাবলির	3
মজনুর	3
লাইলি	3
ঠিকঠাকমত	3
প্যারাডক্স	3
পেনরোজ	3
ওয়াতাবে	3
পদত্যাগপত্র	3
শোনাল	3
লাইফের	3
জেরাক্সিস	3
বিজলী	3
দেখিয়েই	3
নিঃস্বার্থভাবে	3
দৃঢ়প্রতিজ্ঞ	3
হলোতে	3
কেঁচোর	3
তর্জনী	3
টিচারদের	3
পানপাত্রের	3
ব্যাঙ্কার	3
ভারে	3
রিঅ্যাকটার	3
আসর	3
বুঝতেছিনা	3
অ্যান্টি	3
কিনারার	3
দাদীমাকে	3
অপটিক্যাল	3
প্রত্যাশী	3
পাল্টায়া	3
বাতিক	3
সারাদিনই	3
লুকালো	3
পৌছাব	3
পাকেনি	3
স্নায়ুর	3
রোব	3
খাওনের	3
পালিয়েছ	3
মেয়েটিই	3
অমর্যাদা	3
বাক্যে	3
হেম্	3
টিচাররা	3
ক্ষতিটা	3
ডজ	3
্যাবের	3
আলোড়োন	3
বিরামহীন	3
স্টোরেজ	3
পফ	3
পুলিশম্যান	3
অধ্যায়ের	3
কাদামাটির	3
সবেমাত্র	3
কওয়া	3
ক্রমেই	3
প্রেমিকারা	3
সুমধুর	3
টীমকে	3
লিভারওয়ার্সট	3
লির	3
ব্যাংকারের	3
ক্যারিয়ারে	3
দানবটাকে	3
রসিতা	3
হাইড্রার	3
ডেইজি	3
ক্লোরিন	3
নিওম	3
মিশবে	3
পেটটা	3
পিটাবো	3
ছন্দময়	3
বৃত্তাকারে	3
স্প্যানিশদের	3
হেফাজতকারী	3
লাগাইছ	3
মৎস্যকন্যার	3
বৈজ্ঞানিকভাবে	3
কাম্বারল্যান্ড	3
বড়দা	3
ভবিষ্যতেও	3
বিড়ালটাই	3
স্ক্র্যাচ	3
মৎস্যকন্যারা	3
ফিল্ট্রাশন	3
লঙ্ঘনের	3
সন্দেহাতীত	3
কুমড়ার	3
ধ্বনিতে	3
বিয়োগ	3
ঘুরবেনা	3
টাইমের	3
মীরজাফর	3
আদারস	3
উৎসটা	3
কেনতা	3
শামস্	3
এথেনিয়ান্সরা	3
আন্তরিকতা	3
রিপাবলিক	3
রেভেজারদের	3
দ্বিধান্বিত	3
রাজনান	3
বর্ষসেরা	3
শংকিত	3
মৃত্যুদণ্ডের	3
ডাইভিংয়ের	3
লুকাই	3
স্টাকার	3
সিমিয়ান	3
গ্রহেও	3
এ্যমনেশিয়ার	3
টোল	3
সাইবর্গটি	3
ধাক্কাটা	3
মেম্বারদের	3
বেলডাম	3
বতক	3
হাঁটতেও	3
খারাপি	3
গোলগাল	3
রেদওয়ান	3
অজ্ঞাতনামা	3
ভেনাসের	3
হাঁটছিল	3
এথেনিয়ান	3
পাবই	3
প্রশিক্ষণে	3
ফোটাতে	3
ছদ্মনামে	3
চলন	3
অস্থিতিশীল	3
ঝটকায়	3
স্কুলশিক্ষিকা	3
গৃহকর্মী	3
টোটেম	3
লেলিহান	3
অাফ্রিকা	3
আসলটার	3
ছলাকলা	3
প্রত্যেকদিনই	3
মারোনি	3
ক্রাটচিট	3
অামিই	3
পার্লামেন্টে	3
লিপ্সা	3
চালানোটা	3
অংশটার	3
বিরাজমান	3
প্লাম্বিং	3
ব্যঘাত	3
ঐপাশে	3
প্রাঙ্গনে	3
চর্চার	3
লেদারের	3
সমালোচনামূলক	3
এলকর্ন	3
গুন্ডামি	3
পিস্টন	3
ঘুরুক	3
ব্রহ্মাস্ত্র	3
শিল্পকর্ম	3
হমম্	3
মহারথী	3
বিনোদনদাতা	3
প্রতিঞ্জা	3
এগোয়	3
বোকাই	3
জেসির	3
সিডান	3
মর্গের	3
গণতান্ত্রিক	3
ভাইটামিন	3
ঘোড়দৌড়ের	3
গুণাবলী	3
রূপকের	3
চাষা	3
দোতলা	3
সাহায্যও	3
মেলিক	3
খারাপদের	3
প্রশংসিত	3
ক্রুশবিদ্ধ	3
পেইন্টিংয়ের	3
ফাউন্ডেশনে	3
ট্রেতে	3
শ্রেণীবিন্যাস	3
বোঝাচ্ছো	3
জলপ্রপাতে	3
পেছানো	3
পুষ্টি	3
অর্থনীতি	3
বিদ্রূপ	3
তমি	3
আমাদে	3
যথন	3
লিনাস	3
হাইন্ড	3
চিন্তাগুলো	3
পয়গাম	3
অপব্যাবহার	3
নাপোলি	3
অত্যাচারীর	3
বংশবিস্তার	3
উপন্যাসটা	3
চ্যাম্পিয়ানশিপ	3
অদৃশ্যদের	3
এনোস	3
দুর্ভাগ্যজনকভাবে	3
পুসো	3
প্র	3
বালিশটা	3
লুসিগনান	3
বাচাঁনোর	3
সমর্থনে	3
করছিই	3
বাল্যকালের	3
তালিম	3
ফুলকি	3
খামগুলো	3
নরহত্যা	3
ঐই	3
মানছে	3
বিং	3
সতর্কতামূলক	3
কন্ট্রোলের	3
শান্তিবাদী	3
ছলচাতুরী	3
গাধাকে	3
মঙ্গলকর	3
মাস্কিটারস	3
এরিয়ানাতে	3
কাউন্সিলরের	3
রামান্ডু	3
এফডিআর	3
মন্ত্রশহর	3
রেডিয়েশনের	3
ব্লাকমেল	3
দিবোনা	3
অরা	3
পারুক	3
দুপুরবেলা	3
ডেলা	3
মাইক্রোফোনের	3
বালকদের	3
আমদানির	3
সম্মিলন	3
অলিখিত	3
উপরমহলের	3
শ্যাম্পুর	3
আগ্নেয়গিরি	3
গুণে	3
কল্পকথা	3
ঋজু	3
ফিলিস্তিনে	3
প্রণামাম	3
প্রগতিশীল	3
স্টেয়ার্ড	3
খলনায়ক	3
দারিদ্র্য	3
প্রজা	3
মনেট	3
ফেলবোনা	3
শ্রীনিবাস	3
এগসির	3
যেকোনকিছু	3
নিছিলাম	3
বিরক্তও	3
প্রতিভাধর	3
ল্যাবরেটরি	3
চেচনীয়	3
বাচিয়েছিলাম	3
সাপ্লাইয়ে	3
যেমনি	3
স্টেটস্	3
করতেছিলে	3
সিকিউর	3
নামিনি	3
অফসেট	3
দিবালোকে	3
শ্রীমতী	3
সেনাদলের	3
নির্বুদ্ধিতা	3
স্তরগুলো	3
চিত্রাঙ্গদা	3
পাপীদের	3
ক্যাটন	3
স্যাভিন	3
স্প্যানিশরা	3
চাইনিজদের	3
রিভারের	3
লাজমি	3
জ্যোতির্বিদ	3
লের	3
অপরিবর্তিত	3
উৎপাদিত	3
তথ্যসমূহ	3
ললিতা	3
দাখিল	3
ইন্ডিয়ানের	3
পাহারের	3
নলটা	3
কক্ষনও	3
মুক্তিতে	3
ল্যুকিমিয়া	3
ভুলবোনা	3
পাঁচজনের	3
স্হানে	3
বাঁচালো	3
শৃঙ্খলাবদ্ধ	3
অ্যাভিনিউ	3
সাতে	3
আদিল	3
রিপোর্টগুলো	3
সেইটাই	3
মুনাফার	3
গোড়ায়	3
বিরতিতে	3
মালিকটা	3
বালিকার	3
প্রতীকটা	3
বাচ্চারাই	3
নান্না	3
কাদতেছো	3
পবিত্রতা	3
মারফত	3
ক্লান্তিকর	3
শ্যামের	3
ছবিটায়	3
অনুগ্রহের	3
জাক	3
স্ক্রুজের	3
আড্ডার	3
পারবেননা	3
পদার্থবিজ্ঞান	3
ঐগুলি	3
এতিমখানার	3
পুজো	3
মারত	3
যেয়েই	3
মরবার	3
গোয়ান্দাগিরি	3
ইরনা	3
লোকির	3
চেনেনা	3
এম্পায়ার	3
অারেকবার	3
জড়াবে	3
সাইতোকে	3
অকৃত্রিম	3
ঘুরাচ্ছি	3
রিসেপশনিস্টের	3
ঘুমাননি	3
অবচেতনকে	3
ব্যাবসায়ি	3
আইনজীবীরা	3
ম্যালকমের	3
পিপলস	3
স্রস্টার	3
ইমেজের	3
শিক্ষানবিশ	3
রাফাত	3
মিথ্যেও	3
টয়লেটেও	3
ঝকমকে	3
মহিলাও	3
আইজ্যাকের	3
প্রিন্টারের	3
চার্জার	3
কেনিয়ানরা	3
কার্পেটে	3
এন্টারপ্রাইজে	3
হযবরল	3
সাইতোর	3
নাতিনাতনিদের	3
লিমিট	3
কথাগুলা	3
ওয়াটার্সের	3
অবনত	3
মেধাবীদের	3
ঔপনিবেশিক	3
রাখছেন	3
ফিজিক্যাল	3
বেকারের	3
দাঁড়িয়েছি	3
রুবেন	3
উহুরু	3
ঢুকায়	3
ইসলামী	3
সুধিবৃন্দ	3
স্যারও	3
ফ্রিতেই	3
খাটাশের	3
সভাপতি	3
ব্ল্যাকবেরি	3
গ্রেন	3
অ্যাথলেট	3
মেশিনেরও	3
ঘুঁটা	3
যাঁতাকলে	3
স্বামীরা	3
বিবেচনার	3
ধইঞ্চাটা	3
ডাইনিটা	3
দাগানো	3
এলসিকে	3
ফিয়ালব্যাকাতে	3
প্যাঁচাতে	3
পড়িলেও	3
ডুবিয়া	3
ব্রিফ	3
জুরিকে	3
মহাকাব্যিক	3
লেখালেখির	3
হইতাম	3
চাকরানীও	3
কাপুড়	3
স্ট্রাট	3
এইটাতে	3
নিরাপত্তামূলক	3
মরিবে	3
তাহাদের	3
এমিলিরে	3
শ্যাকে	3
রাখাল	3
বেছেছেন	3
অসম্মানের	3
থাকনের	3
স্করপিয়ন	3
রভি	3
চাহনিতে	3
মোডা	3
স্ক্রীনিং	3
চরমপন্থি	3
রিংহোমের	3
লোকরে	3
জিনিসপত্রগুলো	3
প্রংস	3
কাইটটা	3
থাহনই	3
কানতে	3
তোতাপাখির	3
ছোকরার	3
ট্রায়াঙ্গলের	3
পাইবে	3
ডাচম্যান	3
নার্ক	3
সমন্ধেও	3
তোরন	3
সাচ্চা	3
বিপরিতে	3
ভয়াবহভাবে	3
অভিশাপে	3
এফোঁড়	3
হিলকে	3
ঠেকা	3
হাঁসটা	3
রেস্টুরেন্টটা	3
পর্ণগ্রাফি	3
সঙ্গরোধ	3
ওযান	3
মনোযোগের	3
ডাঙা	3
নৃত্যে	3
ঘাটার	3
নীরস	3
বাহিনীদের	3
বাড়িভাড়া	3
অতটুকু	3
উইলসনের	3
ইনটার্নশিপের	3
পিনাটের	3
ফিলিপাইনের	3
লুজিয়ানা	3
সাইকোপ্যাথ	3
জ্বালালে	3
ভোজনে	3
ছুঁচা	3
গেলেনা	3
সেখনে	3
মোটেলের	3
ঝক্কি	3
চায়নিজ	3
থ্রোন	3
দাতার	3
পদস্থ	3
ট্র্যাক্টর	3
মিঁয়াও	3
কমান্ডে	3
বানানে	3
চটি	3
যাওয়াদের	3
শ্যাষম্যাশ	3
সর্বসম্মত	3
পাইল	3
ওম্পা	3
গেরস্থালীর	3
ভাইডাল	3
নেয়াটাই	3
চাপও	3
আলভারেজ	3
মোজিতো	3
বাড়িঘরের	3
ফর্ডকে	3
ভারসাম্যের	3
চায়নাকে	3
ডাম্বো	3
গড়ায়	3
স্যুটকেসেই	3
প্ল্যাটকে	3
নিগ্রোটা	3
সাজিয়েছ	3
কাইল্যা	3
চারবার	3
দেয়াতেই	3
বিষয়াদি	3
স্কাউটের	3
ফোম	3
কলারের	3
সেন্সরটি	3
তত্ত্বাবধায়নে	3
নরটিক	3
পরিক্ষার	3
দেখ্	3
ক্রেতারা	3
গয়া	3
মুসাফির	3
স্নানের	3
হ্যাগ্রিডকে	3
ফলানোর	3
ইঞ্জিনিয়ারই	3
সরিয়েছে	3
উঠতাম	3
চটকানো	3
জাস্টিন	3
প্রকাণ্ড	3
থেতলে	3
কালারের	3
ছোড়	3
আহম্মেদ	3
কান্দন	3
খামখেয়ালি	3
খেলতেও	3
ডুইব্বা	3
সেন্সরগুলো	3
মহাবিশ্বে	3
হত্যাই	3
উদ্ভুট্টি	3
খোঁড়াখুঁড়ির	3
বিশ্ববিখ্যাত	3
নদীপথটাকেই	3
মাকড়সাদের	3
সানিকে	3
হ্যাভক	3
পাস্তুর	3
নেভীতে	3
জীবকে	3
ব্যানশি	3
লুপটা	3
লাইব্রেরীর	3
ডান্সার	3
রেডারে	3
রেইভেনের	3
রেইভেনকে	3
সৌজন্যে	3
কন্টেইনারের	3
সমান্তরালে	3
ওইয়েদারবাই	3
সেন্সরটা	3
থামাইছো	3
ট্রিটমেন্টটা	3
যো	3
মাস্টারমাইন্ড	3
রেনটন	3
জীবিকার	3
ফ্যাং	3
মাস্কটি	3
বিবর্তিত	3
গ্রিমকে	3
রাসেলের	3
বোসো	3
মাতৃভূমিতে	3
আফিসার	3
লটারীর	3
ব্রিন	3
স্থলের	3
প্রলয়	3
ঠোটে	3
ক্রুয়ের	3
পূর্বদিক	3
ফর্ডরে	3
ম্যাগডালেনিয়ান	3
ওলাভসন	3
হেডকোয়ার্টারের	3
ডালাস	3
জিগার	3
বেজন্মারা	3
অনির্দেশ্য	3
আশঙ্কাজনক	3
কুড়ালটা	3
লিপি	3
মিশচেফ	3
খাইট্টা	3
ল্যান্ডমাইন	3
কংগ্রেসে	3
বাক্সগুলা	3
দ্যাহো	3
টডির	3
সিঙ্গুলারিটি	3
নিশ্চিৎ	3
খননের	3
ফর্ডই	3
বাসেই	3
কট্টরপন্থীরা	3
কন্ঠের	3
ফিয়ালব্যাকাতেই	3
অন্যপাশে	3
রেডিওটা	3
হার্টবিটের	3
গুনব	3
মটরশুটির	3
দাগাতে	3
পাইয়ের	3
রোমার	3
শোইলের	3
কতকিছু	3
বসবাসযোগ্য	3
ভাইব্রেশন	3
জিতেও	3
রক্ষকের	3
তাগোরে	3
জাদুকরকে	3
বাঁচুন	3
নেংটি	3
স্মৃতিটা	3
তেজস্ক্রিয়তা	3
ঘোরানোর	3
কোষগুলোর	3
একেবারের	3
দৌলতে	3
বেশিক্ষণের	3
হাঁপাচ্ছে	3
ঝালাই	3
অনুপ্রবেশকারীরা	3
ঝোলায়	3
আপনিতো	3
কোয়ার্টারস	3
শিংওয়ালা	3
ক্রেমার	3
সৎকার	3
স্কুলকে	3
পেশীগুলোর	3
ভেঙ্গেও	3
টেপটি	3
ভয়টা	3
মায়ারের	3
ভালাই	3
বজ্জাতগুলো	3
করারই	3
ভাইভা	3
ফেনউইক	3
সোণা	3
দক্ষতাকে	3
সদৃশ	3
হিউগো	3
আমব্রিজের	3
প্রত্যক্ষভাবে	3
পুইড়া	3
যতখুন	3
ঠাইস্যা	3
এজ	3
চাইপ্পা	3
চিয়ারস	3
হালাও	3
ভাইব্যা	3
জীবনডায়	3
খুজতেছে	3
সাক্ষাতেই	3
জাহান্নামী	3
সিসিলি	3
ফ্রিটাউনে	3
কতযির	3
গভর্মেন্টের	3
কার্টারকে	3
চামু	3
নাচতেই	3
স্তূপাকার	3
পাইতাছি	3
হিউস্টনকে	3
পাঠালেই	3
হাবল	3
তৃতীয়াংশ	3
কাশতে	3
স্টোনকে	3
হগে	3
প্যাটের	3
ত্রিভুজের	3
রেস্কিউ	3
বিচেই	3
লাইটহাউজের	3
টেলিকমিউনিকেশন	3
বাল্ব	3
উন্মাদদের	3
কোডি	3
ধূমকেতু	3
জ্বালিয়েছে	3
কনক্রিটের	3
চিরতরের	3
পরোক্ষভাবে	3
জাহান্নামেই	3
মনুষ্যত্বহীন	3
সেমিনারে	3
শরীরেও	3
শরীলডারে	3
ভরাতে	3
যেগুলোকে	3
ধ্বংসাবশেষের	3
জিবনডারে	3
টাইগারের	3
দৃস্টি	3
মারদি	3
সেইলবি	3
স্কয়ারে	3
জাইগ্যা	3
জীবনযাত্রার	3
একঘণ্টার	3
জরুরীভাবে	3
কুচিন্তা	3
স্ট্যান্ডবাই	3
শিক্ষার্থীদেরকে	3
ম্যাকডোনাল্ডস	3
ইব্রাহীম	3
আবেদনে	3
বরান্দার	3
মিছিলে	3
প্লেইন	3
বেতের	3
মাচা	3
কিন্ডারগার্টেনে	3
উদ্বেগকে	3
বান্দররা	3
ধাঁধায়	3
ফ্যাক্টর	3
ছোট্টবন্ধু	3
মিলেও	3
কারণটি	3
ফ্যাট	3
বাইউর	3
সাবধানবাণী	3
উডরে	3
গভিরে	3
প্রত্যেকটিই	3
মোকাদ্দমা	3
গড়াতে	3
ধ্যাত্	3
ছাঁড়ো	3
কনভেন্স	3
পাসওর্য়াড	3
হগ	3
মহানুভবতার	3
চুদে	3
এগোবো	3
গ্যাপ	3
নভোযানে	3
খরেদ্দার	3
পেটুক	3
নেংটু	3
দিনভর	3
আকাঙ্খা	3
মিথ্যাবাদি	3
কামডা	3
ডায়মন্ডটা	3
রুক্ষতা	3
প্রলোভিত	3
এসপ্রেসো	3
সাজছো	3
লুনি	3
কুঁড়েঘরে	3
জেকা	3
দুবাইয়ে	3
নৃশংসতা	3
স্টান্ড	3
দুষ্টুটা	3
আমব্রিজকে	3
ব্যাধির	3
দাঁড়াল	3
ফাজের	3
নির্বাপক	3
অধার্মিকতা	3
আড্রিয়ান	3
মুখটাতে	3
মেজাজটাকে	3
প্যাটসির	3
শুয়োরটার	3
পাকোড়া	3
পরিবেশনের	3
রেঁধে	3
চেনেভিলে	3
মেরিল্যান্ডে	3
তল্পিতল্পা	3
ডিভিশনে	3
প্রাণশক্তির	3
এলবি	3
ববক্যাট	3
ট্রেনকে	3
পড়াটা	3
মেন্যু	3
কোনকিছুকে	3
স্ট্যামফোর্ড	3
পরমিত	3
ঈমানদার	3
ট্রেভ	3
স্নেইপের	3
কারনা	3
ভুতূড়ে	3
ফ্রীম্যান	3
চিরকুটটা	3
মুর্থি	3
সম্পর্কীয়	3
পৌছবে	3
ক্রেমলিনের	3
কোবাল্টের	3
নাচছ	3
সফলতায়	3
বাস্তবেও	3
ডেকেয়ারে	3
স্টেরয়েড	3
উত্তরাধীকারি	3
ফিবির	3
চার্জে	3
সম্মতভাবে	3
ভেরিটি	3
খুজঁলি	3
চোরে	3
লও	3
বজ্রের	3
পর্ণগ্রাফির	3
রূঢ়	3
সহচরে	3
ডিওডেরেন্ট	3
হুইলচেয়ারে	3
সুইফট	3
হীরাগুলো	3
ঝরানো	3
পলিটিকাল	3
তালিকাবদ্ধ	3
ফ্লাগের	3
জাতক	3
লাইভে	3
নেভিতে	3
অবর্তমানে	3
খারাফ	3
বসেরা	3
হ্যানাওয়ে	3
অভিশাপও	3
ফিলিপসকে	3
উষ্ণতার	3
নিকস	3
পাইলটে	3
কাঁপবে	3
বেল্লাট্রিক্স	3
চিফকে	3
সাবাথেও	3
অ্যালার্জি	3
ভিজলে	3
নৌকাওয়ালা	3
মমম্	3
অনেকখানি	3
সময়গুলো	3
বেডের	3
ভিন্নভিন্ন	3
নাচিয়ে	3
ট্রেজার	3
সিন্ডি	3
ধর্মপ্রচারক	3
পরগাছা	3
শতাংশে	3
ক্লানের	3
ধন্যবাদ্	3
এইত্তো	3
চাঁপিয়ে	3
যুরিচ	3
হাঁপ	3
মেনেছে	3
প্রেগনেন্ট	3
বেলিন্ডা	3
সয়োজটাকে	3
কমস	3
গুডনায়েভ	3
লেস্ট্র্যাঞ্জ	3
হাসাচ্ছি	3
আসিনা	3
ফোনেঃ	3
মৃদুভাবে	3
আইলার	3
মাঠেও	3
সংবেদনশীলতা	3
তেহেরানে	3
অঙ্ক	3
নির্মাণাধীন	3
ফলানো	3
মেয়েবাজি	3
শার্লট	3
লেসট্রাডের	3
ডিগরির	3
উত্তোলনকারি	3
অভিসাপ	3
কম্বোডিয়ায়	3
ব্যাপারও	3
রিবনের	3
এই্	3
ফরমেশন	3
সুবিধামত	3
ইনভেস্টে	3
ঘামাই	3
শোনাতাম	3
চিত	3
দূর্বলতা	3
নৈশ	3
তাগড়া	3
এগরভ	3
উত্তরপূর্ব	3
ফ্রাংকি	3
ঔষধি	3
দরজাগুলির	3
পিয়ানোর	3
লিডাররা	3
মিলিগ্রামের	3
বাজল	3
রাজহাঁসের	3
বোকো	3
বিল্লি	3
শুনেছিল	3
ভাবছিলো	3
গিনির	3
আমিগো	3
দুনিয়াটার	3
