<s>	আমি	1696
<s>	আমার	560
<s>	আপনি	433
<s>	তুমি	339
<s>	তিনি	330
<s>	সে	269
অংকে	কাঁচা	2
অংশ	হিসেবে	5
অংশ	নিতে	2
অংশ	নেন	2
অংশ	হতে	2
অংশ	হয়ে	2
অংশ	হওয়ায়	1
অংশগ্রহণ	করছেন	1
অংশগ্রহণ	করে	1
অংশগ্রহণ	করেন	1
অংশগ্রহণ	বৃদ্ধি	1
অংশটুকু	পানি	1
অংশে	কম	4
অংশে	কাজ	1
অংশে	গুলি	1
অংশে	থাকে	1
অংশে	মানুষের	1
অংশের	পাশাপাশি	1
অংশের	সাথে	1
অকথ্য	ভাষায়	1
অকপটে	সত্যিটা	1
অকর্মা	আর	1
অকাতরে	কান্না	1
অকাল	মৃত্যু	1
অকালে	এখানে	1
অকৃতকার্য	হতাম	1
অকৃতজ্ঞ	আর	1
অকেজো	নয়	1
অকেজো	হয়ে	1
অক্কা	পেয়েছে	2
অক্কা	পেতে	1
অক্টোবর	ডিসেম্বর	1
অক্টোবর	নভেম্বর	1
অক্টোবর	পর্যন্ত	1
অক্ষত	আছে	1
অক্ষম	ছিলেন	1
অক্ষর	থাকতে	1
অক্ষরে	অক্ষরে	1
অক্ষরে	মিলে	1
অক্সাইড	ব্যবহার	1
অক্সিজেন	প্রয়োজন	2
অক্সিজেন	তৈরি	1
অগণিত	দ্বীপ	1
অগণিত	মানুষ	1
অগত্যা	তাকে	1
অগস্ত্য	যাত্রা	2
অগাধ	জলের	2
অগোছালো	থাকে	1
অগ্নি	পরীক্ষায়	2
অগ্রগতি	এবং	2
অগ্রগতি	অনেকটা	1
অগ্রগতি	এখন	1
অগ্রগতি	তার	1
অগ্রগতি	হচ্ছে	1
অগ্রগতির	প্রধান	1
অগ্রগতির	সময়কাল	1
অগ্রগতির	সাথে	1
অগ্রদূত	মনে	1
অগ্রদূত	হিসেবে	1
অগ্রসর	হতে	1
অগ্রসর	হন	1
অগ্রাধিকার	ভিত্তিতে	1
অগ্রাহ্য	করা	1
অগ্রিম	দিতে	1
অঘটন	ঘটায়	1
অঙ্ক	কত	1
অঙ্ক	করছে	1
অঙ্ক	করেছি	1
অঙ্ক	পছন্দ	1
অঙ্ক	ভালো	1
অঙ্কটা	বুঝিয়ে	2
অঙ্কে	কাঁচা	2
অঙ্কে	নিয়ে	1
অঙ্কের	প্রথম	1
অঙ্গ	প্রত্যঙ্গ	2
অঙ্গ	দেখা	1
অঙ্গ	সংগঠনের	1
অঙ্গভঙ্গি	শনাক্ত	2
অঙ্গভঙ্গি	করে	1
অঙ্গীকার	করেন	1
অচল	হয়ে	2
অচল	অবস্থায়	1
অচল	টাকা	1
অচল	পয়সার	1
অচল	ভক্তি	1
অচিরেই	পৃথিবীর	1
অচেনা	লাগছে	1
অচেনা	স্থানে	1
অজানা	নয়	1
অজুহাতে	নতুন	1
অজুহাতে	সংযোগ	1
অজ্ঞ	জনগণকে	1
অজ্ঞতার	কারণে	1
অজ্ঞতার	বিরুদ্ধে	1
অজ্ঞাত	অঞ্চলের	1
অজ্ঞাত	পথে	1
অজ্ঞান	হয়ে	5
অজ্ঞান	ছিলাম	1
অঞ্চল	একেক	1
অঞ্চল	নিয়ে	1
অঞ্চল	পুনরায়	1
অঞ্চল	প্রতিষ্ঠার	1
অঞ্চল	সমুদ্রে	1
অঞ্চলে	অবস্থিত	1
অঞ্চলে	আরও	1
অঞ্চলে	ক্ষয়ক্ষতির	1
অঞ্চলে	বরফ	1
অঞ্চলে	সব	1
অঞ্চলের	অজ্ঞাত	1
অঞ্চলের	আবহাওয়া	1
অঞ্চলের	কাজ	1
অঞ্চলের	মুখের	1
অঞ্চলের	সবচেয়ে	1
অটল	থাকে	1
অটুট	রয়েছে	1
অটো	যমুনা	1
অত	বড়	2
অত	দ্রুত	1
অত	সকালে	1
অত	সময়	1
অত	সহজ	1
অতএব	তার	1
অতর্কিত	আক্রমণ	1
অতর্কিত	হামলা	1
অতি	অবশ্যই	1
অতি	গোপনে	1
অতি	দ্রুত	1
অতি	ভক্তি	1
অতি	শক্তিশালী	1
অতি	সামান্যই	1
অতিক্রম	করে	2
অতিক্রম	করতে	1
অতিথি	পরায়ন	2
অতিথি	আইন	1
অতিথি	আপ্যায়ন	1
অতিথি	এলে	1
অতিথি	ছিলেন	1
অতিথির	বক্তব্য	3
অতিথির	বক্তব্যে	1
অতিবাহিত	হওয়ার	1
অতিবেগুনী	রশ্মিকে	2
অতিরিক্ত	বাষ্প	2
অতিরিক্ত	অর্থ	1
অতিরিক্ত	ঘুষ	1
অতিরিক্ত	তথ্যের	1
অতিরিক্ত	মালের	1
অতিশয়	দুঃখিত	1
অতিশয়	বলবান	1
অতিষ্ঠ	করে	1
অতীত	কালে	1
অতীত	থেকেই	1
অতীত	বর্তমান	1
অতীত	সভ্যতার	1
অতীতকে	ভুলে	1
অতুলনীয়	ব্যক্তি	1
অতৃপ্ত	আশা	1
অতৃপ্ত	বাসনা	1
অত্যধিক	টেলিভিশন	1
অত্যন্ত	গুরুত্বপূর্ণ	5
অত্যন্ত	জরুরী	2
অত্যন্ত	দয়ালু	2
অত্যন্ত	ধীর	1
অত্যন্ত	শান্ত	1
অত্যন্ত	সাফল্যের	1
অত্যাচার	করলেই	1
অত্যাচার	বেড়ে	1
অত্যাচার	শুরু	1
অত্যাচার	সহ্য	1
অত্যাচারের	স্টিম	1
অত্যাচারের	হাত	1
অত্যাধুনিক	করার	1
অত্যাধুনিক	প্রযুক্তির	1
অত্যাধুনিক	সামরিক	1
অত্র	রায়ের	2
অথচ	অর্থনৈতিক	1
অথচ	এজন্য	1
অথচ	তারা	1
অথচ	বাংলাদেশে	1
অথচ	বাংলাদেশের	1
অথচ	বাংলায়	1
অথবা	ওয়াইফাই	1
অথবা	পরিদর্শক	1
অথবা	ভুল	1
অথবা	লাল	1
অদূর	ভবিষ্যতে	1
অদৃশ্য	অসংখ্য	1
অদৃশ্য	হওয়ার	1
অদৃষ্টের	পরিহাসে	2
অদ্ভুত	আঁধারে	1
অদ্ভুত	এই	1
অদ্ভুত	ব্যবহার	1
অদ্ভুত	মনে	1
অদ্ভুত	লোকের	1
অদ্ভুত	হয়	1
অধিক	জ্বালানী	1
অধিক	নম্বর	1
অধিক	ব্যয়	1
অধিক	সংবাদপত্র	1
অধিক	সচেতন	1
অধিকতর	ঠান্ডা	1
অধিকতর	রাজনৈতিক	1
অধিকতর	শীতল	1
অধিকতর	সহায়ক	1
অধিকাংশ	মানুষ	3
অধিকাংশ	ক্ষেত্রেই	2
অধিকাংশ	প্রতিষ্ঠানের	2
অধিকাংশ	ক্ষেত্রে	1
অধিকাংশ	সময়	1
অধিকাংশই	আমি	1
অধিকার	আছে	6
অধিকার	ও	4
অধিকার	আদায়ের	3
অধিকার	থেকে	2
অধিকার	নিয়ে	2
অধিকার	সবার	2
অধিকারী	ছিলেন	2
অধিকারের	দাবী	1
অধিকৃত	পশ্চিম	2
অধিদপ্তর	থেকে	2
অধিনায়ক	লেফটেন্যান্ট	1
অধীন	সারা	1
অধীন	হয়ে	1
অধীনে	জাতীয়	1
অধীনে	নির্বাচন	1
অধীনে	পড়ে	1
অধীনে	বাংলা	1
অধীনে	সেটা	1
অধীর	আগ্রহে	1
অধ্যবসায়ী	নয়	1
অধ্যবসায়ী	পরিশ্রমী	1
অধ্যবসায়ের	মাধ্যমে	2
অধ্যয়ন	করেন	8
অধ্যয়ন	এবং	1
অধ্যয়ন	করছে	1
অধ্যয়ন	করতে	1
অধ্যয়ন	করি	1
অধ্যয়ন	করে	1
অধ্যাপক	ছিলেন	2
অধ্যাপক	ছিলাম	1
অধ্যায়	ও	1
অধ্যায়ের	গুরুত্বপূর্ণ	1
অনধিকার	চর্চা	1
অনন্ত	জীবন	1
অনন্য	এই	1
অনন্য	এবং	1
অনন্য	কৃতিত্বের	1
অনন্য	সেবা	1
অনন্য	স্থান	1
অনলাইন	নারীদের	1
অনলাইন	প্ল্যাটফর্ম	1
অনলাইন	মার্কেট	1
অনলাইন	মুক্ত	1
অনলাইনে	টিআইএন	2
অনলাইনে	তথ্য	1
অনলাইনে	পণ্য	1
অনস্বীকার্য	হয়ে	1
অনায়াসে	ধরে	1
অনায়াসে	সামলায়	1
অনার্য	ভাষা	3
অনুগ্রহ	করে	38
অনুগ্রহপূর্বক	আপনার	1
অনুগ্রহপূর্বক	উনি	1
অনুগ্রহপূর্বক	একজন	1
অনুধাবন	করা	1
অনুধাবন	করেন	1
অনুন্নত	দেশের	2
অনুপমের	মামা	4
অনুপমের	মামার	4
অনুপমের	বাবার	2
অনুপস্থিত	ছিলে	1
অনুপস্থিত	সে	1
অনুপস্থিতিতে	সত্ত্বেও	1
অনুপ্রবেশ	করে	1
অনুপ্রবেশ	করেছে	1
অনুপ্রাণিত	করে	1
অনুপ্রাণিত	করেছিলেন	1
অনুবাদ	করতে	4
অনুবাদ	করা	3
অনুবাদ	করুন	2
অনুবাদ	জমা	2
অনুবাদ	নেই	1
অনুবাদ	বা	1
অনুভব	করছি	4
অনুভব	করি	2
অনুভব	করে	2
অনুভব	করেন	2
অনুভব	করছেন	1
অনুভব	করলাম	1
অনুভূত	চাহিদা	1
অনুভূতি	জাগ্রত	1
অনুভূতি	মিলবে	1
অনুমতি	নেই	2
অনুমতি	ছাড়া	1
অনুমতি	দিচ্ছে	1
অনুমতি	দিন	1
অনুমতি	প্রদান	1
অনুমতি	লাগে	1
অনুমান	করুন	2
অনুমান	করছি	1
অনুমান	করতে	1
অনুমোদন	পেয়েছে	1
অনুমোদিত	টি	1
অনুযায়ী	আগামীকাল	1
অনুযায়ী	এবং	1
অনুযায়ী	তোমাদের	1
অনুযায়ী	বুধবার	1
অনুযায়ী	সব	1
অনুরাগী	হয়ে	1
অনুরোধ	ও	2
অনুরোধ	করছি	2
অনুরোধ	করলেন	2
অনুরোধ	করেছিলো	2
অনুরোধ	করেছিল	1
অনুরোধ	থাকলো	1
অনুরোধে	ঢেঁকি	2
অনুরোধে	তো	1
অনুরোধে	বাংলাদেশ	1
অনুশীলন	অনস্বীকার্য	1
অনুশীলন	করে	1
অনুশীলন	তত্ত্ব	1
অনুশীলনের	ওপর	1
অনুশীলনের	পর্যাপ্ত	1
অনুশীলনের	মাধ্যমে	1
অনুষ্ঠান	প্রচার	2
অনুষ্ঠান	অনুষ্ঠিত	1
অনুষ্ঠান	আমার	1
অনুষ্ঠান	করেন	1
অনুষ্ঠান	প্রচলিত	1
অনুষ্ঠানে	প্রধান	2
অনুষ্ঠানে	আমরা	1
অনুষ্ঠানে	নতুন	1
অনুষ্ঠানে	নাচ	1
অনুষ্ঠানে	যোগ	1
অনুষ্ঠানের	আয়োজন	4
অনুষ্ঠানের	পাশাপাশি	1
অনুষ্ঠানের	শেষ	1
অনুষ্ঠিত	হয়	3
অনুষ্ঠিত	হবে	2
অনুষ্ঠিত	হয়েছে	2
অনুষ্ঠিত	এ	1
অনুষ্ঠিত	ডি	1
অনুসন্ধান	করা	2
অনুসন্ধান	করছে	1
অনুসন্ধান	করার	1
অনুসন্ধান	করে	1
অনুসন্ধানে	তিনি	1
অনুসন্ধানের	আদেশ	1
অনুসরণ	করতে	2
অনুসরণ	করা	2
অনুসরণ	করো	2
অনুসরণ	করি	1
অনুসরণ	করুন	1
অনুসরণ	করেছিল	1
অনুসারে	গত	1
অনুসারে	জ্বীন	1
অনুসারে	বর	1
অনুসারে	যেসব	1
অনেক	বেশি	14
অনেক	কিছু	11
অনেক	সময়	8
অনেক	লোকের	7
অনেক	ধন্যবাদ	5
অনেক	বড়	5
অনেককেই	ভর্তি	1
অনেকক্ষণ	ধরে	1
অনেকক্ষণ	পড়ার	1
অনেকখানি	এগিয়ে	1
অনেকগুলি	অনন্য	1
অনেকগুলো	ছাগল	1
অনেকগুলো	দ্বীপ	1
অনেকটা	অসহায়	1
অনেকটা	জার্মানির	1
অনেকটা	দূরে	1
অনেকটা	বাংলাদেশের	1
অনেকটাই	অপ্রতিরোধ্য	1
অনেকটাই	বিলুপ্তির	1
অনেকটাই	সফল	1
অনেকদিন	যাবৎ	2
অনেকদিন	আগেকার	1
অনেকদিন	ধরে	1
অনেকদিন	হয়ে	1
অনেকে	জানেন	1
অনেকে	তাদের	1
অনেকে	বলে	1
অনেকে	বিদ্যুৎ	1
অনেকে	মনে	1
অনেকে	রেসিপি	1
অনেকেই	অত্যধিক	1
অনেকেই	বলছেন	1
অনেকেই	ভর্তি	1
অনেকেই	ভেবে	1
অনেকেই	মাঝে	1
অনেকের	ধারণা	2
অনেকের	কাছে	1
অনেকের	জন্যই	1
অনেকেরই	ধারণা	2
অনেকেরই	পায়ে	1
অনেকেরই	যোনিতে	1
অনেকেরই	রাত	1
অনেক্ষন	দেখলো	1
অন্তঃসত্ত্বা	এক	1
অন্তত	এক	2
অন্তত	কয়েক	1
অন্তত	তিনবার	1
অন্তত	তোমার	1
অন্তত	দশ	1
অন্তত	বছর	1
অন্তর	অন্তর	2
অন্তর	অলিম্পিক	1
অন্তর	ওষুধ	1
অন্তর	চলে	1
অন্তর	বাস	1
অন্তরঙ্গ	বন্ধু	1
অন্তরালে	তার	1
অন্তরে	আমারে	1
অন্তর্দৃষ্টি	অর্জনের	1
অন্তর্দৃষ্টি	গ্রহণ	1
অন্তর্দৃষ্টি	লাভ	1
অন্তর্নিহিত	কারণ	1
অন্ধ	বিশ্বাস	3
অন্ধ	হয়ে	1
অন্ধকার	দূরীভূত	2
অন্ধকার	কিছু	1
অন্ধকার	ছিল	1
অন্ধকার	দূর	1
অন্ধকার	দেখছি	1
অন্ধকার	হতে	1
অন্ধকারাচ্ছন্ন	পরিবেশে	1
অন্ধকারে	ঢিল	3
অন্ধকারে	আবৃত	1
অন্ধকারে	আমার	1
অন্ধকারে	দেখতে	1
অন্ধত্ব	সম্পর্কে	1
অন্ধদের	জন্য	3
অন্ধের	নড়ি	2
অন্ন	হয়	2
অন্বেষণ	করা	1
অন্য	কিছু	11
অন্য	কেউ	4
অন্য	কোনো	4
অন্য	কারও	2
অন্য	সব	2
অন্য	সবার	2
অন্যকে	দোষ	1
অন্যটি	পিছনে	1
অন্যতম	প্রধান	5
অন্যতম	হলো	3
অন্যতম	কারণ	2
অন্যতম	বড়	2
অন্যতম	উৎস	1
অন্যতম	সেরা	1
অন্যথায়	আপনি	1
অন্যদিকে	অর্থ	1
অন্যদিকে	অর্থনীতি	1
অন্যদিকে	গত	1
অন্যদিকে	বাংলাদেশ	1
অন্যদিকে	ভোক্তা	1
অন্যদিন	এক	1
অন্যদের	উন্নতি	1
অন্যদের	বিশ্বাসের	1
অন্যদের	সাথে	1
অন্যভাবে	বলা	1
অন্যরকম	মনে	1
অন্যরকম	লাগছে	1
অন্যরা	করেন	1
অন্যরা	পদার্থবিজ্ঞান	1
অন্যরা	বিশ্বাস	1
অন্যরা	সবাই	1
অন্যান্য	ব্যস্ততা	2
অন্যান্য	খেলাও	1
অন্যান্য	জেলায়	1
অন্যান্য	নিরাপদ	1
অন্যান্য	বোটে	1
অন্যায়	করে	3
অন্যায়	কে	2
অন্যায়	করতে	1
অন্যায়	করা	1
অন্যায়	দেখার	1
অন্যায়	সহ্য	1
অন্যায়কারীকে	ক্ষমা	2
অন্যায়কে	প্রশ্রয়	3
অন্যায়ের	প্রতিবাদ	1
অন্যায়ের	বিরোধিতা	1
অন্যায়ের	মাত্রা	1
অন্যায়ের	মোকাবেলা	1
অন্যের	ক্ষতি	1
অন্যের	দোষ	1
অন্যের	বিরুদ্ধে	1
অন্যের	ব্যাপারে	1
অন্যের	ভালো	1
অপকর্ম	কে	1
অপচয়	করা	1
অপচয়	মানে	1
অপছন্দ	করতেন	1
অপছন্দ	করে	1
অপছন্দ	করেন	1
অপপ্রচার	চালাচ্ছে	1
অপবাদ	দিচ্ছিস	1
অপব্যবহার	করে	1
অপব্যবহার	বা	1
অপমান	করতে	1
অপমানিত	হন	1
অপমানিত	হলাম	1
অপর	নাম	2
অপর	আরেকটি	1
অপর	এক	1
অপর	দুই	1
অপর	ব্যক্তির	1
অপরকে	নিজের	2
অপরকে	সাহায্য	2
অপরকে	অবিশ্বাস	1
অপরকে	এখনো	1
অপরকে	খুব	1
অপরকে	ছেদ	1
অপরদিকে	প্রোগ্রামিং	1
অপরাধ	করার	1
অপরাধ	করে	1
অপরাধ	করেছে	1
অপরাধ	করেছেন	1
অপরাধ	ক্ষমা	1
অপরাধ	তদন্ত	1
অপরাধটা	শিকড়	1
অপরাধী	দণ্ড	1
অপরাধী	নই	1
অপরাধী	পালিয়েছে	1
অপরাধী	শনাক্ত	1
অপরাধীকে	ক্ষমা	1
অপরাধীদের	গ্রেফতার	1
অপরাধীদের	ধরেছে	1
অপরাধে	অপরাধী	1
অপরাধে	মক্কার	1
অপরাধের	মামলায়	2
অপরাধের	জন্য	1
অপরাধের	সূত্র	1
অপরাহ্ন	স্যার	1
অপরিচিত	ব্যক্তি	1
অপরিবর্তনীয়	মিত্র	1
অপরিহার্য	অংশ	2
অপরিহার্য	ও	1
অপরিহার্য	নয়	1
অপরিহার্য	সেগুলোই	1
অপরের	প্রতি	2
অপরের	কল্যাণে	1
অপরের	নিকট	1
অপরের	সাথে	1
অপসারণ	করা	1
অপসারণ	করেছে	1
অপসারণ	করেন	1
অপহরণ	করা	1
অপহরণ	করেননি	1
অপারেটিং	সিস্টেম	1
অপূর্ণতা	থেকে	1
অপূর্ব	দৃশ্য	1
অপেক্ষা	করতে	13
অপেক্ষা	করছিলাম	10
অপেক্ষা	করুন	7
অপেক্ষা	করো	7
অপেক্ষা	করব	5
অপেক্ষা	করছি	4
অপেক্ষায়	আছি	1
অপেক্ষার	পর	1
অপ্রত্যাশিত	ছিলো	2
অপ্রত্যাশিত	ছিল	1
অপ্রয়োজনীয়	নয়	1
অপ্রিয়	সত্য	1
অফার	করেছিল	1
অফিস	বন্ধ	2
অফিস	আছে	1
অফিস	জানায়	1
অফিস	থেকে	1
অফিস	পাবেন	1
অফিস	সরঞ্জাম	1
অফিসটা	কোথায়	1
অফিসার	মেয়েটিকে	1
অফিসার	মো	1
অফিসার	লে	1
অফিসে	আসতে	1
অফিসে	কতজন	1
অফিসে	কাজই	1
অফিসে	চাকরি	1
অফিসে	যায়নি	1
অফিসের	কিছু	2
অফিসের	এক	1
অব	স্টাফ	2
অব	বাংলাদেশ	1
অব	বিজনেস	1
অবগতির	জন্য	3
অবতরণ	কখনও	1
অবতরণ	করলেও	1
অবতরণের	চেষ্টা	1
অবতীর্ণ	হওয়া	2
অবতীর্ণ	হয়েছিল	1
অবদান	রাখতে	4
অবদান	রাখা	2
অবদান	অনস্বীকার্য	1
অবদান	নারীর	1
অবদান	নেই	1
অবদান	রাখছেন	1
অবধি	অপেক্ষা	3
অবধি	যায়	3
অবধি	থাকবো	1
অবধি	হেঁটে	1
অবনত	রাখা	1
অবনতি	ঘটছে	1
অবনতি	হয়	1
অবনতি	হয়েছে	1
অবরোধ	করে	1
অবরোধ	যে	1
অবরোধের	সঙ্গে	2
অবলম্বন	করা	3
অবলম্বন	করে	2
অবলম্বনে	আহমেদ	1
অবশিষ্ট	অংশ	1
অবশিষ্ট	ছয়	1
অবশিষ্ট	ছিল	1
অবশিষ্ট	থাকে	1
অবশিষ্ট	রইলো	1
অবশিষ্ট	রয়েছে	1
অবশেষে	আমি	3
অবশেষে	তিনি	2
অবশেষে	আমার	1
অবশেষে	আস্থা	1
অবশেষে	তোমার	1
অবশেষে	ফিতা	1
অবশ্য	অনেক	1
অবশ্য	তখন	1
অবশ্য	বাংলাদেশে	1
অবশ্য	বোধগম্য	1
অবশ্যই	আমাদের	1
অবশ্যই	এই	1
অবশ্যই	কৃতজ্ঞ	1
অবশ্যই	খুলে	1
অবশ্যই	সেই	1
অবশ্যম্ভাবী	ও	1
অবশ্যম্ভাবী	বিজয়	1
অবসর	নিয়েছি	1
অবসর	নেওয়ার	1
অবসর	সময়ে	1
অবসান	ঘটে	4
অবসান	হবে	2
অবসান	ঘটিয়ে	1
অবস্থা	অনেক	1
অবস্থা	দূর	1
অবস্থা	বন্ধুরা	1
অবস্থা	বাংলাদেশের	1
অবস্থা	সুবিধাজনক	1
অবস্থাটা	বুঝতে	2
অবস্থাতেই	আগুনের	1
অবস্থাতেই	তিনি	1
অবস্থান	এখন	2
অবস্থান	করছেন	2
অবস্থান	করে	2
অবস্থান	দ্বিতীয়	2
অবস্থান	দেখা	1
অবস্থান	ধরে	1
অবস্থানে	যাওয়া	1
অবস্থানে	রয়েছে	1
অবস্থানের	কারণে	1
অবস্থায়	চলে	1
অবস্থায়	ঢাকা	1
অবস্থায়	থাকতে	1
অবস্থায়	পেতে	1
অবস্থায়	ফিরে	1
অবস্থায়	লে	1
অবস্থার	উন্নয়ন	1
অবস্থার	চেয়ে	1
অবস্থার	মতো	1
অবস্থিত	একটি	1
অবস্থিত	দুটি	1
অবস্থিত	বাংলাদেশ	1
অবস্থিত	ভূমি	1
অবস্থিত	যে	1
অবহেলা	করে	1
অবহেলা	করেছেন	1
অবাক	করার	2
অবাক	হয়ে	2
অবাক	হয়েছি	2
অবাক	করে	1
অবাক	করেনি	1
অবাক	হইনি	1
অবাধ	ও	3
অবাধে	যাতায়াত	1
অবাধ্য	ছিলাম	1
অবাধ্য	দুষ্ট	1
অবিকৃত	থাকবে	1
অবিরাম	যে	1
অবিরাম	সরবরাহ	1
অবিলম্বে	তাকে	1
অবিলম্বে	থামুন	1
অবিলম্বে	বন্ধ	1
অবিলম্বে	সাহায্যের	1
অবিলম্বে	সে	1
অবিশ্বাস	করতে	1
অবিশ্বাস	করে	1
অবিশ্বাস্য	সব	1
অবৈধ	উপায়ে	1
অবৈধ	করে	1
অবৈধ	পন্থায়	1
অবৈধ	মশারি	1
অবৈধভাবে	দখল	1
অব্যাহত	আছে	2
অব্যাহত	থাকবে	2
অব্যাহত	রয়েছে	2
অব্যাহত	থাকলে	1
অব্যাহত	রাখতে	1
অব্যাহত	রাখেন	1
অব্যাহতি	দিতে	1
অভাব	নেই	3
অভাব	রয়েছে	3
অভাব	অনুভব	2
অভাব	কিংবা	1
অভাব	বা	1
অভাবনীয়	অগ্রগতি	1
অভাবে	কিছু	1
অভাবে	জীবনে	1
অভাবে	সংসার	1
অভাবে	সে	1
অভাবের	কারণে	1
অভিজ্ঞ	শিক্ষক	2
অভিজ্ঞতা	হয়েছিলো	2
অভিজ্ঞতা	কাজে	1
অভিজ্ঞতা	নেই	1
অভিজ্ঞতা	লাভ	1
অভিজ্ঞতার	বর্ণনা	1
অভিধান	আছে	1
অভিধান	ও	1
অভিধান	কিনেছে	1
অভিনন্দন	জানানো	1
অভিনন্দন	জানায়	1
অভিনয়	করেছেন	2
অভিনয়	করেন	2
অভিনয়	করছেন	1
অভিনয়	করতে	1
অভিনয়	করি	1
অভিনয়	জীবন	1
অভিনয়ে	অনুপ্রাণিত	1
অভিনয়ের	মধ্য	1
অভিনেতা	অমিতাভ	1
অভিনেতা	এবং	1
অভিনেতা	কে	1
অভিনেতা	চঞ্চল	1
অভিনেতা	ছিলেন	1
অভিনেতাদের	একজন	1
অভিনেত্রী	আমিশা	2
অভিন্ন	আইনের	1
অভিন্ন	লক্ষ্য	1
অভিভাবক	সদস্য	1
অভিযান	আরও	1
অভিযান	একান্ত	1
অভিযান	চালানো	1
অভিযান	মোকাবেলায়	1
অভিযানে	অংশ	1
অভিযানের	প্রস্তাব	1
অভিযুক্ত	করে	1
অভিযুক্ত	বছরের	1
অভিযোগ	করেন	6
অভিযোগ	করে	3
অভিযোগ	উঠেছে	2
অভিযোগ	কর	2
অভিযোগ	করা	2
অভিযোগ	করিনি	1
অভিযোগে	তাদের	1
অভিযোগে	দুলাভাইকে	1
অভিযোগে	মামলা	1
অভিযোগে	সালের	1
অভিযোগের	দরখাস্ত	1
অভিযোগের	বিষয়ে	1
অভিহিত	করা	1
অভ্যন্তরীণ	শক্তি	2
অভ্যন্তরীণ	শান্তি	1
অভ্যন্তরীণ	সম্পদ	1
অভ্যস্ত	নই	2
অভ্যস্ত	করে	1
অভ্যস্ত	লোকেরা	1
অভ্যাস	আছে	1
অভ্যাস	এমনিতেই	1
অভ্যাস	করতে	1
অভ্যাস	করলে	1
অভ্যাস	মনকে	1
অভ্যাস	রয়েছে	1
অভ্যাসে	পরিণত	1
অভ্যাসের	দাস	1
অমর	বিন	1
অমান্য	করায়	2
অমান্য	করে	1
অমাবস্যার	চাঁদ	2
অমিতাভ	বচ্চন	1
অমীমাংসিত	রেখে	1
অমূল্য	সম্পদ	3
অমূল্য	উৎস	1
অয়েল	লেনদেনের	1
অযোগ্য	লোকের	1
অরণ্যে	রোদন	3
অরোরার	বয়স	2
অর্জন	করে	6
অর্জন	ও	2
অর্জন	করা	2
অর্জন	করার	2
অর্জন	করেছে	2
অর্জন	করেন	2
অর্জনে	ব্যর্থ	2
অর্জনে	কিছু	1
অর্জনে	তিনি	1
অর্জনের	জন্য	4
অর্জনের	পথে	1
অর্জনের	পর	1
অর্জনের	প্রক্রিয়া	1
অর্জনের	সর্বোত্তম	1
অর্জিত	হয়	2
অর্জিত	অর্থের	1
অর্জিত	সম্পদ	1
অর্জিত	সোনার	1
অর্জিত	হয়েছে	1
অর্ডার	দেয়নি	1
অর্থ	কী	8
অর্থ	সংগ্রহ	3
অর্থ	বদলে	2
অর্থ	ব্যাখ্যা	2
অর্থ	দুটোই	1
অর্থ	হল	1
অর্থনীতি	এখন	2
অর্থনীতি	এতটাই	1
অর্থনীতি	ধ্বংসের	1
অর্থনীতি	পড়ছে	1
অর্থনীতি	যদি	1
অর্থনীতিতে	কালো	1
অর্থনীতির	জন্য	2
অর্থনীতির	দেশ	2
অর্থনৈতিক	অবস্থা	2
অর্থনৈতিক	স্বাধীনতা	2
অর্থনৈতিক	ভিত্তি	1
অর্থনৈতিক	মন্দা	1
অর্থপূর্ণ	ও	1
অর্থপূর্ণ	জীবনযাপন	1
অর্থমন্ত্রী	বলেন	2
অর্থায়ন	বলে	8
অর্থায়ন	কী	3
অর্থায়ন	সংক্রান্ত	2
অর্থাৎ	যখন	2
অর্থে	আইন	1
অর্থে	আমি	1
অর্থে	এটি	1
অর্থে	নাগরিকের	1
অর্থের	অভাবে	3
অর্থের	কার্যকর	2
অর্থের	অবস্থান	1
অর্থের	চেয়েও	1
অর্থের	প্রবাহ	1
অর্ধচন্দ্র	দিয়ে	2
অর্ধশতাধিক	মামলা	2
অর্ধেক	হয়ে	2
অর্ধেক	টাকা	1
অর্ধেক	নিমজ্জিত	1
অর্ধেক	বসবাসের	1
অর্ধেক	ভরে	1
অর্ধেকটা	পড়েছি	1
অর্পিত	ক্ষমতার	1
অলক্ষুণে	কথা	1
অলস	একটু	1
অলিম্পিক	গেমস	1
অলৌকিক	ভাবার	1
অল্টারনেটিভ	মেডিসিনের	2
অল্প	বিদ্যা	3
অল্প	জ্বর	2
অল্প	সংখ্যক	1
অল্প	সময়ে	1
অল্প	সময়েই	1
অশিক্ষিত	ও	1
অশুভ	শক্তিকে	1
অশুভ	শক্তির	1
অশেষ	ঋণ	1
অশ্লীল	অসৎ	1
অশ্লীল	কাজ	1
অশ্লীলতা	পছন্দ	1
অষুধ	আছে	2
অষ্টম	শতাব্দীর	1
অসংখ্য	ধন্যবাদ	2
অসংখ্য	অভিনন্দন	1
অসংখ্য	উদ্ভিদ	1
অসংখ্য	জীবাণু	1
অসন্তোষ	নেই	1
অসফল	হয়েছিলো	2
অসফল	হয়েছি	1
অসফল	হলাম	1
অসফল	হলো	1
অসমাপ্ত	রাখেন	1
অসম্ভব	নয়	1
অসম্ভব	যেখানে	1
অসহায়	মনে	2
অসহায়	অবস্থায়	1
অসহ্য	গরমের	1
অসহ্য	লাগে	1
অসাধারণ	কৃতিত্বের	1
অসাধারণ	সব	1
অসীম	কিন্তু	1
অসীম	চাহিদা	1
অসীম	জ্ঞানের	1
অসীম	তুমি	1
অসীম	নামে	1
অসুখ	ছিল	1
অসুবিধা	নেই	2
অসুবিধা	হয়	1
অসুবিধা	হয়নি	1
অসুবিধার	জন্য	1
অসুস্থ	হয়ে	6
অসুস্থ	বলে	4
অসুস্থ	বোধ	3
অসুস্থ	মানুষ	3
অসুস্থ	ছিলাম	1
অসুস্থ	হলে	1
অসুস্থতা	ও	1
অসুস্থতা	থেকে	1
অসুস্থতার	লক্ষণ	1
অস্ট্রেলিয়া	ছেড়ে	2
অস্ট্রেলিয়া	কি	1
অস্ট্রেলিয়া	থেকে	1
অস্ট্রেলিয়া	প্রাকৃতিক	1
অস্ট্রেলিয়া	ফিরে	1
অস্ট্রেলিয়া	যেতে	1
অস্ট্রেলিয়ার	রাজধানী	2
অস্ট্রেলিয়ার	অন্তর্গত	1
অস্ট্রেলিয়ার	রাজধানীর	1
অস্ট্রেলিয়ার	সিডনিতে	1
অস্ত	যায়	4
অস্তিত্ব	আছে	3
অস্তিত্ব	খুঁজে	1
অস্তিত্ব	নেই	1
অস্তিত্ব	রক্ষায়	1
অস্তিত্ব	রক্ষার	1
অস্তিত্বকে	অস্বীকার	1
অস্তিত্বের	কোনো	1
অস্তিত্বের	ব্যাপারে	1
অস্ত্র	আকাশ	1
অস্ত্র	গোলাবারুদ	1
অস্ত্র	ছিল	1
অস্ত্র	দিয়ে	1
অস্ত্র	ফেলে	1
অস্ত্রশস্ত্র	জোগাড়	1
অস্ত্রের	বৃহৎ	1
অস্থিতিশীল	করে	1
অস্থির	করে	1
অস্থিরতা	অনেক	1
অস্থিরতা	ক্রমশ	1
অস্থিরতা	থাকলে	1
অস্বাভাবিক	কিছু	1
অস্বাভাবিক	দ্রুতগতিতে	1
অস্বীকার	করছি	3
অস্বীকার	করে	3
অস্বীকার	করেন	3
অস্বীকার	করেছেন	2
অস্বীকার	করা	1
অস্বীকার	করি	1
অস্বীকৃতি	জানান	1
অস্বীকৃতি	জানায়	1
অসৎ	ও	1
অসৎ	পুলিশ	1
অসৎ	লোক	1
অসৎ	হয়	1
অহংকার	আর	1
অামার	মা	1
অামার	রুমাল	1
অার	কিছু	1
অ্যাকাউন্ট	খুলতে	1
অ্যাকাউন্টটা	বন্ধ	1
অ্যাটর্নি	জেনারেল	1
অ্যাটাক	করে	1
অ্যাটাক	হওয়ার	1
অ্যাডিনয়েড	আছে	2
অ্যান	একটা	1
অ্যান	নীচে	1
অ্যান্টিবায়োটিক	ভাইরাসকে	2
অ্যান্ড	কলেজের	3
অ্যান্ড	পিস	1
অ্যাপ	তৈরি	2
অ্যাপ	এটি	1
অ্যাপ	বাজারে	1
অ্যাপ	যুক্ত	1
অ্যাপল	এখন	1
অ্যাপার্টমেন্টে	থাকি	1
অ্যাম্বুলেন্স	লাগবে	1
অ্যালার্জি	হওয়ার	1
অ্যালার্জি	হয়	1
অ্যালুমিনিয়াম	একটি	1
অ্যালুমিনিয়াম	দিয়ে	1
অ্যালুমিনিয়াম	পানিতে	1
অ্যালুমিনিয়াম	সোনার	1
অ্যালুমিনিয়ামের	প্রধান	3
অ্যালেন	একজন	1
আঁকড়ে	ধরে	1
আঁকতে	পছন্দ	2
আঁকতে	চাই	1
আঁকতে	বড়ো	1
আঁকতে	শুরু	1
আঁকা	ছবিটার	1
আঁচ	করে	1
আঁচ	করেছিলাম	1
আঁচড়ে	ফুটিয়ে	1
আংটি	আছে	1
আংটি	আপনি	1
আংটির	কী	1
আংশিক	মিথ্যা	1
আই	এ	1
আইজ্যাক	নিউটন	1
আইন	অনুযায়ী	3
আইন	দ্বারা	2
আইন	প্রণয়ন	2
আইন	মানতে	2
আইন	কানুন	1
আইনগত	অনুমোদন	1
আইনগত	প্রয়োজন	1
আইনগত	ব্যবস্থা	1
আইনজীবী	জনাব	1
আইনজীবীর	এই	1
আইনজীবীর	সাথে	1
আইনবিষয়ক	সম্পাদক	2
আইনস্টাইনের	সাধারণ	1
আইনি	বাধা	1
আইনে	এ	1
আইনে	এটি	1
আইনে	বাধা	1
আইনের	চোখে	1
আইনের	দায়	1
আইনের	দৃষ্টিতে	1
আইনের	বিষয়	1
আইয়ামে	জাহিলিয়া	2
আইরিস	মিশতে	1
আইরিস	শান্ত	1
আইসিটি	জার্নালিস্ট	2
আউট	করা	1
আউট	হলাম	1
আওতায়	আনা	2
আওতায়	অন্যান্য	1
আওতায়	আনলে	1
আওতায়	এসেছে	1
আওতায়	পড়ে	1
আওতার	মধ্যে	1
আওয়াজ	শুনলাম	2
আওয়াজ	তুলে	1
আওয়াজ	না	1
আওয়াজ	বাড়িয়ে	1
আওয়াজ	শুনেছেন	1
আওয়াজ	হয়	1
আওয়াজটা	একটু	1
আওয়াজের	জন্য	1
আওয়ামী	লীগের	9
আওয়ামী	লীগ	6
আকবর	তার	1
আকর্ষণ	করে	4
আকর্ষণ	করতে	2
আকর্ষণ	আছে	1
আকর্ষণ	বলের	1
আকর্ষণ	বা	1
আকর্ষণীয়	বলে	3
আকর্ষণীয়	মনে	2
আকর্ষণীয়	উপন্যাস	1
আকর্ষণীয়	তথ্য	1
আকর্ষণীয়	সব	1
আকর্ষণীয়	হওয়া	1
আকস্মিক	এই	1
আকাঙ্ক্ষা	ছিল	1
আকাঙ্ক্ষা	পূরণের	1
আকাঙ্ক্ষা	সে	1
আকার	থাকে	2
আকার	ধারণ	2
আকার	ও	1
আকারে	বৃদ্ধি	1
আকারে	সাজানো	1
আকারে	হাতে	1
আকারের	জাহাজ	1
আকারের	দিক	1
আকাশ	কালো	2
আকাশ	পাতাল	2
আকাশ	দেখে	1
আকাশ	পথে	1
আকাশ	সুরক্ষার	1
আকাশকে	দেখতে	1
আকাশটা	অনেক	1
আকাশটা	অন্ধকার	1
আকাশটা	পরিষ্কার	1
আকাশপথে	চলাচলের	1
আকাশে	উড়ে	2
আকাশে	চাঁদ	2
আকাশে	মেঘ	2
আকাশে	শুধু	1
আকাশে	সূর্য	1
আকাশের	দিকে	3
আকাশের	রঙ	2
আকাশের	চাঁদ	1
আকাশের	পানে	1
আকাশের	বাবা	1
আকাশের	রং	1
আকৃতির	একজোড়া	1
আকৃষ্ট	করতে	1
আকৃষ্ট	করেছেন	1
আক্তার	ও	2
আক্রমণ	করে	3
আক্রমণ	অনেক	1
আক্রমণ	এড়িয়ে	1
আক্রমণ	করলে	1
আক্রমণ	করেছিলো	1
আক্রমণাত্মক	কথা	1
আক্রমণাত্মক	নীতি	1
আক্রমণাত্মক	হতে	1
আক্রমণাত্মক	হয়ে	1
আক্রমণে	এই	1
আক্রমণে	এসে	1
আক্রমণে	ফসল	1
আক্রমণের	সম্মুখীন	1
আক্রমণের	হুমকি	1
আক্রান্ত	হয়ে	3
আক্রান্ত	হচ্ছে	2
আক্রান্ত	হয়	2
আক্রান্ত	করতে	1
আক্রান্ত	ব্যক্তির	1
আক্রান্ত	হলে	1
আক্ষরিক	অর্থ	2
আগ	পর্যন্ত	1
আগত	সন্তানের	1
আগমন	উপলক্ষে	1
আগমন	এখনো	1
আগমন	করায়	1
আগমন	করে	1
আগমন	ঘটে	1
আগমন	বাড়বে	1
আগমনের	আলামত	1
আগমনের	পর	1
আগমনের	সংবাদ	1
আগলে	আছে	1
আগলে	রক্ষা	1
আগলে	রেখে	1
আগস্ট	একজন	1
আগস্ট	তারিখে	1
আগস্ট	মাসে	1
আগস্ট	সেতু	1
আগস্ট	সেপ্টেম্বর	1
আগস্ট	স্বাধীনতা	1
আগামি	পরশু	1
আগামী	মাসে	3
আগামী	তিন	1
আগামী	দিনের	1
আগামী	নির্বাচনে	1
আগামী	বসন্তে	1
আগামীকাল	আমার	3
আগামীকাল	আসবে	3
আগামীকাল	ফোন	3
আগামীকাল	আসবেন	1
আগামীকাল	কি	1
আগামীকাল	বিকেলে	1
আগামীকালের	পরীক্ষার	1
আগুন	লেগেছে	3
আগুন	জ্বলছে	2
আগুন	জ্বালানো	2
আগুন	নিয়ে	2
আগুন	ধরে	1
আগুন	লাগার	1
আগুনকে	ভয়	1
আগুনে	পুড়ে	4
আগুনে	পুড়তে	1
আগুনে	পুড়িয়ে	1
আগুনের	ওপর	1
আগুনের	মতো	1
আগুনের	লাল	1
আগে	ফিরে	7
আগে	থেকেই	6
আগে	আমি	3
আগে	ওটা	3
আগে	থেকে	3
আগে	ফোন	3
আগেই	আমরা	1
আগেই	আমার	1
আগেই	জানানোর	1
আগেই	দিয়েছি	1
আগেই	বলেছি	1
আগেই	হাল	1
আগেও	দেখেছি	2
আগেও	আপনার	1
আগেও	এমন	1
আগেও	এরকম	1
আগেও	কোথাও	1
আগেকার	একটা	1
আগেভাগেই	তুষারপাত	1
আগের	চেয়ে	3
আগের	কথা	2
আগের	দিন	2
আগের	পর্যায়ে	2
আগের	মতো	2
আগের	স্টেশনটা	1
আগেরটার	চেয়ে	1
আগ্রহ	তাঁদের	1
আগ্রহ	প্রকাশ	1
আগ্রহ	বেশি	1
আগ্রহ	মোবাইল	1
আগ্রহ	সৃষ্টির	1
আগ্রহী	ছিলাম	1
আগ্রহী	ছিলেন	1
আগ্রহী	নই	1
আগ্রহী	নয়	1
আগ্রহী	না	1
আগ্রহী	হবে	1
আগ্রহে	আপনার	1
আগ্রহের	কথা	1
আগ্রহের	কারণ	1
আগ্রহের	জন্য	1
আগ্রহের	যেন	1
আঘাত	এসেছে	1
আঘাত	করলে	1
আঘাত	করেন	1
আঘাত	দেওয়ার	1
আঘাত	পাক	1
আঘাত	বা	1
আঘাতে	এবং	1
আঙুল	চোষা	1
আঙুল	দিয়ে	1
আঙ্গুল	ফুলে	1
আচরণ	ও	2
আচরণ	করা	2
আচরণ	করে	2
আচরণ	করবে	1
আচরণ	করেছে	1
আচরণ	যা	1
আচরণে	বিয়ে	1
আচরণের	উপর	1
আচরণের	জন্য	1
আচরণের	দ্বারা	1
আচরণের	প্রতিশ্রুতি	1
আচরণের	রহস্য	1
আচরন	ও	1
আচার	অনুষ্ঠান	1
আচ্ছন্ন	হয়	1
আচ্ছা	আবার	1
আছ	কেন	1
আছ	সেভাবেই	1
আছি	আপনার	1
আছে	কি	7
আছে	কিন্তু	5
আছে	তা	5
আছে	বাংলাদেশ	5
আছে	নানা	3
আছে	বাংলাদেশের	3
আছেন	কেন	1
আছেন	তো	1
আছেন	বাংলাদেশের	1
আছেন	যারা	1
আছেন	যিনি	1
আছো	কেন	1
আছো	তো	1
আজ	রাতে	10
আজ	বৃহস্পতিবার	9
আজ	আমার	7
আজ	সকালে	5
আজ	না	4
আজ	আমি	3
আজই	আমাদের	1
আজই	গাছ	1
আজই	ঢাকা	1
আজও	অনুভব	1
আজও	দেরি	1
আজও	পৃথিবীর	1
আজও	রয়ে	1
আজকাল	অনেক	1
আজকাল	অনেকে	1
আজকাল	তোমাকে	1
আজকাল	ভালো	1
আজকাল	সব	1
আজকে	কাজে	2
আজকে	আপনি	1
আজকে	কত	1
আজকে	কেনাকাটা	1
আজকে	তুই	1
আজকে	তুমি	1
আজকেই	যেতে	4
আজকেই	মিটিয়ে	1
আজকের	আবহাওয়া	1
আজকের	তারিখ	1
আজকের	দিনটি	1
আজকের	শিশু	1
আজকের	হিন্দু	1
আজন্ম	মানব	1
আজব	কারখানা	1
আজম	মুহাম্মদ	1
আজমত	উল্লা	3
আজাকি	পাতায়	3
আজীবন	এ	1
আজীবনের	সম্পর্কে	1
আঞ্চলিক	নাম	1
আঞ্চলিক	সংস্থা	1
আঞ্চলিক	সহযোগিতা	1
আঞ্চলিক	সহযোগিতার	1
আট	বছর	3
আট	কেন্দ্রের	1
আট	গুণ	1
আট	ঘণ্টা	1
আট	নয়	1
আট	মাসের	1
আটক	করেছে	3
আটক	করা	2
আটক	করছে	1
আটকানো	ধুলো	1
আটকানো	হলে	1
আটকে	গেছি	1
আটকে	দেওয়া	1
আটকে	পরেছি	1
আটকে	রেখেছিস	1
আটকে	রেখেছেন	1
আটকে	রেখেছো	1
আটটা	বাজে	1
আটটা	সময়ের	1
আটটায়	ঘুম	1
আটটার	আগে	1
আটটার	দিকে	1
আটটার	সময়	1
আটটি	দেশ	1
আটটি	বিভাগ	1
আটটি	সীমান্ত	1
আটটি	হলেও	1
আঠারো	বছর	2
আঠারো	মাসে	2
আড়াই	বছরের	1
আড়াই	যুগ	1
আড়াই	লাখ	1
আড়াল	করে	1
আড়ালে	ডেকে	1
আড়ালে	যাই	1
আড়ালে	হারিয়ে	1
আড়ি	পাতা	2
আড্ডা	বসে	1
আড্ডায়	আপনাকেও	1
আড্ডায়	আহারে	1
আড্ডার	আয়োজন	2
আতঙ্ক	ছড়িয়ে	1
আতঙ্ক	সৃষ্টি	1
আতঙ্কিত	হয়ে	2
আতঙ্কিত	ছিলো	1
আতঙ্কের	নাম	1
আতিথেয়তা	দেখিয়ে	1
আত্মত্যাগ	ও	1
আত্মপ্রকাশ	করে	1
আত্মরক্ষার	অধিকার	2
আত্মরক্ষার	জন্য	1
আত্মসমর্পণ	করা	1
আত্মসমর্পণ	করেন	1
আত্মসম্মান	নিয়ে	1
আত্মহত্যা	করে	2
আত্মহত্যা	করেছে	2
আত্মহত্যা	করেছেন	2
আত্মহত্যা	করলে	1
আত্মহত্যা	করার	1
আত্মা	নয়	1
আত্মা	শুকিয়ে	1
আত্মা	সেই	1
আত্মার	সৃষ্টি	1
আত্মীয়	বলে	2
আত্মীয়	নন	1
আত্মীয়	হিসাবে	1
আত্মীয়দের	বিশ্বাসঘাতকতা	1
আত্মীয়স্বজন	এবং	1
আদর	করছেন	1
আদর	করবো	1
আদর	করুন	1
আদর	করে	1
আদর	করেন	1
আদর	সোহাগ	1
আদর্শ	চাপ	2
আদর্শ	এবং	1
আদর্শ	গ্যাস	1
আদর্শ	সদর	1
আদর্শ	সমীকরণ	1
আদা	বাটা	2
আদা	জল	1
আদান	প্রদান	3
আদান	প্রদানের	2
আদায়	করা	2
আদায়	করে	2
আদায়	করতে	1
আদায়	করো	1
আদায়	হবে	1
আদালত	এর	1
আদালত	তাকে	1
আদালত	থেকে	1
আদালত	পরিচালনা	1
আদালতে	উপস্থিত	1
আদালতে	একটি	1
আদালতে	দেওয়া	1
আদালতে	দেননি	1
আদালতে	যে	1
আদালতের	মাধ্যমে	2
আদালতের	কার্যক্রমে	1
আদালতের	জারি	1
আদালতের	নিকট	1
আদালতের	সঙ্গে	1
আদালতের	সাথে	1
আদি	উৎস	1
আদি	নাম	1
আদি	পাপ	1
আদিতে	ঈশ্বর	2
আদিম	উৎস	1
আদিম	মানুষ	1
আদিম	সমাজ	1
আদেশ	পালন	2
আদেশ	অমান্য	1
আদেশ	আছে	1
আদেশ	দিল	1
আদেশ	দেন	1
আদেশ	মেনে	1
আদেশের	কপি	1
আদৌ	আগ্রহী	1
আদৌ	কথা	1
আদৌ	কাজ	1
আদৌ	সাতার	1
আধা	ঘন্টার	2
আধা	কিলোমিটার	1
আধা	লিটার	1
আধার	জেলা	1
আধিপত্য	প্রতিষ্ঠিত	1
আধুনিক	যুগের	3
আধুনিক	প্রযুক্তির	2
আধুনিক	বাংলা	2
আধুনিক	সমাজকর্ম	2
আধুনিক	জীবন	1
আধুনিক	ভাষা	1
আনতে	ছয়	1
আনতে	পারতেন	1
আনতে	বলো	1
আনতে	ব্যর্থ	1
আনতে	হবে	1
আনন্দ	উৎসবে	1
আনন্দ	কর	1
আনন্দ	করুন	1
আনন্দ	করে	1
আনন্দ	দেয়	1
আনন্দ	লাভ	1
আনন্দদায়ক	করে	1
আনন্দদায়ক	ছিল	1
আনন্দময়	এবং	1
আনন্দে	আপনা	1
আনন্দে	চলার	1
আনন্দে	হেসে	1
আনন্দের	সাথে	2
আনন্দের	অন্যতম	1
আনন্দের	হাসি	1
আনয়ন	একান্ত	1
আনয়ন	করেছে	1
আনলে	পরবর্তীতে	1
আনা	একটি	1
আনা	প্রয়োজন	1
আনা	যায়	1
আনা	সম্ভব	1
আনা	হবে	1
আনা	হয়	1
আনার	জন্য	3
আনার	কাজে	1
আনার	চেষ্টা	1
আনার	নির্দেশ	1
আনারস	কিনতে	1
আনারস	খাচ্ছি	1
আনুগত্য	করতে	1
আনুষ্ঠানিক	বিবৃতি	1
আনুষ্ঠানিক	শিক্ষা	1
আনুষ্ঠানিক	সমর্থন	1
আনুষ্ঠানিক	স্বীকৃতি	1
আনুষ্ঠানিকভাবে	নোটিশ	1
আনুষ্ঠানিকভাবে	বাংলাদেশ	1
আনুষ্ঠানিকভাবে	যোগ	1
আনুষ্ঠানিকভাবে	রাজশাহী	1
আনুষ্ঠানিকভাবে	সামরিক	1
আনে	দিন	1
আনোয়ার	হোসেন	1
আন্তঃমহাদেশীয়	ক্ষেপণাস্ত্র	2
আন্তরিক	একজন	1
আন্তরিক	কঠোর	1
আন্তরিক	ক্ষমাপ্রার্থনা	1
আন্তরিক	শুভেচ্ছা	1
আন্তরিকতার	যথেষ্ট	1
আন্তর্জাতিক	বাণিজ্য	3
আন্তর্জাতিক	আইন	2
আন্তর্জাতিক	সম্পর্ক	2
আন্তর্জাতিক	বন্ড	1
আন্তর্জাতিক	বিমানবন্দর	1
আন্তর্জাতিকভাবে	বিভিন্ন	1
আন্দাজ	করতে	1
আন্দোলন	অন্যতম	1
আন্দোলন	ও	1
আন্দোলন	গড়ে	1
আন্দোলন	চলছিল	1
আন্দোলন	প্রশাসনের	1
আন্দোলন	সংঘটিত	1
আন্দোলনের	অংশ	1
আন্দোলনের	ভয়ে	1
আন্দোলনের	সময়	1
আপত্তি	নেই	3
আপত্তি	আসায়	1
আপত্তি	ছিল	1
আপন	ভালো	3
আপন	শালীকে	1
আপন	হাতের	1
আপনজনের	কণ্ঠে	1
আপনা	আপনিই	1
আপনাকে	কিছু	5
আপনাকে	দেখে	5
আপনাকে	সাহায্য	4
আপনাকে	আপনার	3
আপনাকে	একটি	3
আপনাকে	এটা	2
আপনাকেও	কি	1
আপনাকেও	ধন্যবাদ	1
আপনাকেও	স্বাগতম	1
আপনাদের	বন্ধু	4
আপনাদের	যা	3
আপনাদের	কাছে	2
আপনাদের	দেখে	1
আপনাদের	পার্টিতে	1
আপনাদের	সাথে	1
আপনাদেরকে	আবার	2
আপনাদেরকে	আমার	1
আপনার	কাছে	17
আপনার	কি	14
আপনার	সাথে	13
আপনার	জন্য	9
আপনার	ফোন	7
আপনার	বন্ধু	6
আপনারটা	পান	1
আপনারা	কি	14
আপনারা	সবাই	3
আপনারা	চিৎকার	2
আপনারা	আজকেই	1
আপনারা	আমার	1
আপনারা	আসতে	1
আপনারাই	ভালো	1
আপনি	কি	167
আপনি	কী	21
আপনি	আমার	14
আপনি	কোথায়	13
আপনি	এখানে	11
আপনি	কখন	11
আপনিই	আমার	1
আপনিই	চালান	1
আপনিই	নেচে	1
আপনিই	ভালো	1
আপনিই	সেই	1
আপনিও	যুক্ত	1
আপলোড	করেছি	1
আপাতত	আমি	1
আপাতত	প্রয়োজন	1
আপু	মিলে	1
আপেক্ষিক	আর্দ্রতা	4
আপেক্ষিক	তত্ত্ব	1
আপেক্ষিক	বিষয়	1
আপেল	পছন্দ	2
আপেল	আমার	1
আপেল	খেতে	1
আপেল	ভালোবাসি	1
আপেলটি	তিনি	2
আপেলের	চেয়ে	1
আপেলের	জন্য	1
আপোষ	করেননি	1
আপ্যায়ন	কিংবা	1
আফগানিস্তান	বাংলাদেশ	1
আফগানিস্তান	সালে	1
আফসোসের	বিষয়	1
আফ্রিকা	একটি	1
আফ্রিকা	সালে	1
আফ্রিকায়	অবস্থিত	1
আফ্রিকায়	বিনিয়োগ	1
আফ্রিকার	বৃহত্তম	1
আফ্রিকার	সর্বোচ্চ	1
আবদুর	রশিদ	1
আবদ্ধ	হয়ে	2
আবদ্ধ	ছিল	1
আবদ্ধ	নয়	1
আবর্জনা	এবং	1
আবর্জনা	সংগ্রহকারী	1
আবর্তিত	হয়েছে	1
আবহাওয়া	অফিস	2
আবহাওয়া	আজ	1
আবহাওয়া	ও	1
আবহাওয়া	পর্যবেক্ষণের	1
আবহাওয়ার	উপর	1
আবহাওয়ার	কারণে	1
আবহাওয়ার	পূর্বাভাস	1
আবার	দেখে	8
আবার	পরে	6
আবার	কেউ	3
আবার	আসবেন	2
আবার	কী	2
আবার	চেষ্টা	2
আবারও	এই	1
আবারও	একে	1
আবারও	ঘুরে	1
আবারও	তার	1
আবারও	প্রমাণিত	1
আবারও	ভেসে	1
আবারো	কূটনৈতিক	1
আবারো	তার	1
আবারো	মিসাইল	1
আবাসস্থল	ও	1
আবাসিক	এলাকায়	1
আবাসিক	পরিচালক	1
আবাসিক	বাসার	1
আবাসিক	স্থান	1
আবির্ভাব	প্রত্যাশা	1
আবির্ভাব	হয়	1
আবির্ভাব	হলো	1
আবির্ভূত	হয়	1
আবির্ভূত	হয়েছে	1
আবিষ্কার	করেন	5
আবিষ্কার	করেছেন	3
আবিষ্কার	করেছিল	1
আবিষ্কৃত	এলিয়েন	1
আবিষ্কৃত	পৃথিবীর	1
আবিষ্কৃত	হয়নি	1
আবিষ্কৃত	হয়েছে	1
আবু	জেহেলের	3
আবু	সুফিয়ান	2
আবু	বকর	1
আবুল	আহসান	1
আবৃত	করে	1
আবৃত	ছিল	1
আবৃত	হয়	1
আবেগী	সম্পর্ক	1
আবেদন	করতে	2
আবেদন	করলাম	1
আবেদন	করলে	1
আবেদন	করা	1
আবেদন	করেন	1
আবেদন	জানায়	1
আবেদনের	পরিপ্রেক্ষিতে	2
আবেদনের	ওপর	1
আব্দুল	মালিক	1
আব্দুল	মালিকের	1
আব্দুল	লতিফ	1
আব্দুল্লাহ	অন্যদের	1
আব্দুল্লাহ	আগামীকাল	1
আব্দুল্লাহ	আজ	1
আব্দুল্লাহ	ইবনে	1
আব্দুল্লাহ	এবং	1
আব্দুল্লাহ	তার	1
আব্বাস	তার	1
আব্বু	আমায়	1
আব্বু	আমার	1
আব্বু	বাজারে	1
আব্বুকে	দেখিনি	1
আব্বুর	সাথে	3
আব্রাহাম	তখন	1
আব্রাহামের	সাথে	1
আম	খুঁজছি	1
আম	খেতে	1
আম	জন্মে	1
আম	নিয়ে	1
আম	হয়	1
আমদানি	কমেছে	2
আমদানি	করে	2
আমদানি	কম	1
আমদানি	কমে	1
আমদানি	করা	1
আমদানি	হয়	1
আমদানির	ক্ষেত্রে	1
আমদানির	জন্য	1
আমদানির	মাধ্যমে	1
আমদানী	শুল্কের	2
আমন	চাষের	1
আমন্ত্রণ	গ্রহণ	4
আমন্ত্রণ	জানিয়েছি	2
আমন্ত্রণ	জানাই	1
আমন্ত্রণ	জানিয়েছে	1
আমর	কফি	1
আমর	কিছু	1
আমর	বইটা	1
আমরণ	অনশনের	2
আমরা	সবাই	14
আমরা	আমাদের	10
আমরা	এখানে	8
আমরা	কি	8
আমরা	দুজনেই	6
আমরা	একটি	5
আমরাই	জিতব	1
আমরাও	এখানে	1
আমরাও	খুশি	1
আমলে	দেশে	1
আমলে	প্রতিষ্ঠিত	1
আমলে	ভারতে	1
আমলে	সুন্দর	1
আমাকে	সাহায্য	9
আমাকে	একলা	5
আমাকে	কেউ	5
আমাকে	ঘৃণা	5
আমাকে	তার	5
আমাকে	এই	4
আমাকেই	দেখতে	1
আমাদের	সাথে	12
আমাদের	দেশে	8
আমাদের	জন্য	6
আমাদের	দেশের	6
আমাদের	কী	5
আমাদের	সাহায্য	5
আমাদেরকে	কোন	2
আমাদেরকে	খুব	1
আমাদেরকে	যে	1
আমাদেরকে	রাতে	1
আমাদেরকে	সাবধান	1
আমাদেরকে	হাসপাতালে	1
আমানত	হতে	1
আমানত	হোসেন	1
আমান্ডা	কোন	1
আমায়	ক্ষমা	5
আমায়	অনেক	4
আমায়	বিয়ে	3
আমায়	যেতে	3
আমায়	সাহায্য	3
আমায়	ভুলে	2
আমার	বাবা	48
আমার	সাথে	39
আমার	কাছে	25
আমার	মনে	24
আমার	একটা	23
আমার	জন্য	20
আমারও	খারাপ	1
আমারটা	চাই	1
আমারটা	থেকে	1
আমারা	সমস্যাটার	1
আমারে	একটু	1
আমারে	চুদতে	1
আমি	আমার	70
আমি	তোমার	57
আমি	কি	52
আমি	তোমাকে	46
আমি	আপনার	42
আমি	জানি	36
আমিই	ঠিক	2
আমিই	কেন	1
আমিই	লিখেছি	1
আমিও	এটা	3
আমিও	ওটা	1
আমিও	গেছিলাম	1
আমিও	তোমাকে	1
আমিও	ফরাসি	1
আমিও	হুঙ্কার	1
আমিনুল	ইসলাম	1
আমিশা	প্যাটেলের	2
আমিষ	আমাদের	1
আমের	লোভ	1
আমের	সংযোগ	1
আমেরিকা	আবিষ্কার	2
আমেরিকা	জুড়ে	1
আমেরিকা	বাংলাদেশের	1
আমেরিকা	যাচ্ছি	1
আমেরিকা	যাবে	1
আমেরিকা	যাবেন	1
আমেরিকাকে	একটি	1
আমেরিকাতে	কোন	2
আমেরিকান	বলে	3
আমেরিকানরা	ফুটবল	1
আমেরিকায়	অবস্থিত	1
আমেরিকার	অর্থনীতি	1
আমেরিকার	গৃহযুদ্ধ	1
আমেরিকার	স্প্যানিশদের	1
আম্মা	বলেন	1
আম্মু	কাজ	1
আম্মু	কোথায়	1
আয়	অত্যন্ত	1
আয়	উপার্জন	1
আয়	করি	1
আয়	বৃদ্ধির	1
আয়কর	দিতে	1
আয়কর	শিথিল	1
আয়ত	বলে	2
আয়তন	ও	4
আয়তন	দখল	2
আয়না	নিয়ে	1
আয়নায়	নিজেকে	1
আয়রন	ম্যানের	2
আয়ু	বাড়ে	1
আয়ের	দেশ	4
আয়ের	দেশের	2
আয়ের	অধিক	1
আয়ের	ওপর	1
আয়ের	সঙ্গে	1
আয়োজন	করে	4
আয়োজন	করা	3
আয়োজন	করেছিল	2
আয়োজন	করেছে	2
আয়োজন	করতে	1
আয়োজন	থাকে	1
আয়োজনে	আর্থিক	1
আয়োজনে	চলছে	1
আয়োজনে	তাদের	1
আয়োজনে	সহযোগিতা	1
আয়োজনের	সহযোগী	1
আর	কিছু	9
আর	কী	9
আর	আমি	7
আর	কেউ	7
আর	কোনো	7
আর	কিছুই	6
আরও	কিছু	4
আরও	বাড়বে	4
আরও	চেষ্টা	3
আরও	বেশি	3
আরও	খারাপ	2
আরও	স্বাভাবিক	2
আরব	ও	4
আরব	আমিরাতের	2
আরব	চীন	2
আরব	জাতীয়তাবাদ	2
আরব	দেশের	2
আরব	খ্রিস্টান	1
আরবদের	জীবন	1
আরবদের	স্পেন	1
আরবি	বলতে	2
আরবি	উচ্চারণ	1
আরবি	পড়ি	1
আরবি	ভাষায়	1
আরবি	যাই	1
আরবের	অধিকাংশ	1
আরবের	অধিবাসীদের	1
আরবের	কয়েকটি	1
আরবের	কাছে	1
আরবের	বিখ্যাত	1
আরবের	রাষ্ট্রদূত	1
আরম্ভ	করলাম	1
আরা	বেগম	1
আরাকান	আর্মির	2
আরাম	করো	1
আরাম	দেয়	1
আরাম	মেলে	1
আরামে	দাঁড়াও	1
আরােহণ	করেন	2
আরেক	জিনিস	1
আরেক	দফা	1
আরেক	বন্ধু	1
আরেক	বিখ্যাত	1
আরেকজন	মহিলা	1
আরেকটা	ছিল	1
আরেকটা	দাও	1
আরেকটা	বড়	1
আরেকটা	ভারতে	1
আরেকটা	রাত	1
আরেকটা	সিগারেটের	1
আরেকটি	কম্বল	1
আরেকটি	জাতি	1
আরেকটি	বিষয়	1
আরেকটি	সংবাদ	1
আরেকটু	জোরে	2
আরেকটু	নুন	2
আরেকটু	চাপ	1
আরেকটু	ধীরে	1
আরেকটু	বাড়তে	1
আরেকবার	কাছে	1
আরেকবার	ফোন	1
আরেকবার	বলা	1
আরেকবার	ভাবুন	1
আরেকবার	ভেবে	1
আরো	আস্তে	3
আরো	খুশি	2
আরো	জল	2
আরো	বড়	2
আরো	বলেন	2
আরো	বেড়ে	2
আরোগ্য	লাভ	1
আরোগ্য	হয়তো	1
আরোপ	ও	1
আরোপ	করা	1
আরোপ	করে	1
আরোপ	করেছে	1
আরোপিত	অমানবিক	1
আরোপিত	শিল্প	1
আরোহণ	করেন	2
আরোহন	করে	2
আরোহন	করা	1
আরোহন	করেন	1
আর্ট	বিশেষজ্ঞ	1
আর্ট	বেলজিয়াম	1
আর্থ	সামাজিক	3
আর্থিক	পরিকল্পনা	3
আর্থিক	কর্মকাণ্ড	2
আর্থিক	ব্যবস্থাপক	2
আর্থিক	ব্যবস্থাপনা	2
আর্থিক	সেবা	2
আর্দ্রতা	বেশি	2
আর্মস্ট্রং	সীমার	1
আর্মির	চলমান	1
আর্মির	হাত	1
আল	হাসান	1
আলগা	ফল	1
আলতো	করে	1
আলফ্রেড	নোবেল	1
আলবার্ট	আইনস্টাইনের	1
আলম	ও	2
আলম	ওরফে	1
আলমারিতে	রেখে	1
আলাদা	করে	2
আলাদা	আলাদা	1
আলাদা	ঐতিহ্য	1
আলাদা	করতে	1
আলাদা	রূপে	1
আলাদাভাবে	করা	1
আলাপ	আলোচনায়	1
আলাপ	পাতা	1
আলাপ	হয়েছিল	1
আলামত	কয়টি	1
আলামত	সংগ্রহ	1
আলিঙ্গন	করে	1
আলিফ	এবং	3
আলী	আকবর	1
আলী	এবং	1
আলী	খান	1
আলী	জানান	1
আলু	কিনেছেন	1
আলু	কেটে	1
আলু	লাগিয়েছি	1
আলুর	প্রবর্তন	1
আলেকজান্ডার	গ্রাহাম	1
আলো	ডটকমকে	3
আলো	আছে	2
আলো	নিভিয়ে	2
আলো	মেখে	2
আলো	দেখিয়ে	1
আলো	না	1
আলোকিত	হই	2
আলোকিত	করা	1
আলোকিত	হতো	1
আলোকিত	হয়	1
আলোকে	আমরা	1
আলোকে	নিজেকে	1
আলোকে	প্রতিফলিত	1
আলোকে	বলেন	1
আলোগুলো	তখনো	1
আলোচনা	করা	6
আলোচনা	করে	6
আলোচনা	করতে	4
আলোচনা	আবার	1
আলোচনা	ও	1
আলোচনা	ছেড়ে	1
আলোচনায়	অংশ	1
আলোচনায়	এই	1
আলোচনায়	নতুনত্ব	1
আলোচনার	জন্য	1
আলোচনার	দাবী	1
আলোচনার	পরিবেশ	1
আলোচনার	মাধ্যমে	1
আলোটা	একটু	1
আলোটা	জ্বালিয়ে	1
আলোতে	কাদের	1
আলোয়	আলোকিত	1
আলোয়	এই	1
আলোয়	ও	1
আলোয়	প্রতিবেদন	1
আলোয়	ভিটামিন	1
আলোয়	সেদিন	1
আলোর	তরঙ্গদৈর্ঘ্য	2
আলোর	কাছে	1
আলোর	দরকার	1
আলোর	মাধ্যমে	1
আল্লাহ	তায়ালা	8
আল্লাহ	মানুষকে	4
আল্লাহ	আমাদের	3
আল্লাহ	তাদের	3
আল্লাহ	তায়ালার	3
আল্লাহ	যা	2
আল্লাহই	একমাত্র	1
আল্লাহকে	ভয়	2
আল্লাহর	দরবারে	3
আল্লাহর	নিকট	3
আল্লাহর	অবাধ্য	1
আল্লাহর	ভালোবাসা	1
আল্লাহু	আকবার	1
আশঙ্কা	আছে	1
আশঙ্কা	বেড়ে	1
আশঙ্কা	রয়েছে	1
আশরাফুল	ও	1
আশা	করি	17
আশা	করছি	4
আশা	করা	3
আশা	করছেন	2
আশা	করেছিলাম	2
আশা	করেছিলেন	2
আশায়	চেষ্টা	1
আশায়	নিশ্চিত	1
আশায়	বসে	1
আশার	কথা	1
আশি	নব্বই	1
আশি	বছর	1
আশি	লক্ষ	1
আশেপাশে	জিজ্ঞাসা	2
আশেপাশে	এখনও	1
আশেপাশেই	আছে	2
আশেপাশেই	কোথাও	1
আশেপাশের	লোকজনের	1
আশ্চর্য	লাগলেও	1
আশ্চর্যজনক	ছিল	1
আশ্বস্ত	করেছে	1
আশ্বস্ত	না	1
আশ্বাস	দিয়েছেন	1
আশ্রয়	কামনা	1
আশ্রয়	দিন	1
আশ্রয়	না	1
আশ্রয়	নিতে	1
আশ্রয়	নিয়েছেন	1
আশ্রয়	প্রদান	1
আষাঢ়ে	গল্প	2
আস	না	1
আসক্ত	লোকেরা	1
আসছে	না	2
আসছে	আবার	1
আসছে	এটি	1
আসছে	ও	1
আসছে	মহা	1
আসছে	সেহেতু	1
আসছেন	না	1
আসছো	না	1
আসতে	পারে	8
আসতে	পারবে	5
আসতে	চান	4
আসতে	পারবেন	3
আসতে	পারেন	3
আসতে	চাও	2
আসতেই	হবে	1
আসতো	কেমন	1
আসতো	না	1
আসন	সংরক্ষণ	3
আসন	কোনটি	1
আসন	নতুন	1
আসন	বিন্যাস	1
আসন	মিলিয়ে	1
আসনটা	কি	2
আসনে	চেষ্টা	1
আসনে	পরস্পরের	1
আসনে	সহবাস	1
আসনের	সীমানা	1
আসন্ন	জাতীয়	1
আসন্ন	বাজেটে	1
আসন্ন	যেকোনো	1
আসব	পার্টিতে	1
আসবাবপত্র	ছিল	1
আসবে	কি	4
আসবে	বলে	2
আসবে	সে	2
আসবে	কিন্তু	1
আসবে	না	1
আসবে	সফলতা	1
আসবেই	যদি	1
আসবেন	না	3
আসবেন	কি	1
আসবেন	কিন্তু	1
আসবেন	তখন	1
আসবো	আমি	1
আসবো	ঠিক	1
আসবো	না	1
আসমানী	কিতাব	3
আসর	বন্ধ	1
আসল	কথা	1
আসল	বাবা	1
আসল	রুপে	1
আসল	রূপা	1
আসল	হীরা	1
আসলে	আমি	2
আসলে	তার	1
আসলে	যেকোনো	1
আসলে	শুধু	1
আসলে	সেখানে	1
আসলেই	ওটা	1
আসলেই	ছিল	1
আসলেই	বোকা	1
আসা	পর্যন্ত	5
আসা	হবে	2
আসা	হলো	2
আসা	কাছাকাছি	1
আসা	তাঁরা	1
আসা	মেলার	1
আসাদুজ্জামান	এসব	1
আসামি	করে	1
আসামি	পালিয়ে	1
আসামি	হওয়ায়	1
আসামী	পক্ষের	3
আসামী	আব্দুল্লাহ	2
আসামী	ও	2
আসামী	তার	2
আসামী	নিজেকে	1
আসামী	সুরেশ	1
আসামীকে	জরিমানা	1
আসামীকে	নির্দোষ	1
আসামীকে	রিমান্ডে	1
আসামীগণ	তার	2
আসামীদের	বাড়িতে	2
আসামীদের	গ্রেফতার	1
আসামীর	বাড়িতে	2
আসামীর	নিয়মিত	1
আসামীর	বসত	1
আসায়	এর	1
আসায়	তা	1
আসায়	দুঃখিত	1
আসার	কারণ	2
আসার	সময়	2
আসার	জন্য	1
আসার	পরামর্শ	1
আসার	পূর্বে	1
আসার	সাহস	1
আসিস	না	1
আসুক	তোমার	1
আসুন	আলোচনা	1
আসুন	এই	1
আসুন	এটা	1
আসুন	এটি	1
আসুন	শুধু	1
আসে	না	11
আসে	তখন	3
আসে	যায়	3
আসে	ঠিক	1
আসে	নি	1
আসেন	তিনি	1
আসেন	দ্বিতীয়	1
আসেন	না	1
আসেন	সালে	1
আসেননি	এবং	1
আসো	না	1
আস্ত	পরিশ্রম	1
আস্তানার	মতো	1
আস্তে	আস্তে	9
আস্তে	করে	5
আস্তে	কথা	3
আস্তে	গাড়ি	2
আস্তে	হাঁটুন	2
আস্তে	চালান	1
আস্থা	রাখো	2
আস্থা	ও	1
আস্থা	ক্রমেই	1
আস্থা	ফিরিয়ে	1
আস্থা	হারানো	1
আস্থা	হারিয়ে	1
আহত	হন	2
আহত	হয়েছেন	2
আহত	অবস্থায়	1
আহত	করে	1
আহত	ব্যক্তিদের	1
আহত	হয়নি	1
আহতদের	অনেকেই	1
আহতদের	দ্রুত	1
আহমেদ	বলেন	2
আহমেদ	ও	1
আহমেদ	জানান	1
আহমেদ	বলেছেন	1
আহমেদ	শিক্ষার্থীদের	1
আহমেদ	সেদিন	1
আহরণ	করতে	1
আহসান	চৌধুরী	1
আহ্বান	জানিয়েছে	2
আহ্বান	জানিয়েছেন	2
আহ্বান	করা	1
আহ্বান	জানান	1
আহ্বান	জানায়	1
আ্যলেক্সকে	জিজ্ঞাসা	3
ই	কার	2
ই	জুন	1
ই	বাণিজ্য	1
ই	মেইল	1
ই	স্টোর	1
ইঁচড়ে	পাকা	2
ইঁদুর	কপালে	1
ইঁদুর	মাটির	1
ইংরাজি	বলতে	5
ইংরাজি	পড়া	2
ইংরেজ	ইস্ট	1
ইংরেজ	এবং	1
ইংরেজ	পদার্থবিদ	1
ইংরেজ	বিজ্ঞানী	1
ইংরেজদের	চক্রান্ত	1
ইংরেজদের	সঙ্গে	1
ইংরেজরা	বাংলাদেশে	1
ইংরেজি	উইকিপিডিয়া	3
ইংরেজি	শিখতে	3
ইংরেজি	পড়েন	1
ইংরেজি	শিখলাম	1
ইংরেজি	সংস্করণ	1
ইংরেজিতে	অনুবাদ	1
ইংরেজিতে	পাঠাতে	1
ইংরেজী	বলে	1
ইংল্যান্ড	ইউরোপের	1
ইংল্যান্ড	এবং	1
ইংল্যান্ডের	দক্ষিণ	1
ইংল্যান্ডের	দক্ষিণে	1
ইংল্যান্ডের	রাজধানী	1
ইউটিউবে	আমার	1
ইউনিক	হোটেল	1
ইউনিটে	নতুন	1
ইউনিটের	দাম	1
ইউনিটের	লেনদেন	1
ইউনিভার্সিটির	টি	1
ইউনিয়নের	উত্তর	1
ইউনিয়নের	নেতৃত্ব	1
ইউনিয়নের	বাসিন্দা	1
ইউনিয়নের	সরকারী	1
ইউরো	হলো	1
ইউরোপ	আমেরিকা	1
ইউরোপীয়	ইউনিয়নের	2
ইউরোপীয়	মূল	1
ইউরোপে	গেছেন	1
ইউরোপে	গেছো	1
ইউরোপের	একটি	1
ইউরোপের	তিন	1
ইকবাল	হায়দার	1
ইকুইপমেন্ট	কিনতে	2
ইঙ্গিত	করা	1
ইঙ্গিত	বিদ্যমান	1
ইচ্ছা	আছে	3
ইচ্ছা	ছিল	2
ইচ্ছা	পোষণ	2
ইচ্ছা	সেটা	2
ইচ্ছা	যেমন	1
ইচ্ছা	রয়েছে	1
ইচ্ছাকৃতভাবে	খুন	1
ইচ্ছাকৃতভাবে	মিথ্যা	1
ইচ্ছার	মূল্য	1
ইচ্ছে	হয়	5
ইচ্ছে	তত	4
ইচ্ছে	থাকতে	4
ইচ্ছে	আছে	2
ইচ্ছে	করছে	2
ইচ্ছে	তাই	2
ইঞ্জিন	কি	1
ইঞ্জিন	হিসেবে	1
ইঞ্জিনিয়ার	হতে	1
ইঞ্জিনিয়ারিং	এবং	1
ইঞ্জিনিয়ারিং	কর্পোরেশনের	1
ইঞ্জিনিয়ারিং	ভর্তি	1
ইঞ্জিনের	বিপরীত	1
ইটালিয়ান	খাবার	1
ইতর	বিশেষ	1
ইতস্তত	করে	1
ইতস্তত	বোধ	1
ইতালি	খুব	1
ইতালীয়	ভাষায়	2
ইতি	ঘটিয়ে	1
ইতি	টানার	1
ইতিবাচক	দিক	1
ইতিবাচক	ফলাফল	1
ইতিবাচক	ভূমিকা	1
ইতিবাচক	হিসাবে	1
ইতিমধ্যে	এক	1
ইতিমধ্যে	কৃষি	1
ইতিমধ্যে	দাঁড়িয়ে	1
ইতিমধ্যে	বাংলাদেশ	1
ইতিমধ্যেই	সাতটা	1
ইতিহাস	ও	4
ইতিহাস	আবর্তিত	1
ইতিহাস	ক্লাস	1
ইতিহাস	জানতে	1
ইতিহাস	নিজেই	1
ইতিহাসও	রয়েছে	2
ইতিহাসে	কারবালার	2
ইতিহাসে	এমন	1
ইতিহাসে	গৌরবময়	1
ইতিহাসে	জেরুজালেম	1
ইতিহাসে	প্রাচীন	1
ইতিহাসের	আশ্রয়	1
ইতিহাসের	পাতায়	1
ইতোমধ্যে	শেয়ার	1
ইতোমধ্যেই	ইংরেজি	1
ইত্যাদি	প্রতিটি	1
ইত্যাদি	প্রাকৃতিক	1
ইত্যাদি	ফুল	1
ইত্যাদি	বিক্রি	1
ইত্যাদি	রোগের	1
ইত্যাদি	সঠিকভাবে	1
ইন	রান্নাঘর	1
ইনজেকশন	দিতে	1
ইনশাআল্লাহ	দেশের	1
ইনি	আমার	2
ইনি	এই	1
ইনি	জাপানি	1
ইনি	জিজ্ঞাসা	1
ইনি	দৌড়ান	1
ইনি	বাচ্চাদের	1
ইন্টারনেট	সংযোগ	2
ইন্টারনেট	ব্যবহার	1
ইন্টারনেট	ব্যবহারকারী	1
ইন্টারনেট	ব্যবহারের	1
ইন্টারনেটে	নষ্ট	1
ইন্টারনেটে	মাদক	1
ইন্টারনেটে	সবচেয়ে	1
ইন্টারনেটের	ব্যবহার	2
ইন্টারনেটের	সাথে	1
ইন্ডিয়া	কোম্পানি	1
ইন্ডিয়া	কোম্পানির	1
ইন্সপেক্টর	অভিজিৎ	3
ইব্রাহিম	হোসেন	1
ইভান	সমকামীদের	1
ইমরান	বলেন	1
ইমাম	হাসানের	2
ইমাম	হুসাইনের	2
ইয়র্কে	একটা	1
ইয়র্কের	কোনো	1
ইয়র্কের	ট্রেনটা	1
ইয়ানি	তার	3
ইয়ার্কি	করছি	1
ইয়াহিয়া	একজন	2
ইয়াহু	নিজেদের	1
ইরাকের	বন্দিদের	1
ইরাকের	হাজার	1
ইরান	ও	2
ইরান	এই	1
ইরান	একে	1
ইরান	ভ্রমণ	1
ইরান	সরকার	1
ইরানি	হামলার	2
ইরানের	হামলার	4
ইরানের	বিরুদ্ধে	3
ইরানের	কনস্যুলেটে	2
ইরানের	ক্ষেপণাস্ত্র	2
ইরানের	হামলা	2
ইলিয়াস	একজন	1
ইশারা	ও	2
ইশারা	ভাষার	1
ইশারায়	সংবাদ	1
ইসমাইল	এলাকায়	1
ইসমাইল	হোসেন	1
ইসরাইল	কি	2
ইসরাইল	প্রতিষ্ঠার	2
ইসরাইলি	ভূখণ্ড	3
ইসরাইলি	সেনাবাহিনীর	2
ইসরাইলের	ওপর	3
ইসরাইলের	প্রধানমন্ত্রী	2
ইসরায়েল	ও	3
ইসরায়েলের	সঙ্গে	3
ইসরায়েলের	কোনো	2
ইসরায়েলের	মধ্যে	2
ইসলাম	ধর্মের	3
ইসলাম	প্রচার	3
ইসলাম	খ্রিস্টান	2
ইসলাম	ধর্ম	2
ইসলাম	সম্পর্কে	2
ইসলামী	ছাত্রশিবির	4
ইসলামী	ব্যাংক	1
ইসলামী	ব্যাংকের	1
ইসলামের	ইতিহাসে	5
ইস্ট	ইন্ডিয়া	2
ইস্টার্ন	কেপ	1
ইস্যু	করা	1
ইহা	উল্টে	1
ইহুদি	ধর্মের	2
ইহুদি	ধর্ম	1
ইহুদি	ধর্মে	1
ইহুদিদের	ঘৃণা	2
ইহুদিদের	ধর্মীয়	1
ইহুদিদের	হামলা	1
ইহুদিরা	খ্রিস্টধর্মের	2
ইহুদিরা	জার্মান	2
ইহুদিরা	বিশ্বাস	2
ইহুদীরা	সিরিয়া	1
ঈদ	উল	1
ঈদ	ও	1
ঈদ	নামাজের	1
ঈদ	পরিবারের	1
ঈদুল	ফিতর	3
ঈদুল	আজহা	2
ঈদের	দিন	5
ঈদের	দিনে	4
ঈদের	কেনাকাটা	3
ঈর্ষান্বিত	নয়	1
ঈর্ষান্বিত	না	1
ঈর্ষান্বিত	হয়	1
ঈশ্বর	মনে	2
ঈশ্বর	যা	2
ঈশ্বর	আমাকে	1
ঈশ্বর	ছিলেন	1
ঈশ্বরকে	ভালবাসেন	1
ঈশ্বরে	বিশ্বাস	2
ঈশ্বরে	অচল	1
ঈশ্বরের	অস্তিত্বকে	1
ঈশ্বরের	অস্তিত্বের	1
ঈশ্বরের	উপরে	1
ঈশ্বরের	কাছে	1
ঈশ্বরের	নামে	1
ঈশ্বরের	পুত্র	1
উ	কার	1
উঁচু	করেই	1
উঁচু	থেকে	1
উঁচু	দেয়ালে	1
উঁচুতে	ছিল	1
উঁচুতে	লাফ	1
উঁচুতে	লাফাতে	1
উইং	কমান্ডার	1
উইকিপিডিয়া	হলো	3
উইকিপিডিয়া	থেকে	2
উইকিপিডিয়া	নিবন্ধ	1
উইকিপিডিয়া	নিয়ে	1
উইকিপিডিয়া	সম্প্রদায়	1
উইকিপিডিয়া	হতে	1
উইলিয়াম	কলেজের	1
উইলিয়াম	সব	1
উকিল	কে	1
উচিত	ছিল	6
উচিত	নয়	6
উচিত	হবে	4
উচিত	হয়নি	3
উচিত	না	2
উচিত	বলে	2
উচিৎ	নয়	4
উচিৎ	যে	1
উচিৎ	হয়নি	1
উচুঁ	করে	1
উচ্চ	মাধ্যমিক	4
উচ্চ	আদালত	1
উচ্চ	মধ্যম	1
উচ্চ	শিক্ষিত	1
উচ্চতর	শিক্ষা	1
উচ্চতা	নেই	2
উচ্চতা	ও	1
উচ্চতা	কিছুই	1
উচ্চতা	নির্ণয়	1
উচ্চারণ	ও	2
উচ্চারণ	কিভাবে	2
উচ্চারণ	করে	1
উচ্চারণ	কী	1
উচ্চারণ	না	1
উচ্চারণ	নেই	1
উচ্চারণের	সুবিধার	2
উচ্চারিত	হলে	2
উচ্ছৃঙ্খল	কিছু	1
উজ্জ্বল	ছিল	1
উজ্জ্বল	ভাইয়া	1
উজ্জ্বল	হয়ে	1
উট	ছাড়া	1
উঠতে	পারিনি	2
উঠতে	থাকে	1
উঠতে	দেখি	1
উঠতে	পারছিলাম	1
উঠতে	পারে	1
উঠতে	সাহায্য	1
উঠবে	এবং	1
উঠলে	অন্ধকার	1
উঠলে	সে	1
উঠলো	না	1
উঠি	না	1
উঠে	দাঁড়ালো	3
উঠে	আমার	2
উঠে	এসেছে	2
উঠে	দাঁড়ালেন	2
উঠে	জানলা	1
উঠে	বিছানা	1
উঠেছে	স্থানীয়	1
উড়তে	পারি	1
উড়িয়ে	দেওয়ার	1
উড়ে	দেখে	1
উড়ে	বেড়ায়	1
উড়ে	যেতে	1
উড়োজাহাজ	ও	1
উত্তপ্ত	হয়েছে	1
উত্তম	আদর্শ	1
উত্তম	মাধ্যম	1
উত্তর	কোরিয়ার	4
উত্তর	দিতে	4
উত্তর	কোরিয়া	3
উত্তর	ভুল	3
উত্তর	ভারতের	2
উত্তর	সঠিক	2
উত্তরটা	জানিনা	1
উত্তরে	কাজ	1
উত্তরের	জন্য	1
উত্তরের	দক্ষিণে	1
উত্তাল	হাওয়া	1
উত্তীর্ণ	হতেই	2
উত্তীর্ণ	ও	1
উত্তীর্ণ	হওয়ার	1
উত্তীর্ণ	হবে	1
উত্তীর্ণ	হয়ে	1
উত্তীর্ণ	হয়েছি	1
উত্তেজনা	বাড়ছে	1
উত্তেজনার	কারণে	2
উত্তেজনার	কারণ	1
উত্তেজিত	হয়ে	2
উত্তেজিত	ছিলেন	1
উত্তেজিত	হিন্দু	1
উত্তোলন	করবেন	2
উত্তোলন	করতে	1
উত্থান	ও	2
উত্থান	হবে	1
উত্থাপন	করেন	1
উদয়	আস্ত	1
উদয়	হয়	1
উদযাপন	করা	4
উদযাপন	করছেন	1
উদযাপন	করত	1
উদযাপন	করেছি	1
উদযাপনের	বাহ্যিক	1
উদার	ও	2
উদার	আলোয়	1
উদার	মনোভাব	1
উদারতার	কারণে	1
উদারতার	তারিফ	1
উদাসীন	এবং	1
উদাহরণ	প্রত্যেকটা	1
উদাহরণ	রয়েছে	1
উদাহরণ	হিসেবে	1
উদিত	হয়	2
উদিত	হচ্ছে	1
উদ্দিন	এবং	2
উদ্দিন	কিরণ	1
উদ্দিন	চৌধুরী	1
উদ্দীপকের	প্রতি	2
উদ্দেশে	আজ	1
উদ্দেশে	বলেন	1
উদ্দেশে	রওনা	1
উদ্দেশ্য	নিয়ে	2
উদ্দেশ্য	কী	1
উদ্দেশ্য	ছিল	1
উদ্দেশ্য	হবে	1
উদ্দেশ্যে	বেশকিছু	2
উদ্দেশ্যে	টাকা	1
উদ্দেশ্যে	নিজ	1
উদ্দেশ্যে	যায়	1
উদ্দেশ্যে	রওনা	1
উদ্দেশ্যে	হুমকি	1
উদ্ধার	করে	5
উদ্ধার	করতে	2
উদ্ধার	করেছে	1
উদ্ধার	করেন	1
উদ্ধার	করো	1
উদ্ধৃত	করে	3
উদ্ধৃতি	দিয়েছি	1
উদ্বিগ্ন	ছিলাম	1
উদ্বিগ্ন	হন	1
উদ্বুদ্ধ	করবো	1
উদ্বুদ্ধ	করে	1
উদ্বুদ্ধ	করেছে	1
উদ্বোধন	এবং	1
উদ্বোধন	করতে	1
উদ্বোধন	করা	1
উদ্ভব	ঘটে	3
উদ্ভব	হয়েছে	3
উদ্ভব	ও	1
উদ্ভব	ঘটেছে	1
উদ্ভব	হয়	1
উদ্ভাবন	এবং	1
উদ্ভাবন	ও	1
উদ্ভাবন	করা	1
উদ্ভাবন	করেছে	1
উদ্ভাবিত	নতুন	1
উদ্ভিদ	ও	1
উদ্ভিদ	দেখতে	1
উদ্ভিদ	নিজের	1
উদ্ভিদ	বলে	1
উদ্ভিদ	রয়েছে	1
উদ্ভিদ	সূর্যের	1
উদ্ভিদের	পানির	1
উদ্ভিদের	ফুল	1
উদ্ভিদের	বৃদ্ধির	1
উদ্ভিদের	মূল	1
উদ্ভিদের	রোদ	1
উদ্যম	উদ্যোগ	2
উদ্যমী	ব্যক্তি	1
উদ্যোক্তা	পাকিস্তানে	1
উদ্যোক্তাদের	বিপদে	1
উদ্যোগ	নেওয়া	2
উদ্যোগ	আর	1
উদ্যোগ	নিয়েছে	1
উদ্যোগ	নেন	1
উদ্যোগ	ব্যর্থ	1
উনাকে	এটা	1
উনাকে	কি	1
উনাকে	কোনো	1
উনাকে	ভালোবাসতেন	1
উনাকে	সাঁতার	1
উনার	নাম	2
উনার	কতগুলো	1
উনার	কাছে	1
উনার	কি	1
উনার	তীব্র	1
উনার	বড়	1
উনারা	সমকামী	1
উনি	কি	7
উনি	একজন	5
উনি	আমাকে	4
উনি	কী	4
উনি	ফল	4
উনি	যা	4
উন্নত	করা	2
উন্নত	এবং	1
উন্নত	ছিল	1
উন্নত	দেশের	1
উন্নত	বিশ্বে	1
উন্নতমানের	পণ্য	1
উন্নতি	করতে	1
উন্নতি	সম্ভব	1
উন্নতি	হচ্ছে	1
উন্নতি	হয়েছে	1
উন্নতির	জন্য	1
উন্নতির	সোপান	1
উন্নয়ন	ও	2
উন্নয়ন	ছাড়া	1
উন্নয়ন	সাধিত	1
উন্নয়ন	হবে	1
উন্নয়ন	হয়	1
উন্নয়ন	হলে	1
উন্নয়নশীল	দেশে	3
উন্নয়নে	একটি	1
উন্নয়নে	গুরুত্বপূর্ণ	1
উন্নয়নে	চীন	1
উন্নয়নে	বিধবা	1
উন্নয়নে	সরকার	1
উন্নয়নের	জন্য	2
উন্নয়নের	পূর্বশর্ত	2
উন্নয়নের	সাথে	2
উন্মুক্ত	এই	1
উন্মুক্ত	হয়েছে	1
উন্মোচন	করে	1
উন্মোচিত	হবেই	1
উন্মোচিত	হয়েছে	1
উপকরণ	ভিন্ন	1
উপকার	করার	1
উপকার	হলো	1
উপকারিতা	অনেক	1
উপকারিতা	আছে	1
উপকূল	ও	1
উপকূল	দিয়ে	1
উপকূলীয়	জাহাজ	1
উপকূলীয়	জাহাজে	1
উপকূলে	অবস্থিত	1
উপকূলের	কাছে	1
উপগ্রহ	মেরামত	1
উপজেলা	মুক্তিযোদ্ধা	2
উপড়ে	ফেলো	1
উপত্যকায়	তাদের	1
উপদেশ	ও	2
উপদেশ	অপেক্ষা	1
উপদেশ	দিয়ে	1
উপদেশের	কোনো	1
উপদেশের	মর্ম	1
উপদেষ্টা	পরিষদের	1
উপনিবেশ	ছিল	1
উপনীত	হয়	1
উপন্যাস	কবে	2
উপন্যাস	কোনটি	2
উপন্যাস	পড়তে	2
উপন্যাস	লেখা	2
উপন্যাস	লিখছি	1
উপন্যাস	লিখেছেন	1
উপন্যাসটি	জার্মান	2
উপভোগ	করেছি	3
উপভোগ	করতে	2
উপভোগ	করছিলাম	1
উপভোগ	করছেন	1
উপভোগ	করবেন	1
উপভোগ	করে	1
উপভোগ্য	মনে	1
উপযুক্ত	করে	2
উপযুক্ত	আসন	1
উপযুক্ত	ও	1
উপযুক্ত	হয়ে	1
উপর	নির্ভর	4
উপর	অতর্কিত	2
উপর	গোসল	2
উপর	নির্ভরশীল	2
উপর	ভিত্তি	2
উপর	রয়েছে	2
উপরিভাগ	মাটি	2
উপরে	নির্ভর	3
উপরে	আস্থা	2
উপরে	থাকবে	1
উপরে	দেখুন	1
উপরে	ধুলো	1
উপরে	রাগ	1
উপরের	অংশে	1
উপরের	এক	1
উপলক্ষে	কলেজ	1
উপলক্ষে	তাকে	1
উপলক্ষে	সকল	1
উপলক্ষ্যে	শিক্ষার্থীদের	2
উপলক্ষ্যে	একটি	1
উপলক্ষ্যে	ঘরে	1
উপলক্ষ্যে	বিভিন্ন	1
উপলব্ধ	নয়	1
উপলব্ধি	করে	1
উপস্থাপন	করছি	1
উপস্থাপন	করেছিল	1
উপস্থাপন	করেন	1
উপস্থিত	ছিলেন	4
উপস্থিত	হয়	2
উপস্থিত	থাকতে	1
উপস্থিত	হবি	1
উপস্থিত	হবে	1
উপস্থিত	হবেন	1
উপস্থিতি	এবং	1
উপস্থিতি	নিশ্চিত	1
উপহার	প্রদান	2
উপহার	পাঠানোর	1
উপহার	বলা	1
উপহার	হিসেবে	1
উপহারের	জন্য	1
উপহারের	বাক্সে	1
উপাদান	অর্থাৎ	1
উপাদান	আমাদের	1
উপাদান	হয়ে	1
উপাদান	হিসেবে	1
উপাদানের	সমন্বয়ে	1
উপায়	হয়	2
উপায়	কী	1
উপায়	খুঁজে	1
উপায়	ছিল	1
উপায়	নেই	1
উপায়	ব্যবস্থাপনা	1
উপায়ে	আদর	1
উপায়ে	বর্জ্য	1
উপায়ে	বৈধ	1
উপার্জন	করতে	1
উপার্জন	করে	1
উপার্জন	বেশি	1
উপাসনা	চলাকালীন	1
উপেক্ষা	করা	3
উপেক্ষা	করতে	1
উপেক্ষা	করি	1
উভয়	আপিলের	2
উভয়	ডিমের	1
উভয়	দিক	1
উভয়	পক্ষের	1
উভয়	পার্শ্ব	1
উভয়ই	সমান	1
উভয়েই	ডাক্তার	1
উভয়েই	তৃতীয়	1
উভয়ের	উপর	1
উভয়ের	ক্ষেত্রেই	1
উভয়ের	বীর্য	1
উভয়ের	মনে	1
উভয়ের	মাঝেই	1
উমাইয়া	বংশের	3
উল্টে	পাল্টে	1
উল্টে	যায়	1
উল্টো	দিকে	1
উল্লা	খান	2
উল্লেখ	করা	1
উল্লেখ	করেছেন	1
উল্লেখ	করেন	1
উল্লেখ	থাকলেও	1
উল্লেখ	নেই	1
উল্লেখযোগ্য	ভূমিকা	2
উল্লেখযোগ্য	ঘটনা	1
উল্লেখযোগ্য	দিক	1
উল্লেখিত	অবৈধ	1
উল্লেখিত	সংবাদপত্রের	1
উষ্ণ	আছে	1
উষ্ণ	ছিল	1
উহুদের	যুদ্ধে	2
উৎকৃষ্ট	সময়	1
উৎকৃষ্ট	সমাজের	1
উৎপত্তি	এবং	1
উৎপত্তি	জানতে	1
উৎপত্তি	ভারতে	1
উৎপত্তি	ভূমি	1
উৎপন্ন	করা	1
উৎপন্ন	করে	1
উৎপন্ন	হয়েছে	1
উৎপাদন	করতে	2
উৎপাদন	করা	1
উৎপাদন	কেন্দ্র	1
উৎপাদন	ক্ষমতা	1
উৎপাদন	প্রায়	1
উৎপাদন	বৃদ্ধির	1
উৎপাদনের	জন্য	1
উৎস	থেকে	3
উৎস	অনার্য	2
উৎস	হলো	2
উৎস	খোঁজা	1
উৎস	হতে	1
উৎসব	আয়োজনে	1
উৎসব	ও	1
উৎসব	ছিল	1
উৎসব	হিসেবে	1
উৎসবে	মেতে	1
উৎসবের	উল্লেখ	1
উৎসবের	সময়কে	1
উৎসর্গ	করতে	1
উৎসর্গ	করেছেন	1
উৎসাহ	দিয়েছিলো	1
উৎসাহ	দেখে	1
উৎসাহ	দেন	1
উৎসাহিত	করতে	1
উৎসাহিত	করলেন	1
উৎসুক	হয়ে	1
ঋণ	প্রদান	3
ঋণ	গ্রহণ	2
ঋণ	দেওয়া	2
ঋণ	স্বীকার	2
ঋণ	পরিশোধ	1
ঋণের	চেয়ে	2
ঋণের	অস্তিত্ব	1
ঋণের	ক্ষেত্রে	1
ঋণের	বোঝা	1
ঋণের	হার	1
ঋতু	পরিবর্তনের	1
ঋতু	বসন্ত	1
ঋষি	সিদ্ধার্থকে	1
এ	ব্যাপারে	19
এ	ধরনের	10
এ	তথ্য	8
এ	কথা	7
এ	কাজ	6
এ	ক্ষেত্রে	6
এঁকে	জীবিকা	1
এই	বিষয়ে	11
এই	নাও	7
এই	বইটা	7
এই	বিষয়	7
এই	নিন	6
এই	বইটি	5
এইখানে	সই	1
এইখানে	সবথেকে	1
এইগুলো	পাখি	1
এইটাই	খুজছিলাম	1
এইটাই	চাই	1
এইড	কার্যালয়	1
এইডস	থেকে	1
এইডস	মহামারি	1
এইভাবে	করলে	1
এইভাবে	তুমি	1
এইভাবে	ভয়	1
এইমাত্র	দেখলাম	1
এইমাত্র	বাড়িতে	1
এইসব	এত	1
এইসবের	কোনো	1
এক	বছর	8
এক	সমকোণ	5
এক	হাজার	5
এক	ঘণ্টা	4
এক	প্রকার	4
এক	ব্যক্তি	4
একই	সঙ্গে	5
একই	ভুল	3
একই	সাথে	2
একই	কীভাবে	1
একই	ঘটনা	1
একই	শব্দের	1
একক	কোম্পানি	2
একক	যা	2
একখানা	বই	2
একগাদা	জিনিসপত্রের	1
একচেটিয়া	রাজত্ব	1
একজন	ডাক্তার	12
একজন	ভালো	6
একজন	পুরুষ	4
একজন	মহিলা	4
একজন	শিক্ষক	4
একজন	বিখ্যাত	3
একজনকে	আলাদা	1
একজনকেও	দেখা	1
একজনের	অপরাধের	1
একজনের	জন্য	1
একজোট	হয়েছে	1
একট	ছোট	1
একটা	নতুন	7
একটা	ভালো	5
একটা	বন্ধু	4
একটা	ভুল	4
একটা	বিড়াল	3
একটা	সিনেমা	3
একটাই	কম্বল	1
একটাই	চাওয়া	1
একটাই	জানালা	1
একটানা	অনেকক্ষণ	1
একটানা	কতক্ষণ	1
একটানা	চলছে	1
একটানা	ফ্লাইট	1
একটার	মধ্যে	1
একটি	দেশ	14
একটি	গুরুত্বপূর্ণ	9
একটি	বই	8
একটি	নতুন	7
একটি	ছোট	5
একটি	সামাজিক	5
একটিও	সাবমেরিন	1
একটু	বেশিই	6
একটু	ঘুমিয়ে	3
একটু	শান্ত	3
একটু	জল	2
একটু	বেশি	2
একটু	লিখে	2
একটুও	ক্লান্ত	1
একটুও	লবণ	1
একত্র	হয়েছি	1
একত্রিত	করে	1
একত্রিত	করেন	1
একত্রিত	হই	1
একত্রিত	হতে	1
একত্রিত	হয়েছিল	1
একথা	কোনদিন	1
একথা	বলিনি	1
একথা	বিশ্বাস	1
একদম	একমত	1
একদম	ঠিক	1
একদম	পাগল	1
একদম	বাজে	1
একদম	ভুলবে	1
একদম	ভুলবেন	1
একদমই	অপেক্ষা	1
একদমই	অভিযোগ	1
একদমই	উচিত	1
একদমই	করা	1
একদমই	ক্লান্ত	1
একদল	দুর্বৃত্ত	1
একদল	বিজ্ঞানী	1
একদল	লোক	1
একদা	এই	1
একদিন	না	2
একদিন	মরতে	2
একদিন	মানুষের	2
একদিন	মিশরে	2
একদিন	আমি	1
একদিন	চলে	1
একদিনে	গড়ে	1
একদিনে	সাফল্য	1
একদিনের	ছুটি	2
একদিনের	জন্য	1
একপাশে	বসে	1
একপাশে	সরে	1
একপ্রকার	কর	1
একপ্রকার	মানসিক	1
একফোঁটা	বীর্য	1
একবার	বলতে	3
একবার	এসো	2
একবার	কল	2
একবার	আমার	1
একবার	করে	1
একবার	চেষ্টা	1
একবারই	ঘটেছে	1
একবারের	বেশি	2
একমত	নই	4
একমত	হতে	1
একমাত্র	রপ্তানিনির্ভর	2
একমাত্র	প্রার্থী	1
একমাত্র	বিকল্প	1
একমাস	ধরে	1
একরকম	পছন্দ	1
একলা	ছেড়ে	3
একলা	ফেলে	3
একলা	পিয়ানোটা	2
একলা	ছিলাম	1
একলা	থাকতে	1
একলা	হতে	1
একশ	বছর	1
একশবার	বলেছি	2
একসঙ্গে	কাজ	1
একসঙ্গে	সিনেমা	1
একসঙ্গে	সেদ্ধ	1
একসঙ্গে	সেরে	1
একসময়	কুলি	1
একসময়	তাকে	1
একসময়	ভারতের	1
একসাথে	কাজ	2
একসাথে	আউট	1
একসাথে	খাই	1
একসাথে	ফুটবল	1
একসাথে	হাই	1
একা	একা	4
একা	ছিলাম	2
একা	থাকার	2
একা	যেতে	2
একা	থাকবে	1
একা	থাকবেন	1
একাই	ওটা	1
একাই	কাজ	1
একাকি	পুরুষের	1
একাকি	সেখানে	1
একাডেমী	থেকে	1
একাডেমী	বাগানের	1
একাধারে	কবি	1
একাধিক	কর্মী	1
একাধিক	বানান	1
একান্ত	প্রয়োজন	3
একান্ত	কর্তব্য	2
একান্তই	আপনার	1
একান্তে	কথা	1
একান্তে	গোপনে	1
একুশ	শতকের	1
একে	অপরকে	9
একে	অপরের	5
একে	একে	2
একে	অলৌকিক	1
একে	কোষের	1
একে	লাফ	1
একেই	বলে	2
একেক	রকম	3
একেক	অঞ্চল	1
একেক	ধরনের	1
একেক	প্রজাতির	1
একেবারে	অসম্ভব	2
একেবারে	অজ	1
একেবারে	দ্বারপ্রান্তে	1
একেবারে	নিষিদ্ধ	1
একেবারে	সস্তা	1
একেবারেই	নয়	1
একের	পর	3
এক্ষুনি	আসছি	1
এক্ষুনি	আসছে	1
এক্ষেত্রে	কাজে	1
এক্ষেত্রে	কী	1
এক্ষেত্রে	কোনো	1
এক্ষেত্রে	জপমালা	1
এক্ষেত্রে	মূল	1
এক্সচেঞ্জ	এবং	1
এক্সচেঞ্জ	প্রোগ্রামের	1
এক্সট্রা	ট্যাবলেট	1
এখন	খেতে	11
এখন	পর্যন্ত	7
এখন	আর	6
এখন	কটা	4
এখন	কোথায়	4
এখন	লাঞ্চ	4
এখনই	খুব	1
এখনই	খেলাম	1
এখনই	ঘরটা	1
এখনই	তুফান	1
এখনই	নতুন	1
এখনও	আমার	4
এখনও	পড়া	2
এখনও	আশেপাশেই	1
এখনও	খাচ্ছি	1
এখনও	মোছা	1
এখনও	সেটা	1
এখনকার	দিনে	2
এখনকার	সময়	1
এখনি	ঘরে	1
এখনো	এসে	5
এখনো	আমার	2
এখনো	আসেননি	2
এখনো	আসেনি	2
এখনো	ফাইলটা	2
এখনো	বই	2
এখান	থেকে	18
এখান	হচ্ছেটা	1
এখানকার	কিছুই	1
এখানকার	পানি	1
এখানি	কাজ	1
এখানে	অপেক্ষা	9
এখানে	কি	5
এখানে	আছে	3
এখানে	থাকি	3
এখানে	থাকো	3
এখানে	শুরু	3
এখানেই	অপেক্ষা	2
এখানেই	থাকুন	1
এখানেই	থামুন	1
এখানেই	বলতে	1
এখুনি	কাজে	1
এখুনি	তোমার	1
এগারো	বছর	1
এগারো	বারো	1
এগিয়ে	নিয়ে	4
এগিয়ে	যাচ্ছে	4
এগিয়ে	দেবেন	3
এগিয়ে	যেতে	2
এগিয়ে	নিচ্ছেন	1
এগিয়ে	যাবে	1
এগিয়েছে	বাংলাদেশ	1
এগুলো	আলাদা	1
এগুলো	আসলে	1
এগুলো	করতে	1
এগুলো	খুবই	1
এগুলো	তাহলে	1
এগুলো	মজা	1
এগুলোকে	একত্রে	1
এগুলোর	দিকে	2
এগুলোর	যথাযথ	2
এগোতে	থাকে	1
এছাড়া	ঘর	1
এছাড়াও	গাছ	1
এছাড়াও	বিভিন্ন	1
এজন্য	বাংলাদেশ	1
এজাহার	দায়ের	3
এজেন্টদের	কেন্দ্রে	1
এজেন্টদের	বের	1
এজেন্টরা	পরে	1
এটা	আমার	28
এটা	কি	27
এটা	করতে	13
এটা	একটা	7
এটা	নিয়ে	7
এটা	ব্যবহার	6
এটাই	আমার	2
এটাই	একমাত্র	2
এটাই	আইন	1
এটাই	প্রথম	1
এটাও	জানে	1
এটাও	তো	1
এটাকে	কি	2
এটাকে	ডাকে	2
এটাকে	নোংরা	2
এটাকে	অন্যরকম	1
এটাকে	কিভাবে	1
এটাকে	দেখে	1
এটায়	আমার	1
এটায়	গর্বিত	1
এটায়	প্রথমবারের	1
এটার	দাম	2
এটার	অর্থ	1
এটার	কত	1
এটার	কী	1
এটার	বয়স	1
এটার	মানে	1
এটি	একটি	8
এটি	করার	4
এটি	কোনো	4
এটি	আপনার	3
এটি	করতে	3
এটি	বরিশালের	2
এটিই	বাংলাদেশের	2
এটিই	সেই	1
এটিই	স্বাভাবিক	1
এটিই	হলো	1
এটিকে	ভুল	1
এটির	অভাবে	1
এটির	তাৎপর্য	1
এটুকু	করতে	1
এটুকু	পথ	1
এটুকু	মাথায়	1
এড়াতে	পারতেন	1
এড়াতে	লক্ষ্য	1
এড়িয়ে	চলা	2
এড়িয়ে	চলার	1
এড়িয়ে	চলুন	1
এড়িয়ে	চলে	1
এড়িয়ে	বিদেশে	1
এড়িয়ে	যাওয়ার	1
এত	বড়	4
এত	সহজে	4
এত	কিছু	3
এত	ছোট	3
এত	জোরে	2
এত	লম্বা	2
এতই	গরম	2
এতই	ক্লান্ত	1
এতই	বিষাক্ত	1
এতই	ব্যস্ত	1
এতক্ষণ	আমি	1
এতক্ষণে	তার	1
এতক্ষণে	বুঝলাম	1
এতটাই	বিধ্বস্ত	1
এতদিন	কেবল	1
এতদিন	কোথায়	1
এতিমখানায়	টাকা	1
এতে	আপনার	2
এতে	বাংলাদেশ	2
এতে	বাংলাদেশের	2
এতে	আমি	1
এতে	খুব	1
এতে	গর্বিত	1
এতেই	অভ্যস্ত	1
এতেই	হবে	1
এতো	শান্ত	3
এতো	দেরি	1
এদিক	দিয়ে	1
এদিক	সেদিক	1
এদিকে	আরও	1
এদিকে	গতকাল	1
এদিকে	তৈরি	1
এদিকে	সরকারের	1
এদের	মধ্যে	3
এদের	জন্য	2
এদের	বন্ধু	1
এদের	মধ্যবর্তী	1
এদের	সাথে	1
এদের	স্বাধীন	1
এদেশের	অধিকাংশ	1
এদেশের	নারী	1
এদেশের	সব	1
এদেশের	সমস্যাগুলো	1
এদেশের	স্বাধীনতা	1
এনক্রিপ্ট	করা	1
এনারা	ডাক্তার	1
এনারা	পরোয়া	1
এনে	দিলেই	1
এনে	দেবো	1
এনে	দেয়	1
এনে	পাচার	1
এনেছিলেন	মূলত	1
এনেছে	ডিজিটাল	1
এনেছে	যুক্তরাষ্ট্র	1
এনেছেন	তো	1
এনেছেন	লেখক	1
এন্টারপ্রাইজের	ব্যবস্থাপনা	1
এন্ট্রি	লেভেলে	1
এপ্রিল	মে	1
এফ	মাহমুদ	1
এবং	তার	15
এবং	তা	7
এবং	তাদের	7
এবং	আমার	6
এবং	এ	4
এবং	তিনি	4
এবার	একটি	2
এবার	ওটা	2
এবার	বাড়ি	2
এবার	বেরোবো	1
এবার	যাবো	1
এবার	যেতে	1
এবারও	আছে	2
এবারে	আছে	1
এবারে	মেলার	1
এবারের	মৌসুমে	1
এভাবে	আর	2
এভাবে	চলবে	2
এভাবে	চলতে	1
এভাবে	দীর্ঘদিন	1
এভাবে	মোবাইল	1
এভাবে	লোক	1
এভাবেই	দিতে	1
এভাবেই	মূল্যায়ন	1
এম	এ	3
এম	মহিউদ্দিন	1
এমন	একটি	7
এমন	কিছু	5
এমন	কোনো	4
এমন	কোন	2
এমন	তহবিল	2
এমন	সময়	2
এমনই	সাধারণ	1
এমনকি	তিনি	2
এমনকি	গয়না	1
এমনটা	সম্ভব	1
এমনটা	হওয়া	1
এমনটা	হলে	1
এমনটাই	ঘটেছে	1
এমনটাই	মনে	1
এমনটি	করেছে	1
এমনভাবে	কথা	1
এমনভাবে	কাজ	1
এমনভাবে	বোরকা	1
এমনি	করেই	1
এমনি	জিজ্ঞেস	1
এমনিতে	কটার	4
এমনিতে	লাঞ্চ	2
এমনিতে	দুপুরের	1
এমনিতেই	চলে	1
এমনিতেও	অনেক	1
এমনিতেও	রোবট	1
এমি	বলে	1
এমিলি	একজন	1
এয়ারপোর্ট	এলাকা	1
এয়ারপোর্ট	কত	1
এয়ারপোর্টে	কিভাবে	1
এয়ারপোর্টের	জন্য	2
এয়ারপোর্টের	বাসটা	1
এর	মধ্যে	9
এর	আগে	6
এর	মাধ্যমে	5
এর	কারণ	3
এর	জন্য	3
এর	থেকে	3
এরই	অংশ	2
এরই	মধ্যে	2
এরকম	ব্যথা	2
এরকম	অন্তত	1
এরকম	উত্তর	1
এরকম	উদাহরণ	1
এরকম	ছিলেন	1
এরপর	তাতে	2
এরপর	আমরা	1
এরপর	আমি	1
এরপর	আরও	1
এরপর	তাঁর	1
এরপর	তিনি	1
এরপরও	কি	1
এরপরের	কাজ	1
এরমধ্যেই	আমার	1
এরশাদের	সঙ্গে	4
এরা	কারা	1
এরা	পরস্পর	1
এরা	পরিচিত	1
এরা	পরোয়া	1
এরা	সাধারণত	1
এরাই	একদিন	1
এরাম	লাগতে	1
এল	এক	1
এল	তখন	1
এল	সত্যিই	1
এলসি	খুলতে	1
এলাকা	থেকে	2
এলাকা	জুন	1
এলাকা	পার	1
এলাকা	ভালো	1
এলাকাতেই	অবস্থান	1
এলাকাতেই	চাষ	1
এলাকায়	আজ	1
এলাকায়	আতঙ্ক	1
এলাকায়	এবং	1
এলাকায়	এসে	1
এলাকায়	থাকে	1
এলাকায়	মুদির	1
এলাকার	কোনো	1
এলাকার	মো	1
এলার্জি	আছে	1
এলার্জি	হয়েছে	1
এলিজাবেথ	সালে	1
এলিয়েন	প্রাণীর	1
এলিয়েনের	অস্তিত্ব	1
এলে	তাকে	2
এলে	অবশ্যই	1
এলে	এটা	1
এলে	নামিয়ে	1
এলে	ভাগ	1
এলে	যেসব	1
এলেই	আমার	1
এলেই	সব	1
এলেও	দামে	1
এলো	কীভাবে	1
এলো	নদীর	1
এলোমেলো	হয়ে	1
এশিয়া	মহাদেশের	2
এশিয়া	অঞ্চলে	1
এশিয়াতে	অনেক	1
এশিয়ায়	অবস্থিত	3
এশিয়ায়	বাংলাদেশের	2
এশিয়ার	একটি	3
এশিয়ার	অন্যতম	1
এশিয়ার	চতুর্থ	1
এশিয়ার	টি	1
এশিয়ার	দ্বিতীয়	1
এশিয়ার	বেশ	1
এসব	তথ্য	6
এসব	ঘটনায়	2
এসব	নেতিবাচক	1
এসব	বাগানে	1
এসব	রাসায়নিক	1
এসবের	আবার	1
এসবের	কারণে	1
এসবের	কিছু	1
এসবের	জন্য	1
এসবের	মধ্যেই	1
এসি	আছে	2
এসিড	থাকে	1
এসে	উপস্থিত	4
এসে	দেখি	2
এসে	পড়বে	2
এসে	পড়ার	2
এসে	পৌছাননি	2
এসে	পৌছায়নি	2
এসেই	দেখে	2
এসেই	দেখুন	1
এসেই	দেখো	1
এসেছ	কেন	1
এসেছি	আমরা	1
এসেছি	এই	1
এসেছি	একটা	1
এসেছি	কিন্তু	1
এসেছি	সেটার	1
এসেছিল	কিন্তু	1
এসেছিল	বলে	1
এসেছিলেন	কবি	1
এসেছিলো	গোসল	1
এসেছিলো	তাই	1
এসেছে	গ্রিক	1
এসেছে	তা	1
এসেছেন	ওঝা	1
এসেছেন	ওদের	1
এসেছেন	না	1
এসেছো	তাই	1
এসো	কুরআনের	2
এসো	না	1
ঐ	গ্যাসের	2
ঐ	নরম	2
ঐ	লোকগুলো	2
ঐ	সময়	2
ঐ	সময়ে	2
ঐ	স্কুলেই	1
ঐক্যবদ্ধ	হতে	1
ঐখানে	আমরা	1
ঐখানে	যাও	1
ঐখানে	যান	1
ঐটা	সাধারণত	1
ঐতিহাসিক	নিদর্শনগুলো	3
ঐতিহাসিক	প্রসঙ্গ	1
ঐতিহাসিক	স্থান	1
ঐতিহাসিক	স্থাপত্য	1
ঐতিহ্য	আর	1
ঐতিহ্য	এবং	1
ঐতিহ্য	জাদুঘর	1
ঐতিহ্য	ধরে	1
ঐতিহ্য	মহান	1
ঐতিহ্যের	পবিত্র	1
ঐতিহ্যের	ভিত্তিতে	1
ঐরকম	কোনো	1
ঐশ্বরিক	সত্তা	1
ও	আমার	8
ও	তার	7
ও	তাঁর	6
ও	আমাকে	5
ও	ফল	5
ও	যা	5
ওই	বইটা	5
ওই	মহিলাটিকে	4
ওই	গানটা	2
ওই	তরুণী	2
ওই	দরজাটা	2
ওই	শব্দটার	2
ওইখান	থেকে	1
ওইখানে	অপেক্ষা	1
ওইখানে	দাঁড়াও	1
ওইখানে	দাঁড়ান	1
ওইখানে	মুখ	1
ওইখানে	সর্বোচ্চ	1
ওইখানেই	দাঁড়িয়ে	2
ওইগুলো	কি	2
ওইটা	কিনতে	2
ওইটা	আকর্ষণীয়	1
ওইটা	দেখাবেন	1
ওইটা	বাদ	1
ওইটার	দাম	1
ওইদিকে	দেখুন	1
ওইদিকে	দেখো	1
ওইরকম	হতে	1
ওকে	নিয়ে	2
ওকে	পরামর্শের	2
ওকে	চিনলে	1
ওকে	ছাড়া	1
ওখানে	যেতে	5
ওখানে	নিয়ে	3
ওখানে	আছেন	2
ওখানে	থাকে	2
ওখানে	থাকেন	2
ওখানে	যাওয়ার	2
ওখানেই	থাকুন	2
ওখানেই	থাকো	2
ওখানেই	থামুন	1
ওখানেই	থামো	1
ওখানেই	রাখুন	1
ওখানেই	রাখো	1
ওখানের	ঐ	1
ওগুলো	ওদের	1
ওগুলো	জেলে	1
ওজন	অনেক	1
ওজন	আছে	1
ওজন	একটু	1
ওজন	ছিল	1
ওজনের	দ্রুত	1
ওজু	করে	2
ওঝা	হিসেবে	1
ওটা	আমার	9
ওটা	কি	8
ওটা	করতে	7
ওটা	করা	5
ওটা	একটা	4
ওটা	শেষ	3
ওটাকে	কাছে	2
ওটাকে	দেখে	1
ওটার	অর্থ	1
ওটার	দাম	1
ওটার	বয়স	1
ওটার	মানে	1
ওঠা	বেশ	1
ওঠা	যাক	1
ওঠা	স্বাস্থ্যের	1
ওঠানামা	করে	2
ওঠার	দরজাটা	2
ওঠার	জন্য	1
ওঠার	সহায়ক	1
ওঠে	এবং	1
ওঠে	এসেছে	1
ওঠে	তখন	1
ওঠে	না	1
ওড়া	বন্ধ	1
ওড়া	ভালো	1
ওড়াতে	পারে	1
ওতে	আমার	1
ওতে	গর্বিত	1
ওদের	ঘরে	2
ওদের	জন্য	2
ওদের	কাছে	1
ওদের	দেখতে	1
ওদের	বই	1
ওদের	বন্ধু	1
ওদেরকে	একবার	1
ওদেরকে	দেখেছি	1
ওনাকে	পরামর্শের	2
ওনাকে	বেড়িয়ে	2
ওনাকে	চিনলে	1
ওনাকে	নিয়ে	1
ওনাদের	দুটো	2
ওনাদের	আর	1
ওনাদের	দেখতে	1
ওনাদের	দেখে	1
ওনাদের	মধ্যে	1
ওনার	দুটো	3
ওনার	নাম	3
ওনার	বয়স	2
ওনার	বাড়ি	2
ওনার	ছাতা	1
ওনার	মাতৃভাষা	1
ওনারা	সবাই	5
ওনারা	কারা	1
ওনারা	ঝগড়া	1
ওনারা	ডাক্তার	1
ওনারা	পরোয়া	1
ওনারা	যা	1
ওপর	হামলা	4
ওপর	থেকে	2
ওপর	অবস্থান	1
ওপর	বসলাম	1
ওপর	বসিয়ে	1
ওপর	হাত	1
ওপরের	ঘটনাটা	1
ওপেন	করবেন	1
ওবামা	সরকার	1
ওমর	একজন	1
ওমর	এসেছে	1
ওমর	বাগানে	1
ওমরের	মৃত্যুর	1
ওমরের	সময়	1
ওয়াইন	আছে	1
ওয়াইফাই	নেটওয়ার্কের	1
ওয়াটার	বাস	1
ওয়ান	পিছের	1
ওয়ার	অ্যান্ড	1
ওয়ারেন্ট	অফিসার	1
ওয়ার্ডের	প্রার্থী	2
ওয়ার্ল্ড	ওপেন	1
ওয়ালিদ	একজন	1
ওয়ালিদ	ছিলেন	1
ওয়ালিদ	বুদ্ধিমত্তার	1
ওয়াশ	কিংবা	1
ওয়াশিং	মেশিন	2
ওয়াশিংটন	স্কোয়ার	1
ওয়েটার	আমার	1
ওয়েটার	হিসাবে	1
ওয়েটিং	রুমের	1
ওয়েবসাইট	জনপ্রিয়তা	1
ওয়েবসাইটে	এখনও	2
ওয়েবসাইটে	যান	1
ওযু	করে	2
ওর	নাম	3
ওর	একটা	2
ওর	বয়স	2
ওর	বাড়ি	2
ওর	সঙ্গে	2
ওর	সাথে	2
ওরকম	করে	1
ওরা	সবাই	5
ওরা	কারা	1
ওরা	ঝগড়া	1
ওরা	বাচ্চা	1
ওরা	যা	1
ওরা	শিশু	1
ওরে	কেউ	1
ওষুধ	খেতে	3
ওষুধ	উদ্ধার	1
ওষুধ	কিনতে	1
ওষুধ	কিনে	1
ওষুধ	দেন	1
ওষুধের	সরবরাহ	1
ওসব	বলে	1
ওসব	ভুলভাল	1
ওসমান	রণক্ষেত্রে	1
ওসমান	সাহেব	1
ওহ	আমি	1
ওহ	হ্যাঁ	1
ঔষধ	খাওয়া	1
ঔষধ	খেতে	1
ঔষধ	ছাড়াই	1
ঔষধ	তৈরি	1
ঔষধ	পাবেন	1
ঔষধ	সেবন	1
কংগ্রেস	নামে	1
কংগ্রেস	ভারতীয়	1
কংগ্রেসের	প্রতিষ্ঠাতা	1
কংগ্রেসের	সভাপতি	1
কই	মাছের	1
কক্ষ	আছে	1
কক্ষ	এবং	1
কক্ষ	ত্যাগ	1
কক্ষ	পরিষ্কার	1
কক্ষ	রয়েছে	1
কক্ষ	সঙ্গীত	1
কক্ষপথ	হলো	1
কক্ষে	প্রবেশ	3
কক্ষে	বসে	2
কক্ষে	থাকলে	1
কক্ষের	দরজা	1
কক্ষের	ভেতরে	1
কক্ষের	সবাইকে	1
কখন	ফিরে	3
কখন	যে	3
কখন	যেতে	3
কখন	শুরু	2
কখন	ছাড়বে	1
কখন	ফিরবেন	1
কখনই	এটা	1
কখনই	এর	1
কখনই	করবো	1
কখনই	থামবো	1
কখনই	বলবো	1
কখনই	ভালো	1
কখনও	কখনও	2
কখনও	ঘটেনি	1
কখনও	জোর	1
কখনো	কখনো	5
কখনো	একা	4
কখনো	বস্টন	4
কখনো	ইউরোপে	2
কখনো	ওটা	2
কখনো	সেটা	2
কখনোই	একজন	1
কখনোই	এমন	1
কখনোই	তোমাদের	1
কখনোই	শেষ	1
কখনোই	সহজ	1
কঙ্কাল	পেয়েছেন	1
কচ্ছপের	কি	1
কটা	বাজে	4
কটা	টাকা	1
কটায়	ছাড়ে	2
কটার	সময়	32
কটু	কথা	1
কঠিন	নয়	4
কঠিন	হবে	2
কঠিন	কাজগুলো	1
কঠিন	ছিল	1
কঠিন	রোগ	1
কঠিন	শোনাচ্ছে	1
কঠোর	পরিশ্রম	4
কঠোর	আন্দোলনের	1
কঠোর	এবং	1
কঠোর	পরিশ্রমী	1
কড়া	মানুষ	2
কড়া	রোদে	1
কণা	পদার্থবিজ্ঞান	1
কণা	যে	1
কণ্ঠস্বর	ভেঙে	1
কণ্ঠস্বর	রোবটের	1
কণ্ঠে	ডেকে	1
কত	বছর	7
কত	টাকা	6
কত	রাত্রি	6
কত	খরচ	3
কত	ছিলো	3
কত	সময়	3
কতই	না	1
কতক্ষণ	লাগে	4
কতক্ষণ	লাগবে	3
কতক্ষণ	অন্তর	1
কতক্ষণ	ছিলে	1
কতক্ষণ	ছিলেন	1
কতক্ষণের	জন্য	1
কতক্ষন	লাগবে	1
কতগুলো	জাদুঘর	2
কতগুলো	প্রবণতা	1
কতগুলো	বিধি	1
কতগুলো	সাদা	1
কতজন	আছে	1
কতজন	প্রহরী	1
কতজন	বোন	1
কতজন	লোক	1
কতজন	সদস্য	1
কতজন	সৈন্য	1
কতটা	জানেন	2
কতটা	লম্বা	2
কতটা	খেয়েছেন	1
কতটা	খেয়েছো	1
কতটা	গভীর	1
কতটা	দূরে	1
কতদিন	এভাবে	2
কতদিন	এটি	1
কতদিন	চলবে	1
কতদিন	থাকবেন	1
কতদিন	পর	1
কতদিন	হয়েছে	1
কতদিনের	জন্য	1
কতদূর	হলো	1
কতবার	এটা	1
কতবার	ক্ষমা	1
কতবার	তাকে	1
কতবার	না	1
কতবার	যে	1
কতা	হয়	1
কতো	গুল	2
কতো	পাবো	1
কথা	বলতে	49
কথা	বলা	19
কথা	বলে	16
কথা	বলো	13
কথা	বলি	10
কথা	বলেন	9
কথাই	বলছিলাম	1
কথাই	বলেছে	1
কথাই	ভেবে	1
কথাই	শুনেছি	1
কথাও	আমি	1
কথাও	চিন্তা	1
কথাও	তাঁরা	1
কথাটা	আমার	1
কথাটা	ছড়িয়ে	1
কথাটা	বলেছি	1
কথাটা	বলেছে	1
কথাটা	সত্য	1
কথাটার	প্রমাণ	1
কথাবার্তা	পোশাক	1
কথামতো	চলবে	1
কথায়	কথায়	2
কথায়	আকাশে	1
কথায়	দোষ	1
কথায়	প্রভাবিত	1
কথায়	বিশ্বাস	1
কথায়	রাজি	1
কথার	কোনো	1
কথার	মানুষ	1
কথিত	ঘটনার	1
কদম	হাঁটা	1
কদর	করে	1
কদর	বেড়েছে	1
কদর	ভালো	1
কনডম	ব্যবহার	2
কনডম	যৌনবাহিত	2
কনডম	বদলে	1
কনস্যুলেটে	যুদ্ধবিমান	2
কনুই	খুব	1
কনে	একেবারে	1
কনের	মাথা	1
কন্টাক্ট	লিস্ট	1
কন্ঠ	শুনতে	1
কন্যা	অসুস্থ	1
কন্যা	উদ্ধার	1
কন্যা	গর্ভবতী	1
কন্যা	ছয়	1
কন্যাকে	আসামীদের	1
কন্যাকে	কেরোসিন	1
কন্যাকে	ঘুমন্ত	1
কন্যাকে	তালাক	1
কন্যাকে	শারীরিক	1
কন্যার	জন্ম	1
কন্যার	পিতা	1
কন্যার	পিতার	1
কন্যার	শ্বশুর	1
কপাল	থেকে	1
কপাল	ফেরাতে	1
কপালে	তারপর	1
কপালে	ভেবে	1
কপালে	লোকের	1
কপালের	দুই	1
কপি	অতি	1
কপি	বিক্রি	1
কফি	পছন্দ	2
কফি	পান	2
কফি	আমাকে	1
কফি	খেতে	1
কফি	নিয়ে	1
কফি	ভালো	1
কবর	জিয়ারত	2
কবর	দেওয়া	1
কবরস্থানে	ঘুরে	1
কবরস্থানের	আশেপাশে	1
কবলে	পড়ার	1
কবি	কাজী	3
কবি	হিসেবে	2
কবি	কে	1
কবি	জীবনের	1
কবি	তাকে	1
কবিতা	লিখতে	2
কবিতা	লিখেছি	2
কবিতা	সংকলন	2
কবিতা	ও	1
কবিতা	গান	1
কবিতা	প্রবল	1
কবিতার	কাছে	1
কবিতার	ভাষায়	1
কবির	আবির্ভাব	1
কবির	জানিয়েছেন	1
কবির	মৃত্যুবার্ষিকী	1
কবির	হোসেন	1
কবুতর	পোকামাকড়	1
কবুতর	বার্তাবাহক	1
কবুতর	শান্তির	1
কবে	থেকে	5
কবে	আসবে	3
কবে	তোমার	1
কবে	পৃথিবীতে	1
কবে	বের	1
কবে	যাবে	1
কব্জি	ব্যাথা	1
কম	মনে	4
কম	নয়	2
কম	বয়সী	2
কম	লোকই	2
কম	সময়ের	2
কম	হয়েছে	2
কমই	আছে	2
কমই	আরবি	1
কমই	জানি	1
কমই	তার	1
কমই	পান	1
কমই	সংবাদপত্র	1
কমছে	না	1
কমছে	যা	1
কমতে	থাকে	1
কমতে	পারে	1
কমপক্ষে	আট	1
কমপক্ষে	দুটি	1
কমবে	বলে	1
কমলা	আছে	1
কমলা	আমদানি	1
কমলা	এবং	1
কমলা	ভিটামিন	1
কমলার	রস	1
কমাতে	গরম	1
কমাতে	পারবেন	1
কমাতে	পারেন	1
কমানো	দরকার	1
কমানোর	আহ্বান	1
কমানোর	নির্দেশ	1
কমানোর	পক্ষে	1
কমানোর	বিভিন্ন	1
কমান্ডার	ইকবাল	1
কমান্ডার	এ	1
কমান্ডার	নিয়োগ	1
কমান্ডিং	অফিসার	1
কমাবে	শিপিং	1
কমার	পাশাপাশি	2
কমিক	বই	1
কমিটি	গঠন	2
কমিটি	গঠনের	1
কমিটি	গতকাল	1
কমিটির	সভাপতি	3
কমিটির	একমাত্র	1
কমিটির	প্রথম	1
কমিটির	বাকি	1
কমিটির	সদস্য	1
কমিয়ে	আনা	1
কমিয়ে	দেবো	1
কমিশন	আশা	1
কমিশন	গঠনের	1
কমিশন	চাইলে	1
কমিশন	পক্ষে	1
কমিশনের	অধীনে	1
কমিশনের	কোনো	1
কমিশনের	জন্য	1
কমিশনের	প্রতি	1
কমিশনের	সদস্য	1
কমিশনের	সভায়	1
কমে	গেছে	4
কমে	যায়	3
কমে	যাওয়ার	2
কমে	আসার	1
কমে	এসেছে	1
কমে	গিয়েছে	1
কমেছে	দুই	2
কমেছে	গত	1
কমেছে	ঢাকা	1
কমেছে	তার	1
কমেন্ট	করে	1
কম্পিউটার	আছে	2
কম্পিউটার	এখন	1
কম্পিউটার	প্রশিক্ষণ	1
কম্পিউটার	মন্থর	1
কম্পিউটার	শিক্ষক	1
কম্পিউটারের	ক্ষমতা	1
কম্পিউটারের	পাসওয়ার্ড	1
কম্পিউটারের	হার্ডওয়্যারের	1
কম্বল	আছে	1
কম্বল	চেয়েছিলেন	1
কম্বল	নেবেন	1
কম্বলটা	কোথায়	1
কয়	প্যাকেট	1
কয়টা	বাজে	3
কয়টা	পর্যন্ত	1
কয়টার	সময়	2
কয়টি	কুকুর	1
কয়টি	জানেন	1
কয়টি	প্রতিষ্ঠানের	1
কয়টি	সংস্কার	1
কয়টি	সিগারেট	1
কয়দিন	হয়	1
কয়ে	আসে	1
কয়েক	বছর	5
কয়েক	মিনিট	5
কয়েক	দফা	2
কয়েক	মাস	2
কয়েক	সপ্তাহ	2
কয়েক	হাজার	2
কয়েকজন	কর্মকর্তা	1
কয়েকজন	নেতা	1
কয়েকজন	নেতাকে	1
কয়েকজন	প্রবাসী	1
কয়েকজন	বাসিন্দা	1
কয়েকটা	মহিষ	1
কয়েকটি	দেশে	2
কয়েকটি	দেশের	2
কয়েকটি	জায়গা	1
কয়েকটি	বিভাগ	1
কয়েকটি	সহজ	1
কয়েকদিন	অসহ্য	1
কয়েকদিন	দূরে	1
কয়েকদিন	ধরে	1
কয়েকদিনের	জন্য	1
কয়েল	জ্বালাও	1
কর	কাঠামোতে	2
কর	যা	2
কর	অফিসে	1
কর	আর	1
কর	দিতে	1
করছ	না	2
করছ	কেন	1
করছি	না	10
করছি	যে	2
করছি	আগামী	1
করছি	আপনি	1
করছি	আমি	1
করছি	তা	1
করছিল	তাই	2
করছিল	এবং	1
করছিল	না	1
করছিল	রাশিয়া	1
করছিলাম	না	4
করছিলাম	কি	1
করছিলেন	তিনি	1
করছিলেন	যে	1
করছিলেন	সেই	1
করছিলেন	হল	1
করছিস	না	1
করছে	না	10
করছে	বাংলাদেশ	4
করছে	স্মার্ট	3
করছে	এটা	2
করছে	যাতে	1
করছেন	না	6
করছেন	এটা	3
করছেন	কেন	2
করছেন	তার	2
করছেন	প্রখ্যাত	1
করছো	কেন	5
করণীয়	কী	2
করত	গল্পটা	1
করত	তারা	1
করত	বনে	1
করত	সে	1
করতাম	না	2
করতাম	তার	1
করতে	হবে	57
করতে	চাই	40
করতে	পারে	36
করতে	পারি	35
করতে	পারেন	25
করতে	হয়	16
করতেই	পারতাম	2
করতেই	হবে	2
করতেই	কাজে	1
করতেই	দেখি	1
করতেই	হতো	1
করতেন	যে	6
করতেন	আমরা	1
করতেন	এক	1
করতেন	কারণ	1
করতেন	তবে	1
করতো	এক	1
করনের	দাদা	1
করপোরেশন	নির্বাচনে	3
করপোরেশন	এলাকার	2
করব	না	3
করব	তথাপি	1
করব	যাতে	1
করব	যে	1
করবি	না	1
করবে	না	11
করবে	আমি	3
করবে	যা	1
করবে	সরকার	1
করবেন	না	31
করবেন	আমি	2
করবেন	এখন	1
করবেন	কিন্তু	1
করবেন	তা	1
করবেন	তার	1
করবো	না	4
করবো	আমি	1
করবো	সেটাই	1
করল	ওবামা	1
করল	না	1
করলা	ও	1
করলাম	যে	2
করলাম	আমি	1
করলাম	আর	1
করলাম	এবার	1
করলাম	তার	1
করলাম	না	1
করলে	কেষ্ট	2
করলে	তার	2
করলে	তিনি	2
করলে	ভালো	2
করলে	সেখানে	2
করলে	এটাকে	1
করলেই	শাসক	1
করলেই	সোনা	1
করলেও	আমার	3
করলেও	জাহাজের	1
করলেও	পরবর্তী	1
করলেও	প্রথম	1
করলেও	বিধবা	1
করলেও	মিথ্যা	1
করলেন	কবে	1
করলেন	বটে	1
করলেন	রাষ্ট্রপতি	1
করলো	আমি	2
করলো	কেন	1
করলো	বাংলাদেশ	1
করা	হয়	81
করা	হয়েছে	50
করা	যায়	37
করা	উচিত	29
করা	হচ্ছে	15
করা	হবে	13
করাই	ভালো	3
করাই	ঠিক	1
করাই	তাহলে	1
করাই	মানুষের	1
করাই	সামাজিক	1
করাই	হলো	1
করাও	তেমনই	1
করাকে	বোঝায়	1
করাটা	ইংরেজি	1
করাটা	শ্রেয়	1
করাতে	মনোনিবেশ	1
করাতে	হবে	1
করাতে	হলে	1
করান	তখন	1
করানো	উচিত	1
করানো	হচ্ছে	1
করানো	হলে	1
করানোর	চেষ্টা	1
করায়	এবং	1
করায়	প্রকৃতির	1
করায়	যুক্তরাষ্ট্রের	1
করায়	সচেষ্ট	1
করার	জন্য	37
করার	কথা	9
করার	চেষ্টা	9
করার	সময়	8
করার	পর	6
করার	মতো	6
করারও	কিছু	1
করি	না	32
করি	আপনি	7
করি	এবং	6
করি	যে	3
করি	তারা	2
করি	তুমি	2
করিনি	যে	1
করিম	ও	1
করিম	গ্রাম	1
করিম	বই	1
করিম	রাস্তাঘাট	1
করিয়ে	রেখেছিলাম	2
করিয়ে	দর	1
করিয়ে	দাও	1
করিয়ে	দেয়	1
করিয়ে	নিন	1
করিস	না	3
করুক	নববর্ষের	1
করুক	যাতে	1
করুণাময়	আল্লাহ	1
করুন	এবং	4
করে	না	42
করে	এবং	15
করে	যে	10
করে	থাকে	9
করে	আমার	8
করে	দিতে	8
করেই	চলে	2
করেই	আসে	1
করেই	দেখি	1
করেই	না	1
করেই	পৃথিবীর	1
করেই	বলতে	1
করেও	কোনো	1
করেও	গন্তব্যে	1
করেও	তাঁর	1
করেও	তারা	1
করেও	পরাজিত	1
করেছ	তাদের	1
করেছি	তাই	2
করেছি	তাতে	2
করেছি	যাতে	2
করেছি	আর	1
করেছি	ফলে	1
করেছি	সেসব	1
করেছিল	এবং	2
করেছিল	যে	2
করেছিল	এমন	1
করেছিল	তাতে	1
করেছিল	তারা	1
করেছিল	সে	1
করেছিলাম	আর	1
করেছিলাম	কিন্তু	1
করেছিলাম	বিধায়	1
করেছিলাম	মামার	1
করেছিলেন	যে	4
করেছিলেন	অর্থাৎ	1
করেছিলেন	মূলত	1
করেছিলেন	সেটা	1
করেছিলো	সরকার	1
করেছিলো	সে	1
করেছে	বাংলাদেশ	5
করেছে	পুলিশ	3
করেছে	যে	3
করেছে	ইরান	2
করেছে	এবং	2
করেছে	বলে	2
করেছেন	যে	4
করেছেন	এবং	3
করেছেন	কি	2
করেছেন	তিনি	2
করেছেন	সাতোশি	2
করেছেন	সেটা	1
করেন	না	13
করেন	এবং	8
করেন	যে	8
করেন	আমি	3
করেন	তারা	3
করেন	আমরা	2
করেনি	এবং	1
করেনি	পুলিশ	1
করো	না	16
করো	এবং	2
করো	যুদ্ধ	2
করো	তারা	1
করো	নাকি	1
করো	যেটা	1
করোনাভাইরাস	একটি	2
কর্ণ	বলে	1
কর্ণদ্বয়	পরস্পরকে	2
কর্তব্য	জাতীয়	1
কর্তব্য	শেষ	1
কর্তব্য	সংক্রান্ত	1
কর্তব্য	স্বামীর	1
কর্তার	কথা	1
কর্তৃক	তাপ	1
কর্তৃক	দেশের	1
কর্তৃক	পারমাণবিক	1
কর্তৃক	সৃষ্ট	1
কর্তৃত্ব	চাইতেন	1
কর্তৃপক্ষ	এ	1
কর্তৃপক্ষ	কারখানা	1
কর্তৃপক্ষ	তাঁর	1
কর্তৃপক্ষ	দ্রুত	1
কর্তৃপক্ষ	পরদিন	1
কর্তৃপক্ষ	হতে	1
কর্তৃপক্ষের	সামনে	1
কর্দমাক্ত	না	1
কর্পোরেট	সংস্থা	1
কর্পোরেট	সামাজিক	1
কর্পোরেশনের	সভাপতি	1
কর্ম	নয়	1
কর্মকর্তা	ও	3
কর্মকর্তা	তার	1
কর্মকর্তা	বা	1
কর্মকর্তা	সাংবাদিকদের	1
কর্মকর্তাদের	উল্লেখযোগ্য	1
কর্মকর্তাদের	মধ্যে	1
কর্মকর্তাদের	ম্লান	1
কর্মকর্তার	কার্যালয়	1
কর্মকর্তারা	ঘটনাস্থলে	1
কর্মকাণ্ড	অবশ্যই	1
কর্মকাণ্ড	গ্রহণ	1
কর্মকাণ্ড	বিশেষত	1
কর্মক্ষম	ও	1
কর্মচারী	ও	1
কর্মচারী	ঘুষ	1
কর্মচারী	বাঁ	1
কর্মচারীদের	চুরির	1
কর্মরত	আছেন	1
কর্মরত	থেকে	1
কর্মসংস্থান	হবে	1
কর্মী	ছাঁটাই	1
কর্মী	নিয়োগ	1
কল	করবো	2
কল	আশা	1
কল	ও	1
কল	করতে	1
কল	করুন	1
কল	দাও	1
কলঙ্ক	আছে	1
কলঙ্কিত	না	1
কলম	ছিল	2
কলম	অথবা	1
কলম	আছে	1
কলম	আনতে	1
কলম	দিয়ে	1
কলম	ধার	1
কলমটা	ভাঙ্গা	1
কলমটা	ভালো	1
কলমে	ভালো	1
কলমে	শিক্ষা	1
কলমের	একটি	1
কলমের	কালি	1
কলমের	প্রয়োজন	1
কলহ	নেমে	1
কলা	ও	1
কলা	খাই	1
কলা	খেয়েছি	1
কলা	পছন্দ	1
কলা	বেশি	1
কলার	দাম	2
কলার	আছে	1
কলুষিত	করে	1
কলে	চাকরি	1
কলেজ	হাসপাতালে	4
কলেজ	হাসপাতালের	3
কলেজ	অব	1
কলেজ	ও	1
কলেজ	দুই	1
কলেজ	মাঠে	1
কলেজে	যাচ্ছিলাম	2
কলেজে	যাবে	2
কলেজে	অনেকেই	1
কলেজে	এখন	1
কলেজে	পড়ার	1
কলেজে	ভাতিজা	1
কলেজের	অধ্যক্ষ	3
কলেজের	প্রধান	2
কলেজের	অভিভাবক	1
কলেরা	ও	1
কলেরা	দেখা	1
কলেরা	হতে	1
কলোনিতে	একা	1
কলোনির	খেলার	1
কল্পকাহিনী	এবং	1
কল্পকাহিনী	পছন্দ	1
কল্পকাহিনী	ভালোবাসেন	1
কল্পনা	করা	2
কল্পনা	করতে	1
কল্পনা	করে	1
কল্পনা	করো	1
কল্পনাও	করতে	2
কল্পনাশক্তি	বৃদ্ধি	1
কল্পবিজ্ঞান	পছন্দ	2
কল্যাণ	বয়ে	1
কল্যাণ	বহুমুখী	1
কল্যাণীর	বাবা	2
কল্যাণে	আধুনিক	1
কল্যাণে	প্রয়োগ	1
কল্যাণে	বিশ্বাস	1
কল্যাণে	মানুষ	1
কল্যাণের	বাবা	1
কল্যাণের	যাত্রা	1
কষাকষি	করে	1
কষ্ট	করে	1
কষ্ট	দিও	1
কষ্ট	দিতে	1
কষ্ট	দেওয়ার	1
কষ্ট	হবে	1
কষ্ট	হয়	1
কষ্টকর	তাঁদের	1
কষ্টে	কেঁদে	1
কষ্টে	শিক্ষা	1
কষ্টের	পরেও	1
কষ্টের	স্বীকার	1
কাঁচা	মাছ	2
কাঁচা	কিন্তু	1
কাঁচা	খাওয়া	1
কাঁচের	ঘরে	2
কাঁচের	মত	1
কাঁটা	কোন	1
কাঁটা	চামচ	1
কাঁটা	পশ্চিম	1
কাঁদতে	চাই	1
কাঁদতে	লাগল	1
কাঁদতে	লাগলো	1
কাঁদতে	শুরু	1
কাঁদা	বন্ধ	1
কাঁদি	না	1
কাঁদিও	না	1
কাঁদিস	না	1
কাঁধ	ব্যাথা	2
কাঁধে	একটা	1
কাঁধে	হাত	1
কাঁপিয়ে	তোলে	1
কাউকে	খুন	6
কাউকে	বলবেন	3
কাউকে	কষ্ট	2
কাউকে	বলবো	2
কাউকে	বলিনি	1
কাউকে	বিশ্বাস	1
কাউন্টার	ও	1
কাউন্সিল	ও	1
কাউন্সিলের	সদস্যদের	1
কাকা	আমার	1
কাকা	কাজের	1
কাকা	খাবার	1
কাকার	কাছে	1
কাকার	দোষ	1
কাকার	বিরূপ	1
কাকি	কে	1
কাকি	যাওয়ার	1
কাকু	আমায়	1
কাকে	বলে	2
কাকে	বিশ্বাস	2
কাকে	খায়	1
কাকে	দিয়েছেন	1
কাকে	বিয়ে	1
কাকের	মাংস	1
কাগজ	আছে	1
কাগজ	কিনলাম	1
কাগজ	পড়ছে	1
কাগজ	পত্র	1
কাগজ	বিক্রি	1
কাগজটা	কোথায়	1
কাগজে	তো	1
কাগজে	বেশি	1
কাগজের	অদ্ভুত	1
কাগজের	অর্থ	1
কাগজের	ব্যয়	1
কাগজের	মুদ্রার	1
কাগজের	লিখিত	1
কাঙ্খিত	লক্ষ্য	1
কাঙ্খিত	সাফল্য	1
কাছ	থেকে	19
কাছ	থেকেই	1
কাছ	ধন	1
কাছা	ঢিলা	1
কাছাকাছি	অবস্থিত	3
কাছাকাছি	কোথাও	3
কাছাকাছি	আছে	1
কাছাকাছি	এলাকায়	1
কাছাকাছি	থাকার	1
কাছাকাছিই	থাকে	2
কাছাকাছিই	থাকেন	2
কাছাকাছিই	থাকবো	1
কাছাকাছিই	থাকি	1
কাছাকাছির	মধ্যে	5
কাছাকাছির	মধ্যেই	2
কাছে	কি	11
কাছে	এটা	5
কাছে	কোনো	5
কাছে	গিয়ে	4
কাছে	নিয়ে	4
কাছে	সাহায্য	4
কাছেই	ফিরে	1
কাছের	এবং	1
কাছের	পাবলিক	1
কাছের	বন্ধুদের	1
কাছের	মানুষ	1
কাছের	শাক	1
কাজ	করে	30
কাজ	করতে	19
কাজ	করছে	16
কাজ	করেন	11
কাজ	করি	10
কাজ	করেছি	8
কাজই	অসমাপ্ত	1
কাজই	করতাম	1
কাজই	করে	1
কাজই	তাড়াতাড়ি	1
কাজই	তুচ্ছ	1
কাজও	নাই	1
কাজগুলো	আগে	1
কাজটা	আমরা	1
কাজটা	একলা	1
কাজটা	এখন	1
কাজটা	খুব	1
কাজটা	ভালো	1
কাজটা	শেষ	1
কাজটি	করে	3
কাজটি	করতে	2
কাজটি	শেষ	2
কাজটি	করেছে	1
কাজটি	শুরু	1
কাজটি	সম্পন্ন	1
কাজী	নজরুল	7
কাজে	যাও	3
কাজে	লাগাতে	3
কাজে	আসতে	2
কাজে	পানি	2
কাজে	যেতে	2
কাজে	লেগে	2
কাজেই	দেবে	1
কাজেই	বাংলাদেশ	1
কাজেই	বাংলাদেশের	1
কাজেই	সফল	1
কাজেই	হয়	1
কাজের	কাজ	2
কাজের	জন্যে	2
কাজের	অস্তিত্ব	1
কাজের	নয়	1
কাজের	সবচেয়ে	1
কাজের	সম্পর্ক	1
কাটতে	নিয়ে	3
কাটতে	পারি	3
কাটতে	পারতাম	2
কাটতে	পারে	2
কাটতে	চাই	1
কাটবে	না	1
কাটা	পড়েছে	2
কাটা	একটি	1
কাটা	কি	1
কাটা	ছেলে	1
কাটা	সবজি	1
কাটাতে	এসেছি	1
কাটাতে	চাও	1
কাটাতে	চান	1
কাটাতে	চীনে	1
কাটাতে	মুম্বাই	1
কাটাতে	লাগল	1
কাটায়	সামাজিক	1
কাটিয়ে	আধুনিক	1
কাটিয়ে	উঠতে	1
কাটিয়ে	দিলাম	1
কাটে	বৈচিত্র্য	1
কাঠ	আনার	1
কাঠ	চামড়া	1
কাঠ	পেয়ে	1
কাঠ	বা	1
কাঠ	বেচে	1
কাঠামো	নির্মাণ	1
কাঠের	ঢেঁকি	1
কাণ্ড	দেখে	2
কাণ্ড	শাখা	1
কাদা	মাটি	1
কাদের	জন্য	1
কাদের	নিয়ে	1
কাদের	মধ্যে	1
কাদের	স্থানীয়	1
কান	খাড়া	1
কান	পাতলা	1
কানা	মামা	1
কানাকড়িও	না	1
কানাডা	জাপানের	1
কানাডা	দিবস	1
কানাডা	সীমান্তে	1
কানাডার	প্রধানমন্ত্রী	1
কানাডার	মতো	1
কানাডার	রাজধানী	1
কানুন	ও	1
কানুন	জানা	1
কানুন	মেনে	1
কানুন	যা	1
কানুন	রীতি	1
কানুন	লঙ্ঘনের	1
কানে	শোনে	2
কানে	কম	1
কানের	জন্য	1
কানের	দুল	1
কানের	পর্দা	1
কান্ট্রি	কনসালটেন্ট	1
কান্ট্রি	হলো	1
কান্না	করছে	1
কান্না	থামা	1
কাপ	চা	3
কাপ	কফি	1
কাপ	দুধ	1
কাপ	রয়েছে	1
কাপড়	আপনি	2
কাপড়	দিয়ে	2
কাপড়	খুলতে	1
কাপড়	খুললাম	1
কাপড়	শুকায়	1
কাপড়ে	ঢাকা	1
কাপড়ের	ব্যবসায়ী	1
কাপরগুলো	কি	2
কাপুরুষের	কাজ	1
কাপের	তথ্য	1
কাফনের	কাপড়	1
কাফেরদের	জন্য	2
কাবাব	খেতে	1
কাবাব	তৈরি	1
কাম	আছে	1
কাম	যদি	1
কামড়	দিয়েছে	2
কামড়	দিলে	1
কামড়াতে	পারে	1
কামনা	করে	2
কামনা	করেন	2
কামনা	করছি	1
কামনা	জেগে	1
কামরুল	হাসান	1
কামাই	করে	1
কামান	গর্জে	1
কামানো	দরকার	1
কামাল	গ্রামের	1
কামোদ্দীপক	অঙ্গ	2
কায়রোর	রাস্তায়	1
কার	কাছে	4
কার	চা	2
কার	সাথে	2
কার	একটু	1
কার	কার	1
কার	খিদে	1
কারও	ইবাদত	2
কারও	আগমন	1
কারও	নাকের	1
কারও	সঙ্গে	1
কারও	সন্দেহ	1
কারও	সারা	1
কারখানা	বন্ধ	2
কারখানা	ও	1
কারখানা	কর্তৃপক্ষ	1
কারখানা	হচ্ছে	1
কারখানার	বর্জ্য	1
কারখানার	মালিকানা	1
কারখানার	শ্রমিক	1
কারখানার	শ্রমিকদের	1
কারখানার	সামনে	1
কারণ	তুমি	4
কারণ	অনুসন্ধান	2
কারণ	আমি	2
কারণ	কী	2
কারণ	ঈশ্বর	1
কারণ	তুই	1
কারণও	তুলে	1
কারণটা	কী	1
কারণটি	চিহ্নিত	1
কারণে	অনেক	2
কারণে	আমি	2
কারণে	চুল	1
কারণে	ট্রেন	1
কারণে	বৈশ্বিক	1
কারণেই	আমরা	1
কারণেই	আমি	1
কারণেই	কি	1
কারণেই	পৃথিবী	1
কারন	আমি	2
কারবার	প্রতিষ্ঠানের	2
কারবালা	যুদ্ধের	2
কারমেন	যে	1
কারা	দেশের	1
কারা	বক্তৃতা	1
কারা	যেন	1
কারা	সেটা	1
কারাগার	আফগানিস্তানের	1
কারাগার	থেকে	1
কারাগারে	পাঠানো	4
কারাগারে	আছে	1
কারাগারে	কাটাতে	1
কারাগারে	নিক্ষেপ	1
কারাগারে	যাচ্ছিল	1
কারাগারে	রাখার	1
কারাতে	শিখেছে	1
কারাদণ্ড	দেওয়া	1
কারিগরি	মানে	1
কারিগরি	শিক্ষার	1
কারিগরি	সহযোগিতায়	1
কারিগরি	সহায়তা	1
কারুর	দ্বারা	1
কারুর	সাথে	1
কারেন্ট	জাল	1
কারো	কোনো	2
কারো	সাথে	2
কারো	কি	1
কারো	জীবনে	1
কারো	যাওয়া	1
কার্গো	জাহাজের	1
কার্টুন	আঁকতে	1
কার্টুন	দেখা	1
কার্ড	ব্যবহার	2
কার্ড	দিয়ে	1
কার্ড	নেন	1
কার্ড	পেয়েছিলে	1
কার্ড	বিক্রি	1
কার্তিক	নামে	1
কার্পেট	থাকলে	1
কার্বন	ডাই	1
কার্বন	দ্বারা	1
কার্বন	শিকল	1
কার্য	রাতারাতি	1
কার্য	শরীরে	1
কার্য	শেষ	1
কার্য	হয়	1
কার্যকর	ও	1
কার্যকর	প্রশাসন	1
কার্যকর	বন্ধ	1
কার্যকর	ব্যবহার	1
কার্যকর	হবে	1
কার্যকরী	একটি	1
কার্যকরী	পদক্ষেপ	1
কার্যকরী	বলে	1
কার্যকলাপ	নিয়ে	1
কার্যকলাপ	সরাসরি	1
কার্যকারিতা	কেমন	1
কার্যক্রম	উদ্বোধন	1
কার্যক্রম	এবং	1
কার্যক্রম	পরিচালনা	1
কার্যক্রম	পরিচালনার	1
কার্যক্রম	রয়েছে	1
কার্যক্রমটা	কী	2
কার্যক্রমে	অংশগ্রহণ	1
কার্যত	দুর্ঘটনাটা	1
কার্যদিবস	মঙ্গলবার	2
কার্যবিধির	ধারায়	2
কার্যালয়	থেকে	1
কার্যালয়	স্থাপন	1
কাল	রাতে	9
কাল	সকালে	3
কাল	জিজ্ঞাসা	2
কাল	যখন	2
কাল	আপনি	1
কাল	ক্লাস	1
কালই	আসছি	1
কালকে	কেনো	1
কালকে	বাড়িতে	1
কালকে	বাসায়	1
কালকে	বৃষ্টি	1
কালকে	শুরু	1
কালি	পড়েছে	1
কালে	কাজ	1
কালে	পুরুষ	1
কালে	মানুষ	1
কালে	মানুষের	1
কালের	একজন	1
কালের	প্রভাবে	1
কালো	হয়ে	3
কালো	ও	1
কালো	টুপি	1
কালো	পছন্দ	1
কালো	পাজামা	1
কালো	বাড়া	1
কালোটাকা	সাদা	2
কাশি	হয়েছে	4
কাশি	আছে	1
কাশি	লেগেই	1
কাশি	হচ্ছে	1
কাশির	অষুধ	2
কাশির	সাথে	2
কাশির	আওয়াজ	1
কাস্টমার	সারভিসে	2
কাহিনী	শুনে	2
কাহিনী	মানুষের	1
কি	না	29
কি	আমার	26
কি	আপনার	17
কি	করে	17
কি	আমাকে	12
কি	তোমার	12
কিংবদন্তি	অভিনেতা	1
কিংবা	এক	2
কিংবা	খুব	1
কিংবা	নতুন	1
কিংবা	পুনরায়	1
কিংবা	যেকোনো	1
কিচিরমিচির	করে	2
কিছু	একটা	11
কিছু	আছে	7
কিছু	করার	7
কিছু	কিছু	7
কিছু	লোক	7
কিছু	না	6
কিছুই	খাচ্ছেন	2
কিছুই	খাচ্ছো	2
কিছুই	খান	2
কিছুই	খায়	2
কিছুই	খেতে	2
কিছুই	বলিনি	2
কিছুক্ষণ	পর	2
কিছুক্ষণ	আগে	1
কিছুক্ষন	অপেক্ষা	1
কিছুটা	সময়	2
কিছুটা	দূরে	1
কিছুটা	নামবে	1
কিছুটা	বিদ্যুৎ	1
কিছুতেই	একমত	1
কিছুতেই	ভয়	1
কিছুতেই	সহ্য	1
কিছুতেই	সেই	1
কিছুতেই	হতে	1
কিছুদিন	ধরে	3
কিছুদিন	থাকার	1
কিছুদিন	মুনাফার	1
কিছুদিন	শহরের	1
কিছুদিন	স্বাভাবিক	1
কিছুদিনের	মধ্যে	1
কিছুর	জন্য	1
কিছুর	দরকার	1
কিতাব	নাজিল	2
কিতাব	যা	1
কিনতে	পারব	9
কিনতে	চাই	6
কিনতে	হবে	3
কিনতে	চাও	2
কিনতে	পারবেন	2
কিনতে	পারি	2
কিনবে	না	1
কিনা	তা	3
কিনা	কেবলমাত্র	1
কিনে	নিতে	1
কিনে	নেয়	1
কিনে	প্রতারিত	1
কিনে	বাড়ি	1
কিনে	শেয়ার	1
কিনেছেন	না	1
কিন্ত	মন্দের	1
কিন্তু	আমি	8
কিন্তু	আমার	4
কিন্তু	এটা	4
কিন্তু	এই	3
কিন্তু	বাংলাদেশ	3
কিন্তু	সে	3
কিভাবে	যাব	9
কিভাবে	করতে	2
কিভাবে	বলে	2
কিভাবে	কেক	1
কিভাবে	ব্যাখ্যা	1
কিভাবে	লেখেন	1
কিম	জং	1
কিয়ামতের	দিন	2
কিরণ	দাস	1
কিলোমিটার	আওতার	1
কিলোমিটার	দক্ষিণে	1
কিলোমিটার	দূরের	1
কিলোমিটার	নিচে	1
কিশোর	নিহত	1
কিশোরী	জীবনের	1
কিশোরী	যখন	1
কিসের	চাকরি	1
কিসের	ব্যপারে	1
কিসের	ব্যাপারে	1
কী	করে	9
কী	কী	9
কী	করতে	8
কী	করবেন	7
কী	হবে	7
কী	করেন	6
কীভাবে	কাজ	4
কীভাবে	জানেন	2
কীভাবে	সম্ভব	2
কীভাবে	উৎসাহিত	1
কীভাবে	চুল	1
কীভাবে	হতে	1
কীসের	দিকে	1
কুকর্ম	করতে	1
কুকর্ম	কে	1
কুকুর	ওনার	1
কুকুর	ওর	1
কুকুর	তাঁর	1
কুকুর	তার	1
কুকুর	যে	1
কুকুর	রয়েছে	1
কুকুরকে	খাবার	1
কুকুরটা	ঘেউ	1
কুকুরটার	বয়স	1
কুকুরের	মধ্যে	1
কুকুরের	মালিক	1
কুচি	দিতে	1
কুড়াল	কেনার	1
কুফা	হয়ে	1
কুমড়া	দিয়ে	1
কুমার	রায়	1
কুমিরের	ভয়ে	1
কুয়াশা	পড়ে	1
কুয়াশা	বলে	1
কুয়াশার	কারণে	1
কুয়াশার	জন্য	1
কুরআন	শরীফ	3
কুরআন	অবতীর্ণ	2
কুরআন	পাঠ	2
কুরআনের	আলো	2
কুরাইশ	বংশের	2
কুরাইশ	নারী	1
কুরাইশ	নেতা	1
কুরাইশ	পুরুষদের	1
কুরাইশ	বাহিনী	1
কুরাইশ	বাহিনীর	1
কুরাইশদের	অত্যাচারের	1
কুরাইশদের	অনুকূলে	1
কুরাইশদের	আগমনের	1
কুরাইশদের	কাছে	1
কুরাইশদের	ডাকে	1
কুরাইশদের	সাথে	1
কুল	পেল	1
কুলি	ছিলেন	1
কুশল	কামনা	1
কুসংস্কার	এবং	1
কুসংস্কার	ও	1
কুসংস্কার	ছিল	1
কুসংস্কার	নারী	1
কুসুম	গরম	1
কুসুম	চিন্তা	1
কূটনৈতিক	সম্পর্ক	2
কূটনৈতিক	উত্তেজনা	1
কূটনৈতিক	ক্ষেত্রে	1
কৃতকর্মের	জবাবদিহি	1
কৃতকার্য	হয়েছে	1
কৃতজ্ঞ	থাকবো	1
কৃতজ্ঞ	যারা	1
কৃতজ্ঞ	হতে	1
কৃতজ্ঞতা	প্রকাশ	1
কৃতিত্ব	উদযাপন	1
কৃতিত্ব	কমে	1
কৃতিত্বের	অধিকারী	2
কৃতিত্বের	দাবিদার	1
কৃতিত্বের	পরিচয়	1
কৃতিত্বের	যে	1
কৃত্রিম	বুদ্ধিমত্তা	11
কৃত্রিম	বুদ্ধিমত্তাকে	3
কৃত্রিম	বুদ্ধিমত্তার	3
কৃত্রিম	উপগ্রহ	1
কৃষকদের	উন্নত	2
কৃষকদের	ব্যবহার	1
কৃষকদের	মাঝে	1
কৃষকেরা	এখনো	1
কৃষি	আমাদের	1
কৃষি	উৎপাদন	1
কৃষি	কাজের	1
কৃষি	প্রযুক্তিগত	1
কৃষি	যন্ত্রপাতির	1
কৃষি	সম্প্রসারণ	1
কৃষিঋণ	বিতরণে	2
কৃষ্ণ	জ্বর	1
কৃষ্ণের	মা	1
কে	এসেছে	5
কে	কে	4
কে	কথা	3
কে	না	3
কে	একদিনের	2
কে	শুরু	2
কেঁচো	এক	1
কেঁচো	খুঁড়তে	1
কেঁদে	উঠল	1
কেঁদে	কৃষ্ণ	1
কেঁদে	কেঁদে	1
কেঁদে	ফেললেন	1
কেঁদেছি	আমি	1
কেঁদো	না	2
কেঁপে	উঠল	1
কেঁপে	উঠে	1
কেঁপে	উঠেছিলাম	1
কেঁপে	ওঠে	1
কেই	বা	1
কেউ	কেউ	9
কেউ	আছেন	6
কেউ	একজন	6
কেউ	নেই	5
কেউ	যুদ্ধ	4
কেউ	কি	3
কেউই	কথা	2
কেউই	অপরিহার্য	1
কেউই	এটা	1
কেউই	কিছু	1
কেউই	নেই	1
কেক	পছন্দ	2
কেক	ও	1
কেক	খেতে	1
কেক	থেকে	1
কেক	বানাতে	1
কেক	ভালো	1
কেকটা	সুস্বাদু	2
কেকটা	কে	1
কেকটা	তৈরি	1
কেজি	থেকে	1
কেজি	দেশি	1
কেজি	পেঁয়াজ	1
কেজি	বিক্রি	1
কেজি	রসুন	1
কেটি	ও	1
কেটে	গেছে	2
কেটে	গেলে	1
কেটে	ভেতরে	1
কেটে	যাওয়ায়	1
কেটে	হত্যা	1
কেন	এটা	3
কেন	তুমি	3
কেন	আপনি	2
কেন	তা	2
কেন	তাদের	2
কেন	দরকার	2
কেননা	ওটা	1
কেননা	তেলাপোকা	1
কেননা	বাংলাদেশের	1
কেনা	বেচার	1
কেনা	লাগবে	1
কেনা	হয়নি	1
কেনাকাটা	করতে	8
কেনাকাটা	অন্যান্য	1
কেনার	কথা	2
কেনার	টাকাও	1
কেনার	দোকানটা	1
কেনার	প্রয়োজন	1
কেনার	প্রশ্নই	1
কেনার	প্রস্তাব	1
কেনো	ঘটলো	1
কেনো	বাড়িতে	1
কেন্দ্র	করে	12
কেন্দ্র	অবস্থিত	1
কেন্দ্র	করেই	1
কেন্দ্র	তৈরীর	1
কেন্দ্র	থেকে	1
কেন্দ্র	বলা	1
কেন্দ্রীয়	সভাপতি	3
কেন্দ্রীয়	কমিটির	1
কেন্দ্রীয়	নেতা	1
কেন্দ্রীয়	ব্যাংক	1
কেন্দ্রীয়	সহকারী	1
কেন্দ্রে	অবস্থিত	1
কেন্দ্রে	দেখা	1
কেন্দ্রের	একটি	1
কেন্‌	আমাকে	2
কেপ	প্রদেশের	1
কেবল	একটি	4
কেবল	আল্লাহর	2
কেবল	নিজের	2
কেবল	নিজে	1
কেবল	বুঝলাম	1
কেবল	মেধা	1
কেবলই	শুরু	1
কেবলমাত্র	মানুষের	1
কেবলমাত্র	যখন	1
কেবিন	নেই	1
কেমন	আছেন	7
কেমন	আছো	5
কেমন	করে	3
কেমন	আছিস	2
কেমন	আছে	2
কেমন	লাগছে	2
কেয়ার	করি	4
কেয়ার	বাংলাদেশ	1
কেরোসিন	জাতীয়	1
কেরোসিন	ঢেলে	1
কেষ্ট	মেলে	2
কেষ্ট	কোথায়	1
কোকিল	ডাকে	2
কোচ	হিসেবে	1
কোট	পরা	2
কোটটা	নেব	1
কোটি	মানুষ	5
কোটি	টাকা	3
কোটি	টাকার	2
কোটি	কোটি	1
কোটি	গাছ	1
কোটি	ডলার	1
কোটিপতি	হতে	1
কোটির	বেশি	1
কোডিং	করতে	1
কোণ	এক	2
কোণ	একটি	1
কোণ	দুটি	1
কোণ	বলে	1
কোত্থেকে	কাপড়	1
কোথা	থেকে	17
কোথা	হতে	1
কোথাও	আছে	2
কোথাও	আমার	2
কোথাও	গেছিলেন	1
কোথাও	থাকে	1
কোথাও	থাকেন	1
কোথাও	শুনেছি	1
কোথায়	থেকে	6
কোথায়	যেতে	5
কোথায়	থাকি	4
কোথায়	অবস্থিত	3
কোথায়	যাচ্ছ	3
কোথায়	যাচ্ছেন	3
কোন	দেশের	6
কোন	অংশে	4
কোন	কোন	3
কোন	টুপিটা	2
কোন	দাঁতটা	2
কোন	রাস্তা	2
কোনও	আইনগত	1
কোনও	ঐশ্বরিক	1
কোনও	ক্ষতি	1
কোনও	বিপদ	1
কোনও	সম্পর্ক	1
কোনটা	দরকার	2
কোনটা	আগে	1
কোনটা	পছন্দ	1
কোনটি	এবং	1
কোনটি	ছিল	1
কোনটি	সবচেয়ে	1
কোনদিন	কাউকে	2
কোনদিন	কি	1
কোনভাবেই	মেনে	1
কোনমতেই	এটা	1
কোনমতেই	তোমাকে	1
কোনো	ভুল	6
কোনো	কিছু	5
কোনো	কথা	4
কোনো	কোনো	4
কোনো	সন্দেহ	4
কোনো	সমস্যা	4
কোনোদিন	আমার	1
কোনোদিন	দেউলিয়া	1
কোনোদিন	ভুলবো	1
কোনোদিন	হবে	1
কোনোদিনই	মুসলমানদের	1
কোনোদিনই	স্থায়ী	1
কোনোভাবে	রাজনৈতিক	1
কোনোভাবেই	না	1
কোনোরকম	জুলুম	1
কোপ	মারতে	1
কোপে	শাহ	1
কোভিড	প্রতিরোধ	2
কোমর	ব্যাথা	1
কোম্পানি	হিসেবে	2
কোম্পানি	অনেক	1
কোম্পানি	থেকে	1
কোম্পানি	বছর	1
কোম্পানি	সহজেই	1
কোম্পানিই	চেকের	1
কোম্পানিকে	লাইসেন্স	1
কোম্পানির	কার্যক্রম	1
কোম্পানির	প্রতিনিধিত্ব	1
কোম্পানির	বড়	1
কোম্পানির	লক্ষ্য	1
কোম্পানির	শাসনের	1
কোম্পানির	হয়ে	1
কোয়ান্টাম	পদার্থবিজ্ঞান	2
কোর	না	3
কোর	কিন্তু	1
কোর	প্রসেসর	1
কোরআন	মানে	1
কোরবানির	মধ্যদিয়ে	1
কোরিয়া	কর্তৃক	1
কোরিয়া	কোনো	1
কোরিয়া	প্রতিবেশী	1
কোরিয়া	যেতে	1
কোরিয়ায়	ন্যূনতম	1
কোরিয়ার	এই	1
কোরিয়ার	মানুষ	1
কোরিয়ার	সর্বোচ্চ	1
কোরো	না	8
কোর্ট	সমকামী	1
কোর্টে	টেনিস	1
কোর্স	চালু	1
কোর্স	পর্যায়ে	1
কোলকাতায়	থামে	1
কোলে	বসতি	1
কোলে	বসল	1
কোলের	ওপর	1
কোষ	তৈরি	1
কোষ	দিয়ে	1
কোষের	মধ্যে	1
কোস্ট	গার্ড	2
কৌতুহল	এবং	1
কৌতুহলী	ছিলাম	1
কৌতূহলী	ছিল	1
কৌশল	ও	2
কৌশল	অবলম্বন	1
কৌশল	আজও	1
কৌশল	এবং	1
কৌশলগত	জোট	1
কৌশিক	ও	2
ক্যাচ	দিয়ে	1
ক্যাথারিন	গির্জার	1
ক্যান্সার	হয়েছে	2
ক্যান্সার	বুকটা	1
ক্যান্সার	যে	1
ক্যান্সার	হতে	1
ক্যান্সারের	শিকার	1
ক্যাফেতে	গিয়েছিলাম	1
ক্যামেরা	কিনে	1
ক্যামেরা	কেনার	1
ক্যামেরা	ছিল	1
ক্যামেরা	প্রযুক্তির	1
ক্যারিয়ার	গড়ে	1
ক্যারিয়ার	সচেতন	1
ক্যারিয়ার	হিসেবেও	1
ক্যালিফোর্নিয়া	থেকে	1
ক্যালিফোর্নিয়া	সেখানকার	1
ক্যালিফোর্নিয়ায়	অনুষ্ঠিত	1
ক্যালিফোর্নিয়ায়	এখন	1
ক্যালিবার	মিসাইল	1
ক্যাসিনোর	মালিকের	1
ক্রমবর্ধমান	উত্তেজনার	2
ক্রমবর্ধমান	পারস্পরিক	1
ক্রমবিকাশের	সাথে	2
ক্রমশ	অনলাইনে	1
ক্রমশ	ছড়িয়ে	1
ক্রমশ	পরিবর্তন	1
ক্রমশ	বাড়ছে	1
ক্রমেই	কমছে	1
ক্রমেই	তিনি	1
ক্রমেই	তীব্র	1
ক্রয়	এবং	1
ক্রস	হাসপাতালে	1
ক্রাইম	পেট্রল	1
ক্রিকেট	দলের	3
ক্রিকেট	এবং	1
ক্রিকেট	খেলেছি	1
ক্রিকেট	ফুটবল	1
ক্রিকেট	সিরিজ	1
ক্রিকেটে	প্রথম	2
ক্রিম	আর	1
ক্রিমের	মতো	1
ক্রিয়া	করে	2
ক্রিয়া	পদের	1
ক্রিয়া	বলা	1
ক্রিয়া	বিকাশ	1
ক্রিস	হিপকিনস	2
ক্রিস্টির	উপন্যাস	1
ক্রুজ	ক্ষেপণাস্ত্র	1
ক্রুদের	কোনো	1
ক্রেডিট	কার্ড	5
ক্রেতা	পাঠক	1
ক্রেতা	স্বাভাবিকভাবেই	1
ক্রেতারা	বাংলাদেশে	1
ক্লান্ত	লাগছে	4
ক্লান্ত	তাই	3
ক্লান্ত	নই	2
ক্লান্ত	ছিলাম	1
ক্লান্ত	নও	1
ক্লান্ত	শরীরে	1
ক্লান্তি	নিয়ে	1
ক্লাবে	যোগদান	1
ক্লাস	আছে	1
ক্লাস	নিচ্ছেন	1
ক্লাস	রুম	1
ক্লাস	শুরু	1
ক্লাস	স্থগিত	1
ক্লাসে	দেরি	2
ক্লাসে	ছিলে	1
ক্লাসে	প্রাচীন	1
ক্লাসে	বিভিন্ন	1
ক্লাসের	অন্য	1
ক্লাসের	আগে	1
ক্লাসের	কেউ	1
ক্লিনার	দিয়ে	1
ক্লিনার	পেপার	1
ক্লিনারের	প্রধান	2
ক্লিনিকে	ভর্তি	1
ক্ষণিকের	জন্য	1
ক্ষতি	করতে	3
ক্ষতি	হয়েছে	3
ক্ষতি	করে	2
ক্ষতি	নেই	2
ক্ষতি	হতে	2
ক্ষতি	হয়নি	2
ক্ষতিকর	হতে	2
ক্ষতিকর	বস্তু	1
ক্ষতিকর	রাসায়নিক	1
ক্ষতিকারক	হবে	1
ক্ষতিগ্রস্ত	পরিবারের	1
ক্ষতিগ্রস্ত	পাকিস্তানে	1
ক্ষতিগ্রস্ত	যাদের	1
ক্ষতিগ্রস্ত	লোকদের	1
ক্ষতিগ্রস্ত	হয়েছে	1
ক্ষতিগ্রস্থ	হয়	1
ক্ষতিপূরণ	গ্রহণযোগ্য	1
ক্ষতির	খেসারত	1
ক্ষতির	মুখে	1
ক্ষমতা	অর্জন	2
ক্ষমতা	কম	2
ক্ষমতা	নষ্ট	1
ক্ষমতা	নিয়ে	1
ক্ষমতা	বাংলাদেশ	1
ক্ষমতা	সম্পর্কে	1
ক্ষমতাবান	হই	1
ক্ষমতাবান	হওয়া	1
ক্ষমতাবান	হয়ে	1
ক্ষমতার	অপব্যবহার	2
ক্ষমতাশালী	ধর্মীয়	1
ক্ষমতাশালী	ফেরেশতা	1
ক্ষমতাসীন	দলের	1
ক্ষমতাসীন	লেবার	1
ক্ষমা	করবেন	8
ক্ষমা	করে	5
ক্ষমা	করা	3
ক্ষমা	চাইছি	3
ক্ষমা	করবে	2
ক্ষমা	চাইতে	2
ক্ষমাপ্রার্থনা	স্বীকার	1
ক্ষমার	অযোগ্য	2
ক্ষমার	মাত্রা	1
ক্ষয়ক্ষতির	পরিমাণ	1
ক্ষিপ্ত	হয়ে	1
ক্ষুদ্র	ক্ষুদ্র	2
ক্ষুদ্র	কণা	1
ক্ষুদ্র	পানি	1
ক্ষুদ্র	পানির	1
ক্ষুদ্র	প্রতিযোগিতা	1
ক্ষুদ্রতম	একক	2
ক্ষুদ্রতম	দেশ	1
ক্ষুধা	কি	1
ক্ষুধা	থাকলে	1
ক্ষুধা	পেলে	1
ক্ষুধা	লেগেছে	1
ক্ষুধার্ত	নজরে	1
ক্ষেত্র	আজ	1
ক্ষেত্র	দ্বিগুণ	1
ক্ষেত্র	ব্যাপক	1
ক্ষেত্রে	বাংলাদেশের	3
ক্ষেত্রে	জামানতের	2
ক্ষেত্রে	বাংলাদেশ	2
ক্ষেত্রে	অনেকেই	1
ক্ষেত্রে	এই	1
ক্ষেত্রেই	এক	1
ক্ষেত্রেই	বাংলাদেশ	1
ক্ষেত্রেই	মাসিক	1
ক্ষেত্রেই	যৌন	1
ক্ষেত্রেই	সাধারণ	1
ক্ষেত্রেও	খুব	1
ক্ষেপণাস্ত্র	নিক্ষেপ	2
ক্ষেপণাস্ত্র	হামলা	2
ক্ষেপণাস্ত্র	পরীক্ষা	1
ক্ষেপণাস্ত্র	ভূপাতিত	1
ক্ষেপণাস্ত্র	সযত্নে	1
ক্ষোভ	প্রকাশ	1
খণ্ড	প্রলয়	1
খনিজ	লবণ	2
খনিজ	ও	1
খনিজ	মানব	1
খনির	উপর	1
খনির	সন্ধান	1
খবর	পেয়ে	3
খবর	অনুযায়ী	1
খবর	ছিল	1
খবর	দিয়েছিল	1
খবর	পৌঁছে	1
খবর	ফাঁস	1
খবরে	বলা	2
খবরে	দেখলাম	1
খবরে	বাংলাদেশের	1
খবরের	কাগজ	7
খবরের	কাগজটা	1
খবরের	কাগজে	1
খরগোশ	গাজর	2
খরগোশ	ছিলো	1
খরগোশ	তার	1
খরগোশ	দাও	1
খরগোশ	দীর্ঘশ্বাস	1
খরচ	হবে	3
খরচ	পরবে	2
খরচ	কমাবে	1
খরচ	ত্রিশ	1
খরচা	পরবে	1
খরিদ	করে	1
খরিদ	বিক্রয়ের	1
খলিফা	মুয়াবিয়া	5
খলিফা	আব্দুল	2
খলিফা	ওয়ালিদ	2
খলিফা	ওয়ালিদের	2
খলিফা	মুয়াবিয়ার	2
খলিফা	হওয়ার	2
খসড়া	তালিকা	1
খসড়া	প্রস্তাব	1
খাঁচা	থেকে	1
খাঁচায়	এর	1
খাঁচার	থেকে	1
খাঁটি	সোনা	3
খাঁটি	গহনা	1
খাই	না	3
খাই	খাওয়ার	1
খাই	বলেই	1
খাও	তার	1
খাও	না	1
খাও	সেখানে	1
খাওয়া	উচিত	4
খাওয়া	যায়	3
খাওয়া	উচিৎ	2
খাওয়া	হয়েছে	2
খাওয়া	যাক	1
খাওয়া	শুরু	1
খাওয়াটা	কখন	1
খাওয়াতে	লাগলো	2
খাওয়াতে	খাওয়াতে	1
খাওয়াতে	ব্যর্থ	1
খাওয়াতে	হয়ত	1
খাওয়ার	পর	3
খাওয়ার	জন্য	2
খাওয়ার	অনুমতি	1
খাওয়ার	পরিমাণ	1
খাওয়ার	সময়	1
খাওয়ার	সুযোগ	1
খাচ্ছ	সেটা	1
খাচ্ছি	না	1
খাচ্ছে	না	1
খাচ্ছেন	না	2
খাচ্ছো	না	2
খাট	ভাঙবো	1
খাটিয়ে	তাঁর	1
খাটিয়ে	বসবাস	1
খাটে	উঠে	1
খাটো	করা	1
খাড়া	হয়ে	2
খাড়া	করে	1
খাত	থেকে	2
খাত	ওই	1
খাত	সংশ্লিষ্ট	1
খাতা	আছে	1
খাতা	সই	1
খাতায়	সুন্দর	1
খাতে	বিনিয়োগ	1
খাতে	বিশ্বের	1
খাতে	মনোযোগ	1
খাত্তাব	রাস্তার	1
খাত্তাবের	খুব	1
খাত্তাবের	চাচা	1
খাদ্য	হিসেবে	2
খাদ্য	পানি	1
খাদ্য	মন্ত্রণালয়	1
খাদ্য	রপ্তানি	1
খাদ্য	সামগ্রী	1
খাদ্যে	আমিষ	1
খাদ্যে	ক্ষতিকর	1
খাদ্যে	ব্যবহৃত	1
খাদ্যে	ভেজাল	1
খাদ্যের	মতো	1
খান	না	4
খান	অভিযোগ	1
খান	এবং	1
খান	দাবি	1
খান	প্রথম	1
খান	বলে	1
খানিক	আদা	1
খানিক	কফি	1
খানিক	চিরুনি	1
খানিকটা	বেড়ে	1
খানের	নাতি	1
খানের	নির্বাচন	1
খানের	সিনেমার	1
খাপ	খাওয়াতে	1
খাব	না	2
খাবার	পছন্দ	5
খাবার	খেতে	4
খাবার	খেলে	4
খাবার	খাই	3
খাবার	খান	2
খাবার	খায়	2
খাবারে	আমার	1
খাবারের	জন্য	2
খাবারের	পরে	2
খাবারের	গন্ধ	1
খাবারের	চাহিদা	1
খাবারের	মধ্যে	1
খাবারের	যেকোনো	1
খাবি	খা	1
খাবি	না	1
খাবে	না	1
খাবেন	না	3
খাবেন	তাতে	1
খাম	কোথা	1
খামার	থেকে	1
খামারে	আছে	1
খায়	না	6
খায়	গল্প	1
খায়	যাদের	1
খারাপ	কাজ	3
খারাপ	হয়ে	3
খারাপ	কথা	2
খারাপ	কিছু	2
খারাপ	লক্ষণ	2
খারাপ	লাগছে	2
খারিজ	যোগ্য	1
খাল	বা	1
খাল	বিল	1
খাল	বিলের	1
খালা	আমাদের	1
খালা	মামারা	1
খালাতো	বোনকে	3
খালাস	দেয়ার	1
খালি	ফল	4
খালি	ফরাসি	3
খালি	একটু	2
খালি	আমার	1
খালি	নিজস্ব	1
খালি	ভাবছি	1
খালেদা	জিয়াকে	3
খালেদা	জিয়া	2
খালের	একটা	1
খাস	না	1
খিটখিটে	হয়ে	1
খিদে	পেয়েছে	4
খিদে	পাচ্ছে	1
খিদে	পায়	1
খিলাফতের	ইতিহাসে	2
খুঁজছি	খাওয়ার	1
খুঁজছি	তা	1
খুঁজে	বের	4
খুঁজে	পেতে	3
খুঁজে	পাওয়া	2
খুঁজে	পেয়েছি	2
খুঁজে	পাইনি	1
খুঁজে	বার	1
খুঁড়তে	সাপ	1
খুচরা	বাজারে	1
খুচরা	বিক্রেতা	1
খুজে	পেয়েছিলাম	4
খুজে	পাচ্ছি	2
খুজে	পাইনি	1
খুন	করা	8
খুন	করতে	4
খুন	করেছে	4
খুন	করার	2
খুন	করেছি	1
খুন	করেছিলো	1
খুনি	একজন	1
খুনিকে	এখনো	1
খুনিকে	গ্রেফতার	1
খুনির	সম্পর্কে	1
খুনীকে	ছিনিয়ে	1
খুনীর	ধরা	1
খুনে	আর	1
খুনের	অস্ত্রটি	1
খুনের	তদন্ত	1
খুনের	মামলার	1
খুনের	সময়	1
খুব	ভালো	17
খুব	একটা	16
খুব	ভাল	8
খুব	বেশি	7
খুব	ক্লান্ত	6
খুব	খারাপ	6
খুবই	গুরুত্বপূর্ণ	5
খুবই	ভালো	3
খুবই	কম	2
খুবই	দরকার	2
খুবই	সীমিত	2
খুবই	সাধারণ	1
খুবি	ভালো	1
খুলতে	পারি	2
খুলতে	শুরু	2
খুলতে	চাই	1
খুলতে	নির্দেশ	1
খুলতে	নির্দেশনা	1
খুলতে	লাগল	1
খুলবেন	না	1
খুললাম	আমরা	1
খুলে	আমার	2
খুলে	বলো	2
খুলে	দিলাম	1
খুলে	দেওয়ার	1
খুলে	দেন	1
খুলে	রেখেছিলাম	1
খুলেছে	ইসলামী	1
খুলো	না	2
খুশি	হলাম	5
খুশি	হয়েছি	4
খুশি	ছিলো	3
খুশি	মনে	3
খুশি	তুমি	2
খুশি	হলো	2
খুশিই	বোর্ড	1
খুশী	হবো	1
খেও	না	1
খেটে	মরছি	1
খেত	ডিম	1
খেতে	চাই	7
খেতে	চাও	6
খেতে	পারেন	6
খেতে	হবে	6
খেতে	চান	5
খেতে	হয়	5
খেতেই	হবে	1
খেয়াল	রাখতে	3
খেয়াল	করল	1
খেয়াল	করিনি	1
খেয়াল	রাখবে	1
খেয়াল	রাখবেন	1
খেয়াল	রেখেছ	1
খেয়ে	নাও	3
খেয়ে	নিন	3
খেয়ে	নিল	2
খেয়ে	নে	2
খেয়ে	লেগেছে	2
খেয়ে	হাত	1
খেয়েও	আমার	1
খেয়েছি	অনেকদিন	1
খেলতে	দেখেছি	1
খেলতে	পারবো	1
খেলতে	পারি	1
খেলতে	পারে	1
খেলতে	যাবে	1
খেলতে	যাবেন	1
খেলনা	কিনছি	1
খেলনা	নয়	1
খেলা	বন্ধ	4
খেলা	খেলি	2
খেলা	দেখতে	2
খেলা	পছন্দ	1
খেলা	মানেই	1
খেলা	যাক	1
খেলাও	খেলি	1
খেলাধুলা	ও	1
খেলাধুলা	করবে	1
খেলাধুলা	করে	1
খেলাধুলায়	আগ্রহী	1
খেলাধুলায়	খারাপ	1
খেলাধুলায়	ভালো	1
খেলাপি	ঋণ	2
খেলায়	নাম	1
খেলার	জন্য	2
খেলার	মাঠ	2
খেলার	মাঠে	2
খেলার	জায়গা	1
খেলার	মাঠের	1
খেলার	সামগ্রী	1
খেলে	অসুখ	1
খেলে	আমরা	1
খেলে	কী	1
খেলে	মাথা	1
খেলেন	বাংলাদেশের	1
খেলো	না	1
খেসারত	কে	1
খোঁজ	নিয়ে	1
খোঁজ	পেয়েছে	1
খোঁজ	পেয়েছেন	1
খোঁজা	দরকার	1
খোঁজা	পরিচ্ছন্নতা	1
খোঁজাখুঁজি	করে	1
খোঁজার	জন্য	1
খোঁজে	যাওয়ার	1
খোঁজে	সে	1
খোকা	এখন	1
খোদা	মুখ	1
খোদা	যেন	1
খোদার	দরবারে	1
খোলা	মনে	2
খোলা	আছে	1
খোলা	এলাকা	1
খোলা	থাকে	1
খোলা	পাত্রে	1
খোলা	রেখেছিলেন	1
খোলার	জন্য	1
খোলে	এবং	1
খ্যাতি	অর্জন	1
খ্যাতি	রয়েছে	1
খ্রিস্ট	হলেন	1
খ্রিস্টান	ও	2
খ্রিস্টান	ছিলেন	1
খ্রিস্টান	ধর্ম	1
খ্রিস্টান	না	1
খ্রিস্টানদের	উপাসনা	1
খ্রিস্টানদের	একটি	1
গঙ্গা	ও	2
গজ	দূরে	1
গঠন	করে	3
গঠন	একেবারে	1
গঠন	করবে	1
গঠন	করেছে	1
গঠন	পরিচালনা	1
গঠনের	প্রস্তাব	2
গঠনের	অনুরোধ	1
গঠনের	উদ্যোগ	1
গঠনের	কথা	1
গঠনের	চিন্তা	1
গঠনের	জন্য	1
গঠিত	হয়	3
গঠিত	এমন	1
গঠিত	খুব	1
গঠিত	বিভিন্ন	1
গঠিত	হতো	1
গঠিত	হাইড্রোকার্বন	1
গড়	বর্গ	1
গড়	মান	1
গড়তে	পারে	1
গড়াতে	পারে	1
গড়ার	ইঙ্গিত	1
গড়ার	খেলার	1
গড়ার	ঘোষণা	1
গড়ার	লক্ষ্যে	1
গড়ে	উঠেছিল	2
গড়ে	ওঠেনি	2
গড়ে	তোলার	2
গড়ে	উঠবে	1
গড়ে	তুলেছে	1
গড়ে	তোলা	1
গণ	অধিকার	1
গণ	পরিষদ	1
গণ	পরিষদের	1
গণতন্ত্র	ও	1
গণতন্ত্র	ছিল	1
গণতন্ত্র	দেশ	1
গণতন্ত্র	যেন	1
গণতন্ত্র	স্বাধীনতাকে	1
গণতন্ত্রের	একটি	1
গণতন্ত্রের	ব্যবস্থা	1
গণতান্ত্রিক	দেশ	2
গণতান্ত্রিক	শাসনের	2
গণতান্ত্রিক	প্রক্রিয়ায়	1
গণতান্ত্রিক	শ্রম	1
গণনা	করত	1
গণনা	শুরু	1
গণহত্যা	হয়	1
গণহত্যার	বিচারে	1
গণিত	অধ্যয়ন	1
গণিত	আমার	1
গণিত	এবং	1
গণিত	হলো	1
গণিতে	দক্ষ	1
গণিতের	একটা	1
গণেশ	ও	1
গণ্য	করা	2
গণ্যমান্য	ব্যক্তিদের	1
গত	বছর	7
গত	সপ্তাহে	7
গত	বছরের	5
গত	দুই	4
গত	মঙ্গলবার	4
গত	শনিবার	4
গতকাল	বুধবার	11
গতকাল	আমার	3
গতকাল	আমাদের	2
গতকাল	জাপানে	2
গতকাল	মঙ্গলবার	2
গতকাল	সকালে	2
গতকালের	খবরের	1
গতরাতে	পাশের	1
গতানুগতিক	পদ্ধতিতে	1
গতানুগতিক	শিক্ষা	1
গতি	নিয়ে	2
গতি	অত্যন্ত	1
গতি	ও	1
গতি	তুলতে	1
গতি	যার	1
গতি	লক্ষ্য	1
গতিতে	এগিয়ে	1
গতিতে	এগিয়েছে	1
গতিতে	ছুটতে	1
গতিশীল	প্রক্রিয়া	1
গন্তব্য	বাংলাদেশ	1
গন্তব্য	ভুলিয়ে	1
গন্তব্য	হতে	1
গন্তব্য	হবে	1
গন্তব্যটা	হতে	1
গন্তব্যে	যেতে	2
গন্তব্যে	ফ্লাইট	1
গন্ধ	আমাদের	1
গন্ধ	ছাড়াও	1
গন্ধ	দূর	1
গন্ধ	পেলেই	1
গন্ধ	বের	1
গবাদি	পশু	1
গবেষণা	ও	2
গবেষণা	করা	1
গবেষণা	চলছে	1
গবেষণা	প্রতিষ্ঠান	1
গবেষণাটি	অসফল	3
গবেষণায়	দেখা	2
গবেষণায়	জন	1
গবেষণার	সূচনা	1
গভর্নর	এই	1
গভর্নর	জেনারেল	1
গভর্নর	নিযুক্ত	1
গভীর	রাতে	3
গভীর	জল	1
গভীর	নিশ্বাস	1
গভীর	বিশেষত	1
গভীর	রাত	1
গম	মাছের	1
গয়না	উদ্ধার	1
গয়না	চুড়ি	1
গয়না	দিয়েছিলো	1
গয়না	বা	1
গরম	করে	3
গরম	দিন	2
গরম	পানি	2
গরম	ভাতের	2
গরম	যে	2
গরম	আছে	1
গরমে	কোথাও	1
গরমের	দিনে	2
গরমের	ছুটি	1
গরমের	পরে	1
গরমের	মধ্যে	1
গরিব	দেশ	1
গরিব	লোকটি	1
গরীব	সেটা	1
গরু	একটি	2
গরু	সিঁদুরে	2
গরু	আমাদের	1
গরু	ছাগলের	1
গরু	দুধ	1
গরুর	মাংস	4
গরুর	মাংসের	2
গরুর	লেজ	1
গর্জন	করলে	1
গর্জন	সার	1
গর্জে	উঠল	1
গর্জে	তত	1
গর্বিত	নই	10
গর্বিত	হতেন	2
গর্বিত	হও	1
গর্ভকালীন	সময়ে	4
গর্ভপাত	বলে	1
গর্ভবতী	নারীর	2
গর্ভবতী	কি	1
গর্ভবতী	ছিল	1
গর্ভবতী	হওয়ার	1
গর্ভবতী	হয়	1
গর্ভবতী	হয়েছিলাম	1
গর্ভাবস্থায়	অনেকেরই	2
গর্ভাবস্থায়	পেট	2
গর্ভে	বাচ্চা	1
গর্ভে	রাজার	1
গর্ভের	শিশুর	2
গলফ	কীভাবে	1
গলফ	খেলতে	1
গলফ	খেলার	1
গলা	ব্যাথা	2
গলা	অবধি	1
গলা	ও	1
গলা	কেটে	1
গলাটা	একটু	1
গলায়	ফাঁস	1
গলায়	মালা	1
গলার	বৈচিত্র্য	1
গলে	গেল	1
গলে	যাচ্ছে	1
গল্প	করে	2
গল্প	বলবো	2
গল্প	বলো	2
গল্প	করা	1
গল্প	পড়ে	1
গল্প	বলতে	1
গল্পটা	আমরা	1
গল্পটা	এক	1
গল্পটা	কোথায়	1
গল্পটা	জানি	1
গল্পটা	ঠিক	1
গল্পটি	পড়ুন	1
গল্পে	আড্ডায়	1
গল্পে	বলবো	1
গল্পে	বিশ্বাস	1
গল্পে	সবকিছু	1
গল্পের	শেষে	1
গল্পের	সমাজের	1
গহনা	গায়ে	1
গহনা	দিচ্ছেন	1
গহনা	দিয়েছিলেন	1
গহনা	দেওয়ার	1
গহনা	পরীক্ষার	1
গা	জুড়িয়ে	1
গা	জ্বলে	1
গা	থেকে	1
গা	ভাসিয়ে	1
গাঁথা	মালা	1
গাঁয়ে	মানে	1
গাইছে	না	1
গাইতে	পছন্দ	2
গাইতে	পারে	2
গাইতে	এবং	1
গাইতে	চাই	1
গাইতে	জানে	1
গাইতে	পারতাম	1
গাও	না	2
গাওয়া	তার	2
গাওয়া	খারাপ	1
গাওয়া	বাদ	1
গাছ	থেকে	4
গাছ	লাগানো	2
গাছ	লাগাবে	2
গাছ	আমাদের	1
গাছ	রয়েছে	1
গাছ	লাগানোর	1
গাছকে	আমাদের	1
গাছগুলো	মরে	1
গাছটা	বয়স	1
গাছটি	এত	1
গাছটি	হলো	1
গাছপালা	হয়	1
গাছে	ওঠা	1
গাছে	পানি	1
গাছে	প্রচুর	1
গাছে	বসবাস	1
গাছে	বাস	1
গাছের	ডালে	1
গাছের	নিচে	1
গাছের	পরিমাণ	1
গাছের	পাতা	1
গাছের	বেড়ে	1
গাছের	বেশিরভাগই	1
গাজর	খেতে	1
গাজর	পছন্দ	1
গাজীপুর	সিটি	4
গাড়ি	আছে	6
গাড়ি	চালাতে	4
গাড়ি	চালাও	3
গাড়ি	চালান	3
গাড়ি	কেনার	2
গাড়ি	ধুতে	2
গাড়িও	ভাঙচুর	1
গাড়িটা	ব্যবহার	2
গাড়িটা	এখানে	1
গাড়িটা	কি	1
গাড়িটা	চালু	1
গাড়িটা	চুরি	1
গাড়িটা	থামাও	1
গাড়িটি	অনুসরণ	1
গাড়িটি	কার	1
গাড়িটি	নতুন	1
গাড়িতে	উঠতে	1
গাড়িতে	উঠল	1
গাড়িতে	চড়ে	1
গাড়িতে	ধাক্কা	1
গাড়িতে	পোস্টার	1
গাড়িতে	ফেলে	1
গাড়ির	তেল	1
গাড়ির	বহর	1
গাড়ির	মধ্যে	1
গাড়ির	লোকের	1
গাঢ়	ও	1
গাণিতিক	পূর্বাভাস	1
গাণিতিক	সমস্যা	1
গাণিতিক	সমস্যার	1
গাধার	থেকে	1
গান	গাইতে	6
গান	গাওয়া	3
গান	গাও	2
গান	পছন্দ	2
গান	শোনা	2
গান	লিখতে	1
গানও	আমার	1
গানটা	গাইতে	1
গানটা	বাজাতে	1
গানটি	আমাকে	1
গানটি	আমার	1
গানে	নাচতে	2
গানে	গল্পে	1
গানের	একজন	1
গানের	জন্য	1
গানের	তালে	1
গানের	শিক্ষক	1
গায়	তারা	1
গায়ক	ও	1
গায়ক	তিনি	1
গায়ে	আগুন	1
গায়ে	ঢেলে	1
গায়ে	দেন	1
গায়ে	ফুঁ	1
গায়ে	হাত	1
গায়ের	জোরে	1
গায়ের	রং	1
গায়ের	লোকের	1
গারদে	ঢুকাও	1
গার্ড	পুলিশের	1
গার্ড	বাংলাদেশ	1
গার্ড	বাহিনীর	1
গাল	দিল	1
গালিগালাজ	করেছে	1
গাস	না	1
গিটার	কোথায়	1
গিটার	বাজাচ্ছে	1
গিটারের	দাম	1
গিফট	খুজছি	1
গিয়াস	উদ্দিন	1
গিয়ে	দিদির	3
গিয়ে	অনেক	2
গিয়ে	আমি	2
গিয়ে	মারা	2
গিয়ে	ডানদিকে	1
গিয়ে	বাঁদিকে	1
গিয়েছিল	তাই	1
গিয়েছিল	নবাবের	1
গিয়েছিলাম	আমাকে	1
গিয়েছিলাম	আমি	1
গিয়েছিলেন	ঋষি	1
গিয়েছিলেন	কিন্তু	1
গিয়েছিলেন	নারী	1
গিয়েছে	কি	1
গিয়েছেন	এবং	1
গির্জায়	খ্রিস্টানদের	1
গির্জার	পাশে	1
গিলতে	পারবো	1
গিলতে	যাই	1
গিলতে	হয়	1
গিলে	খাই	1
গিলে	খেয়ে	1
গিলে	ফেললে	1
গীটার	চাই	2
গীর্জা	আছে	1
গুঁড়া	দুধের	3
গুঁড়া	দিয়ে	1
গুঁড়া	দুধ	1
গুঁড়া	ধনিয়া	1
গুঁড়া	মরিচ	1
গুঁড়া	হলুদ	1
গুগল	উদ্ভাবিত	1
গুগল	ব্যবহার	1
গুগল	হলো	1
গুছিয়ে	নাও	1
গুজব	সম্প্রচার	1
গুটিয়ে	আলমারিতে	1
গুটিয়ে	বসে	1
গুড়া	করে	1
গুড়িয়ে	দিয়েছে	1
গুণ	বেড়ে	1
গুণ	মানে	1
গুণ	রয়েছে	1
গুণ	হতে	1
গুণ	হলে	1
গুণ	হলেও	1
গুণফলের	সমানুপাতিক	2
গুণে	অতুলনীয়	1
গুদামে	এ	1
গুদে	মুখ	2
গুনতে	পারে	1
গুনাহ	হয়	3
গুনাহ	মাফ	1
গুরু	আর	1
গুরু	ব্যতীত	1
গুরুতর	আহত	3
গুরুতর	অপরাধ	1
গুরুতর	কিছু	1
গুরুতর	ব্যক্তিগত	1
গুরুতর	সমস্যার	1
গুরুত্ব	অপরিসীম	3
গুরুত্ব	অনেক	2
গুরুত্ব	দেওয়া	2
গুরুত্ব	প্রদান	2
গুরুত্ব	দিচ্ছে	1
গুরুত্ব	দিলে	1
গুরুত্বপূর্ণ	ভূমিকা	9
গুরুত্বপূর্ণ	অংশ	4
গুরুত্বপূর্ণ	বিষয়	4
গুরুত্বপূর্ণ	হয়ে	3
গুরুত্বপূর্ণ	ধাপ	2
গুরুত্বপূর্ণ	ব্যক্তি	2
গুরুত্বহীন	আপনাকে	1
গুল	পর্ব	2
গুলি	করা	2
গুলি	করে	2
গুলি	করল	1
গুলি	করেছে	1
গুলি	লাগায়	1
গুলিতে	বছর	1
গুলিয়ে	ফেলো	1
গুলির	আঘাতে	1
গুলো	আর	1
গুহায়	ঢুকলাম	1
গুহায়	বসবাস	1
গুহার	ভেতর	1
গৃহ	পরিচালনার	1
গৃহপালিত	পশু	1
গৃহযুদ্ধ	চার	1
গৃহযুদ্ধ	থেকে	1
গৃহহীন	মানুষ	2
গৃহীত	এসব	1
গৃহীত	পদক্ষেপগুলো	1
গৃহীত	হয়	1
গেছি	না	1
গেছিস	রে	1
গেছে	এবং	2
গেছে	কিন্তু	2
গেছে	তার	2
গেছে	বলে	2
গেছে	মঙ্গলবার	2
গেছে	যখন	1
গেছেন	তার	1
গেছো	ভূত	1
গেট	আউট	1
গেটে	কিভাবে	1
গেতে	চাই	1
গেম	তৈরির	2
গেম	তৈরিতে	1
গেমস	অনুষ্ঠিত	1
গেমের	বাজার	1
গেয়ে	যান	1
গেল	না	2
গেল	চলে	1
গেল	দানবদের	1
গেল	ব্যাপারটা	1
গেল	রাজশাহী	1
গেলাম	মা	1
গেলি	আমার	1
গেলে	আমার	2
গেলে	দিদি	2
গেলে	না	2
গেলে	কত	1
গেলে	খুব	1
গেলে	মাউন্ট	1
গেলেই	আপনি	1
গেলেই	শুধু	1
গেলেও	যা	1
গেলেও	শেষ	1
গেলেও	সে	1
গেলো	না	1
গেলো	রান্নাঘরে	1
গেলো	সেই	1
গেস্ট	হাউস	1
গো	বাপু	1
গোঁড়া	মুসলমান	1
গোঁফ	খাটো	1
গোছানো	উপস্থাপন	1
গোড়া	পরিষ্কার	1
গোড়ায়	কি	1
গোত্র	ও	1
গোত্রের	দ্বন্দ্ব	1
গোত্রের	নেতা	1
গোত্রের	সব	1
গোপন	কথা	2
গোপন	আস্তানার	1
গোপন	ইচ্ছা	1
গোপন	করে	1
গোপন	রহস্য	1
গোপন	স্থানে	1
গোপনে	অবস্থান	1
গোপনে	কারাগারে	1
গোপনে	নেতাদের	1
গোপাল	এই	1
গোপাল	হওয়া	1
গোবর	গণেশ	1
গোয়েন্দা	বেলুন	2
গোয়েন্দা	পুলিশ	1
গোয়েন্দা	বিভাগের	1
গোয়েন্দা	সংস্থা	1
গোয়েন্দা	সূত্রে	1
গোয়েন্দার	ঘটনাটা	2
গোয়েন্দার	ঘটনা	1
গোয়েন্দারা	খুনিকে	1
গোয়েন্দারা	খুনির	1
গোলমাল	শুরু	1
গোলা	কখনো	1
গোলাপ	আছে	1
গোলাপ	ছিল	1
গোলাপ	ফুলগুলো	1
গোলাবারুদ	এবং	1
গোল্ডবার্গ	মেশিন	1
গোল্লায়	গেছে	1
গোল্লায়	যাও	1
গোসল	করা	4
গোসল	করতে	3
গোসল	করলে	1
গোসল	করার	1
গোসল	কি	1
গোসলের	সময়	1
গোস্বামী	একজন	2
গৌতম	বুদ্ধের	1
গৌরবময়	অধ্যায়	1
গৌরী	ও	2
গ্যাজেট	নিয়ে	1
গ্যারেজ	খালি	1
গ্যালাক্সি	এস	1
গ্যাস	আছে	2
গ্যাস	ফুরিয়ে	1
গ্যাস	বলে	1
গ্যাস	রয়েছে	1
গ্যাস	সকল	1
গ্যাসীয়	পদার্থ	2
গ্যাসের	অণুসমূহের	2
গ্যাসের	অভ্যন্তরীণ	1
গ্যাসের	চাপ	1
গ্রন্থ	হিসাবে	2
গ্রন্থ	পবিত্র	1
গ্রহণ	করে	9
গ্রহণ	করেছে	8
গ্রহণ	করতে	5
গ্রহণ	করলাম	3
গ্রহণ	করা	2
গ্রহণ	করার	2
গ্রহণযোগ্য	নয়	1
গ্রহণযোগ্য	নির্বাচনের	1
গ্রহণযোগ্য	ন্যূনতম	1
গ্রহণের	জন্য	2
গ্রহের	কক্ষপথ	1
গ্রহের	কাছে	1
গ্রহের	গতি	1
গ্রহের	পৃষ্ঠ	1
গ্রহের	স্থান	1
গ্রান্ড	হোটেলে	1
গ্রাম	কোনটি	1
গ্রাম	ছেড়েছি	1
গ্রাম	ছেড়েছে	1
গ্রাম	থেকে	1
গ্রামটা	ছোট	1
গ্রামবাসী	আহত	1
গ্রামবাসীকে	দাওয়াত	1
গ্রামবাসীকে	হত্যা	1
গ্রামবাসীর	মধ্যে	1
গ্রামবাসীরা	আতঙ্কিত	1
গ্রামবাসীরা	তাকে	1
গ্রামবাসীরা	রাতে	1
গ্রামে	তার	2
গ্রামে	থাকি	2
গ্রামে	গ্রামে	1
গ্রামে	ঘুরে	1
গ্রামে	নিয়ে	1
গ্রামে	পাঠানো	1
গ্রামের	নাম	2
গ্রামের	বাসিন্দা	2
গ্রামের	বাজারে	1
গ্রামের	মধ্যে	1
গ্রামের	লোকেরা	1
গ্রামের	শতাংশ	1
গ্রাহকদের	সর্বোচ্চ	1
গ্রাহাম	বেল	1
গ্রিক	শব্দ	1
গ্রীষ্ম	শেষ	1
গ্রীষ্মের	ছুটির	1
গ্রীষ্মের	ফলের	1
গ্রুপ	বৃহস্পতিবার	1
গ্রেট	ব্রিটেন	1
গ্রেপ্তার	করা	5
গ্রেপ্তার	করেছে	4
গ্রেপ্তার	করতে	3
গ্রেপ্তার	করে	2
গ্রেপ্তার	করবে	1
গ্রেপ্তার	হওয়ার	1
গ্রেপ্তারের	পর	2
গ্রেফতার	করে	3
গ্রেফতার	করেন	2
গ্রেফতার	করেছেন	1
গ্রেফতারি	পরোয়ানা	2
গ্রেফতারের	ঘটনা	1
গ্লাস	পানি	3
গ্লাস	কমলার	1
গ্লাস	ব্যবহৃত	1
গ্লাসে	কেক	1
গ্লাসে	ঢেলে	1
গ্লাসের	ওপর	1
গ্লোবাল	লাইফ	1
ঘটছে	জানতাম	1
ঘটতে	দেখেছেন	1
ঘটতে	পারে	1
ঘটতে	শুরু	1
ঘটতে	সাধারণত	1
ঘটনা	নিয়ে	3
ঘটনা	কিন্তু	2
ঘটনা	ঘটেছে	2
ঘটনা	নীতি	2
ঘটনা	শুনে	2
ঘটনা	বস্টনে	1
ঘটনাটা	তদন্ত	2
ঘটনাটা	ঘটে	1
ঘটনাটা	জানবেন	1
ঘটনাটা	বলতে	1
ঘটনাটা	শুনে	1
ঘটনায়	করা	2
ঘটনায়	তরুণী	1
ঘটনায়	প্রথমে	1
ঘটনায়	বাংলাদেশ	1
ঘটনায়	বৃহস্পতিবার	1
ঘটনার	জন্য	1
ঘটনার	পর	1
ঘটনার	প্রত্যক্ষদর্শী	1
ঘটনার	প্রশ্ন	1
ঘটনার	রাত্রে	1
ঘটনার	সময়	1
ঘটনাস্থল	পরিদর্শন	1
ঘটনাস্থলে	গিয়ে	2
ঘটনাস্থলে	যান	2
ঘটনাস্থলে	আসে	1
ঘটবে	না	2
ঘটবে	সেটা	1
ঘটল	তা	1
ঘটা	মানব	1
ঘটার	ঘটে	1
ঘটার	পর	1
ঘটিয়ে	রোমান	1
ঘটুক	একটি	1
ঘটে	গেলো	2
ঘটে	সালে	2
ঘটে	গেছে	1
ঘটে	জাতীয়	1
ঘটে	তারাই	1
ঘটে	যাওয়া	1
ঘটেছিল	তার	1
ঘটেছে	তা	2
ঘটেছে	এবং	1
ঘটেছে	এমন	1
ঘটেছে	বলে	1
ঘটেছে	মে	1
ঘড়ি	ঠিক	2
ঘড়ি	ঠিকমতো	1
ঘড়ি	দেওয়া	1
ঘড়ি	দেখতে	1
ঘড়ি	বন্ধ	1
ঘড়ি	ব্যবহৃত	1
ঘড়িটা	আমার	1
ঘড়িটা	ঠিকঠাক	1
ঘড়িটা	ঠিকমতো	1
ঘড়িটা	দিয়েছিলো	1
ঘড়িটার	দাম	1
ঘড়িতে	যখন	1
ঘড়িতে	সবে	1
ঘড়ির	কিছু	1
ঘড়ির	দাম	1
ঘড়ির	বাজারে	1
ঘণ্টা	অন্তর	2
ঘণ্টা	কথা	2
ঘণ্টা	অপেক্ষা	1
ঘণ্টা	বল	1
ঘণ্টা	বাজে	1
ঘণ্টা	রাতের	1
ঘণ্টার	কাঁটা	1
ঘণ্টার	বেশি	1
ঘণ্টার	মধ্যেই	1
ঘন	ঘন	3
ঘন	আপনি	1
ঘন	কুয়াশার	1
ঘন	সহবাস	1
ঘনিষ্ঠ	একটি	1
ঘনিষ্ঠ	বলে	1
ঘনিষ্ঠ	সূত্রের	1
ঘনীভূত	হয়ে	2
ঘন্টা	অপেক্ষা	1
ঘন্টা	কথা	1
ঘন্টা	করে	1
ঘন্টা	কাটিয়েছি	1
ঘন্টা	ধরে	1
ঘন্টায়	ঘন্টায়	1
ঘন্টায়	প্রস্রাব	1
ঘন্টায়	ষাট	1
ঘন্টার	মধ্যে	6
ঘন্টার	মধ্যেই	1
ঘর	আছে	2
ঘর	চাই	2
ঘর	ভারা	2
ঘর	মনে	2
ঘর	মোছা	2
ঘর	খালি	1
ঘরটা	ছেড়ে	2
ঘরটা	অনেক	1
ঘরটা	কখন	1
ঘরটা	ছেরে	1
ঘরটা	পাল্টাতে	1
ঘরটা	সিগারেটের	1
ঘরপোড়া	গরু	2
ঘরে	এসি	2
ঘরে	গিয়ে	2
ঘরে	থাকে	2
ঘরে	ফেরা	2
ঘরে	বসে	2
ঘরে	বসেই	2
ঘরের	দরজা	3
ঘরের	মধ্যে	3
ঘরের	বউকে	1
ঘরের	বাইরে	1
ঘরের	ভিতরে	1
ঘরের	সবচেয়ে	1
ঘা	হয়েছে	1
ঘাটতি	কমেছে	1
ঘাটে	নৌকা	1
ঘাড়	ব্যাথা	1
ঘাড়ে	চুমু	1
ঘাবড়ে	গেলাম	1
ঘাম	হতে	1
ঘামানোর	কোনো	1
ঘাস	খায়	2
ঘাসে	ঢাকা	1
ঘি	চিনি	1
ঘিরে	ছিল	1
ঘিরে	ফেললো	1
ঘিরে	বাড়ছে	1
ঘিরে	যেন	1
ঘুম	থেকে	13
ঘুম	ঘুমিয়েছি	2
ঘুম	পাড়িয়ে	1
ঘুম	প্রয়োজন	1
ঘুম	লাগে	1
ঘুম	হয়নি	1
ঘুমন্ত	অবস্থায়	1
ঘুমন্ত	স্ত্রীকে	1
ঘুমন্ত	হলেও	1
ঘুমাতে	যাওয়ার	4
ঘুমাতে	পারছি	3
ঘুমাতে	যাও	3
ঘুমাতে	যেতে	3
ঘুমাতে	যান	2
ঘুমাতে	যাবো	2
ঘুমান	এবং	1
ঘুমানো	উচিৎ	3
ঘুমানোর	আগে	1
ঘুমিয়ে	পড়লাম	3
ঘুমিয়ে	নাও	1
ঘুমিয়ে	নিন	1
ঘুমিয়ে	নে	1
ঘুমিয়ে	পড়েছিল	1
ঘুমিয়ে	পড়েছে	1
ঘুমিয়েছিলাম	না	1
ঘুমের	ঘোরে	2
ঘুমের	ওষুধ	1
ঘুমের	ভান	1
ঘুমের	ভেতরে	1
ঘুমের	সমস্যা	1
ঘুমোতে	গিয়েছিলাম	1
ঘুরতে	গিয়েছিলেন	1
ঘুরতে	গেছিলাম	1
ঘুরতে	ভালোবাসি	1
ঘুরতে	যাই	1
ঘুরতে	হলে	1
ঘুরপাক	খাচ্ছিল	1
ঘুরপাক	খাবো	1
ঘুরে	ঘুরে	3
ঘুরে	দেখছি	2
ঘুরে	আমরা	1
ঘুরে	গেলো	1
ঘুরে	ছিলাম	1
ঘুরে	দাঁড়ালো	1
ঘুষ	হিসেবে	1
ঘৃণা	করি	4
ঘৃণা	করতেন	2
ঘৃণা	করলেও	2
ঘৃণা	করে	2
ঘৃণা	করো	2
ঘৃণা	করেন	1
ঘৃণার	চোখে	1
ঘৃণার	পাত্র	1
ঘৃণার	ফলস্বরূপ	1
ঘৃণিত	আচরণ	1
ঘৃণিত	ও	1
ঘৃণিত	হিসেবে	1
ঘৃণ্য	ও	1
ঘেউ	করতে	1
ঘেউ	ঘেউ	1
ঘেরা	থাকে	1
ঘেরা	পুরোনো	1
ঘোড়া	খুব	1
ঘোড়া	গাধার	1
ঘোড়া	ঘাস	1
ঘোড়াকে	চাবুক	1
ঘোড়ায়	গাড়ি	1
ঘোড়ার	মতো	1
ঘোর	বিবদমান	1
ঘোরা	বাদ	1
ঘোরাফেরা	করিস	1
ঘোরে	ছিলাম	1
ঘোরে	বিষ	1
ঘোরের	মধ্যে	1
ঘোষ	বলেন	1
ঘোষণা	দিয়েছে	3
ঘোষণা	দেওয়া	3
ঘোষণা	করা	2
ঘোষণা	দিতে	2
ঘোষণা	আসবে	1
ঘোষণা	করবে	1
ঘোষিত	হয়	1
ঘ্রাণ	নিতে	1
চওড়া	জানালা	1
চকচক	করলেই	1
চকোলেট	চাই	1
চক্রান্ত	রুখে	1
চক্রের	সদস্যরা	1
চক্ষু	অবনত	1
চঞ্চল	চৌধুরী	1
চট্টগ্রাম	থেকে	2
চতুর	ছিল	1
চতুর্থ	অবস্থানে	1
চতুর্থ	দিন	1
চতুর্থ	প্রজন্মের	1
চতুর্থ	বই	1
চতুর্ভুজের	বিপরীত	2
চত্বরে	বাংলাদেশের	1
চন্দ্র	পৃথিবী	1
চন্দ্র	সবই	1
চমক	দেখা	1
চমকে	দিয়েছে	1
চমৎকার	একটি	1
চমৎকার	ছিল	1
চমৎকার	দিন	1
চমৎকার	সুযোগ	1
চরকায়	তেল	3
চরম	বিশৃঙ্খলার	1
চরিত্র	মানুষের	2
চরিত্র	তোমাদের	1
চরিত্র	সততা	1
চরিত্রে	অভিনয়	1
চরিত্রে	অভিনয়ের	1
চরিত্রের	এই	1
চরিত্রের	মাধ্যমে	1
চর্চা	করি	1
চর্চা	করেছে	1
চর্বি	আমাদের	1
চর্বি	হলো	1
চর্বির	পুরোটাই	1
চর্যাপদ	রচিত	2
চল	বিছানার	1
চলচ্চিত্র	ও	2
চলচ্চিত্র	শিল্পে	2
চলচ্চিত্র	এবং	1
চলচ্চিত্র	জগতে	1
চলচ্চিত্র	জগতের	1
চলচ্চিত্র	নির্মাতা	1
চলচ্চিত্রে	অভিনয়	2
চলচ্চিত্রের	নাম	2
চলছিল	এবং	1
চলছে	আমাদের	1
চলছে	চাপা	1
চলছে	ভালো	1
চলছে	সেটাই	1
চলতি	বছরের	4
চলতি	বছর	2
চলতে	হয়	2
চলতে	থাকলে	1
চলতে	দেখা	1
চলতে	পারি	1
চলতে	পারে	1
চলতে	হবে	1
চলবে	না	3
চলবে	আল্লাহ	1
চলবে	কেমন	1
চলমান	ছায়া	1
চলমান	যুদ্ধ	1
চলমান	লড়াইয়ে	1
চলমান	সহিংসতার	1
চললে	কোনো	1
চললে	ট্রেন	1
চলা	যায়	2
চলা	সম্ভব	2
চলা	উচিত	1
চলাকালীন	তার	1
চলাকালীন	লন্ডনে	1
চলাকালীন	সময়ে	1
চলাচল	করবে	1
চলাচল	করে	1
চলাচল	দুই	1
চলাচল	বন্ধ	1
চলাচল	সংস্থার	1
চলাচল	স্থগিত	1
চলাচলের	জন্য	3
চলাচলের	অনুমতি	1
চলাফেরা	করেন	1
চলার	চেষ্টা	2
চলার	বয়স	1
চলার	সময়	1
চলিত	ভাষার	1
চলিত	রীতি	1
চলুন	একটা	1
চলুন	গত	1
চলুন	তা	1
চলুন	প্রথমে	1
চলুন	সহবাস	1
চলে	গেছে	6
চলে	গেল	6
চলে	যাও	5
চলে	যায়	5
চলে	গেলো	4
চলে	যান	4
চলেছিল	বাংলাদেশের	1
চলেছে	বৃহস্পতিবার	1
চলো	যাই	2
চলো	একটি	1
চলো	ঘরে	1
চলো	তৈরী	1
চলো	হারিয়ে	1
চল্লিশ	কোটি	1
চল্লিশ	জন	1
চল্লিশ	পঞ্চাশ	1
চল্লিশ	বছর	1
চশমা	ছাড়া	1
চশমা	লাগবে	1
চা	কফি	2
চা	খেতে	2
চা	আর	1
চা	চাই	1
চা	পছন্দ	1
চা	ভালো	1
চাঁদ	পৃথিবীর	2
চাঁদ	হয়ে	2
চাঁদ	ও	1
চাঁদ	কোথায়	1
চাঁদ	দেখাচ্ছেন	1
চাঁদ	ধীরে	1
চাঁদা	চাইতে	1
চাঁদা	চাওয়া	1
চাঁদা	তুলেছ	1
চাঁদা	দাও	1
চাঁদা	প্রদান	1
চাঁদে	অবতরণ	1
চাঁদে	যাওয়া	1
চাঁদে	যাওয়ার	1
চাঁদের	আলো	1
চাঁদের	বুকে	1
চাঁদের	মাধ্যাকর্ষণ	1
চাই	না	63
চাই	তাই	6
চাই	তুমি	5
চাই	আপনি	4
চাই	নি	2
চাই	আপনারা	1
চাইছ	কেন	2
চাইছি	আপনি	2
চাইছি	তুমি	2
চাইছে	তখন	1
চাইছে	বাংলাদেশ	1
চাইছেন	কেন	2
চাইছেন	আবার	1
চাইছেন	নাকি	1
চাইতে	এসেছি	1
চাইতে	এসেছিল	1
চাইতে	পারেন	1
চাইতে	ভুলে	1
চাইতে	হবে	1
চাইনি	এটা	1
চাইনি	কেউ	1
চাইনি	তুমি	1
চাইনি	যে	1
চাইনিজ	নুডলস	1
চাইনিজ	বলতে	1
চাইবেন	না	1
চাইল	না	1
চাইলে	আমাদের	1
চাইলে	চলে	1
চাইলে	ভিডিও	1
চাইলে	সেনা	1
চাইলেই	পাবে	1
চাইলেও	আমাদের	1
চাইলেন	কে	1
চাও	না	10
চাও	আমি	2
চাও	তো	2
চাও	কি	1
চাও	খেতে	1
চাও	সেটা	1
চাওয়া	অরণ্যে	1
চাওয়া	আর	1
চাওয়া	উচিৎ	1
চাওয়া	নেই	1
চাকরি	করে	3
চাকরি	করেন	2
চাকরি	করছে	1
চাকরি	করতেন	1
চাকরি	পাওয়ার	1
চাকরি	পেয়ে	1
চাকরিটা	হয়েছে	1
চাকরির	কারণে	1
চাকরির	চেষ্টা	1
চাকরির	জন্য	1
চাকরির	তালিকা	1
চাকরির	বাজারে	1
চাকরির	সুযোগ	1
চাকুরী	নিতে	1
চাচা	চা	1
চাচা	ধনী	1
চাচা	শাহ	1
চাচা	হার্ট	1
চাচাতো	ভাই	3
চাচার	মেয়ে	1
চাদর	পেতে	1
চান	না	8
চান	তা	2
চান	আপনি	1
চান	একটু	1
চান	তাহলে	1
চান	সেটাই	1
চাপ	ও	2
চাপ	আর্মস্ট্রং	1
চাপ	এবং	1
চাপ	দিতেই	1
চাপ	ফেলার	1
চাপ	বা	1
চাপা	থাকে	1
চাপা	দিয়ে	1
চাপা	পড়তে	1
চাপা	প্যান্ট	1
চাপে	বিশুদ্ধ	2
চাপে	আমার	1
চাপে	বয়েল	1
চাপে	রেখে	1
চাপের	কারণে	1
চাবি	হারিয়ে	4
চাবি	আছে	1
চাবি	খুঁজছে	1
চাবি	জুড়ে	1
চাবি	বলা	1
চাবিকাঠি	হলো	1
চাবিটা	নিয়ে	1
চাবিটা	পেতে	1
চাবিটা	রাস্তায়	1
চাবিটা	হারিয়ে	1
চাবুক	পড়লো	1
চাবুক	মার	1
চামচ	দিয়ে	1
চামচ	ব্যবহার	1
চামচ	ভালোভাবে	1
চায়	না	10
চায়	যে	2
চায়	ও	1
চায়	কোটিপতি	1
চায়	তখন	1
চায়	থাকতে	1
চায়না	টাউন	1
চায়ে	মধু	1
চার	বছর	4
চার	হাজার	3
চার	ভাগের	2
চার	পাঁচ	1
চার	বা	1
চারজন	অংশ	1
চারজন	নেতাকে	1
চারজন	সদস্য	1
চারটা	আনারস	1
চারটি	ও	2
চারটি	ঈদ	1
চারটি	ঋতু	1
চারটি	প্রচলিত	1
চারটি	বাধা	1
চারটি	হাট	1
চারদিক	অন্ধকারে	1
চারদিক	থেকে	1
চারদিকে	অস্থিরতা	1
চারদিকে	যেকোনো	1
চারদিন	ধরে	1
চারপাশে	অদৃশ্য	1
চারপাশে	অসংখ্য	1
চারপাশে	ঘুরপাক	1
চারপাশে	থাকত	1
চারপাশে	নানান	1
চারপাশের	অনেক	1
চারপাশের	পরিবেশকে	1
চারপাশের	বিশ্বকে	1
চারপাশের	সবকিছু	1
চারশ	বছর	1
চারা	গাছগুলো	1
চারা	বিক্রি	1
চারা	রোপন	1
চারিত্রিক	মহত্ত্ব	1
চার্চটার	বয়স	3
চার্জ	দুটির	2
চার্জ	বহন	1
চার্জার	জ্বেলে	1
চার্লসের	সূত্র	1
চাল	হয়	2
চাল	চিনি	1
চাল	ডাল	1
চাল	বাজারে	1
চালকরা	আবার	1
চালকের	লাইসেন্স	1
চালাও	তাহলে	1
চালাক	নয়	1
চালাতে	পারে	3
চালাতে	জানেন	1
চালাতে	দেওয়া	1
চালাতে	দেবেন	1
চালাতে	পারি	1
চালাতে	পারো	1
চালান	করে	1
চালানো	হচ্ছে	3
চালানো	হয়	1
চালানোর	ওপর	1
চালানোর	কথা	1
চালানোর	পরামর্শ	1
চালায়	ইরান	1
চালালে	তার	1
চালালে	সহজেই	1
চালিত	বিভিন্ন	1
চালিয়ে	একটি	1
চালিয়ে	দিলেন	1
চালিয়ে	যাওয়াই	1
চালিয়ে	যান	1
চালিয়ে	যেতে	1
চালিয়ে	হাসপাতালে	1
চালিয়েছে	ইরান	2
চালিয়েছে	রাশিয়া	2
চালু	করেছে	6
চালু	করা	2
চালু	হবে	2
চালু	করে	1
চালু	করো	1
চালু	হলে	1
চালে	চললে	1
চালের	দর	1
চালের	পাত্রে	1
চাষ	করতে	1
চাষ	করা	1
চাষ	করে	1
চাষ	শুরু	1
চাষ	হয়	1
চাষাবাদ	ছাড়াও	1
চাষের	জমি	1
চাস	খেতে	1
চাহনি	দেখে	1
চাহিদা	পূরণ	3
চাহিদা	পূরণের	3
চাহিদা	পূরণে	2
চাহিদা	বেড়ে	2
চাহিদা	যথাযথভাবে	2
চাহিদা	রয়েছে	2
চিংড়ি	পছন্দ	1
চিংড়ি	রপ্তানি	1
চিকন	থাকুন	1
চিকিৎসক	আমার	1
চিকিৎসক	ও	1
চিকিৎসক	কী	1
চিকিৎসক	টিমোথি	1
চিকিৎসা	পেশা	2
চিকিৎসা	না	1
চিকিৎসা	প্রদান	1
চিকিৎসা	সরঞ্জাম	1
চিকিৎসা	সেবা	1
চিকিৎসায়	পর্যাপ্ত	1
চিকিৎসায়	যথাযথ	1
চিকিৎসার	জন্য	1
চিকিৎসার	ন্যায়	1
চিজ	কিনতে	1
চিঠি	পেয়েছি	4
চিঠি	দেওয়া	1
চিঠি	দেওয়ার	1
চিঠি	দেয়	1
চিঠি	লিখুন	1
চিঠি	লিখেছিলাম	1
চিঠিটা	কে	1
চিঠিটা	ডাকে	1
চিঠিটা	পড়ার	1
চিঠিটা	পড়েনি	1
চিঠিটা	লেখা	1
চিঠিতে	আরও	1
চিঠিতে	একটি	1
চিঠিতে	বলা	1
চিঠিতে	শিক্ষানবিশ	1
চিঠিপত্র	আদান	1
চিঠির	জন্য	1
চিঠির	জবাব	1
চিড়া	ভেজে	1
চিড়িয়াখানা	থেকে	2
চিড়িয়াখানা	কতদূর	1
চিড়িয়াখানায়	কিভাবে	1
চিড়িয়াখানায়	প্রধানের	1
চিড়ে	ভিজে	1
চিতা	সম্পর্কে	1
চিত্তাকর্ষক	এবং	1
চিত্র	তার	1
চিত্র	দেখা	1
চিত্র	পাওয়া	1
চিনতে	পারিনি	2
চিনতে	পারছেন	1
চিনতে	পারি	1
চিনতে	পেরেছিলাম	1
চিনতেই	পারেনি	2
চিনতেই	অস্বীকার	1
চিনলি	কি	2
চিনলে	কি	2
চিনলেন	কি	2
চিনাবাদাম	খেতে	1
চিনি	না	2
চিনি	যেখান	2
চিনি	ও	1
চিনি	রপ্তানি	1
চিনি	লবণ	1
চিনি	শুকনা	1
চিন্তা	করবেন	3
চিন্তা	করে	3
চিন্তা	করো	3
চিন্তা	ভাবনা	3
চিন্তা	কোর	2
চিন্তা	ও	1
চিন্তায়	আচ্ছন্ন	1
চিন্তায়	পড়ে	1
চিন্তায়	ব্যস্ত	1
চিন্তিত	নই	1
চিন্তিত	নয়	1
চিন্তিত	হয়ে	1
চিন্তে	অনেক	1
চিন্তে	সিদ্ধান্ত	1
চিফ	অব	1
চিরকাল	অবিকৃত	1
চিরকাল	একসাথে	1
চিরকাল	থাকবে	1
চিরকাল	শিশু	1
চিরতরে	মুছে	1
চিরতরে	মেঘের	1
চিরস্থায়ী	ভূমি	1
চিরুনি	বা	1
চিহ্ন	তখনও	1
চিহ্নিত	করে	2
চিহ্নিত	করতে	1
চিহ্নিত	করুন	1
চিৎকার	করলো	6
চিৎকার	করলেন	5
চিৎকার	করছেন	4
চিৎকার	করছো	4
চিৎকার	করছি	3
চিৎকার	করতে	3
চীন	ও	2
চীন	থেকে	2
চীন	অত্যন্ত	1
চীন	নাটকীয়ভাবে	1
চীন	বিশ্বের	1
চীনা	ভাষা	1
চীনা	সরকার	1
চীনে	আছি	1
চীনে	আমার	1
চীনে	বসবাস	1
চীনে	যাচ্ছি	1
চীনে	যাচ্ছে	1
চীনে	যাচ্ছেন	1
চীনের	গোয়েন্দা	3
চীনের	আর্থ	2
চীনের	নতুন	1
চীনের	প্রকৃত	1
চীনের	বয়স্ক	1
চীফ	অব	1
চুক্তি	আছে	2
চুক্তি	করতে	1
চুক্তি	কাদের	1
চুক্তি	থেকে	1
চুক্তি	স্বাক্ষরিত	1
চুক্তিটা	সই	1
চুড়ি	কানের	1
চুদতে	চাই	2
চুদতে	দেয়	2
চুদতে	লাগলাম	2
চুদতে	চাইলে	1
চুদতে	চেয়েছিলাম	1
চুদতে	দিবি	1
চুদবো	মাদারচোদ	2
চুদি	মাদারচোদ	2
চুদে	কেমন	1
চুদে	তারপর	1
চুদে	যাও	1
চুদে	যে	1
চুপ	করে	5
চুপ	কর	2
চুপ	করো	2
চুপ	থাকার	2
চুপ	করুন	1
চুপ	থাকুন	1
চুমু	দিতে	2
চুমু	দিল	2
চুমু	দিলাম	2
চুমু	দিচ্ছে	1
চুমু	দিয়ে	1
চুমু	দেয়	1
চুম্বন	করার	1
চুরি	হয়ে	5
চুরি	করেছে	2
চুরি	করতে	1
চুরি	করে	1
চুরি	যাওয়া	1
চুরি	হয়েছে	1
চুরির	কথা	1
চুরির	দায়ে	1
চুরির	ফলে	1
চুরির	মামলা	1
চুল	আঁচড়ানো	3
চুল	ছিঁড়ে	1
চুলকানি	কমাতে	1
চুলকানি	শুরু	1
চুলকানি	সৃষ্টি	1
চুলকানি	হতে	1
চুলকানি	হয়	1
চুলকানি	হয়েছে	1
চুলকানির	সমস্যা	3
চুলের	গোড়া	1
চুলের	মেয়েটির	1
চুষতে	থাকলাম	1
চুষতে	শুরু	1
চুষে	খেতে	1
চুষে	দিবি	1
চুষে	দিয়ে	1
চুষে	দেওয়ার	1
চূড়ান্ত	সিদ্ধান্ত	3
চূড়ান্ত	গন্তব্য	1
চেঁচাচ্ছো	কেন	2
চেঁচানো	বন্ধ	4
চেঁচামেচি	করতে	1
চেঁচিয়ে	উঠল	1
চেঁচিয়ে	উঠলো	1
চেঁচিয়ে	কথা	1
চেইন	খুলে	1
চেইন	পরে	1
চেক	করা	1
চেক	হস্তান্তর	1
চেকটা	পেতে	1
চেখে	দেখুন	1
চেখে	দেখো	1
চেটে	যাচ্ছে	1
চেড়ে	দাও	2
চেড়ে	দিন	2
চেড়ে	দে	2
চেতনা	ও	2
চেতনা	এই	1
চেতনা	এবং	1
চেতনা	ছিল	1
চেতনা	ব্যক্তি	1
চেতনায়	বাজায়	1
চেতনার	পালে	1
চেতনার	প্রকাশ	1
চেতনার	মূলে	1
চেন	হারিয়ে	1
চেনা	যায়	3
চেনা	চেনা	1
চেনা	যাচ্ছে	1
চেনা	লাগছে	1
চেনা	লোক	1
চেনা	সে	1
চেনার	সহজ	1
চেনে	না	3
চেনে	তারা	1
চেনেন	আপনি	1
চেনেন	তারা	1
চেনেন	না	1
চেনেন	নাকি	1
চেপে	ছেড়ে	1
চেপে	ধরছে	1
চেপে	বসলো	1
চেপে	রাখতে	1
চেপে	রেখে	1
চেয়ার	রয়েছে	1
চেয়ারটা	বিশ্রী	1
চেয়ারম্যান	নিয়োগ	1
চেয়ারম্যান	ভ্লাদিমির	1
চেয়ারম্যান	হুসেইন	1
চেয়ারম্যানের	এটাই	1
চেয়ারে	আর	1
চেয়ারে	বসল	1
চেয়ে	বেশি	9
চেয়ে	অনেক	5
চেয়ে	কম	3
চেয়ে	বড়	3
চেয়ে	একটু	2
চেয়ে	মৃত্যু	2
চেয়েও	বেশি	3
চেয়েও	অনেক	1
চেয়েও	আসতে	1
চেয়েও	জঘন্য	1
চেয়েও	দামি	1
চেয়েও	দ্রুত	1
চেয়েছিল	তাই	1
চেয়েছিলাম	তা	1
চেয়েছে	তেল	1
চেয়েছেন	কারো	1
চেষ্টা	করুন	6
চেষ্টা	করো	5
চেষ্টা	করে	4
চেষ্টা	করেছিলেন	4
চেষ্টা	করছি	3
চেষ্টা	করেন	3
চেষ্টাই	তো	1
চেষ্টায়	আছে	1
চেষ্টায়	আত্মার	1
চেষ্টায়	পূর্বদিকে	1
চেষ্টায়	বড়	1
চেষ্টায়	সব	1
চেষ্টার	ত্রুটি	1
চেহারায়	তা	1
চোখ	বন্ধ	3
চোখ	আর	2
চোখ	খুলে	2
চোখ	খুললাম	1
চোখ	তখন	1
চোখ	দুটো	1
চোখকে	বিশ্বাস	1
চোখা	লোকের	1
চোখে	চুলকানি	2
চোখে	দেখা	2
চোখে	থাকত	1
চোখে	পড়ে	1
চোখে	লাগল	1
চোখের	ইশারা	2
চোখের	ওপর	1
চোখের	নিচে	1
চোখের	ভাষাও	1
চোখের	সমস্যা	1
চোখের	সামনে	1
চোদার	পর	2
চোর	পালালে	1
চোর	মৃত্যুবরণ	1
চোরটা	ধরা	1
চোরটাকে	উত্তম	1
চোরটাকে	ধরা	1
চোরাই	মালামাল	1
চোরাচালান	নিয়ন্ত্রণের	1
চোরের	ভয়	1
চোরের	ভয়ে	1
চোরের	লক্ষণ	1
চোষা	শিশুদের	1
চৌধুরী	আমাদের	1
চৌধুরী	ওরফে	1
চৌধুরী	বলেন	1
চৌধুরী	যথেষ্ট	1
চৌরাস্তার	মোড়ে	1
চ্যাট	কন্টাক্ট	1
চ্যানেল	আই	1
চ্যানেল	বরাবর	1
চ্যানেলে	আবার	1
চ্যানেলে	তাদের	1
চ্যাম্পিয়ন	হয়েছে	1
চ্যাম্পিয়ন	হাফেজ	1
চ্যালেঞ্জ	নয়	1
চ্যালেঞ্জ	সত্ত্বেও	1
চ্যালেঞ্জ	হলো	1
চ্যালেঞ্জিং	সময়েও	1
ছক	দিয়েছেন	1
ছড়া	আমি	1
ছড়া	তুমি	1
ছড়া	বল	1
ছড়া	লিখি	1
ছড়া	শোনাও	1
ছড়ানো	সহিংসতা	1
ছড়িয়ে	পড়ছে	3
ছড়িয়ে	পড়েছে	3
ছড়িয়ে	আছে	1
ছড়িয়ে	ছিটিয়ে	1
ছড়িয়ে	পড়তে	1
ছড়িয়ে	পড়া	1
ছদ্মবেশ	ধরে	1
ছন্দে	লেখা	1
ছবি	আঁকতে	4
ছবি	তুলতে	3
ছবি	আছে	2
ছবি	ছিল	2
ছবি	দেখতে	2
ছবি	তুলেছি	1
ছবিও	তুলেছি	1
ছবিগুলো	কোথায়	1
ছবিটার	বয়স	1
ছবিটি	অনেক	1
ছবিটি	ছিঁড়তে	1
ছবিটি	পরিচালনা	1
ছবিতে	অভিনয়	1
ছবিতে	ঠিক	1
ছবিতে	তিনি	1
ছবির	মধ্যের	2
ছবির	বাজেট	1
ছবির	মাধ্যমে	1
ছয়	দিন	2
ছয়	মাসে	2
ছয়	মাসের	2
ছয়	পুত্র	1
ছয়	সাত	1
ছয়জন	সন্তান	1
ছয়টা	সময়ে	2
ছয়টা	থেকে	1
ছয়টা	মিনিট	1
ছয়টা	সময়ের	1
ছয়টি	অক্ষর	1
ছয়টি	ওয়াটার	1
ছাঁটাই	করার	1
ছাই	থেকে	1
ছাগল	ও	1
ছাগলের	আছে	1
ছাড়	আছে	2
ছাড়ছে	না	1
ছাড়তে	চাই	1
ছাড়া	আর	9
ছাড়া	অন্য	5
ছাড়া	বাঁচতে	4
ছাড়া	কোনো	3
ছাড়া	আমরা	2
ছাড়া	এটা	2
ছাড়াই	প্যানা	2
ছাড়াই	খুব	1
ছাড়াই	নির্মাতা	1
ছাড়াই	প্রদান	1
ছাড়াই	মেয়ের	1
ছাড়াই	সম্পূর্ণ	1
ছাড়াও	অন্যান্য	1
ছাড়াও	আমাদের	1
ছাড়াও	মানুষ	1
ছাড়াও	মেয়েদের	1
ছাড়াতে	টাকা	1
ছাড়ার	ঘোষণা	1
ছাড়িয়ে	এসেছি	1
ছাড়িয়ে	গিয়েছিল	1
ছাড়িয়ে	গেছে	1
ছাড়িয়ে	যাওয়ার	1
ছাড়িয়ে	যেতে	1
ছাড়ে	না	2
ছাতা	ছাড়া	2
ছাতা	বাসে	2
ছাতা	কিনতে	1
ছাতা	নিয়ে	1
ছাতা	রেখে	1
ছাতাটা	দিয়েছিল	1
ছাতাটা	নিয়ে	1
ছাতাটা	নিয়েছো	1
ছাতাটা	যে	1
ছাতাটা	হারিয়ে	1
ছাত্র	এই	1
ছাত্র	ও	1
ছাত্র	কর্তৃক	1
ছাত্র	ছাত্রী	1
ছাত্র	বাকি	1
ছাত্র	মোহাম্মদ	1
ছাত্রছাত্রীদের	জন্য	2
ছাত্রদের	বিশেষ	1
ছাত্ররা	অঙ্ক	1
ছাত্ররা	কানাডার	1
ছাত্ররা	খেলা	1
ছাত্ররা	বল	1
ছাত্ররা	বিভিন্ন	1
ছাত্রী	সংখ্যা	1
ছাত্রীকে	ধর্ষণ	2
ছাত্রীকে	নির্যাতনের	1
ছাত্রের	সংখ্যা	1
ছাদ	থেকে	2
ছাদে	একটা	1
ছাদে	বড়	1
ছাদে	রোদে	1
ছাদের	সমস্যা	1
ছানা	কিনে	1
ছানা	তৈরির	1
ছানা	হয়	1
ছায়া	ছাড়া	1
ছায়ায়	আক্রান্ত	1
ছায়ায়	কী	1
ছায়ার	মতো	1
ছি	ছি	2
ছি	তুমি	2
ছি	তোমার	1
ছিঁড়তে	দেবেন	1
ছিঁড়ে	অথবা	1
ছিটিয়ে	আছে	1
ছিটিয়ে	দিলে	1
ছিড়ে	গেছে	1
ছিনিয়ে	নিতে	1
ছিনিয়ে	নিয়ে	1
ছিন্ন	করার	1
ছিয়াত্তরের	মন্বন্তর	2
ছিল	না	29
ছিল	এবং	8
ছিল	বলে	4
ছিল	তা	3
ছিল	এক	2
ছিল	তো	2
ছিলাম	তখন	3
ছিলাম	না	3
ছিলাম	তা	2
ছিলাম	এবং	1
ছিলাম	জানি	1
ছিলাম	তোমার	1
ছিলে	না	2
ছিলে	কেন	1
ছিলে	তখন	1
ছিলেন	একজন	6
ছিলেন	না	6
ছিলেন	উমাইয়া	2
ছিলেন	এবং	2
ছিলেন	যিনি	1
ছিলেন	যে	1
ছিলো	না	7
ছিলো	এবং	2
ছিলো	শিক্ষিত	1
ছিলো	ষোল	1
ছুঁয়ে	দেখতে	1
ছুঁয়ে	দেখার	1
ছুটতে	পারে	1
ছুটি	থাকবে	4
ছুটি	কাটাতে	3
ছুটি	নিতে	2
ছুটি	পছন্দ	1
ছুটি	শেষ	1
ছুটি	সাপ্তাহিক	1
ছুটিতে	ছিলাম	1
ছুটিতে	ঢাকার	1
ছুটির	দিনে	6
ছুটির	দিন	2
ছুটির	অপেক্ষায়	1
ছুটির	দিনগুলি	1
ছুটির	দিনগুলো	1
ছুটে	আসছে	1
ছুটে	এলো	1
ছুটে	এসে	1
ছুড়ি	ভেঙে	1
ছুড়ে	প্রতিবার	1
ছুরি	জোগাড়	1
ছুরি	দিয়ে	1
ছুরিকাঘাত	করতে	1
ছুরিকাঘাত	করেছে	1
ছুরির	মতো	1
ছেড়ে	চলে	4
ছেড়ে	দিলে	3
ছেড়ে	দেয়	3
ছেড়ে	দিতে	2
ছেড়ে	দিলাম	2
ছেড়ে	যাবেন	2
ছেদ	না	1
ছেরে	দিতে	1
ছেলে	তো	3
ছেলে	আমার	2
ছেলে	কি	2
ছেলে	অর্থনীতি	1
ছেলে	এখনো	1
ছেলে	ঘড়ি	1
ছেলেই	সৎ	1
ছেলেও	খুশি	1
ছেলেকে	ডাক্তার	1
ছেলেকে	দিয়ে	1
ছেলেকে	দেখতে	1
ছেলেকে	নিয়ে	1
ছেলেকে	ফিরে	1
ছেলেটা	অকাতরে	1
ছেলেটা	কানে	1
ছেলেটা	কোথায়	1
ছেলেটা	চলে	1
ছেলেটা	জোরে	1
ছেলেটা	হাঁটুতে	1
ছেলেটাকে	মুখ	1
ছেলেটার	উপর	1
ছেলেটার	কথা	1
ছেলেটার	কান্না	1
ছেলেটি	অত্যন্ত	1
ছেলেটি	একেবারে	1
ছেলেটি	দেখতে	1
ছেলেটি	বিছানায়	1
ছেলেটি	হারিয়ে	1
ছেলেটিকে	চুমু	1
ছেলেটিকে	নিজের	1
ছেলেটিকে	পিঠে	1
ছেলেটিকে	বিছানায়	1
ছেলেটিকে	মনে	1
ছেলেটির	কাপড়	1
ছেলেটির	শক্ত	1
ছেলেদের	চার	1
ছেলেদের	প্যান্টে	1
ছেলেদের	মতো	1
ছেলেদের	সাজ	1
ছেলেমেয়েদের	ধরে	1
ছেলেমেয়েদের	ভূতের	1
ছেলেমেয়েরা	মেধাবী	1
ছেলের	নাম	2
ছেলের	উপর	1
ছেলের	একটা	1
ছেলের	প্রশংসা	1
ছেলের	সঙ্গে	1
ছেলের	হাতের	1
ছেলেরা	খেলা	1
ছেলেরা	ফুটবল	1
ছেলেরা	মেয়েদের	1
ছেলেরা	শিক্ষকের	1
ছেলেরা	হেসে	1
ছোঁয়া	থেকে	1
ছোঁয়া	পেতে	1
ছোঁয়া	পেলেই	1
ছোট	ছোট	4
ছোট	কোণকে	3
ছোট	ভাই	3
ছোট	গ্রামে	2
ছোট	ছেলে	2
ছোট	বোন	2
ছোটখাটো	এক	1
ছোটখাটো	বিষয়	1
ছোটবেলায়	অস্ট্রেলিয়া	1
ছোটবেলায়	এসব	1
ছোটবেলার	কথা	1
ছোটাছুটি	করতে	1
ছোটো	বোন	1
ছোট্ট	মেয়ে	2
ছোট্ট	আমন্ত্রণ	1
ছোড়া	উচিত	1
ছোড়া	উচিৎ	1
জগতে	প্রবেশ	1
জগতে	স্বাগত	1
জগতের	বাইরে	1
জগতের	সর্বত্র	1
জগাখিচুড়ি	পাকিয়ে	1
জগৎ	ভালো	1
জঘন্য	অন্যায়	1
জঘন্য	অপরাধ	1
জঘন্য	কথা	1
জঘন্য	সিনেমা	1
জঙ্গল	ঘেরা	1
জঙ্গলে	কিংবা	1
জঙ্গলে	পাহাড়	1
জঙ্গলে	যাওয়া	1
জজ	আদালত	1
জটিল	ও	3
জটিল	নয়	1
জটিল	বৈজ্ঞানিক	1
জটিল	সমস্যা	1
জটিলতা	চুলকানি	1
জটিলতা	তৈরি	1
জটিলতা	হতে	1
জটিলতার	অবসান	1
জড়াতে	চাই	1
জড়িত	ছিল	1
জড়িত	থাকতে	1
জড়িত	থাকায়	1
জড়িত	হতে	1
জড়িয়ে	ধরে	4
জড়িয়ে	ধরলাম	2
জড়িয়ে	ধরল	1
জড়িয়ে	ধরলেন	1
জড়িয়ে	ধরলো	1
জড়িয়ে	পড়েন	1
জড়ো	হয়ে	1
জড়ো	হয়েছিলেন	1
জড়ো	হয়েছেন	1
জন	ব্যক্তি	2
জন	শিক্ষার্থী	2
জন	উপস্থিত	1
জন	মন	1
জন	রয়েছে	1
জন	লেনন	1
জনক	বলা	1
জনক	মোহাম্মদ	1
জনকে	চিহ্নিত	1
জনকে	বিভিন্ন	1
জনগণ	এখনো	1
জনগণ	দীর্ঘদিন	1
জনগণ	যদি	1
জনগণ	যা	1
জনগণ	স্বাধীনভাবে	1
জনগণকে	উৎসাহিত	1
জনগণকে	যদি	1
জনগণের	অনুভূত	1
জনগণের	কাছে	1
জনগণের	প্রতি	1
জনগণের	শান্তি	1
জনগোষ্ঠী	হওয়া	1
জনতা	এন্টারপ্রাইজের	1
জনতা	কি	1
জনতার	ভিড়ে	1
জননী	আদর	1
জনপ্রিয়	এ	1
জনপ্রিয়	করতে	1
জনপ্রিয়	কেন	1
জনপ্রিয়	খেলা	1
জনপ্রিয়	হচ্ছে	1
জনপ্রিয়তা	অর্জন	1
জনপ্রিয়তা	পাচ্ছে	1
জনপ্রিয়তা	পেয়েছে	1
জনবহুল	ও	1
জনবহুল	মহাদেশ	1
জনসংখ্যা	সম্পর্কিত	2
জনসংখ্যা	কত	1
জনসংখ্যা	কমানোর	1
জনসংখ্যা	বাড়ছে	1
জনসংখ্যায়	পৃথিবীর	2
জনসংখ্যার	লোকই	1
জনসাধারণ	ও	1
জনসাধারণের	সামনে	1
জনাব	রেজা	1
জনি	সিং	1
জনে	জন	1
জনের	বিরুদ্ধে	2
জনের	জন্য	1
জনের	বয়স	1
জনের	সাথে	1
জন্ম	হয়	3
জন্ম	এবং	2
জন্ম	দিয়েছেন	1
জন্ম	দেওয়া	1
জন্ম	হয়েছিলো	1
জন্মগত	অধিকার	1
জন্মগ্রহণ	করেন	5
জন্মগ্রহণ	করেছিলেন	4
জন্মগ্রহণ	করে	3
জন্মগ্রহণ	করেছিলাম	2
জন্মদিন	আসছে	1
জন্মদিন	উপলক্ষ্যে	1
জন্মদিন	কবে	1
জন্মদিন	ছিল	1
জন্মদিন	ছিলো	1
জন্মদিন	ভুলে	1
জন্মদিনে	আমন্ত্রণ	1
জন্মদিনে	উপহার	1
জন্মদিনে	কী	1
জন্মদিনের	উপহার	1
জন্মদিনের	পার্টির	1
জন্মায়	না	1
জন্মে	গাছটি	1
জন্মে	না	1
জন্মের	পরপরই	2
জন্মের	আগেই	1
জন্মের	তরে	1
জন্য	অপেক্ষা	24
জন্য	একটি	24
জন্য	আমি	11
জন্য	কোনো	8
জন্য	জিজ্ঞাসা	8
জন্য	ধন্যবাদ	8
জন্যই	উদাহরণ	1
জন্যই	এই	1
জন্যই	করেন	1
জন্যই	জাপান	1
জন্যই	সিদ্ধান্ত	1
জন্যই	স্বামী	1
জন্যও	একটি	1
জন্যও	তা	1
জন্যও	দোয়া	1
জন্যে	অনেক	1
জন্যে	এসেছেন	1
জন্যে	ঘুমাতে	1
জন্যে	চাই	1
জন্যে	প্রয়োজন	1
জপমালা	এর	1
জপমালা	নামক	1
জপমালা	নামটা	1
জপমালা	যে	1
জবানবন্দি	দিয়েছেন	2
জবাব	দিতে	2
জবাব	দাও	1
জবাব	দিন	1
জবাব	দিল	1
জবাব	দিলো	1
জবাব	শুনে	1
জবাবদিহি	করতে	1
জবাবে	এ	1
জবাবে	শনিবার	1
জব্দ	করার	2
জব্দ	করেছে	1
জমজ	মেয়ে	2
জমা	দিতে	2
জমা	করতে	1
জমা	করা	1
জমা	করুন	1
জমা	করে	1
জমা	রাখতে	1
জমাট	বাঁধার	1
জমাট	বেঁধে	1
জমি	কিনে	2
জমি	খরিদ	2
জমি	প্রস্তুত	1
জমি	ফেলে	1
জমি	সেখানে	1
জমিতে	এসে	1
জমিতে	বিভিন্ন	1
জমিদার	বাড়ি	1
জমিদার	বাড়িতে	1
জমির	তিনজন	1
জমির	দলিল	1
জমির	পরিমাণ	1
জমির	বাইরে	1
জমির	মালিক	1
জমে	বেশ	2
জমে	ছিল	1
জমে	বরফ	1
জমে	যেতে	1
জয়	করে	2
জয়	লাভ	2
জয়	করার	1
জয়	দিয়ে	1
জয়	পরাজয়	1
জয়	যাত্রার	1
জয়ী	হন	2
জয়ী	না	1
জয়ী	হতে	1
জয়ী	হয়েছি	1
জয়ী	হয়েছে	1
জয়ী	হোন	1
জয়ের	জন্য	1
জয়ের	পরে	1
জরিমানা	করা	2
জরিমানা	করেছেন	2
জরিমানা	দিতে	1
জরুরি	বিভাগে	2
জরুরি	কাজ	1
জরুরি	বৈঠকে	1
জরুরি	হয়ে	1
জর্জরিত	আমাদের	1
জর্ডান	যেভাবে	1
জল	দাও	2
জল	আনা	1
জল	এনো	1
জল	খেয়ে	1
জল	জাহাজ	1
জল	দিন	1
জলদি	আসিস	1
জলদি	আসেন	1
জলদি	আসো	1
জলপথে	চলাচলের	1
জলবায়ু	পরিবর্তন	4
জলবায়ু	চুক্তি	2
জলবায়ু	বিজ্ঞানীরা	1
জলীয়	বাষ্পের	5
জলীয়	বাষ্প	2
জলে	পড়েছি	1
জলে	ভাসে	1
জলের	মাছ	2
জলের	লিখন	1
জাগিয়ে	দিলো	1
জাগিয়ে	দেবেন	1
জাগিয়ে	রাখে	1
জাগ্রত	করার	1
জাগ্রত	করেনি	1
জাত	পাত	1
জাতক	সম্পর্কে	1
জাতি	নববর্ষ	1
জাতি	মানুষের	1
জাতি	যে	1
জাতি	সংক্রান্ত	1
জাতি	হিসেবে	1
জাতিকে	উদ্বুদ্ধ	1
জাতিকে	এ	1
জাতিকে	শাস্তি	1
জাতির	জন্য	2
জাতির	অশেষ	1
জাতির	আদি	1
জাতির	উন্নয়নে	1
জাতির	পিতা	1
জাতিসংঘ	নিরাপত্তা	1
জাতিসংঘ	মানবাধিকার	1
জাতিসংঘের	সদস্য	2
জাতিসংঘের	তম	1
জাতিসংঘের	নারী	1
জাতিসংঘের	বাজেটে	1
জাতীয়	পতাকা	6
জাতীয়	সংসদ	5
জাতীয়	ক্রিকেট	3
জাতীয়	পতাকার	2
জাতীয়	সংগীত	2
জাতীয়	সংসদে	2
জাতীয়তাবাদ	দুর্বল	2
জাতের	ধান	1
জাদু	বা	1
জাদুকরকে	ধন্যবাদ	1
জাদুকরী	বা	1
জাদুঘর	কোথায়	3
জাদুঘর	অবধি	1
জাদুঘর	এখন	1
জাদুঘর	ঘুরে	1
জাদুঘরটা	রবিবার	2
জাদুঘরে	ঢোকার	2
জাদুঘরে	পৌঁছলাম	1
জাদুঘরে	রাখা	1
জাদুঘরে	সংরক্ষিত	1
জাদুঘরের	জন্য	1
জাদুঘরের	পূর্ব	1
জানত	না	1
জানত	সে	1
জানতাম	না	4
জানতাম	তার	1
জানতাম	তাহলে	1
জানতাম	তুমি	1
জানতাম	যে	1
জানতে	চাই	7
জানতে	পারেন	3
জানতে	চাইলে	2
জানতে	চাইলেন	2
জানতে	পেরে	2
জানতে	হলে	2
জানতেও	চাই	1
জানতেন	না	3
জানতেন	তাকে	1
জানতেন	যে	1
জানতো	না	1
জানবে	না	1
জানলা	বন্ধ	1
জানলে	আমি	1
জানলে	কিভাবে	1
জানলে	কী	1
জানলে	তোমায়	1
জানলেন	যে	1
জানা	গেছে	11
জানা	যায়	8
জানা	আছে	2
জানা	না	1
জানা	লোক	1
জানা	সম্ভব	1
জানাই	যেন	1
জানান	তিনি	3
জানান	জুন	1
জানান	ঢাকা	1
জানানো	হয়	5
জানানো	যাচ্ছে	3
জানানো	হয়েছে	2
জানানো	সবার	1
জানানো	হয়েছিল	1
জানানো	হলো	1
জানানোর	জন্য	2
জানানোর	আছে	1
জানানোর	কয়েক	1
জানানোর	বিধান	1
জানানোর	ভাষা	1
জানানোর	সিদ্ধান্ত	1
জানাবেন	কেমন	1
জানায়	এবং	1
জানায়	নতুন	1
জানায়	প্রাথমিকভাবে	1
জানায়	মঙ্গলবার	1
জানায়	সিদ্ধান্ত	1
জানার	জন্য	2
জানার	আগে	1
জানার	লক্ষ্যে	1
জানার	সবচেয়ে	1
জানালা	আছে	2
জানালা	কে	1
জানালা	থেকে	1
জানালা	দিয়ে	1
জানালা	বন্ধ	1
জানালাগুলো	উঁচুতে	1
জানালার	পাশে	1
জানালে	অবশ্যই	1
জানি	না	21
জানি	তুমি	7
জানি	যে	6
জানি	আপনি	2
জানি	আমরা	1
জানি	তেমন	1
জানিনা	আপনি	2
জানিনা	আমার	2
জানিনা	তুমি	2
জানিনা	উনি	1
জানিনা	ঠিক	1
জানিনা	সে	1
জানিয়ে	আসছেন	1
জানিয়ে	দিয়েছেন	1
জানিয়ে	বলেন	1
জানিয়েই	সম্প্রতি	1
জানিয়েছিলাম	যে	1
জানিয়েছে	স্যামসাং	2
জানিয়েছে	বাংলাদেশ	1
জানিয়েছে	বাংলাদেশের	1
জানিয়েছে	সামরিক	1
জানিয়েছেন	বর্তমানে	1
জানিয়েছেন	বাংলাদেশ	1
জানিয়েছেন	ভার্চুয়াল	1
জানিয়েছেন	যুক্তরাষ্ট্রের	1
জানিয়েছেন	যে	1
জানিস	কি	1
জানুক	আমি	1
জানে	না	7
জানে	আমরা	2
জানে	যে	2
জানে	কিভাবে	1
জানে	তুমি	1
জানে	দেশে	1
জানেন	না	5
জানেন	যে	3
জানেন	আমরা	2
জানেন	আমি	2
জানেন	উনি	1
জানেন	এই	1
জানো	আমি	3
জানো	আমাকে	1
জানো	উনি	1
জানো	ও	1
জানো	কেন	1
জানো	যে	1
জান্নাত	পাবে	1
জান্নাতের	সুখের	1
জাপান	একটি	3
জাপান	ত্যাগ	3
জাপান	থেকে	3
জাপান	বিষয়ে	3
জাপান	চীনের	2
জাপানি	বলতে	6
জাপানি	ভাষায়	2
জাপানি	গিয়েছে	1
জাপানি	রাষ্ট্রদূত	1
জাপানি	শিখতে	1
জাপানিরা	বাড়িতে	1
জাপানী	খবরের	1
জাপানী	নয়	1
জাপানী	নাগরিক	1
জাপানী	বলতে	1
জাপানে	অন্ধদের	2
জাপানে	কিছু	2
জাপানে	ফেরত	2
জাপানে	বসবাস	2
জাপানে	বাস	2
জাপানে	ফিরে	1
জাপানের	একদল	1
জাপানের	চেয়ে	1
জাপানের	টোকিও	1
জাপানের	নাগরিক	1
জাপানের	প্রায়	1
জাপানের	ব্যাপারে	1
জাম	খেতে	1
জামা	কেনা	1
জামা	কোথা	1
জামা	জুতো	1
জামা	পরে	1
জামাই	চাকরি	1
জামাই	তার	1
জামাই	থাকে	1
জামাই	নিয়ে	1
জামাইয়ের	প্রতিবেশীর	1
জামাটা	কার	1
জামাটা	দেখাবেন	1
জামানতের	প্রয়োজন	2
জামাল	আজ	1
জামাল	খুব	1
জামিন	নিয়েছেন	1
জায়গা	আছে	2
জায়গা	তৈরি	1
জায়গা	পরিদর্শন	1
জায়গা	পেয়েছি	1
জায়গা	বলে	1
জায়গা	যেখানে	1
জায়গাটা	ছাড়িয়ে	1
জায়গায়	ত্রাণ	2
জায়গায়	খেতে	1
জায়গায়	গাছ	1
জায়গায়	চুমু	1
জায়গায়	দেখেছি	1
জায়গায়	নেই	1
জারণ	বিজারণ	2
জারি	করেছে	6
জারি	করা	2
জারি	করেছেন	1
জার্নালিস্ট	ফোরাম	2
জার্মান	ভাষায়	3
জার্মান	জাতির	2
জার্মান	বলতে	2
জার্মান	ভাষা	2
জার্মান	গাড়ি	1
জার্মানদের	জন্য	2
জার্মানি	এবং	1
জার্মানি	সম্পর্কে	1
জার্মানিতে	অবস্থিত	1
জার্মানিতে	আছি	1
জার্মানিতে	জন্মগ্রহণ	1
জার্মানির	টিমোথি	1
জাল	করেছে	1
জাল	দিয়ে	1
জালিয়াতি	ঠেকাতে	1
জালিয়াতি	সংঘটিত	1
জালিয়াতির	শিকার	1
জালে	মাছ	1
জালের	মতো	1
জাহাজ	এখন	1
জাহাজ	ও	1
জাহাজ	চলাচল	1
জাহাজ	জাপানের	1
জাহাজ	থেকে	1
জাহাজে	করে	1
জাহাজে	চলাচল	1
জাহাজের	কাছে	1
জাহাজের	বা	1
জাহাজের	সময়	1
জাহান্নাম	তৈরি	1
জাহান্নাম	থেকে	1
জাহান্নাম	প্রস্তুত	1
জাহির	করতে	1
জাহিলিয়া	বলতে	2
জি	রাজা	1
জিএসপি	সুবিধা	2
জিকা	ভাইরাস	2
জিজ্ঞাসা	করা	9
জিজ্ঞাসা	করতে	5
জিজ্ঞাসা	করছেন	3
জিজ্ঞাসা	করবেন	3
জিজ্ঞাসা	করো	3
জিজ্ঞাসা	করছে	2
জিজ্ঞাসাবাদ	করছে	1
জিজ্ঞাসাবাদ	করেছে	1
জিজ্ঞাসাবাদ	করেছেন	1
জিজ্ঞাসাবাদের	সময়	1
জিজ্ঞেস	করা	2
জিজ্ঞেস	করছি	1
জিজ্ঞেস	করতে	1
জিজ্ঞেস	করবেন	1
জিজ্ঞেস	করে	1
জিজ্ঞেস	করেছিলেন	1
জিততে	চায়	1
জিততে	না	1
জিতবে	বলে	1
জিতে	গেছি	1
জিতে	গেছে	1
জিতে	ছেলেটা	1
জিনিস	কিনতে	2
জিনিস	বিক্রি	2
জিনিস	কেনার	1
জিনিস	দেখেছি	1
জিনিস	নির্দিষ্ট	1
জিনিস	সম্পূর্ণ	1
জিনিসও	নষ্ট	1
জিনিসগুলো	আমার	1
জিনিসটা	আমরা	1
জিনিসটা	করা	1
জিনিসপত্র	কোথায়	4
জিনিসপত্র	সাবধানে	1
জিনিসপত্রের	জন্য	1
জিনিসপত্রের	দাম	1
জিনিসপত্রের	সামনে	1
জিনিসের	অভাবে	1
জিনিসের	দাম	1
জিনিসের	দৈর্ঘ্য	1
জিভ	দিয়ে	1
জিয়া	এবং	1
জিয়া	সরকারের	1
জিয়াউর	রহমান	3
জিয়ারত	করতে	2
জিরি	ও	2
জিরি	রোবটের	2
জিরি	সমকামী	2
জিলেটিন	ছাড়াই	2
জীব	হিসেবে	4
জীব	তার	1
জীব	নিজ	1
জীব	বাঁচতে	1
জীবন	যাপন	3
জীবন	ও	2
জীবন	কল্পনা	2
জীবন	কেমন	2
জীবন	বিপদাপন্ন	2
জীবন	সম্পর্কে	2
জীবনকে	কেন্দ্র	2
জীবনকে	অর্থপূর্ণ	1
জীবনকে	জীবন্ত	1
জীবনকে	প্রভাবিত	1
জীবনকে	সহজ	1
জীবনটাই	পাল্টে	1
জীবনযাত্রার	মান	1
জীবনযাপন	করতে	2
জীবনযাপন	করেন	1
জীবনযাপন	ব্যয়বহুল	1
জীবনযাপনের	কাহিনী	1
জীবনযাপনের	জন্য	1
জীবনে	সাফল্য	4
জীবনে	অনেক	1
জীবনে	এর	1
জীবনে	বৃক্ষের	1
জীবনের	একটি	3
জীবনের	এই	2
জীবনের	প্রতিটি	2
জীবনের	সব	2
জীবনের	সবচেয়ে	2
জীবনের	স্বপ্ন	2
জীবন্ত	করে	1
জীববিজ্ঞানীরা	জীবের	6
জীববিজ্ঞানের	শিক্ষার্থী	2
জীবাণু	ছড়িয়ে	1
জীবাণু	প্রতিরোধী	1
জীবিকা	নির্বাহ	2
জীবিকা	অর্জনের	1
জীবিত	ছিলেন	1
জীবিত	থাকবো	1
জীবিত	নারী	1
জীবিত	ব্যক্তিকে	1
জীবের	বিভিন্ন	5
জীবের	বেঁচে	2
জীবের	বৈশিষ্ট্য	2
জীবের	কথা	1
জীবের	বড়	1
জীবের	শরীরের	1
জুড়িয়ে	দেয়	1
জুড়ে	জালের	1
জুড়ে	দেওয়া	1
জুড়ে	নারীরা	1
জুড়ে	নিজস্ব	1
জুড়ে	পালন	1
জুতা	খুলে	3
জুতা	আছে	1
জুতা	ছিড়ে	1
জুতা	পরতে	1
জুতো	কিনলাম	1
জুতো	কিনেছি	1
জুতো	পরে	1
জুতো	পরেন	1
জুতো	পেয়েছি	1
জুতো	পেলাম	1
জুতোগুলো	এখানে	2
জুন	আর	1
জুন	এ	1
জুন	জুলাই	1
জুন	থেকে	1
জুন	বাংলাদেশের	1
জুন	সকালে	1
জুয়া	খেলা	1
জুয়ার	আসর	1
জুরিখ	সুইজারল্যান্ডের	1
জুলাই	আগস্ট	2
জুলাই	আরও	1
জুলাই	থেকে	1
জুলাই	বেলা	1
জুলাই	শিক্ষক	1
জুলুম	করে	1
জেগে	আছি	1
জেগে	আছো	1
জেগে	উঠে	1
জেগে	ওঠে	1
জেগে	পড়ার	1
জেতানোর	জন্য	1
জেদ	খারাপ	1
জেনারেল	এন্টারপ্রাইজের	1
জেনারেল	হাসপাতাল	1
জেনারেল	হাসপাতালে	1
জেনিনে	ইসরায়েলি	2
জেনে	নিন	2
জেনে	কিছু	1
জেনে	গিয়েছে	1
জেনে	গেছেন	1
জেনে	ফেলেছি	1
জেনে	বুঝেই	1
জেনেটিক	উপাদানের	1
জেমস	জানতে	1
জের	ধরে	2
জেরায়	তিনি	3
জেরি	তার	1
জেরুজালেম	এক	1
জেরুজালেম	হতে	1
জেরুজালেমের	উত্থান	1
জেল	জমে	1
জেল	থেকে	1
জেল	বিশেষ	1
জেল	ব্যবহার	1
জেল	হত্যা	1
জেলা	প্রশাসক	4
জেলা	রয়েছে	2
জেলা	কমিটির	1
জেলা	ত্রাণ	1
জেলায়	এই	1
জেলায়	বৃষ্টিপাত	1
জেলায়	রয়েছে	1
জেলায়	লিগ্যাল	1
জেলার	নারী	1
জেলার	সিভিল	1
জেলে	কাটাতে	1
জেলে	ছিলো	1
জেলে	নৌকার	1
জেলে	পরিবার	1
জেলে	মৃত্যুবরণ	1
জেলে	যাচ্ছিল	1
জেলের	বাইরে	1
জেলেরা	নদীতে	1
জেলেরা	মাছ	1
জেহেলের	মৃত্যুর	2
জৈব	যৌগ	1
জৈব	রসায়ন	1
জৈবিক	কার্যক্রম	1
জো	আমার	1
জো	করে	1
জোগাড়	করতে	3
জোগাড়	করে	1
জোট	গঠন	1
জোড়া	জুতা	1
জোড়া	জুতো	1
জোড়ে	জোড়ে	2
জোড়ে	চুদতে	1
জোড়ে	চুদে	1
জোন	সূত্রে	1
জোনে	নৌ	1
জোনের	ওয়ারেন্ট	1
জোয়ারের	পানিতে	1
জোয়ারের	হিসাব	1
জোর	দিয়েছে	2
জোর	সম্ভাবনা	2
জোর	দিয়ে	1
জোর	দেওয়া	1
জোর	দেবে	1
জোর	নেই	1
জোরদার	করার	2
জোরদার	করা	1
জোরা	মোজা	1
জোরে	কথা	3
জোরে	কামড়াতে	1
জোরে	চুল	1
জোরে	ফিরে	1
জোরে	বল	1
জোরে	বলো	1
জোসেফ	কলেজে	2
জ্ঞান	ও	3
জ্ঞান	অর্জন	2
জ্ঞান	একজন	2
জ্ঞান	দান	2
জ্ঞান	আহরণ	1
জ্ঞান	ফিরে	1
জ্ঞানী	নয়	1
জ্ঞানী	সত্তা	1
জ্ঞানী	স্বাধীন	1
জ্ঞানীর	কলমের	1
জ্ঞানের	অধিকারী	1
জ্ঞানের	আলোয়	1
জ্ঞানের	পাশাপাশি	1
জ্ঞানের	বিকাশ	1
জ্ঞানের	বিজয়	1
জ্ঞাপন	করে	1
জ্বর	হয়েছে	8
জ্বর	হলে	4
জ্বর	জ্বর	2
জ্বর	বোধ	2
জ্বর	হওয়ার	2
জ্বর	আছে	1
জ্বরে	বেশি	2
জ্বরে	আক্রান্ত	1
জ্বরে	পুড়ে	1
জ্বরে	ভুগছে	1
জ্বরের	ওষুধ	2
জ্বলজ্বল	করে	1
জ্বলতে	থাকার	1
জ্বলে	যায়	2
জ্বলে	উঠলে	1
জ্বাল	দিতে	1
জ্বাল	দিন	1
জ্বালানো	তোমার	1
জ্বালানো	বাচ্চাদের	1
জ্বালানো	বাদ	1
জ্বালানো	হলে	1
জ্বালায়	পাড়ার	1
জ্বালিয়ে	অবস্থান	1
জ্বালিয়ে	আমার	1
জ্বালিয়ে	দিলাম	1
জ্বালিয়ে	দেবেন	1
জ্বালিয়ে	হত্যা	1
জ্বীন	জাতি	2
জ্বীনের	কিংবা	1
জ্বেলে	মেলে	1
জ্যাক	গল্পটা	1
জ্যাকসনদের	বাড়ি	2
জ্যেষ্ঠ	কয়েকজন	1
জ্যেষ্ঠ	বিশেষ	1
জ্যেষ্ঠ	সদস্যরা	1
জ্যেষ্ঠ	সাংবাদিকদের	1
ঝগড়া	করছিল	2
ঝগড়া	করছিলেন	2
ঝগড়া	একেবারেই	1
ঝগড়া	করবেন	1
ঝগড়া	কোরো	1
ঝগড়া	বিবাদ	1
ঝগড়ার	শব্দ	1
ঝড়	উঠলো	1
ঝড়	বন্যা	1
ঝড়	লাগে	1
ঝড়ে	যায়	1
ঝড়ের	পূর্বাভাস	1
ঝড়ের	সময়	1
ঝরে	গেছে	1
ঝলসে	গেছে	1
ঝাঁপ	দাও	1
ঝাঁপিয়ে	পড়ে	2
ঝাঁপিয়ে	পড়ল	1
ঝাঁপিয়ে	পড়েন	1
ঝাকুনি	ছিল	1
ঝাড়া	বা	1
ঝামেলা	করার	1
ঝামেলা	করে	1
ঝামেলা	তা	1
ঝামেলা	থেকে	1
ঝিম	করছে	1
ঝিম	ঝিম	1
ঝুঁকি	আছে	2
ঝুঁকি	থাকে	2
ঝুঁকি	নিয়ে	2
ঝুঁকি	বেড়ে	2
ঝুঁকি	নিতে	1
ঝুঁকি	বাড়িয়ে	1
ঝুঁকির	কথা	1
ঝুঁকে	থাকলে	1
ঝুলছে	আদালতের	1
ঝুলিয়ে	দিয়ে	1
ঝুলিয়ে	বসে	1
টক	খেয়ে	1
টন	করছে	1
টন	টন	1
টনিকে	সাহায্য	1
টয়লেট	ক্লিনারের	2
টয়লেট	সুবিধা	1
টস	হেরে	1
টা	চুমু	1
টা	বাজে	1
টা	রুম	1
টাই	পরতে	2
টাইটানিক	দেখছিল	1
টাইপ	আকারে	1
টাউন	কিভাবে	1
টাকা	ধার	4
টাকা	আমার	3
টাকা	খরচ	3
টাকা	জমা	3
টাকা	তুলতে	3
টাকা	লাগবে	3
টাকাও	ছিলো	1
টাকাগুলো	এখন	1
টাকাগুলো	দিয়ে	1
টাকাগুলো	ফেরত	1
টাকাগুলো	হাত	1
টাকাটা	ফেরত	3
টাকাটা	ব্যাঙ্কে	2
টাকাটা	কার	1
টাকাটা	দরকার	1
টাকাটা	নিয়ে	1
টাকায়	টাকা	2
টাকায়	বন্ধুত্ব	1
টাকায়	বাঘের	1
টাকার	বিনিময়ে	3
টাকার	স্বপ্ন	2
টাকার	উপর	1
টাকার	জন্য	1
টাকার	সম্পদের	1
টাটকা	মনে	1
টানতে	দেখেছি	1
টানা	কয়েকদিন	1
টানা	চার	1
টানা	তৃতীয়	1
টানা	দুই	1
টানা	ভালো	1
টানার	চূড়ান্ত	1
টানার	জন্য	1
টায়	কলেজ	1
টায়	শুরু	1
টায়	সকালের	1
টায়ার	জ্বালিয়ে	1
টায়ারের	প্রয়োজন	1
টার	দিকে	4
টার	ট্রেনটা	3
টার	সময়	1
টার্গেট	রান	1
টি	জেলা	3
টি	শার্ট	2
টি	ক্লাস	1
টি	বড়	1
টি	বাগান	1
টিআইএন	নিতে	2
টিকা	দিতে	1
টিকা	দেওয়া	1
টিকিট	কাটতে	2
টিকিট	কিনে	2
টিকিট	আছে	1
টিকিট	কিনলাম	1
টিকিট	কোথা	1
টিকিট	পাঠাতে	1
টিকিটটি	ভুলে	2
টিকিটের	দাম	1
টিকিয়ে	রাখতে	1
টিকে	ছিল	1
টিকে	থাকতে	1
টিপ	ও	1
টিপে	ধরে	1
টিপে	সরে	1
টিভি	দেখছে	2
টিভি	কাজ	1
টিভি	চালাতে	1
টিভি	চ্যানেল	1
টিভি	দেখি	1
টিভি	নাটকের	1
টিভিতে	তাদের	1
টিভির	ক্ষতি	1
টিভির	খুব	1
টিমোথি	রে	1
টিমোথি	হেনরিক	1
টিরও	অধিক	2
টিস্যু	লাগবে	1
টু	গেট	1
টুইটার	প্রতিষ্ঠিত	1
টুইনমস	ব্র্যান্ডের	2
টুকরা	করে	1
টুকরো	একসাথে	1
টুকরো	এখনও	1
টুকরো	ছড়িয়ে	1
টুকরো	বাগান	1
টুকরোগুলো	জোড়া	1
টুকে	রেখেছে	1
টুপি	আছে	1
টুপি	এখানে	1
টুপি	গাড়িতে	1
টুপি	পছন্দ	1
টুপি	পরেছিল	1
টুপিটা	আপনার	1
টুপিটা	তোমার	1
টেকনোলজি	থেকে	1
টেকসই	নয়	2
টেকসই	অর্থনীতি	1
টেকসই	না	1
টেকসই	বৃদ্ধির	1
টেকসই	হয়	1
টেক্সট	মেসেজ	1
টেনিস	কোর্টে	1
টেনিস	খেলছিল	1
টেনিস	খেলছিলাম	1
টেনিস	খেলতাম	1
টেনিস	ভাল	1
টেনে	এসেছে	1
টেনে	নেয়	1
টেবিল	পেতে	1
টেবিলে	ওই	1
টেবিলে	বসুন	1
টেবিলের	উপরে	1
টেবিলের	ওপর	1
টের	পাইনি	1
টের	পাওয়া	1
টেলিফোন	আবিষ্কার	1
টেলিভিশন	কার্যক্রমটা	2
টেলিভিশন	অন্যতম	1
টেলিভিশন	আবিষ্কার	1
টেলিভিশন	দেখে	1
টেলিভিশন	ব্যবহার	1
টেলিভিশন	শব্দটি	1
টেলিভিশনে	অনুষ্ঠান	1
টেলিভিশনে	ধর্ম	1
টেলিভিশনে	বলেন	1
টেলিভিশনে	ভুল	1
টেলিভিশনে	সংবাদ	1
টেলিভিশনের	কিছু	1
টেলিভিশনের	জ্যেষ্ঠ	1
টেলিভিশনের	মাধ্যমে	1
টেলিভিশনের	সামনে	1
টেস্ট	করা	1
টোকিও	থেকে	2
টোকিও	জাপানে	1
টোকিওর	একটা	1
টোকিওর	জন্য	1
ট্যাক্স	সহ	1
ট্যাক্সি	চাই	2
ট্যাক্সি	করে	1
ট্যাক্সি	চালক	1
ট্যাক্সি	দিয়ে	1
ট্যাক্সি	লাগবে	1
ট্যাটু	ও	1
ট্যাবলেট	খেয়েছি	1
ট্রফি	বাংলাদেশে	1
ট্রাক	থেকে	1
ট্রাক	দিয়ে	1
ট্রাক	ফিশিং	1
ট্রাক	বাংলাদেশে	1
ট্রাক	যাত্রীবাহী	1
ট্রাকে	চাপা	1
ট্রাকে	পেট্রোল	1
ট্রানজিট	এলাকাতেই	1
ট্রাফিক	আইনের	1
ট্রাফিক	এড়াতে	1
ট্রাফিকের	কারণে	1
ট্রাস্ট	ইসলামী	1
ট্রেন	আটটা	1
ট্রেন	দুর্ঘটনায়	1
ট্রেন	পাল্টাতে	1
ট্রেন	বিলম্বিত	1
ট্রেন	স্টেশন	1
ট্রেন	স্টেশনে	1
ট্রেনকে	নিরাপদ	1
ট্রেনটা	কটার	9
ট্রেনটা	কি	2
ট্রেনটা	ধরতে	2
ট্রেনটা	ধরব	1
ট্রেনটা	সব	1
ট্রেনটা	সমস্ত	1
ট্রেনটি	স্টেশন	1
ট্রেনে	উঠেছিলাম	1
ট্রেনে	একটা	1
ট্রেনে	ওঠা	1
ট্রেনে	করে	1
ট্রেনে	কি	1
ট্রেনে	বারো	1
ট্রেনেই	থাকার	1
ট্রেনের	একটি	1
ঠাকুরদার	বয়স	2
ঠাকুরের	পিতার	1
ঠাকুরের	প্রথম	1
ঠাকুরের	লেখা	1
ঠাট	বজায়	1
ঠাণ্ডা	ছিল	1
ঠাণ্ডায়	কেঁপে	1
ঠান্ডা	লেগেছে	4
ঠান্ডা	লাগছে	2
ঠান্ডা	আছে	1
ঠান্ডা	কিছু	1
ঠান্ডা	লাগিয়ে	1
ঠান্ডা	লেগে	1
ঠিক	আছে	8
ঠিক	করে	6
ঠিক	ওখানেই	4
ঠিক	করতে	3
ঠিক	জানিনা	3
ঠিক	করলেন	2
ঠিকই	অনুভব	1
ঠিকই	বলেছো	1
ঠিকঠাক	থাকলে	2
ঠিকঠাক	কাজ	1
ঠিকভাবে	করা	1
ঠিকভাবে	ব্যবহার	1
ঠিকমতো	কাজ	2
ঠিকমতো	পড়ালেখা	1
ঠিকাদারি	প্রতিষ্ঠান	1
ঠিকানা	জানি	1
ঠিকানা	ভুলে	1
ঠিকানা	লিখুন	1
ঠিকানা	লেখ	1
ঠিকানাটা	কী	2
ঠিকানাটা	লিখে	1
ঠিকানায়	নিয়ে	1
ঠুনকো	বন্ধুত্ব	1
ঠেকাতে	বাংলাদেশ	1
ঠেকাতে	হলে	1
ঠেলা	দিয়ে	1
ঠোঁট	কাটা	1
ঠোঁটে	চুমু	1
ডজ	বল	1
ডজন	সমর্থক	1
ডটকমকে	বলেন	2
ডলফিন	স্তন্যপায়ী	1
ডলার	আর	1
ডলার	উদ্ধার	1
ডলার	করে	1
ডলার	রয়েছে	1
ডলার	সংকটে	1
ডলার	সরবরাহের	1
ডলারে	বিক্রি	1
ডলারের	বেশি	1
ডলারের	যে	1
ডাই	অক্সাইড	1
ডাইনি	বলা	1
ডাইনী	মূলত	1
ডাউন	হয়ে	1
ডাউনলোড	করিনি	1
ডাউনলোড	করুন	1
ডাক	আছে	1
ডাক	এলো	1
ডাক	দিও	1
ডাক	দিচ্ছেন	1
ডাক	শুনে	1
ডাকছিল	না	1
ডাকটিকিট	সংগ্রহ	2
ডাকতে	পারে	1
ডাকতে	হবে	1
ডাকবেন	না	1
ডাকা	হয়েছে	2
ডাকাতরা	জমিদার	1
ডাকাতি	ও	1
ডাকাতি	করেছিল	1
ডাকাতি	মামলার	1
ডাকাতির	ঘটনা	1
ডাকিনীবিদ্যা	হলো	1
ডাকে	সাড়া	3
ডাকে	পাঠিয়ে	2
ডাকে	দিতে	1
ডাকে	ফেলতে	1
ডাক্তার	ডাকুন	3
ডাক্তার	দেখানো	3
ডাক্তার	ডাক	2
ডাক্তার	না	2
ডাক্তার	ডাকো	1
ডাক্তার	নই	1
ডাক্তারকে	চেনেন	1
ডাক্তারকে	ডাকুন	1
ডাক্তারকে	ডাকো	1
ডাক্তারকে	ধন্যবাদ	1
ডাক্তারের	কাছে	8
ডাক্তারের	পরামর্শ	7
ডাক্তারের	সাথে	3
ডাক্তারের	প্রয়োজন	1
ডাঙায়	সর্বোচ্চ	1
ডাচ	পতাকা	1
ডান	হাতটা	2
ডান	কাঁধ	1
ডান	পা	1
ডান	পাটা	1
ডানদিক	থেকে	1
ডানদিকে	বেঁকে	4
ডানদিকে	ঘুরুন	1
ডানদিকে	ঘোরো	1
ডানা	ও	1
ডানা	থাকতো	1
ডানে	বাঁক	1
ডায়রিয়া	হলে	2
ডায়াবেটিস	ধরা	1
ডায়াবেটিস	নিয়ন্ত্রণে	1
ডায়াবেটিস	নিয়ন্ত্রণের	1
ডায়াবেটিস	পুরুষ	1
ডায়াবেটিস	রোগী	1
ডায়াবেটিস	হলে	1
ডায়াল	করেছিলো	1
ডায়াল	করেছেন	1
ডাল	কেটে	1
ডালে	গলায়	1
ডি	তৈরি	1
ডি	থাকে	1
ডি	সম্মেলনে	1
ডিউটি	আছে	1
ডিএনএ	অত্যন্ত	1
ডিএনএ	অথবা	1
ডিএনএ	ফরেনসিক	1
ডিক	পড়েছেন	1
ডিক	বলল	1
ডিগ্রি	কলেজের	2
ডিগ্রি	অর্জন	1
ডিগ্রি	আছে	1
ডিগ্রি	প্রদান	1
ডিগ্রি	লাভ	1
ডিগ্রী	বাংলাদেশের	1
ডিজাইনার	অংশ	1
ডিজিটাল	বাংলাদেশ	2
ডিজিটাল	সিকিউরিটি	2
ডিজিটাল	পদ্ধতিতে	1
ডিজিটাল	সিরামিক	1
ডিনামাইট	আবিষ্কার	1
ডিনের	অধীনে	1
ডিপার্টমেন্ট	স্টোর	1
ডিভিশন	এবং	1
ডিম	এখন	1
ডিম	ও	1
ডিম	খেয়েছি	1
ডিম	নেবেন	1
ডিম	পাড়ে	1
ডিম	পাহাড়	1
ডিমগুলো	কোথায়	1
ডিমটা	ফোটে	1
ডিমের	দাম	1
ডিম্বাশয়	থেকে	2
ডিসেম্বর	তারিখে	1
ডিসেম্বর	থেকে	1
ডিসেম্বর	পর্যন্ত	1
ডিসেম্বর	সময়ের	1
ডিসেম্বরে	মেডিকেলের	1
ডিস্ক	ভালো	1
ডুবিয়ে	মারতে	1
ডুবে	যাওয়ায়	1
ডুবে	যাওয়ার	1
ডুবে	যাবে	1
ডে	সারা	1
ডেকে	আনে	1
ডেকে	ডেকে	1
ডেকে	তুলবেন	1
ডেকে	বেড়ায়	1
ডেকে	হয়রান	1
ডেকো	না	1
ডেটা	সাইন্স	2
ডেপুটি	চেয়ারম্যান	1
ডেরা	দখল	1
ডেস্কের	উপর	2
ড্যান	আত্মহত্যা	1
ড্যান	খুনের	1
ড্র	অনুষ্ঠিত	1
ড্রাইভার	বা	1
ড্রাইভিং	পরীক্ষায়	1
ড্রাইভিং	লাইসেন্স	1
ড্রাইভের	সঙ্গে	1
ড্রাগন	দেখার	1
ড্রোন	ও	4
ড্রোন	এবং	1
ড্রোন	দিয়ে	1
ঢাকতে	অন্য	1
ঢাকতে	যাবে	1
ঢাকা	বিশ্ববিদ্যালয়ের	5
ঢাকা	স্টক	5
ঢাকা	থেকে	4
ঢাকা	মহানগর	3
ঢাকা	যাব	3
ঢাকা	শহরের	3
ঢাকার	চেষ্টা	2
ঢাকার	বাজারের	2
ঢাকার	বিকেল	1
ঢাকার	বিভিন্ন	1
ঢাল	যেমন	1
ঢালো	শুধু	1
ঢিল	ছুড়ে	1
ঢিল	ছোড়া	1
ঢিল	তোমার	1
ঢিল	মারা	1
ঢিল	মেরে	1
ঢিলা	লোককে	1
ঢুকতে	দিন	2
ঢুকতে	দাও	1
ঢুকতে	বিশেষ	1
ঢুকতেই	তাদের	1
ঢুকবে	না	1
ঢুকিয়ে	দিলাম	2
ঢুকিয়ে	দিল	1
ঢুকিয়ে	নিলো	1
ঢুকে	অষ্টম	1
ঢুকে	এলো	1
ঢুকে	গেছে	1
ঢুকে	পড়ল	1
ঢুকে	বাথরুমে	1
ঢুকে	হাত	1
ঢেঁকি	গিলতে	2
ঢেঁকি	ওকে	1
ঢেঁকি	গেলি	1
ঢেকে	যায়	1
ঢেকে	রাখে	1
ঢেকে	রেখেছে	1
ঢেলে	আগুন	1
ঢেলে	আগুনে	1
ঢেলে	দিতে	1
ঢেলে	দিন	1
ঢেলে	দিলাম	1
ঢোকানোর	একটা	1
ঢোকার	দরজাটি	1
ঢোকার	রাস্তাটি	1
ঢোকার	সাথে	1
তখন	আমার	5
তখন	আমি	5
তখন	তার	4
তখন	দিদির	4
তখন	কি	2
তখন	দিদি	2
তখনই	আবার	1
তখনই	ফিরে	1
তখনই	সহবাস	1
তখনই	স্ত্রীর	1
তখনও	কোন	1
তখনও	ছিলো	1
তখনও	শুকনো	1
তখনকার	মতো	1
তখনকার	সমাজে	1
তত	খেতে	4
তত	বেশি	2
তত	ভালো	2
তত	চায়	1
তত	দিনে	1
তত	বর্ষে	1
ততক্ষণ	আমরা	1
ততক্ষণ	চুদে	1
ততটা	আগ্রহী	1
ততদিন	এই	1
ততদিন	বাংলা	1
তত্ত্ব	গড়ে	1
তত্ত্ব	প্রদানের	1
তত্ত্ব	যতই	1
তত্ত্বাবলীকে	অর্থায়ন	2
তথা	অন্যায়	2
তথাপি	অন্যের	1
তথ্য	জানা	4
তথ্য	জানিয়েছে	4
তথ্য	পাওয়া	4
তথ্য	ও	2
তথ্য	চাই	1
তথ্য	নেই	1
তথ্যই	এখনো	1
তথ্যের	একটি	1
তথ্যের	জন্য	1
তদন্ত	করতে	2
তদন্ত	করার	2
তদন্ত	করে	2
তদন্ত	কর্মকর্তা	2
তদন্ত	করেছে	1
তদন্ত	বিভাগ	1
তদন্তে	মামলা	1
তদন্তে	হল	1
তদারকি	ব্যর্থ	1
তবু	পারি	1
তবুও	এখানে	1
তবুও	বাংলাদেশ	1
তবে	এই	5
তবে	এত	2
তবে	প্রধান	2
তবে	বাংলাদেশ	2
তবে	বাংলাদেশের	2
তবেই	পরীক্ষায়	1
তবেই	সহজে	1
তম	প্রতিষ্ঠা	1
তম	শীর্ষ	1
তম	সদস্য	1
তম	সাক্ষী	1
তর	সইছে	2
তরকারি	বাসি	1
তরঙ্গ	যখন	1
তরতাজা	যুবক	1
তরল	পদার্থের	2
তরল	ও	1
তরল	ধীরে	1
তরল	পুষ্টিকর	1
তরুণ	এবং	1
তরুণ	ছিলাম	1
তরুণ	নেই	1
তরুণ	সদস্যরা	1
তরুণকে	গুলি	1
তরুণদের	জন্য	1
তরুণদের	প্রধান	1
তরুণদের	প্রিয়	1
তরুণী	থানায়	1
তরুণী	ভেতর	1
তরুণী	মানসিকভাবে	1
তরুণী	মারা	1
তরে	বিদায়	1
তরে	সকলে	1
তর্ক	করতে	2
তর্ক	করছি	1
তর্ক	করছে	1
তর্ক	করবেন	1
তর্ক	কোরো	1
তর্ক	চলতে	1
তলার	মেঝে	1
তলিয়ে	গেছে	1
তলিয়ে	যাওয়ায়	1
তলিয়ে	যায়	1
তলে	এই	1
তলে	তলে	1
তলোয়ার	ও	1
তলোয়ার	চুরি	1
তলোয়ারটি	দাম	1
তহবিল	গঠনের	2
তহবিল	দেওয়ার	1
তা	আমি	9
তা	বুঝতে	9
তা	হলে	5
তা	কেয়ার	4
তা	নয়	4
তা	সত্যি	4
তাঁকে	পরামর্শের	2
তাঁকে	আয়কর	1
তাঁকে	দেখা	1
তাঁকে	ধর্ষণ	1
তাঁকে	নিয়ে	1
তাঁকে	বিয়ের	1
তাঁদের	বিবেক	2
তাঁদের	সঙ্গে	2
তাঁদের	চাহিদা	1
তাঁদের	দুটো	1
তাঁদের	দেখতে	1
তাঁদের	ব্যবহার	1
তাঁবু	পার	1
তাঁর	বাবা	4
তাঁর	দুটো	3
তাঁর	পরিবারের	2
তাঁর	বাড়ি	2
তাঁর	বিরুদ্ধে	2
তাঁর	সঙ্গে	2
তাঁরা	বাংলাদেশের	2
তাঁরা	সবাই	2
তাঁরা	চিৎকার	1
তাঁরা	ঝগড়া	1
তাঁরা	স্বাস্থ্যকর	1
তাই	না	24
তাই	খাও	6
তাই	খান	6
তাই	করো	5
তাই	আমাদের	3
তাই	আমি	3
তাইওয়ান	দখল	1
তাকাও	আর	1
তাকানো	বন্ধ	1
তাকাবেন	না	1
তাকায়	সে	1
তাকালে	মনটা	1
তাকিয়ে	আছো	1
তাকিয়ে	থাকলাম	1
তাকিয়ে	বাড়ার	1
তাকিয়ে	মিষ্টি	1
তাকিয়ে	রইল	1
তাকিয়ে	সব	1
তাকে	সাহায্য	8
তাকে	বিশ্বাস	6
তাকে	খুঁজে	4
তাকে	বিয়ে	4
তাকে	নিয়ে	3
তাকে	পছন্দ	3
তাকেই	দিতে	1
তাকেও	ঘৃণিত	1
তাজমহল	দর্শন	1
তাজা	রক্তে	1
তাড়া	করেছিলাম	1
তাড়াতাড়ি	এখানে	2
তাড়াতাড়ি	সম্ভব	2
তাড়াতাড়ি	কর	1
তাড়াতাড়ি	করুন	1
তাড়াতাড়ি	করো	1
তাড়াতাড়ি	হয়	1
তাড়িত	হয়	1
তাতে	আমার	6
তাতে	আমি	3
তাতে	আদা	1
তাতে	কারও	1
তাতে	গর্বিত	1
তাতে	ছবি	1
তাদের	মধ্যে	6
তাদের	জন্য	5
তাদের	মাঝে	5
তাদের	ধর্মীয়	3
তাদের	বিয়ে	3
তাদের	সাহায্য	3
তাদেরই	এ	1
তাদেরকে	অবদান	1
তাদেরকে	ঘৃণিত	1
তাদেরকে	দূরে	1
তাদেরকে	দেখেছি	1
তাদেরকে	মুদি	1
তাদেরকেই	ডাইনি	1
তাদেরকেও	শাস্তির	1
তান্ত্রিক	অন্যের	1
তাপ	সরবরাহ	2
তাপ	ইঞ্জিনের	1
তাপ	গৃহীত	1
তাপ	প্রদান	1
তাপ	হারায়	1
তাপমাত্রা	ও	1
তাপমাত্রা	কিছুটা	1
তাপমাত্রা	বেড়ে	1
তাপমাত্রা	যখন	1
তাপমাত্রায়	প্রমাণ	2
তাপমাত্রায়	এক	1
তাপমাত্রায়	একটি	1
তাপমাত্রায়	ঐ	1
তাপমাত্রায়	কেবল	1
তাপমাত্রায়	বিশুদ্ধ	1
তাপমাত্রার	কোন	2
তাপমাত্রার	সমানুপাতিক	2
তাপীয়	সাম্যাবস্থায়	4
তাবু	খাটিয়ে	1
তামার	পারমাণবিক	1
তামাশা	করা	1
তায়ালা	মানুষকে	2
তার	সাথে	16
তার	কাছে	7
তার	থেকে	7
তার	কোনো	6
তার	জন্য	6
তার	বয়স	6
তারই	কাছে	2
তারই	দরবারে	1
তারকা	অভিনেতাদের	1
তারকা	ছিলাম	1
তারপর	থেকে	2
তারপর	উঠে	1
তারপর	কাছে	1
তারপর	জোড়ে	1
তারপর	মুখে	1
তারা	আমাদের	8
তারা	সবাই	7
তারা	তাকে	6
তারা	তাদের	5
তারা	কি	4
তারা	সর্বদা	2
তারাই	কেবল	1
তারাই	তো	1
তারাই	পরবর্তীতে	1
তারাই	মরার	1
তারাও	যথাযথ	1
তারাতারি	করুন	1
তারাতারি	করো	1
তারাতারিই	এই	1
তারাতারিই	একটি	1
তারাতারিই	ফিরে	1
তারাতারিই	হাল	1
তারাদের	নিজের	1
তারারা	অনেক	1
তারারা	জ্বলজ্বল	1
তারিখ	ঘোষণা	2
তারিখ	কত	1
তারিখ	লেখা	1
তারিখে	আমরা	1
তারিখে	এই	1
তারিখে	বাংলাদেশে	1
তারিখে	সমাপ্ত	1
তারিফ	করছি	1
তারে	কি	1
তারে	তো	1
তারে	ভোলা	1
তাল	ইসমাইল	1
তাল	মিলিয়ে	1
তালা	ঝুলিয়ে	1
তালা	লাগানোর	1
তালাক	দিবে	1
তালি	বাজে	1
তালিকা	অনুসারে	1
তালিকা	তৈরি	1
তালিকা	থেকে	1
তালিকা	দেখা	1
তালিকা	প্রকাশিত	1
তালিকা	বানিয়েছি	1
তালিকাভুক্ত	ছিল	1
তালিকাভুক্ত	নয়	1
তালিকায়	বাংলাদেশের	2
তালিকায়	তৃতীয়	1
তালিকায়	নাম	1
তালিকায়	বাংলাদেশ	1
তালিকায়	রয়েছে	1
তালে	এগিয়ে	1
তালে	নেচেছিলাম	1
তাস	খেলে	1
তাসের	ঘরের	1
তাহমিদ	অত্যন্ত	1
তাহমিদ	আগামীকাল	1
তাহমিদ	আবার	1
তাহমিদ	আমায়	1
তাহমিদ	ও	1
তাহমিদ	নিজের	1
তাহলে	আবার	2
তাহলে	কেউ	2
তাহলে	তো	2
তাহলে	বৃক্ষরোপণ	2
তাহলে	সে	2
তাহলে	হয়ত	2
তাহলেই	আসবে	1
তাহলেও	কি	1
তাৎপর্য	খুব	1
তিক্ত	অভিজ্ঞতা	2
তিন	দিন	10
তিন	বছর	7
তিন	গোয়েন্দার	3
তিন	বছরের	3
তিন	মাসে	3
তিন	দিনের	2
তিনজন	আহত	1
তিনজন	নিহত	1
তিনজন	ফ্যাশন	1
তিনজন	ব্যক্তি	1
তিনটা	ছোট	1
তিনটা	সময়	1
তিনটার	দিকে	1
তিনটার	পর	1
তিনটার	সময়	1
তিনটি	দাবি	1
তিনটি	বিদ্যুৎ	1
তিনটি	সূত্র	1
তিনটি	স্টেজ	1
তিনটে	মেয়ে	4
তিনটে	তখন	1
তিনটে	বিকল্প	1
তিনটে	বিস্ফোরণের	1
তিনটে	বেজেছে	1
তিনটে	বোতাম	1
তিনদিন	যাবৎ	2
তিনদিন	বস্টনে	1
তিনদিনের	সফর	1
তিনবার	করে	1
তিনবার	গিয়েছিলাম	1
তিনবার	গোল্ডেন	1
তিনবার	ঘটেছে	1
তিনবার	বাংলাদেশে	1
তিনবার	সেখানে	1
তিনি	আমাকে	17
তিনি	তার	16
তিনি	একটি	13
তিনি	আমাদের	9
তিনি	একজন	8
তিনি	কি	8
তিনিই	গুরু	2
তিনিই	জিজ্ঞাসাবাদ	1
তিনিই	প্রক্রিয়া	1
তিনিই	প্রথম	1
তিনিই	শিষ্য	1
তিনিই	হতে	1
তিনিও	এর	1
তিনিও	থাকবেন	1
তিমি	একটি	1
তিমি	কখনো	1
তিরিশ	অবধি	2
তীব্র	যানজট	3
তীব্র	আনন্দের	1
তীব্র	ভয়ের	1
তীব্র	হতে	1
তীব্রভাবে	চোখে	1
তীর	উভয়ই	1
তীরে	অবতরণের	1
তীরে	অবস্থিত	1
তীরের	বিভিন্ন	1
তুই	কি	8
তুই	কী	4
তুই	কোথায়	4
তুই	আমার	3
তুই	কেমন	2
তুই	তোর	2
তুচ্ছ	নয়	1
তুফান	এসে	1
তুমার	যুদ্ধ	1
তুমি	কি	98
তুমি	আমার	22
তুমি	কী	17
তুমি	আমাকে	16
তুমি	কোথায়	11
তুমি	এখানে	9
তুমিই	আমার	2
তুমিই	ঢাকা	1
তুমিই	ভালো	1
তুমিও	আমাদের	1
তুমিও	কি	1
তুমিও	তো	1
তুমুল	আন্দোলন	1
তুরস্ক	ও	2
তুর্কি	ও	1
তুলছে	আমাদের	1
তুলতে	চাই	3
তুলতে	পারবেন	3
তুলতে	পারবে	2
তুলতে	পারি	2
তুলতে	চান	1
তুলতে	পারছি	1
তুলনা	হয়	1
তুলনামূলক	কম	2
তুলনায়	কমে	1
তুলনায়	ছোটখাটো	1
তুলনায়	পাকিস্তানে	1
তুলনায়	বড়	1
তুলবো	তখন	1
তুলা	আমদানি	1
তুলার	উৎপাদন	1
তুলার	চাহিদা	1
তুলার	বাজারে	1
তুলি	এনে	1
তুলে	নিতে	2
তুলে	এনেছেন	1
তুলে	দাঁড়	1
তুলে	ধরবেন	1
তুলে	নিয়েছেন	1
তুলে	বলে	1
তুলেছে	এবার	1
তুলেছে	বাংলাদেশের	1
তুলেছে	সে	1
তুষারপাত	হচ্ছে	1
তুষারপাত	হয়েছে	1
তুষারের	মতো	1
তৃতীয়	কার্যদিবস	2
তৃতীয়	দিনে	2
তৃতীয়	বর্ষের	2
তৃতীয়	বিশ্বের	2
তৃতীয়	হার	1
তৃপ্তি	আছে	1
তৃপ্তি	নেই	1
তৃপ্তি	পাওয়া	1
তৃষ্ণা	পায়	1
তৃষ্ণার্ত	বলে	1
তে	সব	2
তে	এসেছিলাম	1
তে	ওঠার	1
তে	কিছু	1
তেইশ	বছরে	1
তেমন	কিছু	3
তেমন	কোনো	1
তেমন	ছেলে	1
তেমন	প্রয়োজন	1
তেমন	বের	1
তেমন	ভাবে	1
তেমনই	গুরুত্বপূর্ণ	1
তেমনি	অনেক	1
তেমনি	তুমিও	1
তেমনি	মানবজাতির	1
তেমনি	মেয়ে	1
তেমনি	যে	1
তেরো	বছর	1
তেল	দাও	2
তেল	ও	1
তেল	জলে	1
তেল	দিন	1
তেল	পানিতে	1
তেল	শেষ	1
তেলাপোকা	আছে	1
তেলের	অভাব	1
তেহারি	রান্নার	2
তৈরি	করা	13
তৈরি	করেছে	10
তৈরি	করে	8
তৈরি	করতে	6
তৈরি	হয়	4
তৈরি	হয়েছে	4
তৈরিতে	একজোট	1
তৈরিতে	কার্বন	1
তৈরিতে	বাংলাদেশের	1
তৈরিতে	রোবট	1
তৈরির	ক্ষেত্রে	3
তৈরির	কাজ	2
তৈরির	জন্য	1
তৈরির	পরই	1
তৈরির	প্রক্রিয়ার	1
তৈরির	সফলতার	1
তৈরী	তো	2
তৈরী	করতে	1
তৈরী	হওয়া	1
তৈরীর	পরিকল্পনা	1
তো	আর	5
তো	কিছুই	4
তো	দেখি	4
তো	আমি	3
তো	তোমার	3
তো	সস্তা	2
তোকে	চুদবো	3
তোকে	চাই	1
তোকে	দেখলে	1
তোকে	দেখি	1
তোকে	দেখে	1
তোকে	সাহায্য	1
তোদের	বন্ধু	4
তোদের	আমি	1
তোদের	জন্য	1
তোমরা	কি	15
তোমরা	আল্লাহকে	2
তোমরা	চিৎকার	2
তোমরা	তো	2
তোমরা	তোমাদের	2
তোমরা	সবাই	2
তোমরাই	ভালো	1
তোমা	হতে	1
তোমাকে	দেখে	5
তোমাকে	আমার	4
তোমাকে	কিছু	3
তোমাকে	দিয়ে	3
তোমাকে	ভালোবাসি	3
তোমাকে	সাহায্য	3
তোমাকেই	করতে	1
তোমাকেই	ঢাকা	1
তোমাদের	বন্ধু	4
তোমাদের	জন্য	3
তোমাদের	যা	3
তোমাদের	কাছে	2
তোমাদের	থাকার	2
তোমাদের	সাথে	1
তোমাদেরই	পারিবারিক	1
তোমাদেরকে	আবার	2
তোমাদেরকে	প্রদত্ত	1
তোমায়	আমি	2
তোমায়	বলতাম	2
তোমায়	ভালোবাসি	2
তোমায়	ভালোবেসে	2
তোমায়	সাহায্য	2
তোমায়	অনুরোধ	1
তোমার	সাথে	20
তোমার	কি	12
তোমার	জন্য	12
তোমার	কাছে	9
তোমার	যা	9
তোমার	বন্ধু	6
তোমারই	নাম	1
তোমারটা	দেখাও	2
তোমারা	কী	1
তোমারে	প্রিয়	1
তোর	বন্ধু	5
তোর	বাবার	4
তোর	মাকে	3
তোর	সাথে	3
তোর	গাড়ি	2
তোর	নাম	2
তোরা	কত	1
তোরা	কি	1
তোরা	গল্প	1
তোরে	চুদি	2
তোলা	এবং	2
তোলা	নৌকা	1
তোলা	হয়	1
তোলা	হয়নি	1
তোলা	হয়েছে	1
তোলার	ক্ষেত্রেও	1
তোলার	জন্য	1
তোলার	জায়গা	1
তোলার	সাহস	1
তোলে	এবং	1
তোলে	তারাই	1
ত্বক	কালো	1
ত্বক	শুষ্ক	1
ত্যাগ	করে	3
ত্যাগ	করেছে	2
ত্যাগ	করবে	1
ত্যাগ	করা	1
ত্যাগ	করো	1
ত্যাগ	স্বীকার	1
ত্যাগের	পরে	1
ত্রাণ	ও	2
ত্রাণ	পৌঁছানো	2
ত্রাণ	প্রয়োজন	1
ত্রাণ	সামগ্রী	1
ত্রাসের	সঞ্চার	1
ত্রিভুজের	কোণ	1
ত্রিশ	কোটি	1
ত্রিশ	চল্লিশ	1
ত্রিশ	ডলার	1
ত্রিশ	বিলিয়ন	1
ত্রিশ	মিনিটের	1
ত্রিশ	শতাংশ	1
ত্রুটি	করেনি	1
ত্রুটি	দেখা	1
তৎকালীন	বিডিআর	2
তৎকালীন	রাষ্ট্রপতি	2
তৎকালীন	ভারতীয়	1
তৎকালীন	সশস্ত্র	1
থ	বনে	1
থাই	ভাষায়	1
থাইল্যান্ড	ও	1
থাইল্যান্ড	ভালো	1
থাইল্যান্ডের	মধ্যে	2
থাক	না	1
থাকছে	নানা	1
থাকত	কালো	1
থাকত	তবে	1
থাকত	নানা	1
থাকতে	চাই	8
থাকতে	হবে	8
থাকতে	পারে	7
থাকতে	পারেন	4
থাকতে	পারব	2
থাকতে	পারো	2
থাকতেই	সে	1
থাকব	না	2
থাকবি	না	1
থাকবে	আর	2
থাকবে	কালো	1
থাকবে	না	1
থাকবে	যে	1
থাকবে	শুধু	1
থাকবেন	না	1
থাকবেন	সেই	1
থাকবো	আমি	1
থাকবো	ততদিন	1
থাকলে	আমরা	2
থাকলে	আমি	2
থাকলে	তার	2
থাকলে	সে	2
থাকলে	জানাবেন	1
থাকলে	জানিও	1
থাকলেই	উপায়	1
থাকলেই	মানুষের	1
থাকলেও	কঠোর	1
থাকলেও	নির্দিষ্ট	1
থাকলেও	সম্প্রতি	1
থাকলো	না	1
থাকা	উচিত	3
থাকা	সত্ত্বেও	3
থাকা	আবশ্যক	2
থাকা	চাই	2
থাকা	ভালো	2
থাকা	সম্ভব	2
থাকাই	মানুষের	1
থাকাকালীন	আমাকে	1
থাকাকালীন	প্রায়ই	1
থাকাটা	উপভোগ	1
থাকাটা	কতটা	1
থাকায়	অফিসের	1
থাকায়	এটা	1
থাকায়	পানি	1
থাকায়	সবাই	1
থাকায়	সালে	1
থাকায়	হিন্দু	1
থাকার	জন্য	12
থাকার	চেষ্টা	5
থাকার	সিদ্ধান্ত	3
থাকার	ইচ্ছে	1
থাকার	একটা	1
থাকার	পরিকল্পনা	1
থাকি	তাহলে	2
থাকি	কি	1
থাকি	না	1
থাকি	যে	1
থাকি	সে	1
থাকি	সেটা	1
থাকুক	বাংলায়	1
থাকুন	এটাই	1
থাকুন	সুস্থ	1
থাকে	না	15
থাকে	এবং	4
থাকে	তাদের	3
থাকে	তবে	2
থাকে	বিদেশে	1
থাকে	যে	1
থাকেন	ইব্রাহিম	1
থাকেন	তখন	1
থাকেন	তাহলে	1
থাকেন	তিনি	1
থাকো	কেন	1
থানা	থেকে	1
থানায়	এজাহার	2
থানায়	অর্থ	1
থানায়	একটি	1
থানায়	গিয়েছিলেন	1
থানায়	ধর্ষণ	1
থানার	পুলিশ	2
থামতে	পারলাম	2
থামতে	বলল	1
থামবেন	না	1
থামবো	না	1
থামাতে	চান	1
থামাতে	পারছে	1
থামিয়ে	আমার	1
থামিয়ে	পড়াশোনার	1
থামিস	না	1
থামে	তাহলে	1
থামেন	না	1
থামো	না	1
থালাবাসন	এখনও	1
থালাবাসন	ধুয়ে	1
থিয়েটার	অভিনেতা	1
থুথু	ফেললে	1
থেকে	কিনতে	9
থেকে	অনেক	6
থেকে	কোনো	6
থেকে	পড়ে	6
থেকে	রক্ষা	6
থেকে	শুরু	6
থেকেই	তোমার	2
থেকেই	বিভিন্ন	2
থেকেই	খেলাধুলায়	1
থেকেই	জপমালা	1
থেকেই	রাজধানীর	1
থেকেও	ভারতে	1
থেকেও	শয়তানকে	1
থেমে	এই	1
থেমে	শরীরের	1
থ্রি	প্রোটিন	1
দংশন	ও	2
দক্ষ	প্রশাসন	1
দক্ষতা	অর্জন	1
দক্ষতা	উদ্ভাবন	1
দক্ষতা	নির্ভর	1
দক্ষতা	প্রদান	1
দক্ষতাকে	কাজে	1
দক্ষতার	খুব	1
দক্ষতার	সঙ্গেই	1
দক্ষিণ	এশিয়ার	6
দক্ষিণ	পূর্ব	3
দক্ষিণ	এশিয়ায়	2
দক্ষিণ	কোরিয়ায়	2
দক্ষিণ	আমেরিকাতে	1
দক্ষিণ	পূর্বে	1
দক্ষিণে	অবস্থিত	1
দক্ষিণে	রয়েছি	1
দখতে	পেলাম	2
দখল	করে	8
দখল	করলে	2
দখল	করলো	1
দখল	করেছে	1
দখল	না	1
দখলে	থাকলেও	1
দখলে	নিয়ে	1
দণ্ড	যোগ্য	1
দপ্তর	ও	1
দপ্তরে	এক	1
দপ্তরে	হামলায়	1
দপ্তরের	কাছাকাছি	1
দফা	তদন্ত	1
দফা	দাবি	1
দফা	বেড়েছে	1
দফা	বৈঠক	1
দম	আটকানো	1
দমন	শাখার	1
দমিয়ে	রাখা	1
দম্পতি	ছিল	1
দম্পতি	তাদের	1
দম্পতি	বা	1
দয়া	করে	26
দয়া	এখানে	1
দয়া	করো	1
দয়ার	প্রতিদান	1
দয়ালু	এবং	2
দয়ালু	ঈশ্বরের	1
দয়ালু	ও	1
দয়ালু	নন	1
দর	পতন	2
দর	আরো	1
দর	কষাকষি	1
দর	পতনের	1
দর	হু	1
দরকার	নেই	5
দরকার	আছে	3
দরকার	ছিল	3
দরকার	হয়	3
দরকার	আমাকে	2
দরকার	ছিলো	2
দরকারি	না	1
দরকারী	জায়গা	2
দরখাস্ত	দাখিল	1
দরখাস্ত	পাঠিয়েছিলেন	1
দরজা	বন্ধ	4
দরজা	খুলে	3
দরজা	ভেঙ্গে	2
দরজা	দিয়ে	1
দরজা	লাগিয়ে	1
দরজাটা	বন্ধ	6
দরজাটা	কোথায়	2
দরজাটা	খুললাম	2
দরজাটা	খুলে	1
দরজাটা	খোলা	1
দরজাটা	ঠিক	1
দরজাটি	কোথায়	1
দরজাটি	খুলেছিল	1
দরজায়	তালা	2
দরজায়	ঝুলছে	1
দরজার	দিকে	3
দরজার	দূরত্ব	1
দরবারে	ক্ষমা	1
দরবারে	পরবর্তী	1
দরবারে	বাংলাদেশের	1
দরবারে	সাহায্য	1
দরবারে	হাজির	1
দরিদ্র	ও	1
দরিদ্র	গায়ক	1
দরিদ্র	ছাত্রী	1
দরিদ্র	জনগণের	1
দরিদ্র	মানুষ	1
দরিদ্রের	ব্যবধান	1
দরিদ্রের	মধ্যে	1
দরুন	খেলা	1
দর্শকদের	বসার	1
দর্শকদের	মধ্যে	1
দর্শন	করলাম	1
দর্শন	চিকিৎসা	1
দর্শনের	দ্বন্দ্ব	1
দল	ওই	1
দল	গঠিত	1
দল	মনোনীত	1
দল	হলো	1
দলকে	এগিয়ে	1
দলটা	ছোট	1
দলটা	শক্তিশালী	1
দলটি	এখন	1
দলটি	তাঁদের	1
দলটি	নানা	1
দলটি	নির্বাচনে	1
দলবদ্ধ	ধর্ষণের	1
দলিল	আমার	1
দলিল	লেখক	1
দলীয়ভাবে	কাজ	1
দলে	নিয়ে	1
দলে	নেই	1
দলে	নেওয়া	1
দলে	যোগ	1
দলের	সঙ্গে	2
দলের	একটি	1
দলের	ক্রিকেটার	1
দশ	মিনিট	3
দশ	মিনিটের	3
দশ	হাজার	3
দশ	লাখ	2
দশ	এগারো	1
দশ	লক্ষ	1
দশক	ধরে	1
দশকে	বাংলাদেশের	1
দশকের	মাঝামাঝি	1
দশটা	অবধি	1
দশটা	পার	1
দশটা	বাজে	1
দশটা	সময়	1
দশটা	সময়ে	1
দশটি	বাক্য	1
দশম	বিবাহ	1
দশা	হয়েছে	1
দশেক	তো	1
দাঁড়	করালাম	1
দাঁড়	করিয়ে	1
দাঁড়	করিয়েছিল	1
দাঁড়া	তো	1
দাঁড়াও	তোমাকে	1
দাঁড়াও	না	1
দাঁড়ান	না	1
দাঁড়ানো	অবস্থায়	1
দাঁড়ানোর	স্থান	1
দাঁড়ায়	এক	1
দাঁড়াল	ধান	1
দাঁড়ালে	পরিস্থিতি	1
দাঁড়িয়ে	আছি	2
দাঁড়িয়ে	তাকে	1
দাঁড়িয়ে	থাকবে	1
দাঁড়িয়ে	থাকবেন	1
দাঁড়িয়ে	মনে	1
দাঁড়িয়ে	শোন	1
দাঁত	বের	2
দাঁত	আছে	1
দাঁত	থাকতে	1
দাঁত	নেই	1
দাঁত	ব্যাথা	1
দাঁতটা	ব্যথা	1
দাঁতটা	ব্যাথা	1
দাঁতটা	যন্ত্রনা	1
দাঁতে	প্রচণ্ড	1
দাঁতের	ডাক্তারের	6
দাঁতের	ডাক্তার	2
দাঁতের	ডাক্তারকে	2
দাঁতের	জন্য	1
দাঁতের	মর্যাদা	1
দাও	না	4
দাও	যে	2
দাও	আর	1
দাও	কবে	1
দাও	দেখি	1
দাও	ভাই	1
দাওয়াত	দিলে	1
দাওয়াত	দেন	1
দাখিল	করে	1
দাগ	রয়েছে	1
দাড়ি	কাটতে	1
দাড়ি	কামানো	1
দাড়ি	ছোট	1
দাড়িয়ে	আছে	1
দাতা	এবং	1
দাদা	আছে	1
দাদা	একজন	1
দাদা	দাদা	1
দাদা	বলে	1
দাদা	মঙ্গলবার	1
দাদা	হাসপাতালে	1
দাদি	পিঠা	1
দাদির	কাছ	1
দাদী	আমার	1
দাদুর	বয়স	2
দান	করেন	4
দান	করে	3
দান	করুন	2
দান	করো	2
দান	কর	1
দানবদের	হাতে	1
দানের	নির্দেশ	1
দানের	সময়	1
দাবায়	হারিয়ে	2
দাবি	করে	3
দাবি	করেছে	2
দাবি	করেছেন	2
দাবি	করেন	2
দাবি	করছেন	1
দাবি	করব	1
দাবী	করে	2
দাবী	করছেন	1
দাবী	করার	1
দাবী	করেছিলেন	1
দাবী	করেনি	1
দাবী	রাখে	1
দাম	কত	11
দাম	বেড়েছে	5
দাম	কম	2
দাম	চড়া	2
দাম	থেকে	2
দাম	বেড়ে	2
দামটা	একটু	1
দামটা	কত	1
দামি	জিনিসপত্র	1
দামি	বলে	1
দামি	হয়ে	1
দামী	হোটেল	1
দামে	কিনতে	1
দামে	জিনিস	1
দামে	বড়	1
দামে	বিক্রি	1
দামে	মরিচ	1
দামের	কিছুটা	1
দামেস্কে	ইরানের	2
দায়	মেটাতে	1
দায়	হয়ে	1
দায়িত্ব	পালন	9
দায়িত্ব	দিতে	2
দায়িত্ব	ও	1
দায়িত্ব	থেকে	1
দায়িত্বটা	আমার	1
দায়িত্বভার	গ্রহণ	1
দায়িত্বভার	স্বয়ং	1
দায়িত্বশীল	হওয়া	1
দায়ী	করা	1
দায়ী	করে	1
দায়ী	চীন	1
দায়ী	ছিল	1
দায়ী	নন	1
দায়ে	গতকাল	1
দায়ে	দোষী	1
দায়ের	করা	2
দায়ের	করেন	2
দায়ের	করবে	1
দায়ের	করলে	1
দায়ের	কোপে	1
দারিদ্র্য	দূর	1
দারিদ্র্য	বাংলাদেশের	1
দারুচিনি	লবঙ্গ	1
দারুণ	একটা	2
দারুণ	আবিষ্কার	1
দারুণ	উপভোগ	1
দারুণ	কাজে	1
দারুণ	লাগে	1
দারুণ	সম্ভাবনা	1
দারুন	খেতে	1
দারুন	বুদ্ধি	1
দার্শনিক	ঈশ্বরের	1
দার্শনিক	হয়ে	1
দাস	এবং	1
দাস	গিয়াস	1
দাস	হতে	1
দাস	হিসেবে	1
দাসদের	মুক্ত	1
দাসদের	সম্পত্তি	1
দিও	না	8
দিও	রেসিপি	1
দিক	থেকে	10
দিক	দিয়ে	3
দিক	নিয়েও	2
দিক	রয়েছে	2
দিক	হলো	2
দিক	হল	1
দিকে	তাকিয়ে	9
দিকে	নজর	4
দিকে	পরিচালিত	3
দিকে	অস্ত	2
দিকে	তাকান	2
দিকে	ভালো	2
দিকেই	যাচ্ছি	1
দিকেই	হেঁটে	1
দিকের	গলার	1
দিকের	সময়	1
দিগন্ত	উন্মোচন	1
দিগন্তের	অধিকার	1
দিচ্ছি	না	3
দিচ্ছি	আমি	1
দিচ্ছিস	আর	1
দিচ্ছে	তাঁর	1
দিচ্ছেন	না	2
দিচ্ছেন	কি	1
দিচ্ছো	না	1
দিতে	হবে	19
দিতে	পারে	8
দিতে	পারেন	7
দিতে	পারবেন	5
দিতে	পারি	5
দিতে	চাই	3
দিতেন	না	1
দিতো	না	1
দিদি	আমাকে	6
দিদি	আমার	4
দিদি	তখন	2
দিদি	তার	2
দিদি	বলল	2
দিদি	ঘুমাচ্ছে	1
দিদিকে	বললাম	3
দিদিকে	জড়িয়ে	2
দিদির	হাত	4
দিদির	পাছা	3
দিদির	বুকে	3
দিদির	গুদে	2
দিদির	পাশে	2
দিন	দিন	8
দিন	আগে	5
দিন	ধরে	3
দিন	যাবৎ	3
দিন	ছিল	2
দিন	থেকে	2
দিনও	চলতে	1
দিনকে	ছুটির	1
দিনগুলি	সবার	1
দিনগুলো	থেকে	1
দিনগুলো	সবার	1
দিনগুলো	হতে	1
দিনগুলোর	জন্য	1
দিনগুলোর	মধ্যে	1
দিনটা	ভালোই	1
দিনটি	আমি	1
দিনটি	চমৎকার	1
দিনটি	তাদের	1
দিনে	সবাই	3
দিনে	গতকাল	2
দিনে	দিনে	2
দিনে	আয়	1
দিনে	কেউই	1
দিনের	জন্য	3
দিনের	পর	2
দিনের	বেশিরভাগ	2
দিনের	ই	1
দিনের	বেশি	1
দিনের	মধ্যে	1
দিবস	উপলক্ষে	1
দিবস	পালন	1
দিবস	পালিত	1
দিবসে	জাতীয়	2
দিবসে	বিভিন্ন	1
দিবসে	হুল	1
দিয়ে	তৈরি	6
দিয়ে	কাজে	3
দিয়ে	রক্ত	3
দিয়ে	তার	2
দিয়ে	পড়তে	2
দিয়ে	শুনবেন	2
দিয়েই	বাড়ি	1
দিয়েই	মন	1
দিয়েই	যে	1
দিয়েই	যেতে	1
দিয়েই	সাজাতে	1
দিয়েও	খাওয়া	1
দিয়েছি	যে	1
দিয়েছিল	তাদের	1
দিয়েছিলাম	এবং	1
দিয়েছিলাম	তা	1
দিয়েছিলেন	আমি	1
দিয়েছিলেন	শতকের	1
দিয়েছে	আবহাওয়া	1
দিয়েছে	কবিতার	1
দিয়েছে	প্রবাসী	1
দিয়েছে	সেনাবাহিনী	1
দিয়েছেন	এবং	3
দিয়েছেন	কারণ	1
দিয়েছেন	ঢাকা	1
দিয়েছেন	সেই	1
দিয়ো	না	1
দিল	না	1
দিল	যেখানে	1
দিলে	আমিও	2
দিলে	আস্তে	1
দিলে	কীভাবে	1
দিলে	পুরো	1
দিলে	রচিত	1
দিলে	সেই	1
দিলেই	অর্জন	1
দিলেই	আইরিস	1
দিলেই	এরা	1
দিলেও	পাশের	1
দিলেও	বাকি	1
দিলেও	সে	1
দিলেন	আর	1
দিলেন	এবং	1
দিলেন	না	1
দিলো	না	1
দিল্লিতে	গত	1
দিল্লির	সিংহাসনে	3
দিল্লির	এক	1
দিল্লির	সম্রাট	1
দিশেহারা	হয়ে	2
দিস	না	2
দীক্ষা	দেন	1
দীক্ষিত	হয়েও	1
দীর্ঘ	সময়	2
দীর্ঘ	নদী	1
দীর্ঘ	ভ্রমণে	1
দীর্ঘ	হবে	1
দীর্ঘজীবি	হোক	1
দীর্ঘজীবী	হোক	1
দীর্ঘতম	নদী	2
দীর্ঘদিন	ধরে	3
দীর্ঘদিন	ধরেই	2
দীর্ঘদিন	থাকে	1
দীর্ঘদিন	ধর্মীয়	1
দীর্ঘদিন	যাবৎ	1
দীর্ঘমেয়াদী	ঋণের	1
দীর্ঘমেয়াদী	পরিকল্পনা	1
দীর্ঘমেয়াদী	সময়ের	1
দীর্ঘশ্বাস	ফেলল	1
দীর্ঘস্থায়ী	হয়নি	1
দু	এক	1
দু	কাপ	1
দু	ঘন্টা	1
দু	বছরের	1
দু	মাইল	1
দুঃখ	এক	1
দুঃখ	করার	1
দুঃখ	কষ্ট	1
দুঃখ	দেখে	1
দুঃখ	বিনা	1
দুঃখজনক	ঘটনা	1
দুঃখজনক	হলেও	1
দুঃখিত	কিন্তু	1
দুঃখে	সে	1
দুঃখের	সীমা	1
দুঃসংবাদ	বাতাসের	1
দুই	দিন	4
দুই	দেশের	3
দুই	মাস	3
দুই	মেয়র	3
দুই	তিন	2
দুই	হাত	2
দুইজন	নিহত	1
দুইজনই	ঘুমিয়ে	1
দুইজনের	কাপড়	1
দুইটা	সময়ে	4
দুইটা	সময়	1
দুইটা	সময়ের	1
দুইটি	নির্দিষ্ট	1
দুইটি	বিষয়	1
দুইটি	ভিন্ন	1
দুইটি	শব্দের	1
দুইবার	চিঠি	1
দুইবার	দেখেছি	1
দুইবার	স্ক্রিন	1
দুজন	তাঁকে	1
দুজন	প্রার্থীর	1
দুজন	বাংলা	1
দুজন	লোক	1
দুজন	শিক্ষার্থীকে	1
দুজন	সদস্য	1
দুজনই	তাহলে	1
দুজনকে	গ্রেপ্তার	1
দুজনকে	জড়িয়ে	1
দুজনকেই	পছন্দ	1
দুজনকেই	পোশাক	1
দুজনে	আমার	1
দুজনে	কী	1
দুজনে	দুজনকে	1
দুজনে	রোল	1
দুজনেই	জানি	3
দুজনেই	এত	1
দুজনেই	গভীর	1
দুজনেই	ঠিক	1
দুজনেই	নতুন	1
দুজনেই	হেসে	1
দুজনের	চোখের	1
দুজনের	সাথে	1
দুটি	নেই	3
দুটি	নিজেদের	1
দুটি	বাংলা	1
দুটি	রাজনৈতিক	1
দুটি	শখ	1
দুটি	সূত্র	1
দুটো	মেয়ে	8
দুটো	বাচ্চা	3
দুটো	জমজ	2
দুটো	টুকরো	1
দুটো	বাজে	1
দুটোই	পছন্দ	1
দুটোই	বদলে	1
দুটোই	স্থির	1
দুদিন	আগে	2
দুদিন	সরকারি	1
দুধ	পান	6
দুধ	খাওয়াতে	3
দুধ	খেতে	2
দুধ	জ্বাল	2
দুধ	দাও	2
দুধ	দেয়	2
দুধগুলো	দেখতে	2
দুধগুলো	আস্তে	1
দুধগুলো	একটু	1
দুধগুলো	ঢাকতে	1
দুধগুলো	বেশ	1
দুধগুলো	হাত	1
দুধটা	খেয়ে	3
দুধের	দাম	4
দুধের	একটা	1
দুধের	ওপর	1
দুধের	স্বাদ	1
দুনিয়ায়	দুঃখ	1
দুনিয়ায়	স্বাগত	1
দুনিয়ার	কোনো	1
দুনিয়ার	চিন্তায়	1
দুনিয়ার	সম্পদ	1
দুপুর	হয়ে	1
দুপুরে	আমার	2
দুপুরে	আমি	1
দুপুরে	নগরের	1
দুপুরে	প্রথম	1
দুপুরে	সূর্য	1
দুপুরের	খাবার	4
দুপুরের	পরে	1
দুবাই	বা	1
দুবাই	বিমানবন্দর	1
দুবার	না	1
দুবার	বলতে	1
দুম	করে	2
দুমুখো	সাপ	1
দুর	এখান	1
দুরত্ব	বলে	1
দুরবস্থা	আকাঙ্ক্ষা	1
দুরূহ	কাজটি	1
দুর্গ	নির্মাণ	1
দুর্গন্ধ	বের	2
দুর্গন্ধ	আল্লাহর	1
দুর্গম	অঞ্চলে	1
দুর্ঘটনা	অবধারিত	1
দুর্ঘটনা	ঘটতে	1
দুর্ঘটনা	ঘটবেই	1
দুর্ঘটনা	ঘটেছে	1
দুর্ঘটনা	ছিল	1
দুর্ঘটনা	হয়েছিল	1
দুর্ঘটনাটা	গতকাল	1
দুর্ঘটনাটা	দেখলাম	1
দুর্ঘটনায়	তার	2
দুর্ঘটনায়	মারা	2
দুর্ঘটনায়	তিনি	1
দুর্ঘটনার	কবলে	1
দুর্ঘটনার	খবর	1
দুর্দান্ত	ছবি	1
দুর্দান্ত	জন্মদিনের	1
দুর্দান্ত	জায়গা	1
দুর্দান্ত	ফর্মে	1
দুর্নীতি	একটি	1
দুর্নীতি	করতে	1
দুর্নীতি	করার	1
দুর্নীতি	ছাড়া	1
দুর্নীতি	জালিয়াতি	1
দুর্নীতির	বিরুদ্ধে	1
দুর্বল	হয়ে	2
দুর্বল	অনুভব	1
দুর্বল	উভয়	1
দুর্বল	ছাত্রদের	1
দুর্বলতা	আজও	1
দুর্বলদের	প্রতি	1
দুর্বলদের	রক্ষা	1
দুর্ভাগ্যক্রমে	আমার	1
দুর্ভাগ্যক্রমে	দেশ	1
দুর্ভাগ্যবশত	আমার	1
দুর্ভাগ্যবশত	গতকাল	1
দুর্ভাগ্যবশত	সভায়	1
দুর্যোগ	তাহলে	1
দুর্যোগ	থেকে	1
দুর্যোগ	দেখা	1
দুল	ক্লিপ	1
দুলাভাইকে	আটক	1
দুলে	দুলে	1
দুলে	মাথা	1
দুশ্চিন্তা	করবেন	1
দুশ্চিন্তা	থেকে	1
দুশ্চিন্তায়	থাকি	1
দুষ্ট	গরু	1
দুষ্ট	প্রকৃতির	1
দুষ্ট	ভূত	1
দুষ্ট	সৎ	1
দুষ্টু	ছেলে	1
দূতাবাস	বাংলাদেশে	1
দূতাবাসে	কাজ	1
দূতাবাসে	হামলা	1
দূতাবাসের	সামনে	1
দূর	করার	2
দূর	করে	2
দূর	এগিয়েছে	1
দূর	যেতে	1
দূর	হ	1
দূর	হবে	1
দূরত্ব	এবং	1
দূরত্ব	কতটা	1
দূরত্ব	বেশি	1
দূরত্বের	বর্গের	2
দূরদর্শী	নেতৃত্বের	1
দূরে	থাকে	2
দূরে	রাখ	2
দূরে	গাড়ি	1
দূরে	থেকে	1
দূরে	রাখতে	1
দূরে	সরে	1
দূরের	কথা	1
দূরের	সে	1
দূষণ	রোধে	2
দূষণ	কমিয়ে	1
দূষণ	সম্পর্কে	1
দূষিত	পানি	5
দূষিত	করে	2
দূষিত	হয়	2
দূষিত	পানির	1
দূষিত	হয়ে	1
দৃঢ়	বিশ্বাস	2
দৃঢ়	অবস্থানের	1
দৃঢ়	চরিত্রের	1
দৃশ্য	উপভোগ	1
দৃশ্য	প্রত্যক্ষ	1
দৃশ্য	বেশ	1
দৃশ্য	ভালোবাসি	1
দৃশ্যটা	দেখতে	1
দৃশ্যমান	চর্বির	1
দৃশ্যমান	হই	1
দৃশ্যমান	হচ্ছে	1
দৃশ্যমান	হতে	1
দৃষ্টান্ত	ভালো	1
দৃষ্টি	আকর্ষণ	3
দৃষ্টি	প্রতিবন্ধী	1
দৃষ্টি	সরাতে	1
দৃষ্টিকোণ	থেকে	1
দৃষ্টিতে	সবাই	1
দৃষ্টিভঙ্গি	আছে	1
দৃষ্টিভঙ্গি	নিয়ে	1
দৃষ্টিশক্তি	ভালোই	1
দে	শুয়োরের	1
দেউলিয়া	হয়	1
দেউলিয়া	হয়ে	1
দেওয়া	হয়েছে	11
দেওয়া	হয়	10
দেওয়া	উচিত	8
দেওয়া	হবে	4
দেওয়া	যাবে	3
দেওয়া	হয়েছিল	3
দেওয়ায়	ট্রানজিট	1
দেওয়ায়	সাড়ে	1
দেওয়ার	জন্য	7
দেওয়ার	সিদ্ধান্ত	4
দেওয়ার	কথা	3
দেওয়ার	অনুরোধ	2
দেওয়ার	বিষয়টি	2
দেওয়ার	নেই	1
দেখ	তোর	1
দেখছি	কী	1
দেখছি	চোখের	1
দেখছি	ধন্যবাদ	1
দেখছি	পরীক্ষায়	1
দেখছি	সে	1
দেখছি	সেন্ট	1
দেখতে	চাই	8
দেখতে	পারি	7
দেখতে	পাই	6
দেখতে	পেলাম	6
দেখতে	দেখতে	4
দেখতে	পায়	3
দেখতেও	অক্ষম	1
দেখতেও	চাও	1
দেখবেন	না	2
দেখবো	আমি	1
দেখল	এবং	1
দেখলাম	দিদি	2
দেখলাম	যে	2
দেখলাম	আমি	1
দেখলাম	কে	1
দেখলাম	দ্রুত	1
দেখলাম	হেসে	1
দেখলে	গা	1
দেখলে	চোখের	1
দেখলে	তোর	1
দেখলে	ভয়	1
দেখলে	সবারই	1
দেখলে	সে	1
দেখলেই	ছেলেদের	1
দেখলেই	তার	1
দেখলেই	মনটা	1
দেখা	যায়	24
দেখা	হবে	11
দেখা	করতে	8
দেখা	গেছে	7
দেখা	দেয়	6
দেখা	করব	5
দেখাই	যায়	1
দেখাতে	হবে	3
দেখাতে	পারবেন	2
দেখাতে	চাই	1
দেখাতে	চাইনি	1
দেখাতে	চেয়েছিল	1
দেখাতে	পারলেন	1
দেখানো	উচিৎ	2
দেখানো	ও	2
দেখানো	যেত	1
দেখানো	হয়েছে	1
দেখাবে	আমার	1
দেখায়	না	1
দেখার	জন্য	6
দেখার	পর	2
দেখার	অনুভূতি	1
দেখার	অনুরোধ	1
দেখার	পরেও	1
দেখার	সুযোগ	1
দেখালে	ওরা	1
দেখি	না	6
দেখি	আরও	1
দেখি	দারুন	1
দেখি	যে	1
দেখি	সাংঘাতিক	1
দেখিয়ে	আমাদের	1
দেখিয়ে	সঠিক	1
দেখিস	না	1
দেখুন	কী	1
দেখুন	কে	1
দেখে	খুব	8
দেখে	খুশি	5
দেখে	ভালো	5
দেখে	আমি	4
দেখে	মনে	4
দেখে	তো	3
দেখেই	অনেক	1
দেখেই	আমার	1
দেখেই	আমি	1
দেখেই	বোঝা	1
দেখেছ	কী	1
দেখেছ	নাকি	1
দেখেছি	খুব	1
দেখেছি	চোখের	1
দেখেছি	সেদিন	1
দেখেছিলাম	আমি	1
দেখেছিলাম	সেদিনের	1
দেখেছেন	এবং	1
দেখেছেন	কি	1
দেখেতে	পারি	1
দেখেন	যে	2
দেখেন	এবং	1
দেখেন	না	1
দেখো	আমি	1
দেখো	আর	1
দেখো	কে	1
দেখো	না	1
দেড়	কোটি	1
দেড়	বছর	1
দেড়	মিটার	1
দেড়	হাজার	1
দেন	না	3
দেন	এবং	2
দেন	জোয়ারের	1
দেন	নগর	1
দেননি	এবং	1
দেব	আর	1
দেব	কেন	1
দেব	কোথায়	1
দেব	না	1
দেবতা	দাবী	1
দেবতা	নন	1
দেবতা	হিসাবে	1
দেবে	না	3
দেবে	কবে	1
দেবে	তার	1
দেবে	তারাই	1
দেবেন	না	7
দেবেন	বলে	1
দেবো	না	4
দেবো	আর	1
দেবো	কেন	1
দেয়	না	5
দেয়	এবং	4
দেয়	তথা	2
দেয়	তাদেরকে	2
দেয়	চুপ	1
দেয়	পূর্ণতা	1
দেয়া	হয়	3
দেয়া	হয়েছে	3
দেয়া	প্রতিটি	1
দেয়া	যায়	1
দেয়া	সম্ভব	1
দেয়া	হয়ে	1
দেয়ার	আবেদন	1
দেয়ার	প্রার্থনা	1
দেয়ার	বিষয়টি	1
দেয়ার	মাধ্যমে	1
দেয়াল	ঘড়িতে	1
দেয়াল	ছাড়িয়ে	1
দেয়াল	পাতলা	1
দেয়ালে	বিশেষভাবে	1
দেয়ালে	হলুদ	1
দেয়ালের	সাথে	1
দেরি	করে	12
দেরি	হয়ে	3
দেরি	না	2
দেরি	হবে	2
দেরি	করেছিলাম	1
দেরি	হয়	1
দেরিতে	আসে	1
দেরিতে	মেসেজ	1
দেরিতে	শুরু	1
দেরী	হবে	2
দেরী	হয়ে	2
দেরী	করছে	1
দেরী	করেছেন	1
দেরী	না	1
দেশ	হিসেবে	6
দেশ	থেকে	3
দেশ	উত্তর	2
দেশ	ও	2
দেশ	কাল	2
দেশ	যার	2
দেশকে	এগিয়ে	1
দেশকে	কী	1
দেশকে	ধন্যবাদ	1
দেশকে	ভালোবাসি	1
দেশকে	মুক্ত	1
দেশগুলো	তা	1
দেশগুলোর	সঙ্গে	2
দেশগুলোর	মধ্যে	1
দেশটা	একবার	1
দেশটি	এখন	2
দেশপ্রেমিক	মানুষ	1
দেশি	খাবারের	1
দেশি	পেঁয়াজ	1
দেশি	বিদেশি	1
দেশি	ব্র্যান্ডের	1
দেশি	মোরগ	1
দেশীয়	রাজনীতির	1
দেশে	আসতে	3
দেশে	তুলার	2
দেশে	মোট	2
দেশে	ছুটি	1
দেশে	তো	1
দেশে	রয়েছে	1
দেশের	মধ্যে	6
দেশের	জন্য	5
দেশের	মানুষ	4
দেশের	প্রধান	3
দেশের	বিভিন্ন	3
দেশের	স্বাধীনতা	3
দেহ	গঠন	1
দেহ	গরম	1
দেহ	পালকে	1
দেহ	মনে	1
দেহ	লোম	1
দেহে	নানা	1
দেহে	পানি	1
দেহে	প্রাণ	1
দেহে	শোষণের	1
দেহের	দ্রুত	1
দৈনন্দিন	জীবনের	2
দৈনন্দিন	জীবনে	1
দৈনিক	বিশেষ	1
দৈনিক	রাতে	1
দৈর্ঘ্য	ও	2
দৈর্ঘ্য	আছে	1
দৈহিক	বৃদ্ধি	1
দোকান	আছে	2
দোকান	চিনি	2
দোকান	থেকে	1
দোকান	দেখা	1
দোকান	মালিক	1
দোকান	যেখানে	1
দোকানটা	কোথায়	1
দোকানটা	গণেশ	1
দোকানি	বলেন	1
দোকানে	যেতে	2
দোকানে	কী	1
দোকানে	চলে	1
দোকানে	নির্দিষ্ট	1
দোকানে	পাবেন	1
দোকানে	যাই	1
দোকানের	দিকে	1
দোতলা	বাড়িতে	1
দোয়া	চেয়েছেন	3
দোয়া	করবেন	2
দোয়া	করি	2
দোয়া	অনুষ্ঠিত	1
দোয়া	করছি	1
দোলন	গতি	2
দোষ	দিচ্ছি	2
দোষ	না	2
দোষ	স্বীকার	2
দোষ	কী	1
দোষ	জেনেও	1
দোষ	দেওয়া	1
দোষারোপ	করছ	1
দোষারোপ	করতে	1
দোষী	নিজেই	1
দোষী	সাব্যস্ত	1
দোষের	নয়	2
দৌঁড়াতে	দেখলাম	1
দৌড়াতে	দেখেছিলাম	3
দৌড়াতে	পারে	3
দৌড়াতে	থাকে	1
দৌড়াতে	পারবেন	1
দৌড়াতে	পারি	1
দৌড়ে	গেলাম	2
দৌড়ে	গেলেন	1
দৌড়ে	বেড়াচ্ছিল	1
দৌলতদিয়া	পতিতালয়	2
দ্বন্দ্ব	নিয়ে	1
দ্বন্দ্ব	পুনরায়	1
দ্বারপ্রান্তে	চলে	1
দ্বারা	গঠিত	3
দ্বারা	এ	2
দ্বারা	প্রতিস্থাপিত	2
দ্বারা	ভাঙা	1
দ্বারা	হয়রানির	1
দ্বিগুণ	হয়েছে	2
দ্বিগুণ	হয়ে	1
দ্বিগুণ	হলে	1
দ্বিতীয়	বিশ্বযুদ্ধ	4
দ্বিতীয়	বিশ্বযুদ্ধে	3
দ্বিতীয়	ওমরের	2
দ্বিতীয়	বর্ষের	2
দ্বিতীয়	বৃহত্তম	2
দ্বিতীয়	সর্বোচ্চ	2
দ্বিতীয়টি	ভালো	1
দ্বিতীয়বার	বিয়ে	1
দ্বিধা	করবেন	1
দ্বিপক্ষীয়	বাণিজ্য	2
দ্বীপ	আছে	1
দ্বীপ	নিয়ে	1
দ্বীপ	রয়েছে	1
দ্বীপের	নাম	1
দ্য	বাংলাদেশ	1
দ্রব্য	ও	1
দ্রুত	দৌড়াতে	3
দ্রুত	চলে	2
দ্রুত	ছড়িয়ে	2
দ্রুত	ডাক্তারের	2
দ্রুত	চালু	1
দ্রুত	ব্যাপারটা	1
দ্রুতই	একটি	1
দ্রুতই	এসেছিলো	1
দ্রুতই	ছেলেটিকে	1
দ্রুতগতিতে	নামতে	1
ধন	সম্পদ	2
ধন	চাওয়া	1
ধন	দাঁড়িয়ে	1
ধন	সম্পত্তি	1
ধনিয়া	গুঁড়া	1
ধনী	হতে	2
ধনী	দরিদ্রের	1
ধনী	দেশ	1
ধনী	পরিবারের	1
ধনী	লোকজন	1
ধন্যবাদ	ডাক্তারবাবু	2
ধন্যবাদ	উত্তর	1
ধন্যবাদ	এগুলো	1
ধন্যবাদ	এতেই	1
ধন্যবাদ	জানান	1
ধন্যবাদ	বিষয়টি	1
ধরণ	আমার	1
ধরণের	লোক	2
ধরণের	ই	1
ধরণের	গাছ	1
ধরণের	বিপর্যয়	1
ধরণের	ভূমিকা	1
ধরণের	মন্তব্য	1
ধরতে	যাবে	2
ধরতে	যাবেন	2
ধরতে	হবে	2
ধরতে	পারিনি	1
ধরতে	যাচ্ছি	1
ধরতে	শুরু	1
ধরনের	সমস্যা	2
ধরনের	একটা	1
ধরনের	বইয়ে	1
ধরনের	ভুলগুলো	1
ধরফর	করে	2
ধরলেন	লোকটির	1
ধরা	পড়ার	2
ধরা	পড়েছে	2
ধরা	হয়েছে	2
ধরা	পড়লে	1
ধরা	পড়েনি	1
ধরা	হয়	1
ধরার	দায়ে	1
ধরার	মৌসুম	1
ধরি	মাছ	1
ধরিয়ে	পুড়িয়ে	1
ধরে	রাখতে	3
ধরে	চলেছিল	2
ধরে	কথা	1
ধরে	চিন্তা	1
ধরে	বরফ	1
ধরে	যাবেন	1
ধরেই	তাঁর	1
ধরেই	বাংলাদেশের	1
ধরেই	স্থানীয়	1
ধরেছ	নাকি	1
ধরেছেন	যা	1
ধরেন	সিন্দুকের	1
ধর্ম	ও	5
ধর্ম	একটি	2
ধর্ম	মানুষকে	2
ধর্ম	বর্ণ	1
ধর্ম	হয়ে	1
ধর্মই	মানুষের	1
ধর্মঘট	করছে	1
ধর্মঘট	ডাকা	1
ধর্মীয়	গ্রন্থ	2
ধর্মীয়	নেতাদের	2
ধর্মীয়	কোনো	1
ধর্মীয়	বিশ্বাসের	1
ধর্মে	ফিরে	1
ধর্মে	বিশ্বাস	1
ধর্মের	উৎপত্তি	1
ধর্মের	কথা	1
ধর্মের	কল	1
ধর্মের	কারণে	1
ধর্মের	কোনো	1
ধর্ষণ	করা	3
ধর্ষণ	ও	2
ধর্ষণ	করেছি	2
ধর্ষণ	করেছে	2
ধর্ষণ	করেন	2
ধর্ষণ	শেষে	2
ধর্ষণের	অভিযোগ	2
ধর্ষণের	অভিযোগে	2
ধর্ষণের	কারণ	1
ধর্ষণের	ঘটনায়	1
ধর্ষণের	শিকার	1
ধর্ষিত	হওয়া	1
ধর্ষিত	হয়েছি	1
ধসে	নিহত	1
ধসে	পড়েছে	1
ধাঁধা	মজার	1
ধাঁধা	সমাধান	1
ধাক্কা	দিয়ে	1
ধাক্কা	মারিনি	1
ধাক্কা	লেগেছে	1
ধাক্কায়	মারা	1
ধান	এখন	1
ধান	খেয়েছে	1
ধান	চাষ	1
ধানে	কত	2
ধাপ	হলো	2
ধাপ	লিখিত	1
ধাপে	বিশেষজ্ঞের	1
ধাবিত	হয়েছে	1
ধার	দিতে	3
ধার	নিতে	2
ধার	করতে	1
ধার	করেছে	1
ধার	দিবেন	1
ধার	দিয়েছে	1
ধারণ	করে	3
ধারণ	করতে	1
ধারণ	করা	1
ধারণ	করেছে	1
ধারণক্ষমতা	বায়ুর	1
ধারণক্ষমতার	অজুহাতে	2
ধারণা	করা	4
ধারণা	নেই	3
ধারণা	ছিল	1
ধারণা	জ্বর	1
ধারণা	হিন্দু	1
ধারণাগুলো	বিশ্বাস	1
ধারণার	চেয়ে	1
ধারণার	পাশাপাশি	1
ধারণের	জন্য	2
ধারনা	আছে	1
ধারনা	প্রাপ্ত	1
ধারা	অব্যাহত	1
ধারা	বরাবর	1
ধারা	লঙ্ঘন	1
ধারা	সংযুক্ত	1
ধারায়	লিপিবদ্ধ	2
ধারালো	অস্ত্র	1
ধারে	অন্যদের	1
ধারে	আমাদের	1
ধারে	একটি	1
ধারে	কাঁচা	1
ধারে	কাঠ	1
ধারেকাছেও	নেই	1
ধিরে	কথা	1
ধীরে	ধীরে	17
ধীরে	কথা	4
ধীরে	আর	1
ধীরে	কাজ	1
ধীরে	বাড়ছে	1
ধীরে	সুস্থে	1
ধুতে	দেখলাম	2
ধুতে	গেলো	1
ধুতে	পারি	1
ধুম	পড়ে	1
ধুয়ে	নিন	2
ধুয়ে	পড়তে	2
ধুয়ে	এসব	1
ধুয়ে	ঘুমাতে	1
ধুয়ে	তারপর	1
ধুয়ে	নেবেন	1
ধুর	ছাই	1
ধুর	বাল	1
ধুলো	জমেছে	1
ধূমপান	ত্যাগ	2
ধূমপান	অতিরিক্ত	1
ধূমপান	একটি	1
ধূমপান	করতাম	1
ধূমপান	করে	1
ধূমপান	স্বাস্থ্যের	1
ধূর্ত	মানুষ	1
ধূসর	রঙের	1
ধেয়ে	আসছে	1
ধৈর্য	এবং	1
ধৈর্য	ধরতে	1
ধৈর্যশীল	ছিলেন	1
ধৈর্যশীল	ছিলো	1
ধৈর্যশীল	নই	1
ধৈর্যের	পরীক্ষায়	1
ধোঁয়ায়	ভর্তি	1
ধোয়া	মোছা	1
ধোয়ার	পরে	1
ধ্বংস	হয়ে	2
ধ্বংস	করছে	1
ধ্বংস	করবে	1
ধ্বংস	করেছে	1
ধ্বংস	করেন	1
ধ্বংস	হওয়া	1
ধ্বংসের	দ্বারপ্রান্তে	1
ধ্বনি	শুনলেই	2
ধ্বনি	পরিবর্তন	1
ধ্যান	করতে	1
ধ্যান	করেন	1
ধ্রুবক	একমাত্র	1
নই	আমি	3
নই	যে	2
নই	কিন্তু	1
নই	কে	1
নও	তাই	1
নকল	করতে	1
নকল	মনে	1
নকশা	উপদেশ	1
নক্ষত্র	এবং	1
নগদ	অর্থ	2
নগদ	অর্থের	1
নগদ	আকারে	1
নগদ	কিছু	1
নগদ	দিয়েছিলাম	1
নগদ	হাজার	1
নগর	আওয়ামী	2
নগর	রাষ্ট্র	1
নগর	সভ্যতা	1
নগরায়নের	ফলে	2
নগরীতে	পরিণত	1
নগরীর	অংশবিশেষ	1
নগরীর	প্রত্যেক	1
নগরে	বিক্রম	1
নগরের	উন্নতি	1
নগরের	বিভিন্ন	1
নগ্ন	অবস্থায়	1
নগ্ন	করে	1
নজর	দিতে	1
নজর	দেওয়া	1
নজর	রাখ	1
নজর	রাখব	1
নজর	রাখুন	1
নজর	রাখো	1
নজরদারি	ও	1
নজরদারি	বাড়াতে	1
নজরুল	ইসলাম	4
নজরুল	ইসলামকে	2
নজরুল	ইসলামের	2
নজরে	আনার	1
নজিরবিহীন	সতর্কবার্তা	1
নটার	সময়	2
নড়ছে	না	1
নড়া	বন্ধ	1
নড়াচড়া	না	1
নতুন	করে	8
নতুন	নতুন	4
নতুন	গাড়ি	2
নতুন	গাড়িটা	2
নতুন	বান্ধবী	2
নতুন	বাবার	2
নতুনত্ব	আনার	1
নতুনের	মতোই	1
নথিতে	থাকা	1
নথিপত্র	সূত্রে	1
নদী	পার	2
নদী	ও	1
নদী	থেকে	1
নদী	পুর্ব	1
নদী	মিলিত	1
নদীটা	এইখানে	1
নদীটা	সাঁতরে	1
নদীতে	পড়ে	2
নদীতে	আছে	1
নদীতে	নামতে	1
নদীতে	ফেলা	1
নদীতে	মাছ	1
নদীতে	সাঁতার	1
নদীর	ধারে	4
নদীর	পানি	3
নদীর	তীরে	2
নদীর	নাম	2
নদীর	পানিতে	1
নদীর	পানির	1
নন	কখনো	1
নন	কেউ	1
নন	তাই	1
নন	বলে	1
নন	যিনি	1
নন	যে	1
ননীর	পুতুল	2
নবজাতক	শিশু	1
নবজাতক	শিশুকে	1
নববর্ষ	উদযাপন	3
নববর্ষ	পালন	1
নববর্ষ	বরণ	1
নববর্ষ	বিদায়ী	1
নববর্ষের	আয়োজন	1
নববর্ষের	উদার	1
নববর্ষের	উৎপত্তি	1
নববর্ষের	পাঁচ	1
নবম	একটি	1
নবম	পদাতিক	1
নবম	প্রতিনিধি	1
নবাব	সিরাজউদ্দৌলা	4
নবাব	সিরাজ	2
নবাব	ছিলেন	1
নবাবের	দ্বারা	1
নবাবের	পক্ষে	1
নবাবের	বিশ্বস্ত	1
নবী	রাসুল	3
নবী	আসেননি	1
নবী	এবং	1
নবী	কিন্তু	1
নব্বই	একশ	1
নভেম্বর	আর	1
নভেম্বর	জেল	1
নভেম্বর	শ্রী	1
নভেম্বর	সকালে	1
নমনীয়	ও	1
নমনীয়	বা	1
নমুনা	নিয়ে	1
নম্বর	ওয়ার্ডের	2
নম্বর	কত	1
নম্বর	পেয়েছেন	1
নম্বর	বাস	1
নম্র	ভদ্র	1
নয়	বরং	5
নয়	যে	3
নয়	আপনি	1
নয়	এটা	1
নয়	তুমি	1
নয়	দশ	1
নয়টা	মিনিট	1
নয়টার	দিকে	2
নর	নারীর	4
নরওয়ের	রাজধানী	1
নরম	বুকে	2
নরম	হলেও	1
নলকূপের	পানিতে	2
নষ্ট	হয়	4
নষ্ট	করে	3
নষ্ট	করার	2
নষ্ট	হয়ে	2
নষ্ট	করেছে	1
নষ্ট	হচ্ছে	1
না	কেন	33
না	করে	16
না	কি	15
না	যে	13
না	আমি	12
না	হয়	12
নাই	মামার	1
নাইট্রোজেন	থাকে	1
নাও	তোমার	3
নাও	করতে	1
নাও	তোমাদের	1
নাও	বিলটা	1
নাও	রব	1
নাও	হতে	1
নাক	দিয়ে	2
নাক	ঝাড়া	1
নাক	ডাকছিল	1
নাক	থেকে	1
নাকচ	করে	2
নাকি	দুজনের	1
নাকি	বারো	1
নাকি	মানুষকে	1
নাকি	মানুষের	1
নাকি	সি	1
নাগরিক	জীবনকে	2
নাগরিক	হতে	2
নাগরিক	জীবনে	1
নাগরিক	নয়	1
নাগরিক	স্বাধীনতা	1
নাগরিক	হয়েছেন	1
নাগরিকত্ব	প্রদান	1
নাগরিকত্ব	রয়েছে	1
নাগরিকদের	অবগতির	1
নাগরিকদের	অবিলম্বে	1
নাগরিকদের	ব্যক্তিগত	1
নাগরিকের	অধিকার	3
নাগরিকের	কর্তব্য	1
নাগরিকের	জন্য	1
নাগরিকের	মত	1
নাগাদ	বের	1
নাচ	দেখছে	1
নাচ	পরিবেশন	1
নাচতে	চাও	2
নাচতে	চান	2
নাচতে	চায়	1
নাচতে	চাস	1
নাচতে	পার	1
নাচতে	পারেন	1
নাচা	বাদ	1
নাচে	গানে	1
নাচের	ধরণ	1
নাজিল	করেছেন	2
নাটক	করতে	1
নাটক	করবে	1
নাটক	শাস্তি	1
নাটক	শুনে	1
নাটকীয়	ঘটনা	1
নাটকীয়ভাবে	বিনিয়োগ	1
নাটকের	ষষ্ঠ	1
নাড়াচাড়া	করলে	1
নাড়াতে	পারিনি	1
নাড়িয়ে	নাচছে	1
নাতির	কাণ্ড	1
নানা	ধরনের	6
নানা	রকম	3
নানা	কাজে	2
নানা	ধরণের	2
নানা	রঙের	2
নানা	প্রাকৃতিক	1
নানান	রকম	1
নানান	রাসায়নিক	1
নানান	রোগে	1
নানান	শারীরিক	1
নানি	দাদির	1
নানু	বাড়িতে	1
নাবিক	নিয়োজিত	1
নাভি	কোথায়	1
নাভি	হয়ে	1
নাম	কী	24
নাম	কি	5
নাম	জানি	4
নাম	ছিল	3
নাম	তাহমিদ	3
নাম	ভুলে	3
নামক	একটি	2
নামক	স্থানটি	2
নামক	বিশাল	1
নামক	হিন্দু	1
নামকরণ	করা	1
নামকরণ	করেন	1
নামটা	বাদ	1
নামটা	মানানসই	1
নামতে	গিয়ে	1
নামতে	চাই	1
নামতে	পারলো	1
নামাজ	এবং	1
নামাজ	কালে	1
নামাজ	পড়া	1
নামাজ	পড়াই	1
নামাজের	পরে	2
নামাজের	পর	1
নামাজের	সময়	1
নামানো	যাবে	1
নামানো	হয়েছে	1
নামানোর	পর	1
নামার	জায়গাটা	1
নামিয়ে	নিন	1
নামে	এক	5
নামে	পরিচিত	5
নামে	একটি	2
নামে	দুজন	1
নামে	দেবী	1
নামেই	থাকুক	1
নামের	এক	3
নামের	একটি	2
নামের	দুজন	1
নামের	মেয়েরা	1
নাম্বার	রুমে	1
নাম্বার	হলো	1
নাম্বারটা	ভুলে	7
নাম্বারটা	কী	2
নাম্বারটা	হারিয়ে	2
নাম্বারটা	দাও	1
নাম্বারটা	দিন	1
নাম্বারটি	পেতে	1
নাম্বারটি	বলুন	1
নায়ক	ছিলেন	1
নারকেল	গাছের	1
নারী	ও	5
নারী	শিক্ষার	2
নারী	পুরুষ	1
নারীকে	ধর্ষণ	1
নারীকে	পণ্য	1
নারীদের	ওপর	2
নারীদের	অধিকার	1
নারীদের	চেয়ে	1
নারীদের	সাহায্যও	1
নারীর	নিতম্ব	2
নারীর	মধ্যে	2
নারীর	শরীরের	2
নারীর	সাথে	2
নারীর	কাছে	1
নারীরা	যখন	1
নারীরা	স্বামীর	1
নার্স	এই	1
নার্সারি	স্কুলে	1
নালিশি	জমি	2
নাশপাতি	খাই	1
নাস্তা	করে	1
নাস্তা	করেন	1
নাস্তা	খাওয়া	1
নাস্তা	খেয়েছি	1
নাস্তিক	ধর্মীয়	1
নাস্তিক	ধর্মের	1
নাস্তিক	হয়েও	1
নিঃশেষ	করার	1
নিঃশ্বাস	নিতে	1
নিঃসন্দেহে	এখানে	1
নিঃসন্দেহে	বলা	1
নিউ	ইয়র্কের	2
নিউ	ইয়র্কে	1
নিউইয়র্কে	থাকতে	1
নিউইয়র্কের	সুপ্রিম	1
নিউটন	ছিলেন	1
নিউটন	বছর	1
নিউমোনিয়া	বা	1
নিকট	সবচেয়ে	2
নিকট	আত্মসমর্পণ	1
নিকট	খুলে	1
নিকট	ধেয়ে	1
নিকট	মোবাইল	1
নিকট	যুক্তিযুক্ত	1
নিকটবর্তী	ভেবে	1
নিকটে	আসত	1
নিকৃষ্ট	পর্যায়ের	1
নিকৃষ্ট	মানুষ	1
নিক্ষেপ	করেছে	2
নিক্ষেপ	করছে	1
নিক্ষেপ	করেন	1
নিখুঁত	নই	1
নিখোঁজ	শাওন	1
নিখোঁজ	হয়েছিলে	1
নিখোঁজ	হয়েছে	1
নিচ	থেকে	2
নিচু	অঞ্চলে	1
নিচু	দেখায়	1
নিচু	হয়ে	1
নিচে	নেমে	2
নিচে	অন্ধকার	1
নিচে	আসবে	1
নিচে	আসবেন	1
নিচে	নিয়ে	1
নিচে	লাগছিল	1
নিচের	পশম	2
নিচের	অ্যাপার্টমেন্টে	1
নিচের	গুদামে	1
নিচের	সংখ্যাগুলো	1
নিচ্ছিস	আমাকে	1
নিচ্ছে	ততক্ষণ	1
নিচ্ছে	বাংলাদেশ	1
নিচ্ছেন	জেলা	1
নিজ	নিজ	2
নিজ	আবাসিক	1
নিজ	প্রতিভা	1
নিজ	মাতৃভূমি	1
নিজ	স্ত্রীর	1
নিজস্ব	রুচির	2
নিজস্ব	অথবা	1
নিজস্ব	চিন্তা	1
নিজস্ব	জাতীয়	1
নিজস্ব	পদ্ধতি	1
নিজে	এসেই	4
নিজে	নিজে	2
নিজে	নিজেই	2
নিজে	অন্যায়	1
নিজে	থেকেই	1
নিজে	বানিয়েছি	1
নিজেই	নিজের	3
নিজেই	একটু	1
নিজেই	এটি	1
নিজেই	গাড়ি	1
নিজেই	চলচ্চিত্র	1
নিজেই	সমস্যায়	1
নিজেও	ছিলেন	1
নিজেও	স্কুলে	1
নিজেকে	সংজত	4
নিজেকে	অনেক	2
নিজেকে	বিভ্রান্ত	2
নিজেকে	সামলাও	2
নিজেকে	সামলান	2
নিজেকে	থামতে	1
নিজেদের	গান	2
নিজেদের	মধ্যে	2
নিজেদের	গাড়ির	1
নিজেদের	চুল	1
নিজেদের	পক্ষে	1
নিজেদেরকে	ওটা	1
নিজেদেরকে	তৈরি	1
নিজের	দিকে	4
নিজের	চরকায়	3
নিজের	অস্তিত্ব	2
নিজের	ঘর	2
নিজের	জন্য	2
নিজের	বন্ধুকে	2
নিজেরা	নিজেরা	1
নিজেরা	সেই	1
নিজেরাই	কর্দমাক্ত	1
নিজেরাই	বেশ	1
নিজেরাই	লিখি	1
নিজেরাও	জানি	1
নিতম্ব	আঁকড়ে	1
নিতম্ব	আকারে	1
নিতম্ব	দেখে	1
নিতম্ব	সাহায্য	1
নিতম্বের	বিশেষ	1
নিতম্বের	ব্যথা	1
নিতে	হবে	13
নিতে	পারি	5
নিতে	পারেন	5
নিতে	পারে	3
নিতে	হয়	3
নিতে	পারবে	2
নিদর্শন	পেয়ে	1
নিদর্শন	হলো	1
নিদর্শনগুলো	আমাদের	2
নিন	আপনার	3
নিন	আপনাদের	1
নিন	এসব	1
নিন	বিলটা	1
নিন	সেই	1
নিন	হঠাৎ	1
নিন্দা	জানিয়ে	1
নিপন	গোস্বামী	3
নিপীড়ন	সহিংস	1
নিবন্ধ	লেখার	2
নিবন্ধ	কোনটি	1
নিবন্ধ	যোগ	1
নিবন্ধ	লিখার	1
নিবন্ধন	ও	1
নিবেদন	আদালতের	1
নিবেদন	করেন	1
নিবেদিত	শিক্ষক	1
নিভিয়ে	দিতে	2
নিভিয়ে	দিল	2
নিভিয়ে	দিব	1
নিভে	গেছে	2
নিভে	গেল	1
নিমজ্জিত	করে	1
নিমন্ত্রণ	করতে	1
নিম্ন	আয়ের	3
নিম্ন	মধ্যম	2
নিম্ন	প্রাথমিক	1
নিম্নমুখী	প্রবণতা	3
নিয়তির	সঙ্গে	1
নিয়ন্ত্রক	সংস্থা	1
নিয়ন্ত্রণ	এবং	2
নিয়ন্ত্রণ	করে	2
নিয়ন্ত্রণ	উদ্যোগ	1
নিয়ন্ত্রণ	বজায়	1
নিয়ন্ত্রণ	বা	1
নিয়ন্ত্রণ	হারিয়ে	1
নিয়ন্ত্রণে	আইন	1
নিয়ন্ত্রণে	রাখা	1
নিয়ন্ত্রণে	সক্ষম	1
নিয়ন্ত্রণের	বাইরে	2
নিয়ন্ত্রণের	চেষ্টা	1
নিয়ন্ত্রণের	ব্যাপারে	1
নিয়ন্ত্রন	করা	1
নিয়ন্ত্রিত	ঘর	1
নিয়ন্ত্রিত	প্রশান্ত	1
নিয়ন্ত্রিত	বাড়িতে	1
নিয়ন্ত্রিত	হয়	1
নিয়ম	কানুন	5
নিয়ম	মেনে	3
নিয়ম	রয়েছে	2
নিয়ম	আছে	1
নিয়ম	নীতি	1
নিয়ম	হল	1
নিয়মগুলো	সহজ	1
নিয়মিত	ডজ	1
নিয়মিত	পানি	1
নিয়মিত	বেশি	1
নিয়মে	সহবাস	1
নিয়মের	পরিবর্তন	1
নিয়ে	আলোচনা	14
নিয়ে	কাজ	7
নিয়ে	যান	7
নিয়ে	কথা	6
নিয়ে	একটি	5
নিয়ে	যায়	5
নিয়েও	আলোচনা	2
নিয়েও	কথা	1
নিয়েও	প্রবন্ধ	1
নিয়েছি	কারণ	1
নিয়েছি	যেন	1
নিয়েছিল	যে	1
নিয়েছিলাম	তখন	1
নিয়েছিলেন	কেটি	1
নিয়েছিলেন	যে	1
নিয়েছে	চীন	1
নিয়েছে	বাংলাদেশ	1
নিয়েছে	যে	1
নিয়েছেন	কেন	1
নিয়েছেন	তা	1
নিয়েছেন	তিনি	1
নিয়োগ	করা	4
নিয়োগ	করতে	1
নিয়োগ	করেছেন	1
নিয়োগ	দেওয়া	1
নিয়োগ	পাওয়া	1
নিয়োগের	জন্য	2
নিয়োগের	সুপারিশ	1
নিয়োজিত	থাকেন	2
নিয়োজিত	করা	1
নিয়োজিত	নেই	1
নিযুক্ত	হন	1
নিরপেক্ষ	দৃষ্টিভঙ্গি	1
নিরপেক্ষ	হওয়া	1
নিরপেক্ষ	হতে	1
নিরাপত্তা	গবেষণা	1
নিরাপত্তা	ছাড়া	1
নিরাপত্তা	বলতে	1
নিরাপত্তা	বাড়াতে	1
নিরাপত্তা	বৃদ্ধি	1
নিরাপত্তার	অভাব	1
নিরাপত্তার	জন্য	1
নিরাপত্তার	দায়িত্ব	1
নিরাপদ	পৃথিবী	1
নিরাপদ	ভ্রমণের	1
নিরাপদে	বসবাসের	1
নিরাময়	করবে	1
নিরীক্ষা	করাতে	1
নিরীক্ষা	করেন	1
নিরীক্ষা	প্রতিবেদনের	1
নির্জন	জায়গায়	2
নির্জন	কক্ষে	1
নির্জন	কোথাও	1
নির্জন	মন্দির	1
নির্ণয়	করো	5
নির্ণয়	করতো	1
নির্ণয়ের	জন্য	2
নির্দিষ্ট	আয়তন	2
নির্দিষ্ট	আয়তনের	2
নির্দিষ্ট	দামে	2
নির্দিষ্ট	পরিমাণ	1
নির্দিষ্ট	ব্যক্তি	1
নির্দিষ্ট	সময়ে	1
নির্দেশ	করে	4
নির্দেশ	দিয়েছেন	4
নির্দেশ	অমান্য	2
নির্দেশ	দেওয়া	2
নির্দেশ	দেন	2
নির্দেশ	জারি	1
নির্দেশনা	জারি	2
নির্দেশনা	দেওয়া	2
নির্দেশনা	অনুযায়ী	1
নির্দেশনা	চেয়ে	1
নির্দেশনা	দিয়েছেন	1
নির্দেশে	এ	1
নির্দেশে	ভিকটিম	1
নির্দোষ	ব্যক্তিকে	1
নির্ধারণ	করে	2
নির্ধারণ	করতে	1
নির্ধারণ	করা	1
নির্ধারিত	ফরম	1
নির্ধারিত	হবে	1
নির্ধারিত	হয়	1
নির্ধারিত	হয়নি	1
নির্বাক	মানুষের	1
নির্বাচন	কমিশন	2
নির্বাচন	পরিচালনা	2
নির্বাচন	প্রতিহত	2
নির্বাচন	অবাধ	1
নির্বাচনব্যবস্থা	সংস্কার	2
নির্বাচনে	প্রতিদ্বন্দ্বী	2
নির্বাচনে	কোনো	1
নির্বাচনে	ক্রিস	1
নির্বাচনে	প্রধানমন্ত্রী	1
নির্বাচনের	আগে	2
নির্বাচনের	জন্য	2
নির্বাচনের	পর	2
নির্বাচনের	মতো	2
নির্বাচনের	দিন	1
নির্বাচনের	ফল	1
নির্বাচিত	হন	2
নির্বাচিত	প্রথম	1
নির্বাচিত	হচ্ছে	1
নির্বাচিত	হয়েছেন	1
নির্বাচিত	হলে	1
নির্বাচিত	হলেন	1
নির্বাসিত	সাবেক	1
নির্বাহী	কর্মকর্তা	2
নির্বাহী	ডেনিস	1
নির্বাহী	স্টিভ	1
নির্বিঘ্নে	যেতে	1
নির্ভয়ে	গুহায়	1
নির্ভর	করে	6
নির্ভর	করছে	1
নির্ভর	করেন	1
নির্ভর	সমস্যা	1
নির্ভরযোগ্য	পদ্ধতি	1
নির্ভুল	লেখা	1
নির্ভুল	লেখার	1
নির্মম	গণহত্যা	1
নির্মম	হত্যাকাণ্ডের	1
নির্মল	প্রাকৃতিক	1
নির্মাণ	করেন	2
নির্মাণ	করে	1
নির্মাণ	সম্ভব	1
নির্মাণ	হয়	1
নির্মাণাধীন	বাসায়	1
নির্মাণের	এবং	1
নির্মাণের	প্রথা	1
নির্মাতা	ও	1
নির্মিত	প্রথম	2
নির্মিত	হয়	2
নির্মিত	দুই	1
নির্মিত	হয়েছিল	1
নির্মিত	হয়েছে	1
নির্মূল	করার	2
নির্যাতন	করতে	2
নির্যাতন	দমন	2
নির্যাতন	করার	1
নির্যাতন	চালানো	1
নির্যাতনের	অভিযোগে	1
নির্যাতনের	কথা	1
নির্যাতনের	ঘটনা	1
নির্যাতনের	শিকার	1
নির্যাতিত	নারী	1
নির্যাতিত	হয়েছিল	1
নিল	আমার	1
নিল	দুই	1
নিলামে	বিক্রয়	1
নিলামের	মাল	1
নিলে	আপনি	1
নিলে	আর্থিক	1
নিলে	তো	1
নিশ্চই	আগামীকাল	1
নিশ্চই	আমার	1
নিশ্চয়ই	যেতাম	1
নিশ্চিত	যে	5
নিশ্চিত	করার	4
নিশ্চিত	করতে	3
নিশ্চিত	করা	3
নিশ্চিত	নই	3
নিশ্চিত	তো	2
নিশ্চিন্তে	আরাম	1
নিশ্বাস	নিতে	3
নিষিদ্ধ	করে	2
নিষিদ্ধ	করেছিল	1
নিষেধ	করেছিলাম	1
নিষেধ	করেছে	1
নিষেধ	করেছেন	1
নিষেধাজ্ঞা	আরোপ	2
নিষেধাজ্ঞা	কার্যকর	1
নিষেধাজ্ঞা	চেয়েছে	1
নিষেধাজ্ঞা	তুলে	1
নিষ্ক্রিয়	থাকার	1
নিষ্ঠার	কারণেই	1
নিষ্ঠুর	বাণী	1
নিষ্পত্তি	করা	1
নিষ্পাপ	বাচ্চাকে	1
নিহত	হয়েছেন	5
নিহত	ও	4
নিহত	হন	3
নিহত	সালমা	1
নিহত	হয়েছে	1
নিহতের	চাচা	1
নিহিত	থাকে	1
নিহিত	রয়েছে	1
নীচ	সহ	1
নীচ	সে	1
নীচে	আছি	1
নীচে	এলো	1
নীচে	কোনো	1
নীচে	দেখুন	1
নীতি	ও	3
নীতি	বিশ্লেষণ	2
নীতি	অনুসরণ	1
নীতি	কোনো	1
নীতি	ঠিক	1
নীতি	নৈতিকতার	1
নীতির	সবচেয়ে	1
নীরব	থাকে	3
নীরব	প্রেম	1
নীরব	বোমার	1
নীরবতা	চাই	1
নীরবতা	ছিল	1
নীরবে	একটি	1
নীল	রঙ	3
নীল	কোট	2
নীল	ম্যাগপাই	2
নীল	গাড়িটা	1
নুডলস	খেতে	3
নুডলস	খাই	1
নুডলস	খাচ্ছি	1
নুডলস	খেলাম	1
নুডলস	পছন্দ	1
নুডলস	সাধারণত	1
নুন	দাও	2
নুন	নেই	2
নুনটা	এগিয়ে	3
নুনু	দেখাও	3
নুনু	চুষে	2
নূন	স্কুল	2
নূপুর	না	1
নূর	ইসলাম	1
নৃত্য	করে	1
নৃশংস	হত্যাকাণ্ডের	1
নে	তোর	1
নে	মাদারচোদ	1
নে	শিশির	1
নেই	তাকে	3
নেই	বললেই	3
নেই	সে	3
নেই	কেন	2
নেই	ধন্যবাদ	2
নেই	যে	2
নেওয়া	হয়	3
নেওয়া	হয়েছিল	3
নেওয়া	উচিত	2
নেওয়া	হবে	2
নেওয়া	হয়েছে	2
নেওয়া	হয়ে	1
নেওয়ার	চেষ্টা	4
নেওয়ার	জন্য	2
নেওয়ার	পর	2
নেওয়ার	সময়	2
নেওয়ার	অধিকার	1
নেওয়ার	সিদ্ধান্ত	1
নেকড়ে	পালিত	1
নেকড়ের	মাঝে	1
নেচে	ওঠে	1
নেটওয়ার্কের	মাধ্যমে	1
নেতা	ও	3
নেতা	নাম	1
নেতা	নির্বাচনে	1
নেতাকে	আটক	1
নেতাকে	সরিয়ে	1
নেতাদের	জানালে	1
নেতাদের	জেল	1
নেতাদের	প্রতি	1
নেতাদের	মধ্যে	1
নেতার	আদেশ	2
নেতারা	যার	1
নেতারা	সোহেল	1
নেতিবাচক	দিক	2
নেতিবাচক	প্রভাব	2
নেতিবাচক	প্রমাণ	1
নেতিয়ে	থাকা	1
নেতৃত্ব	গ্রহণ	1
নেতৃত্ব	দিচ্ছেন	1
নেতৃত্ব	দেন	1
নেতৃত্ব	প্রদান	1
নেতৃত্ব	লাভ	1
নেতৃত্বাধীন	সামরিক	1
নেতৃত্বে	বাংলাদেশ	1
নেতৃত্বে	সকল	1
নেতৃত্বে	সামরিক	1
নেতৃত্বে	সেনাবাহিনীর	1
নেতৃত্বে	স্বাধীনতা	1
নেতৃত্বের	পরিবর্তন	1
নেতৃত্বের	বড়	1
নেতৃত্বের	ভূমিকা	1
নেন	বেসরকারি	1
নেন	শিবিরের	1
নেব	না	1
নেবে	না	2
নেবে	যাব	1
নেবেন	না	1
নেভাতে	চেষ্টা	1
নেমে	আসে	4
নেমে	জানালার	1
নেমে	যাচ্ছি	1
নেমে	যাব	1
নেমে	যেতে	1
নেমে	লাইট	1
নেমেছে	আর	1
নেয়	ও	1
নেয়	তার	1
নেয়	তাহলে	1
নেয়	পুলিশ	1
নেয়া	হলে	1
নেয়ামতের	মধ্যে	2
নেয়ার	জন্য	1
নৈতিকতা	ও	1
নৈতিকতার	সাথে	1
নোংরা	হতে	2
নোংরা	অথবা	1
নোংরা	খাবার	1
নোটবুকে	লিখে	1
নোটিশ	দিয়ে	1
নোটিশ	দেয়	1
নোবেল	ডিনামাইট	1
নোবেল	পুরস্কার	1
নৌ	পরিবহন	2
নৌ	অভিযানে	1
নৌ	পথে	1
নৌকা	চলে	1
নৌকা	বাঁধা	1
নৌকাটি	বেশি	1
নৌকায়	কোন	1
নৌকার	আলো	1
নৌকার	একপাশে	1
নৌকার	গুণ	1
নৌকার	মালিক	1
নৌবাহিনী	এক	1
নৌবাহিনীর	অধীনে	1
ন্যাংটা	হও	1
ন্যাংটা	হয়ে	1
ন্যাড়া	একবারই	1
ন্যাড়া	মাথায়	1
ন্যায়	আল্লাহ	1
ন্যায়	জৈবিক	1
ন্যায়বিচার	ও	1
ন্যায়বিচার	করতে	1
ন্যায়বিচার	পাওয়ার	1
ন্যায়ের	পথে	1
ন্যূনতম	মজুরি	2
ন্যূনতম	ছয়টি	1
ন্যূনতম	ঝুঁকি	1
ন্যূনতম	শ্রমিকের	1
পঁচা	বাসি	1
পঁচিশ	বছর	1
পকেটে	আরও	1
পক্ষ	থেকে	4
পক্ষ	নিয়ে	1
পক্ষ	বা	1
পক্ষে	গুপ্তচর	1
পক্ষে	নিম্ন	1
পক্ষে	পাসওয়ার্ড	1
পক্ষে	বিগত	1
পক্ষে	মামলা	1
পক্ষের	জেরায়	3
পক্ষের	নেতাদের	1
পক্ষের	বিজ্ঞ	1
পক্ষের	লোক	1
পক্ষের	সন্তান	1
পক্ষের	স্ত্রী	1
পচা	গম	1
পছন্দ	করি	46
পছন্দ	করে	28
পছন্দ	করেন	20
পছন্দ	হয়	13
পছন্দ	করো	3
পছন্দ	হয়নি	3
পছন্দনীয়	হয়	1
পছন্দের	অভিজাত	1
পছন্দের	একটি	1
পছন্দের	বাক্য	1
পছন্দের	রং	1
পছন্দের	সেই	1
পজিটিভ	মানুষের	1
পঞ্চম	তলায়	1
পঞ্চম	শাসক	1
পঞ্চম	সাক্ষী	1
পঞ্চাশ	ষাট	1
পটল	তুলেছে	1
পড়ছে	তাহলে	1
পড়ছে	দেখে	1
পড়ছেন	তার	1
পড়ছেন	তিনি	1
পড়ছেন	সেটা	1
পড়তে	পারি	6
পড়তে	হবে	4
পড়তে	পারে	3
পড়তে	পারেন	3
পড়তে	বসো	2
পড়তে	ভালো	2
পড়ব	তা	1
পড়বে	কে	1
পড়বে	না	1
পড়ল	আর	1
পড়ল	এবং	1
পড়লাম	জানি	2
পড়লাম	এর	1
পড়লে	অনেকে	2
পড়লে	ভালো	2
পড়লে	কিংবা	1
পড়লে	চলবে	1
পড়লে	প্রতিবেশী	1
পড়লে	শিল্পী	1
পড়া	শুরু	3
পড়া	শেষ	3
পড়া	উচিত	2
পড়া	কবে	2
পড়া	এবং	1
পড়া	হলো	1
পড়াই	তো	1
পড়াই	ভালো	1
পড়াতে	পছন্দ	1
পড়াতে	সক্ষম	1
পড়ানো	হচ্ছে	1
পড়ানো	হবে	1
পড়ার	সম্ভবনা	3
পড়ার	চেয়ে	2
পড়ার	সময়	2
পড়ার	পর	1
পড়ার	সাথে	1
পড়ালেখা	করলে	1
পড়াশুনা	করতে	1
পড়াশুনা	করি	1
পড়াশোনা	করতে	4
পড়াশোনা	করছিল	1
পড়াশোনা	করছেন	1
পড়াশোনা	করা	1
পড়াশোনা	করেন	1
পড়াশোনার	প্রস্তুতি	1
পড়ি	তা	1
পড়ি	না	1
পড়ে	আছে	4
পড়ে	গিয়ে	4
পড়ে	গেলাম	4
পড়ে	গিয়েছিলাম	3
পড়ে	গেল	3
পড়ে	যায়	3
পড়েছ	একেই	1
পড়েছে	ট্রেন	1
পড়েছেন	গৃহহীন	1
পড়েছেন	যুক্তরাষ্ট্রের	1
পড়েছেন	সাধারণ	1
পড়েন	তারা	1
পড়েন	না	1
পড়েন	মহারাজা	1
পড়েন	যা	1
পড়ো	না	2
পণ্ড	হয়ে	1
পণ্য	ও	4
পণ্য	রপ্তানি	3
পণ্য	কেনা	1
পণ্য	ভারতে	1
পণ্য	যায়	1
পণ্য	সরবরাহ	1
পণ্যের	দাম	2
পণ্যের	বিজ্ঞাপন	2
পতন	হবে	2
পতন	হয়েছে	2
পতন	ঘটার	1
পতন	হওয়া	1
পতন	হয়েছিল	1
পতনে	এ	1
পতনের	জন্য	1
পতনের	সান্ত্বনা	1
পতাকা	উত্তোলন	2
পতাকা	অর্জন	1
পতাকা	একটি	1
পতাকা	রয়েছে	1
পতাকা	সবুজ	1
পতাকার	এই	1
পতাকার	দৈর্ঘ্য	1
পতিতালয়	একটি	1
পতিতালয়	বাংলাদেশের	1
পত্র	বা	1
পত্র	লেখার	1
পত্র	সম্পর্কে	1
পত্রিকা	পাঠ	1
পত্রিকায়	তার	2
পত্রিকায়	নিবন্ধ	1
পত্রিকায়	প্রকাশিত	1
পত্রিকায়	বলা	1
পত্রিকায়	বিয়ের	1
পত্রিকার	জন্য	2
পত্রিকার	নাম	1
পথ	চলা	2
পথ	দিন	1
পথ	দেখাবে	1
পথ	প্রদর্শন	1
পথ	হিসেবে	1
পথটা	আরো	1
পথপ্রদর্শক	হয়ে	1
পথপ্রদর্শক	হিসাবে	1
পথপ্রদর্শক	হিসেবে	1
পথভ্রষ্ট	করতে	1
পথভ্রষ্ট	হয়ে	1
পথিক	আমি	1
পথে	নিয়ে	2
পথে	অনেক	1
পথে	আছেন	1
পথে	পরিচালিত	1
পথে	বাংলাদেশ	1
পথে	শুধু	1
পথের	পথিক	1
পথের	ফকির	1
পদ	লাভ	3
পদ	তিনি	1
পদ	দাও	1
পদ	শূন্য	1
পদক্ষেপ	নিয়েছে	2
পদক্ষেপ	গ্রহণ	1
পদক্ষেপ	তাদের	1
পদক্ষেপ	নিতে	1
পদক্ষেপ	হলো	1
পদক্ষেপগুলো	কী	1
পদক্ষেপে	যুক্তরাষ্ট্র	1
পদক্ষেপের	ক্ষেত্রে	1
পদক্ষেপের	বিষয়ে	1
পদত্যাগ	করেছেন	3
পদত্যাগ	করলেন	1
পদবী	কী	1
পদাঙ্ক	অনুসরণ	1
পদাতিক	ডিভিশন	1
পদার্থ	আমাদের	2
পদার্থ	গায়ে	1
পদার্থ	দিয়ে	1
পদার্থ	মেশানো	1
পদার্থ	যা	1
পদার্থবিজ্ঞান	একটি	1
পদার্থবিজ্ঞান	কী	1
পদার্থবিজ্ঞান	নিয়ে	1
পদার্থবিজ্ঞান	বলে	1
পদার্থবিজ্ঞান	বুঝি	1
পদার্থবিজ্ঞানে	ভালো	2
পদার্থবিজ্ঞানের	যে	2
পদার্থে	যে	1
পদার্থের	ব্যবহারের	4
পদার্থের	নির্দিষ্ট	3
পদার্থের	ওজন	1
পদার্থের	ভিতর	1
পদার্থের	সাহায্যে	1
পদে	কাজ	1
পদে	গেলে	1
পদে	ছিলেন	1
পদে	নিয়োগ	1
পদে	নিয়োগের	1
পদে	প্রতিদ্বন্দ্বিতা	1
পদের	চা	1
পদের	সাথে	1
পদোন্নতি	হয়েছে	1
পদ্ধতি	অনুসরণ	1
পদ্ধতি	আছে	1
পদ্ধতি	এবং	1
পদ্ধতি	ও	1
পদ্ধতি	রয়েছে	1
পদ্ধতি	হল	1
পদ্ধতিতে	করা	1
পদ্ধতিতে	কোনো	1
পদ্ধতির	অনুশীলন	1
পদ্ধতির	উদ্ভব	1
পদ্ধতির	প্রচলন	1
পদ্ধতির	বাইরে	1
পদ্ধতির	ব্যবহার	1
পদ্ধতির	মাধ্যমে	1
পদ্মা	অয়েল	1
পদ্মা	সেতু	1
পদ্মা	সেতুর	1
পনির	কুচি	1
পনেরো	মিনিট	1
পনেরো	মিনিটে	1
পন্ডিত	ছিলেন	1
পন্থা	আছে	1
পন্থা	হলো	1
পন্থায়	অর্জিত	1
পন্থায়	লুকিয়ে	1
পপ	সঙ্গীত	1
পবিত্র	ঈদুল	3
পবিত্র	বন্ধন	1
পবিত্র	ভূমি	1
পবিত্র	হওয়া	1
পয়সা	অপচয়	1
পয়সা	কামাই	1
পয়সা	পাও	1
পয়সাও	দান	1
পয়সার	মতো	1
পয়েন্টে	সতর্ক	1
পয়েন্টের	কাছাকাছি	1
পর	থেকে	9
পর	আমার	5
পর	এক	4
পর	বাংলাদেশ	3
পর	দুই	2
পর	যখন	2
পরই	ওই	1
পরই	জাতির	1
পরই	পুলিশ	1
পরই	স্থানীয়	1
পরও	কোনো	1
পরও	তিনি	1
পরও	যুক্তরাষ্ট্রে	1
পরও	সাফল্য	1
পরকালে	বিশ্বাস	1
পরকালে	সম্মানিত	1
পরচর্চা	করা	2
পরছি	না	1
পরতে	পারে	4
পরতে	চাও	1
পরতে	পছন্দ	1
পরতে	পারি	1
পরতে	পারেন	1
পরতে	হয়	1
পরদিন	আমাদের	2
পরদিন	আসতে	1
পরদিন	একটি	1
পরনিন্দা	পরচর্চা	3
পরপর	কোনো	1
পরপরই	তার	2
পরপরই	নারী	1
পরবর্তী	সময়ে	5
পরবর্তী	ফল	2
পরবর্তী	গন্তব্য	1
পরবর্তী	নির্দেশ	1
পরবর্তী	বাংলায়	1
পরবর্তী	লেবার	1
পরবর্তীতে	তার	2
পরবর্তীতে	গণ্যমান্য	1
পরবর্তীতে	তিনি	1
পরবর্তীতে	সে	1
পরম	আত্মীয়দের	1
পরম	করুণাময়	1
পরম	ধর্ম	1
পরম	সত্য	1
পরমাণু	বোমা	1
পরমাণু	বোমার	1
পররাষ্ট্র	নীতির	1
পররাষ্ট্র	মন্ত্রণালয়ের	1
পরশু	আপনার	1
পরশু	রাজশাহী	1
পরশু	লন্ডনের	1
পরস্পর	একই	1
পরস্পর	মিলিত	1
পরস্পরকে	সহযোগিতা	1
পরস্পরকে	সাহায্য	1
পরস্পরের	সাথে	2
পরস্পরের	তথ্য	1
পরস্পরের	সর্বাধিক	1
পরহেজগার	ব্যক্তি	2
পরা	অবস্থায়	1
পরা	একজন	1
পরা	যাক	1
পরা	লোকটা	1
পরা	শুরু	1
পরাজয়	ঘটে	1
পরাজয়	বরণ	1
পরাজিত	হয়	2
পরাজিত	করেন	1
পরাজিত	হন	1
পরাজিত	হয়েছিল	1
পরাজিত	হয়েছেন	1
পরাজিত	হলে	1
পরামর্শ	নিন	5
পরামর্শ	করুন	3
পরামর্শ	ছাড়া	2
পরামর্শ	দেন	2
পরামর্শ	নেওয়া	2
পরামর্শের	জন্য	8
পরার	আগে	2
পরার	সিদ্ধান্ত	1
পরিকল্পনা	করছেন	2
পরিকল্পনা	গ্রহণ	2
পরিকল্পনা	প্রণয়ন	2
পরিকল্পনা	করছি	1
পরিকল্পনা	নেবেন	1
পরিকল্পনা	বলে	1
পরিকল্পনায়	কারো	1
পরিকল্পনার	অভাব	1
পরিকল্পিত	মৃত্যুদণ্ড	1
পরিচয়	দিলেন	2
পরিচয়	জানতে	1
পরিচয়	দিতেন	1
পরিচয়	দেন	1
পরিচয়	শিশুকাল	1
পরিচয়	সামনে	1
পরিচয়টা	দিয়ে	1
পরিচয়পত্র	এবং	1
পরিচর্যা	পর্যন্ত	1
পরিচালক	উইং	1
পরিচালনা	কমিটির	3
পরিচালনা	করেন	2
পরিচালনা	অফিসের	1
পরিচালনা	করছে	1
পরিচালনা	করা	1
পরিচালনা	করেছিলেন	1
পরিচালনার	জন্য	5
পরিচালনার	মধ্যে	1
পরিচালিত	করে	3
পরিচালিত	হচ্ছে	2
পরিচালিত	করতে	1
পরিচালিত	করুন	1
পরিচালিত	হওয়ার	1
পরিচালিত	হবে	1
পরিচিত	একটি	1
পরিচিত	ছিল	1
পরিচিত	তাতে	1
পরিচিত	হলেও	1
পরিচিতি	তুলে	1
পরিচ্ছন্ন	পরিবেশ	1
পরিচ্ছন্ন	রাখুন	1
পরিচ্ছন্নতা	নিশ্চিত	1
পরিণত	হয়	8
পরিণত	করা	3
পরিণত	হয়েছে	2
পরিণত	করেছে	1
পরিণত	হতে	1
পরিণত	হয়েছি	1
পরিণতি	আছে	1
পরিণতি	কী	1
পরিণতির	দিকে	1
পরিত্যাগ	করতে	1
পরিত্যাগ	করো	1
পরিত্যাগ	গ্রহণ	1
পরিদর্শক	নিয়োগ	1
পরিদর্শন	করা	1
পরিদর্শন	করেছি	1
পরিদর্শন	করেন	1
পরিদর্শনে	যান	1
পরিধি	বিস্তৃত	1
পরিপাটি	করে	3
পরিপূর্ণ	থাকে	1
পরিপ্রেক্ষিতে	গত	1
পরিপ্রেক্ষিতে	জাতিসংঘ	1
পরিপ্রেক্ষিতে	বিপ্লবের	1
পরিপ্রেক্ষিতে	সম্প্রতি	1
পরিবর্তন	করতে	3
পরিবর্তন	করে	3
পরিবর্তন	ঘটে	3
পরিবর্তন	হয়	3
পরিবর্তন	এসেছে	2
পরিবর্তন	শুরু	2
পরিবর্তনশীল	এ	1
পরিবর্তনে	সাহায্য	1
পরিবর্তনের	সাথে	4
পরিবর্তনের	কারণে	1
পরিবর্তিত	হয়ে	2
পরিবর্তিত	হয়	1
পরিবর্তিত	হয়েছি	1
পরিবর্তে	আপনি	1
পরিবর্তে	চুপ	1
পরিবর্তে	নদীর	1
পরিবর্তে	পুরো	1
পরিবহন	অধিদপ্তর	2
পরিবহন	বিমানে	1
পরিবহন	হস্তান্তর	1
পরিবার	এখন	1
পরিবার	ধনী	1
পরিবার	প্রতি	1
পরিবার	বন্ধুবান্ধব	1
পরিবার	ভাড়া	1
পরিবারকে	বলতে	1
পরিবারকে	বলিনি	1
পরিবারে	অভাবের	1
পরিবারে	জন্মগ্রহণ	1
পরিবারে	পাঁচ	1
পরিবারের	সঙ্গে	2
পরিবারের	সদস্যরা	2
পরিবারের	কতজন	1
পরিবারের	মেয়ে	1
পরিবারের	সাথে	1
পরিবেশ	অধিদপ্তর	2
পরিবেশ	আদালতে	1
পরিবেশ	খারাপ	1
পরিবেশ	প্রশস্ত	1
পরিবেশ	বজায়	1
পরিবেশ	বাঁচান	1
পরিবেশকে	দূষিত	1
পরিবেশন	করুন	1
পরিবেশন	করে	1
পরিবেশন	করেন	1
পরিবেশভেদে	ভাষার	2
পরিবেশে	না	1
পরিবেশে	বাংলা	1
পরিবেশে	লালিত	1
পরিবেশের	কোনো	1
পরিবেশের	প্রধান	1
পরিবেশের	বিভিন্ন	1
পরিবেশের	ভারসাম্য	1
পরিবেশের	মাঝে	1
পরিবেষ্টিত	দেখতে	1
পরিমাণ	বৃদ্ধি	2
পরিমাণ	ওষুধের	1
পরিমাণ	কমে	1
পরিমাণ	গহনা	1
পরিমাণ	ঠিক	1
পরিমাণ	তুলনামূলক	1
পরিমাণে	পণ্য	1
পরিমাণে	পানি	1
পরিমাণে	বাংলাদেশের	1
পরিমাণে	রয়েছে	1
পরিমাণের	ভিত্তিতে	1
পরিমান	ঋণ	1
পরিমাপ	করা	1
পরিলক্ষিত	হয়	2
পরিশোধ	করতে	1
পরিশোধ	করা	1
পরিশোধের	মেয়াদ	1
পরিশ্রম	আর	1
পরিশ্রম	করে	1
পরিশ্রম	করেও	1
পরিশ্রম	করেছেন	1
পরিশ্রম	করো	1
পরিশ্রমী	ও	2
পরিশ্রমী	সে	1
পরিষদ	জরুরি	1
পরিষদ	নির্বাচন	1
পরিষদ	সদস্য	1
পরিষদের	প্রথম	1
পরিষদের	শর্তে	1
পরিষদের	সদস্য	1
পরিষ্কার	করে	4
পরিষ্কার	করুন	2
পরিষ্কার	যে	2
পরিষ্কার	আছে	1
পরিষ্কার	এবং	1
পরিষ্কার	নয়	1
পরিসংখ্যান	থেকে	3
পরিসংখ্যান	বিষয়ক	1
পরিসীমা	নেই	1
পরিস্কার	হয়ে	1
পরিস্থিতি	আগে	1
পরিস্থিতি	এখন	1
পরিস্থিতি	নিয়ে	1
পরিস্থিতি	বা	1
পরিস্থিতি	স্বাভাবিক	1
পরিস্থিতিতে	খাপ	1
পরিস্থিতিতে	পড়েছেন	1
পরিস্থিতিতে	রয়েছে	1
পরিস্থিতির	উন্নয়ন	1
পরিস্থিতির	মধ্যে	1
পরিস্থিতির	সৃষ্টি	1
পরিহার	করছিল	1
পরিহার	করে	1
পরিহিত	অবস্থায়	3
পরীক্ষা	কবে	2
পরীক্ষা	করা	2
পরীক্ষা	করে	2
পরীক্ষা	নিরীক্ষা	2
পরীক্ষা	করতে	1
পরীক্ষা	করার	1
পরীক্ষাটা	কঠিন	1
পরীক্ষায়	উত্তীর্ণ	7
পরীক্ষায়	নিজের	1
পরীক্ষায়	নির্ভুল	1
পরীক্ষায়	বেশি	1
পরীক্ষায়	ব্যর্থ	1
পরীক্ষায়	সবাই	1
পরীক্ষার	জন্য	1
পরীক্ষার	তারিখ	1
পরীক্ষার	ফলাফল	1
পরীক্ষার	মাধ্যমে	1
পরীক্ষার	রুটিন	1
পরীর	মতো	1
পরে	আমি	5
পরে	জিজ্ঞাসা	3
পরে	দেখা	3
পরে	আমরা	2
পরে	আর	2
পরে	এসেছিল	1
পরেই	আমাদের	1
পরেই	কনডম	1
পরেই	বাংলাদেশের	1
পরেই	বিশ্বের	1
পরেই	ব্যাট	1
পরেও	অন্যায়ের	1
পরেও	তাকে	1
পরেও	বিয়েটা	1
পরেও	যদি	1
পরেও	শেষ	1
পরের	দিন	3
পরের	ট্রেনটা	2
পরের	মাসে	2
পরের	সপ্তাহে	2
পরের	স্টপে	2
পরের	স্টেশনে	2
পরোক্ষভাবে	জড়িত	1
পরোক্ষভাবে	নিয়ন্ত্রণ	1
পরোয়া	করে	4
পরোয়া	করি	1
পরোয়া	করেন	1
পরোয়ানা	জারি	2
পর্তুগিজ	সুন্দর	1
পর্দা	নেই	1
পর্দা	ফেটে	1
পর্দা	বন্ধ	1
পর্দার	অন্তরালে	1
পর্ব	দেখেছো	2
পর্বত	জয়	1
পর্বতে	কিছু	1
পর্বতের	কাছাকাছি	1
পর্বতের	গুহায়	1
পর্বে	চ্যাম্পিয়ন	1
পর্বে	হবে	1
পর্বের	শেষে	1
পর্যটক	জাপান	1
পর্যন্ত	আবিষ্কৃত	2
পর্যন্ত	এখানে	2
পর্যন্ত	টি	2
পর্যন্ত	তার	2
পর্যন্ত	ওনাকে	1
পর্যন্ত	দয়া	1
পর্যবেক্ষণ	ও	1
পর্যবেক্ষণ	করবে	1
পর্যবেক্ষণ	করা	1
পর্যবেক্ষণ	করেছেন	1
পর্যবেক্ষণের	জন্য	1
পর্যাপ্ত	পানি	2
পর্যাপ্ত	সময়	2
পর্যাপ্ত	উদ্যোগ	1
পর্যাপ্ত	পরিমাণ	1
পর্যাপ্ত	পরিমাণে	1
পর্যাপ্ত	সুযোগ	1
পর্যাবৃত্ত	গতি	3
পর্যায়ে	এসে	3
পর্যায়ে	ফিরে	2
পর্যায়ে	তিনিই	1
পর্যায়ে	বেশি	1
পর্যায়ে	ভাগ	1
পর্যায়ের	লোকেদের	1
পর্যালোচনা	করার	1
পল	আজ	1
পলা	থাকে	1
পলি	দ্বারা	1
পশম	তুলে	1
পশু	অত্যন্ত	1
পশু	কোরবানির	1
পশু	পাখির	1
পশু	পালন	1
পশু	শিকারে	1
পশু	সম্পর্কিত	1
পশুদের	রাজ্যে	1
পশুর	ধর্ম	1
পশ্চিম	দিকে	4
পশ্চিম	তীরের	3
পশ্চিম	ইউরোপে	1
পশ্চিম	তীরে	1
পশ্চিম	পাকিস্তানের	1
পশ্চিম	সংযোগ	1
পশ্চিমা	বিশ্বের	1
পশ্চিমাদের	বিরোধিতা	1
পশ্চিমাদের	সামরিক	1
পশ্চিমে	অস্ত	2
পশ্চিমে	ভাগ	1
পশ্চিমে	রয়েছি	1
পহেলা	বৈশাখ	2
পা	চাটা	2
পা	ব্যাথা	2
পা	ঝুলিয়ে	1
পা	থাকে	1
পা	ধুয়ে	1
পা	রক্ষা	1
পাঁউরুটিটা	খেয়ে	3
পাঁচ	বছর	5
পাঁচ	টাকা	4
পাঁচ	দিনের	2
পাঁচ	মিনিট	2
পাঁচ	মিনিটের	2
পাঁচ	হাজার	2
পাঁচজন	স্থানীয়	1
পাঁচজনের	বিরুদ্ধে	1
পাঁচটা	সময়	1
পাঁচটি	গন্তব্যে	1
পাঁচটি	টাকা	1
পাঁচটি	ধাপে	1
পাঁচটি	প্রশ্নের	1
পাঁচটি	বস্তিতে	1
পাই	না	5
পাই	নি	1
পাইথন	শিখছি	1
পাইনি	বলেই	1
পাইলট	চেনেন	1
পাইলট	হতে	1
পাইলট	হয়েছিলেন	1
পাউন্ড	মাংস	1
পাও	কি	1
পাও	না	1
পাওনা	নেই	1
পাওনা	বুঝে	1
পাওয়া	যায়	20
পাওয়া	গেছে	7
পাওয়া	যাবে	6
পাওয়া	যাচ্ছে	4
পাওয়া	যায়নি	3
পাওয়া	সম্ভব	2
পাওয়াই	ভার	1
পাওয়ায়	দুধগুলো	1
পাওয়ায়	বিশ্ব	1
পাওয়ায়	বুকে	1
পাওয়ার	অন্যতম	1
পাওয়ার	কতদিন	1
পাওয়ার	কোম্পানি	1
পাওয়ার	পর	1
পাওয়ার	বিষয়টি	1
পাওয়ার	ব্যাংক	1
পাকা	কথা	2
পাকা	ছেলে	1
পাকা	ছেলেটার	1
পাকা	বন্দোবস্ত	1
পাকিয়ে	সে	1
পাকিস্তান	একটি	1
পাকিস্তান	এবং	1
পাকিস্তান	জিন্দাবাদ	1
পাকিস্তান	দীর্ঘজীবি	1
পাকিস্তান	প্রচার	1
পাকিস্তান	সরকার	1
পাকিস্তানে	ত্রিশ	1
পাকিস্তানে	পালিয়ে	1
পাকিস্তানে	বিনিয়োগ	1
পাকিস্তানে	রাজনৈতিক	1
পাকিস্তানে	সাম্প্রতিক	1
পাকিস্তানের	বিরুদ্ধে	2
পাকিস্তানের	অর্থনীতি	1
পাকিস্তানের	অর্থনৈতিক	1
পাকিস্তানের	গোয়েন্দা	1
পাকিস্তানের	প্রথম	1
পাকিস্তানের	লাহোর	1
পাখা	গজায়	1
পাখা	চায়	1
পাখি	উড়ে	1
পাখি	খায়	1
পাখি	গান	1
পাখি	গায়	1
পাখি	হতাম	1
পাখিটি	বাংলাদেশ	1
পাখিদের	দুটি	1
পাখিদের	দেহ	1
পাখিদের	বাসা	1
পাখিদের	রঙে	1
পাখিদের	সাহায্য	1
পাখির	ছানা	1
পাখির	মতো	1
পাখির	মৃতদেহ	1
পাখিরা	আকাশে	2
পাগল	হয়ে	4
পাগল	করে	1
পাগল	নন	1
পাগল	ভাবে	1
পাগল	মনে	1
পাগলে	কী	1
পাচার	করে	3
পাচার	একটি	1
পাচার	ও	1
পাচার	প্রতিরোধ	1
পাচার	হলো	1
পাচারের	শিকার	2
পাচারের	উদ্দেশ্যে	1
পাচ্ছি	না	3
পাচ্ছে	বাংলাদেশ	1
পাচ্ছে	ভারত	1
পাচ্ছো	কেন	1
পাচ্ছো	না	1
পাছা	চোদো	2
পাছা	দেখতে	2
পাছা	দেখাও	2
পাছা	আর	1
পাছা	চুদতে	1
পাছা	দেখে	1
পাছায়	ব্যথা	1
পাছায়	লাথি	1
পাছার	দিকে	1
পাছার	ভিতরে	1
পাছার	মধ্যে	1
পাজামা	খুলে	1
পাটা	নাড়াতে	1
পাঠ	অনুশীলনের	1
পাঠ	করছিলাম	1
পাঠ	করছিলেন	1
পাঠ	করলে	1
পাঠ	করে	1
পাঠ	শেষ	1
পাঠক	তাহলে	1
পাঠাতে	পারে	1
পাঠাতে	বলেছি	1
পাঠাতে	হবে	1
পাঠানো	হয়েছে	4
পাঠানো	প্রথম	1
পাঠানো	হচ্ছে	1
পাঠানো	হয়	1
পাঠানো	হোক	1
পাঠানোর	জন্য	1
পাঠানোর	দরকার	1
পাঠানোর	দিকে	1
পাঠানোর	নাম	1
পাঠানোর	নির্দেশ	1
পাঠানোর	সিদ্ধান্ত	1
পাঠাবে	বাংলাদেশ	1
পাঠিয়ে	দাও	1
পাঠিয়ে	দিন	1
পাঠিয়ে	দেয়	1
পাঠিয়েছে	জার্মানি	1
পাঠের	প্রয়োজনীয়তা	1
পাড়া	দিয়েছিলেন	1
পাড়ার	সব	1
পাড়ি	দেওয়ার	1
পাড়িয়ে	রেখে	1
পাত	মানে	1
পাতলা	পায়খানা	2
পাতলা	এবং	1
পাতলা	ও	1
পাতলা	করে	1
পাতলা	কাপড়	1
পাতা	আছে	2
পাতা	বন্ধ	2
পাতা	ঝড়ে	1
পাতা	নেই	1
পাতা	মাটিতে	1
পাতায়	আনুষ্ঠানিকভাবে	1
পাতায়	ছাপা	1
পাতায়	দেখা	1
পাতায়	পরিবেশন	1
পাতার	আলোচনায়	1
পাতাল	দখল	1
পাতাল	ব্যবধান	1
পাত্তা	দেন	1
পাত্তাই	দেয়	1
পাত্র	তেমনি	1
পাত্র	নয়	1
পাত্র	সাজাতে	1
পাত্রে	আগুন	1
পাত্রে	কাটা	1
পাত্রে	দিন	1
পাত্রের	দরকার	1
পাথর	ছোড়া	1
পাথর	হয়ে	1
পাথর	হাড়	1
পান	না	3
পান	করলে	2
পান	করা	2
পান	করি	2
পান	করে	2
পান	বাংলাদেশের	2
পাননি	এ	1
পানি	পান	5
পানি	ও	4
পানি	দূষণ	3
পানি	দূষিত	3
পানি	ব্যবহার	3
পানি	দূষণের	2
পানিই	জীবন	1
পানিই	ভালো	1
পানিকে	দূষিত	1
পানিকে	বিষাক্ত	1
পানিতে	আর্সেনিক	2
পানিতে	মিশে	2
পানিতে	আকাশে	1
পানিতে	ডুবে	1
পানিতে	ধুয়ে	1
পানিতে	ফেলা	1
পানিপথ	নামক	2
পানিপথের	তৃতীয়	2
পানির	সাথে	2
পানির	অপর	1
পানির	কারণে	1
পানির	প্রয়োজন	1
পানির	মাধ্যমে	1
পানীয়	ইত্যাদি	1
পানে	অভ্যস্ত	1
পানে	তাকিয়ে	1
পানের	কারণে	1
পাপ	কাজে	1
পাপ	পাপে	1
পাপ	হতো	1
পাপে	বিরত	1
পাপে	মৃত্যু	1
পাপের	ছায়ায়	1
পাপের	জন্য	1
পাব	কি	1
পাব	ডিজিটাল	1
পাব	বলতে	1
পাবনা	শহর	1
পাবলিক	ফোনটা	1
পাবে	বাংলাদেশ	2
পাবে	না	1
পাবে	মন্দ	1
পাবেন	আপনার	1
পাবেন	খাত	1
পাবেন	না	1
পাবো	আশা	1
পাবো	এখন	1
পায়	না	6
পায়	নি	2
পায়	এবং	1
পায়	কিন্তু	1
পায়	তাই	1
পায়	বলে	1
পায়খানা	করো	1
পায়খানা	শক্ত	1
পায়খানা	হচ্ছে	1
পায়খানা	হয়	1
পায়খানা	হয়েছিল	1
পায়ে	হেঁটে	4
পায়ে	ব্যাথা	2
পায়ে	ঘা	1
পায়ে	পাড়া	1
পায়ে	পানি	1
পায়ের	গোড়ালিতে	1
পায়ের	পাতা	1
পায়ের	রগ	1
পায়ের	শব্দ	1
পায়ের	হাড়	1
পার	হয়ে	4
পার	হওয়ার	2
পার	হতে	2
পার	তাই	1
পার	পারবো	1
পার	পেয়ে	1
পারছ	না	1
পারছি	না	30
পারছি	কিন্তু	1
পারছি	সে	1
পারছিলাম	না	6
পারছে	না	7
পারছেন	না	1
পারছো	আমার	1
পারছো	তবে	1
পারত	না	2
পারতাম	কিন্তু	4
পারতাম	না	4
পারতো	না	1
পারদর্শী	তাদেরকেই	1
পারব	না	14
পারবে	না	21
পারবে	কেন	1
পারবেন	না	9
পারবেন	অন্য	1
পারবেন	সেই	1
পারবো	না	11
পারবো	কি	1
পারভেজ	জানান	1
পারমাণবিক	সংখ্যা	3
পারমাণবিক	অস্ত্র	2
পারমাণবিক	স্থাপনা	2
পারমাণবিক	শক্তিধর	1
পারমাণবিক	হামলার	1
পারমানবিক	শক্তি	1
পারল	সে	1
পারলাম	না	9
পারলে	খুশি	2
পারলে	আমি	1
পারলে	এই	1
পারলে	জীবন	1
পারলে	ঠেকা	1
পারলে	মানুষের	1
পারলেই	কাজ	1
পারলেই	সে	1
পারলেন	আমান্ডা	1
পারলেন	না	1
পারলো	না	1
পারস্পরিক	লজ্জার	1
পারস্পরিক	সম্পর্ক	1
পারস্য	অঞ্চলে	1
পারস্য	বাহিনী	1
পারার	কারণে	1
পারি	না	24
পারি	কিন্তু	5
পারি	যে	3
পারি	কি	1
পারি	ডিজিটাল	1
পারি	তো	1
পারিনি	উনি	1
পারিনি	কারণ	1
পারিনি	যে	1
পারিপার্শ্বিকের	তাপমাত্রার	2
পারিবারিক	ব্যবসা	1
পারিবারিক	সামাজিক	1
পারে	না	33
পারে	বলে	3
পারে	এবং	2
পারে	ও	2
পারে	তা	2
পারে	সে	2
পারেন	না	4
পারেন	যে	4
পারেন	নি	2
পারেন	সে	2
পারেন	তাই	1
পারেন	সেটা	1
পারেননি	তারা	1
পারেননি	ভারতীয়	1
পারেননি	স্ত্রী	1
পারেনি	যাতে	1
পারো	না	4
পারো	নি	2
পারো	আমায়	1
পারো	যে	1
পার্ক	ও	2
পার্ক	স্ট্রিটে	1
পার্ক	স্ট্রিটের	1
পার্কে	অনেক	2
পার্কে	খেলছি	1
পার্কে	খেলতাম	1
পার্কে	ঘুরতে	1
পার্কে	নিয়ে	1
পার্টনার	কান্ট্রি	1
পার্টিতে	না	4
পার্টিতে	কতজন	1
পার্টিতে	যেতে	1
পার্টিতে	রিমাকে	1
পার্টির	আয়োজন	1
পার্টির	চেয়ারম্যান	1
পার্টির	নেতা	1
পার্টির	প্রেস	1
পার্থক্য	আছে	2
পার্থক্য	আপনি	1
পার্থক্য	কম	1
পার্থক্য	কী	1
পার্থক্য	হয়	1
পার্বত্য	এলাকা	1
পার্লামেন্ট	বিলুপ্ত	1
পার্শ্ব	থেকে	1
পার্শ্ব	প্রতিক্রিয়া	1
পাল	বংশ	2
পাল	বংশের	2
পাল	রাজাদের	2
পাল	সাম্রাজ্যের	1
পালং	শাক	2
পালকে	ঢাকা	1
পালটাতে	চাই	2
পালটে	ফেলেছি	1
পালন	করে	10
পালন	করতে	6
পালন	করেন	6
পালন	করা	4
পালন	করার	3
পালন	করেছে	2
পালনে	নিয়োজিত	1
পালসার	মোটর	4
পালাও	না	1
পালাতে	চায়	1
পালানো	কাপুরুষের	1
পালালে	বুদ্ধি	1
পালিত	হয়েছে	2
পালিত	দুটি	1
পালিত	হয়	1
পালিয়ে	গেছিলাম	2
পালিয়ে	যাওয়ার	2
পালিয়ে	যায়	2
পালিয়ে	গেছে	1
পালিয়ে	পালিয়ে	1
পালিয়ে	যান	1
পালে	যতই	1
পাল্টা	আঘাত	1
পাল্টা	হামলা	1
পাল্টাতে	চাই	1
পাল্টাতে	হবে	1
পাল্টে	উহাই	1
পাল্টে	গেল	1
পাল্টে	নিয়েছে	1
পাল্টে	যাচ্ছে	1
পাশ	দিয়ে	2
পাশ	করতেই	1
পাশাপাশি	অন্যান্য	2
পাশাপাশি	তিনি	2
পাশাপাশি	যোনিপথে	2
পাশাপাশি	টেলিভিশনে	1
পাশাপাশি	টেলিভিশনের	1
পাশাপাশি	দুটি	1
পাশে	বসলে	3
পাশে	শুয়ে	3
পাশে	গিয়ে	2
পাশে	আরেকটি	1
পাশে	চেয়ারে	1
পাশে	থাকছে	1
পাশেই	ছিল	1
পাশেই	ছিলাম	1
পাশের	ঘরে	1
পাশের	বাড়িতে	1
পাশের	বাড়ির	1
পাশের	মিটার	1
পাশের	সাথে	1
পাস	করার	1
পাস	কোর্স	1
পাসওয়ার্ড	মনে	2
পাসওয়ার্ড	হিসেবে	2
পাসওয়ার্ড	দিতে	1
পাসপোর্ট	দেখাতে	2
পাসপোর্ট	বাতিল	1
পাসপোর্ট	হারিয়ে	1
পাসপোর্টটি	দেখাবেন	2
পাসপোর্টের	মেয়াদ	1
পাস্তা	খাই	1
পাস্তা	খায়	1
পাহাড়	গড়তে	1
পাহাড়	দ্বিতীয়	1
পাহাড়	নিচু	1
পাহাড়	পর্বতের	1
পাহাড়	বরাবর	1
পাহাড়ে	ছিলাম	1
পাহাড়ে	যাচ্ছি	1
পাহাড়ের	উপত্যকায়	1
পাহাড়ের	কোলে	1
পাহাড়ের	গুহায়	1
পাহারা	দেব	1
পিকনিক	আনন্দের	1
পিকনিক	উপভোগ	1
পিচ্ছিল	থাকে	1
পিছনে	নেতৃত্বের	1
পিছনে	পড়বেই	1
পিছনে	ফাঁপা	1
পিছিয়ে	আছে	3
পিছিয়ে	নেই	1
পিছিয়ে	পড়া	1
পিছিয়ে	শুধু	1
পিছু	ছাড়ে	1
পিছু	তাড়া	1
পিছেই	কারণ	1
পিছের	তুমি	1
পিজ্জা	পছন্দ	1
পিজ্জা	ভাল	1
পিজ্জা	ভালবাসে	1
পিটার	আমার	1
পিঠ	এখনো	1
পিঠ	বা	1
পিঠ	ব্যাথা	1
পিঠা	খাওয়ার	1
পিঠা	তৈরি	1
পিঠে	ভর	1
পিঠের	দিকে	1
পিতা	মাতা	2
পিতা	চীনে	1
পিতা	তোমার	1
পিতা	হন	1
পিতার	নাম	1
পিপাসা	পেলে	1
পিয়ানো	বাজাতে	4
পিয়ানো	বাজাই	1
পিয়ানো	বাজাচ্ছে	1
পিয়ানোটা	তুলতে	4
পিল	নিয়ে	1
পিল	শরীরের	1
পিস	এখন	1
পুঁতে	ও	1
পুকুরে	মাছ	1
পুকুরের	কাছে	1
পুচ্ছ	নাড়িয়ে	1
পুজা	হয়	1
পুজো	এলেই	1
পুড়তে	থাকা	1
পুড়িয়ে	হত্যা	3
পুড়িয়ে	দেয়	1
পুড়িয়ে	মেরেছে	1
পুড়ে	মারা	2
পুড়ে	গেছে	1
পুড়ে	ঝলসে	1
পুড়ে	যাচ্ছিল	1
পুড়ে	যাবেন	1
পুড়ে	যায়	1
পুতুল	একটু	1
পুত্র	আছে	1
পুত্র	জন্মগ্রহণ	1
পুত্র	সন্তান	1
পুত্রকে	খুঁজে	1
পুত্রকে	তুমি	1
পুত্রকে	দান	1
পুত্রদের	সাথে	1
পুনরাবৃত্তি	করে	1
পুনরায়	অবদান	1
পুনরায়	চালু	1
পুনরায়	দখল	1
পুনরায়	দুইটি	1
পুনরায়	মিলিত	1
পুনরায়	সহবাস	1
পুনরুজ্জীবিত	করা	1
পুনরুদ্ধার	করেছেন	1
পুনর্বাসন	কর্মকর্তা	1
পুনর্বিবেচনা	করা	1
পুরনো	চাল	1
পুরষ্কার	পাওয়ার	1
পুরষ্কার	হিসেবে	1
পুরস্কার	এবং	1
পুরস্কার	জিতবেন	1
পুরস্কার	দুইবার	1
পুরস্কার	লাভ	1
পুরস্কার	হিসেবে	1
পুরাতন	কবরস্থানের	1
পুরাতন	কাপড়	1
পুরাতন	ভবনে	1
পুরাতন	হাসপাতালে	1
পুরানো	বাড়িটা	2
পুরানো	কম্পিউটার	1
পুরানো	বোতল	1
পুরানো	মন্দির	1
পুরানো	সিনেমা	1
পুরুষ	ও	3
পুরুষ	তার	1
পুরুষ	নারীর	1
পুরুষ	যদি	1
পুরুষ	যে	1
পুরুষ	সাধারনত	1
পুরুষকে	হত্যা	1
পুরুষদের	উৎসাহ	1
পুরুষদের	কোনো	1
পুরুষরা	শারীরিকভাবে	1
পুরুষের	সাথে	2
পুরুষের	উপরে	1
পুরুষের	বা	1
পুরুষের	বীর্য	1
পুরো	নাম	3
পুরো	এক	2
পুরো	বাক্যটি	2
পুরো	বিশ্বকে	2
পুরো	তিন	1
পুরো	বাড়ির	1
পুরোটা	ঢুকিয়ে	1
পুরোটা	পরেছিস	1
পুরোটা	পরেছেন	1
পুরোটা	পরেছো	1
পুরোটাই	ফেলে	1
পুরোনো	এক	1
পুরোনো	বন্ধু	1
পুরোনো	মন্দির	1
পুরোপুরি	একমত	2
পুরোপুরি	অর্থ	1
পুরোপুরি	আমার	1
পুরোপুরি	দিয়ে	1
পুরোপুরি	ভারতের	1
পুরোপুরিই	আমার	1
পুর্ব	আর	1
পুলিশ	তাকে	6
পুলিশ	এসে	3
পুলিশ	এখানে	2
পুলিশ	কি	2
পুলিশ	কোথায়	2
পুলিশ	ডাকো	2
পুলিশকে	কল	1
পুলিশকে	চুদি	1
পুলিশকে	সত্য	1
পুলিশকে	সম্পূর্ণ	1
পুলিশে	আসতে	1
পুলিশে	খবর	1
পুলিশের	কাছে	2
পুলিশের	অপরাধ	1
পুলিশের	কাছ	1
পুলিশের	থেকে	1
পুলিশের	সাথে	1
পুষে	থাকে	1
পুষ্টি	উপাদান	1
পুষ্টিকর	খাদ্য	1
পুষ্টিকর	খাবার	1
পূজা	করতে	1
পূজা	করার	1
পূজার	উল্লেখ	1
পূজার	ভিন্ন	1
পূজারী	নই	1
পূরণ	করা	4
পূরণ	করার	2
পূরণ	হবে	2
পূরণ	হয়নি	2
পূরণ	করবেন	1
পূরণ	করুন	1
পূরণে	খাদ্য	1
পূরণে	চেষ্টা	1
পূরণের	ক্ষেত্রে	1
পূরণের	জন্য	1
পূরণের	ব্যর্থতা	1
পূরণের	মাধ্যমে	1
পূর্ণ	না	1
পূর্ণ	পরিবেশে	1
পূর্ণ	হউক	1
পূর্ণ	হতে	1
পূর্ণতা	পেতো	1
পূর্ণবয়স্ক	ব্যক্তি	1
পূর্ব	দিকে	3
পূর্ব	এশিয়ায়	2
পূর্ব	এশিয়ার	2
পূর্ব	তিমুর	2
পূর্ব	ইউরোপীয়	1
পূর্ব	জোনে	1
পূর্বক	দাবী	1
পূর্বদিকে	অগ্রসর	1
পূর্বদিকে	উদয়	1
পূর্বদিকে	সূর্য	1
পূর্বপুরুষ	বনে	1
পূর্বাভাস	দিয়েছে	1
পূর্বাভাস	পাওয়া	1
পূর্বাভাস	সঠিক	1
পূর্বে	অবস্থিত	2
পূর্বে	আপনি	1
পূর্বে	একে	1
পূর্বে	ও	1
পূর্বে	প্রাচীন	1
পূর্বে	রোগী	1
পৃথক	করেছে	1
পৃথক	নির্বাচনের	1
পৃথিবী	সৃষ্টি	2
পৃথিবী	জুড়ে	1
পৃথিবী	বদলাচ্ছে	1
পৃথিবী	বদলে	1
পৃথিবী	মহা	1
পৃথিবীকে	আলো	1
পৃথিবীকে	বসবাসযোগ্য	1
পৃথিবীকে	ভুলে	1
পৃথিবীতে	অনেক	2
পৃথিবীতে	আসেন	1
পৃথিবীতে	ত্রিশ	1
পৃথিবীতে	পাঠিয়েছেন	1
পৃথিবীতে	বসন্ত	1
পৃথিবীতে	বাস	1
পৃথিবীতেই	জান্নাতের	1
পৃথিবীর	ইতিহাসে	2
পৃথিবীর	বৃহত্তম	2
পৃথিবীর	সব	2
পৃথিবীর	এই	1
পৃথিবীর	ছাদ	1
পৃষ্ঠ	অনুসন্ধান	1
পেঁয়াজ	আনবেন	1
পেঁয়াজ	আমদানির	1
পেঁয়াজ	ও	1
পেঁয়াজ	কতগুলো	1
পেঁয়াজ	থেকে	1
পেঁয়াজ	রসুন	1
পেঁয়াজের	দাম	1
পেছন	থেকে	1
পেছনে	যেত	4
পেছনে	পেছনে	3
পেছনে	আছে	1
পেছনে	দেখুন	1
পেছনে	বড়	1
পেছনে	যেতে	1
পেট	ব্যথা	4
পেট	ব্যাথা	3
পেট	চুলকানির	2
পেট	ব্যথার	2
পেট	ভরে	2
পেটাতে	পারি	1
পেটে	ব্যথার	1
পেটের	উপরের	1
পেটের	নিচে	1
পেট্রোল	বোমা	1
পেত	না	1
পেতে	পারি	9
পেতে	হলে	2
পেতে	থাকবে	1
পেতে	রাখবেন	1
পেতে	সহজ	1
পেতে	হবে	1
পেন	হবে	2
পেন্টাগনে	কাজ	1
পেন্সিল	ব্যবহার	1
পেপার	ও	1
পেয়ে	আসামী	2
পেয়ে	আমাদের	1
পেয়ে	ছিলাম	1
পেয়ে	থাকি	1
পেয়ে	যাবেন	1
পেয়েছ	কি	1
পেয়েছ	যে	1
পেয়েছি	এবারের	1
পেয়েছি	তা	1
পেয়েছিল	বলে	1
পেয়েছে	এখানে	1
পেয়েছে	কিন্তু	1
পেয়েছে	ট্রাস্ট	1
পেয়েছে	পুলিশের	1
পেয়েছেন	আরেকবার	1
পেয়েছেন	তাঁদের	1
পেয়েছেন	বলে	1
পেয়েছেন	বাংলাদেশের	1
পেয়েছো	না	1
পেরিয়ে	গেছে	2
পেরে	কৃতজ্ঞ	1
পেরে	বেঁকে	1
পেরে	সরতে	1
পেরেছে	বলেই	1
পেরেছেন	যারা	1
পেরেশান	হওয়ার	1
পেরেশান	হবেন	1
পেল	না	1
পেল	যে	1
পেলাম	না	4
পেলে	অস্ট্রেলিয়া	1
পেলে	গাছ	1
পেলে	তুমি	1
পেলে	দার্শনিক	1
পেলে	মরে	1
পেলেই	চিৎকার	1
পেলেই	মনটা	1
পেলেই	সে	1
পেলেও	অন্যান্য	1
পেলেও	এখনো	1
পেলেন	কিন্তু	1
পেলো	না	1
পেশ	করা	1
পেশ	করার	1
পেশ	করেন	1
পেশা	হিসেবে	2
পেশা	কী	1
পেশা	ছিল	1
পেশা	নির্বাচনের	1
পেশা	বলা	1
পেশা	যার	1
পেশাজীবী	সংগঠন	1
পেশায়	আধুনিক	1
পেশায়	আমি	1
পেশায়	মার্কেটিং	1
পেশার	মানুষের	1
পেশার	সন্ধান	1
পেশির	মতো	1
পৈতৃক	সম্পত্তি	1
পোকামাকড়	খেয়ে	1
পোকামাকড়ের	হাত	1
পোকার	আক্রমণে	1
পোড়া	অবস্থায়	2
পোড়ানোর	চেয়েও	1
পোপ	ফ্রান্সিস	1
পোল্যান্ড	পৌঁছানো	1
পোল্যান্ডের	নির্বাচনের	1
পোশাক	রপ্তানিতে	3
পোশাক	খাত	1
পোশাক	দেখেন	1
পোশাক	পরতে	1
পোশাক	পরে	1
পোশাক	ব্যবহার	1
পোশাকটা	অন্য	1
পোশাকে	বেশ	1
পোশাকের	কথা	1
পোশাকের	কদর	1
পোশাকের	মধ্যে	1
পোশাকের	রপ্তানি	1
পোষণ	করতেন	1
পোষণ	করে	1
পোষণ	করেছেন	1
পোষা	বাঘ	1
পোষা	বিড়াল	1
পোষা	সাপ	1
পোস্ট	তৈরি	1
পোস্ট	দিয়ে	1
পোস্ট	হয়	1
পোস্টার	লাগিয়ে	1
পোস্টার	হলে	1
পৌঁছতে	পারেননি	1
পৌঁছাতে	পারে	2
পৌঁছানো	যাচ্ছে	2
পৌঁছানো	প্রয়োজন	1
পৌঁছানো	যাবে	1
পৌঁছানোর	জন্য	1
পৌঁছে	আমাদের	1
পৌঁছে	গেছে	1
পৌঁছে	গেল	1
পৌঁছে	যাব	1
পৌঁছেছে	তাদের	1
পৌছাতে	আর	1
পৌছাতে	পারি	1
পৌছানোর	জন্য	1
পৌছে	দেয়	1
পৌনে	আটটা	1
পৌনে	দুটো	1
প্যাকেজ	আছে	1
প্যাকেজ	দিচ্ছে	1
প্যাকেট	সিগারেট	1
প্যাটার্ন	থাকে	1
প্যাটেলের	বিরুদ্ধে	2
প্যানকেক	বানিয়েছিলাম	1
প্যানা	কট্টা	2
প্যানেলের	স্ক্রিনে	1
প্যান্ট	পরে	1
প্যান্ট	পাজামা	1
প্যান্ট	ভিজিয়ে	1
প্যান্ট	ভুল	1
প্যান্টে	চাপা	1
প্যান্টের	চেইন	1
প্যারিস	গেছে	2
প্যারিস	জলবায়ু	2
প্যারিস	যাচ্ছি	1
প্যারিসে	আমাদের	1
প্যারিসে	গিয়ে	1
প্যারিসে	নির্দেশ	1
প্যারিসে	যাইনি	1
প্যারিসের	পতন	1
প্রকল্প	পাতার	1
প্রকল্পে	কত	2
প্রকল্পের	অধীনে	1
প্রকল্পের	একটি	1
প্রকল্পের	ওপর	1
প্রকল্পের	কাজ	1
প্রকল্পের	বাজেটের	1
প্রকার	অসুস্থতা	1
প্রকার	বিচ্ছিন্ন	1
প্রকার	ভাবনা	1
প্রকাশ	করেছে	5
প্রকাশ	করা	3
প্রকাশ	করে	3
প্রকাশ	করেছেন	2
প্রকাশ	ঘটে	2
প্রকাশিত	হয়	4
প্রকাশিত	হয়েছে	3
প্রকাশিত	হবে	2
প্রকাশিত	মাসিক	1
প্রকাশিত	হচ্ছে	1
প্রকাশিত	হলো	1
প্রকাশে	মান	1
প্রকাশের	স্বাধীনতা	6
প্রকাশের	পর	2
প্রকাশের	স্বাধীনতার	2
প্রকাশের	অধিকার	1
প্রকাশের	জন্য	1
প্রকাশের	প্রধান	1
প্রকাশ্য	আদালতে	1
প্রকাশ্যে	ফিলিস্তিনকে	2
প্রকাশ্যে	গান	1
প্রকাশ্যে	যে	1
প্রকাশ্যে	স্বীকার	1
প্রকৃত	প্রতিষ্ঠাতা	2
প্রকৃত	বন্ধু	2
প্রকৃত	নাম	1
প্রকৃত	মানুষে	1
প্রকৃতপক্ষে	বাংলাদেশের	1
প্রকৃতি	অনুসারে	1
প্রকৃতি	আর	1
প্রকৃতি	মানুষ	1
প্রকৃতি	সুপ্ত	1
প্রকৃতিকে	কেন্দ্র	1
প্রকৃতিতে	কিছুই	1
প্রকৃতির	এক	1
প্রকৃতির	ছেলে	1
প্রকৃতির	প্রতিশোধ	1
প্রকৃতির	ভারসাম্য	1
প্রকৃতির	স্বাভাবিক	1
প্রকৌশল	বিশ্ববিদ্যালয়ে	1
প্রক্রিয়া	হলো	2
প্রক্রিয়া	চলাকালীন	1
প্রক্রিয়া	দ্রুত	1
প্রক্রিয়া	যার	1
প্রক্রিয়া	শেষ	1
প্রক্রিয়ায়	আমরা	1
প্রক্রিয়ায়	জীব	1
প্রক্রিয়ায়	নির্বাচনের	1
প্রক্রিয়ায়	সম্পন্ন	1
প্রক্রিয়ায়	সাধিত	1
প্রক্রিয়ার	নাম	1
প্রক্রিয়ার	প্রশংসা	1
প্রক্রিয়ার	বিজ্ঞানসম্মত	1
প্রখ্যাত	অভিনেতা	1
প্রচণ্ড	গরমে	1
প্রচণ্ড	ব্যথা	1
প্রচলন	আছে	1
প্রচলন	করেন	1
প্রচলন	ছিল	1
প্রচলিত	ছিল	2
প্রচলিত	ব্যাংকিং	2
প্রচলিত	রয়েছে	2
প্রচলিত	অর্থনৈতিক	1
প্রচলিত	অর্থে	1
প্রচার	করা	4
প্রচার	ও	2
প্রচার	এবং	1
প্রচার	করেছে	1
প্রচার	লাভ	1
প্রচার	সহযোগী	1
প্রচারণা	ও	1
প্রচারণা	চালানোর	1
প্রচারিত	ইসলাম	1
প্রচারে	অংশ	2
প্রচারের	দায়ে	1
প্রচুর	কাজ	1
প্রচুর	গুণ	1
প্রচুর	ঝাকুনি	1
প্রচুর	সম্ভাবনার	1
প্রচুর	সুযোগ	1
প্রচেষ্টা	অব্যাহত	1
প্রচেষ্টা	বৃথা	1
প্রচেষ্টা	সফল	1
প্রজনন	ক্ষমতা	1
প্রজনন	পদ্ধতি	1
প্রজনন	প্রক্রিয়ায়	1
প্রজন্মের	কোর	1
প্রজাতি	নিয়ে	1
প্রজাতির	প্রাণীর	2
প্রজাতির	বৈশিষ্ট্য	2
প্রজাতির	কুকুর	1
প্রণয়ন	এবং	1
প্রণয়ন	করা	1
প্রণয়ন	কর্মকাণ্ড	1
প্রতারণা	করত	1
প্রতারণা	করে	1
প্রতারণার	অভিযোগ	1
প্রতারণার	মাধ্যমে	1
প্রতারণার	শিকার	1
প্রতারিত	না	1
প্রতি	কেজি	2
প্রতি	বড্ড	2
প্রতি	ভ্রাতৃত্বসুলভ	2
প্রতি	আচরন	1
প্রতি	চার	1
প্রতি	সম্মান	1
প্রতিকূলতা	অতিক্রম	2
প্রতিক্রিয়া	করা	1
প্রতিক্রিয়া	তৈরি	1
প্রতিক্রিয়া	হতে	1
প্রতিচ্ছবি	ভয়ঙ্কর	1
প্রতিটা	পর্বের	1
প্রতিটি	কোণ	2
প্রতিটি	বস্তুকণা	2
প্রতিটি	মানুষকে	2
প্রতিটি	কাজের	1
প্রতিটি	লেকচার	1
প্রতিটি	শাখায়	1
প্রতিদান	দেবে	1
প্রতিদিন	এক	3
প্রতিদিন	বাজারে	3
প্রতিদিন	সকালে	3
প্রতিদিন	ত্রিশ	1
প্রতিদিন	পান	1
প্রতিদিনই	গোসল	1
প্রতিদিনই	নতুন	1
প্রতিদিনের	কাজের	1
প্রতিদিনের	বিক্রির	1
প্রতিদ্বন্দ্বিতা	করার	1
প্রতিদ্বন্দ্বী	দুই	2
প্রতিদ্বন্দ্বী	এম	1
প্রতিনিধি	দলের	1
প্রতিনিধি	হিসেবে	1
প্রতিনিধিত্ব	অব্যাহত	1
প্রতিনিধিত্ব	করার	1
প্রতিনিয়ত	আবাসস্থল	1
প্রতিনিয়ত	নির্যাতনের	1
প্রতিনিয়ত	মানুষের	1
প্রতিপক্ষের	লোকজনের	1
প্রতিফলন	দেখা	1
প্রতিফলিত	করে	2
প্রতিবছর	কম্পিউটার	1
প্রতিবছর	প্রায়	1
প্রতিবছর	যাই	1
প্রতিবন্ধকতা	যা	1
প্রতিবন্ধী	ব্যক্তির	1
প্রতিবাদ	করে	3
প্রতিবাদ	করছেন	1
প্রতিবাদ	জানানো	1
প্রতিবাদ	তুলে	1
প্রতিবার	পার	1
প্রতিবার	ব্যবহারের	1
প্রতিবেদন	প্রস্তুত	4
প্রতিবেদন	প্রকাশিত	2
প্রতিবেদন	জরুরি	1
প্রতিবেদন	পাওয়ার	1
প্রতিবেদন	প্রকাশের	1
প্রতিবেদন	যদিও	1
প্রতিবেদনটি	সম্পর্কে	2
প্রতিবেদনে	জানানো	1
প্রতিবেদনে	জানিয়েছিলাম	1
প্রতিবেদনে	তার	1
প্রতিবেদনে	বলা	1
প্রতিবেদনে	বাংলাদেশের	1
প্রতিবেদনের	ওপর	1
প্রতিবেশী	আরব	1
প্রতিবেশী	পারস্য	1
প্রতিবেশীর	নিকট	2
প্রতিভা	দিয়ে	1
প্রতিভা	বলে	1
প্রতিভা	বিকশিত	1
প্রতিভাবান	শাসক	1
প্রতিভাবানদের	জীবনেও	1
প্রতিভার	প্রয়োজন	1
প্রতিযোগিতা	এবং	1
প্রতিযোগিতা	ও	1
প্রতিযোগিতা	ভাল	1
প্রতিযোগিতায়	অংশ	1
প্রতিযোগিতায়	চ্যাম্পিয়ন	1
প্রতিযোগিতায়	টিকে	1
প্রতিযোগিতার	আয়োজন	1
প্রতিযোগিতার	এ	1
প্রতিযোগী	দেশ	1
প্রতিরক্ষা	ও	1
প্রতিরক্ষা	বাহিনী	1
প্রতিরক্ষা	ব্যবস্থা	1
প্রতিরক্ষা	ভেদ	1
প্রতিরক্ষা	মন্ত্রণালয়	1
প্রতিরক্ষা	শক্ত	1
প্রতিরোধ	ও	2
প্রতিরোধ	আইনে	1
প্রতিরোধ	করেননি	1
প্রতিরোধের	ক্ষমতা	1
প্রতিশোধ	নিয়ে	1
প্রতিশোধ	নেওয়া	1
প্রতিশোধ	নেওয়ার	1
প্রতিশোধ	নেয়ার	1
প্রতিশোধের	পরিণতি	1
প্রতিশ্রুতি	দিয়েছিলেন	2
প্রতিশ্রুতি	অনুযায়ী	1
প্রতিশ্রুতি	দিলাম	1
প্রতিশ্রুতি	দেন	1
প্রতিশ্রুতি	দেয়	1
প্রতিশ্রুতি	পালন	1
প্রতিশ্রুতির	অংশ	1
প্রতিষেধক	এখন	1
প্রতিষ্ঠা	করে	4
প্রতিষ্ঠা	করেন	2
প্রতিষ্ঠা	ও	1
প্রতিষ্ঠা	থেকে	1
প্রতিষ্ঠা	বার্ষিকী	1
প্রতিষ্ঠা	হলে	1
প্রতিষ্ঠাতা	মার্ক	2
প্রতিষ্ঠাতা	বলা	1
প্রতিষ্ঠাতা	রাজা	1
প্রতিষ্ঠান	ও	4
প্রতিষ্ঠান	আদৌ	1
প্রতিষ্ঠান	জনতা	1
প্রতিষ্ঠান	বিদেশি	1
প্রতিষ্ঠানে	পেশাদার	1
প্রতিষ্ঠানে	লাল	1
প্রতিষ্ঠানের	আর্থিক	4
প্রতিষ্ঠানের	শেয়ার	4
প্রতিষ্ঠানের	এন্ট্রি	1
প্রতিষ্ঠানের	পাশাপাশি	1
প্রতিষ্ঠানের	মুনাফা	1
প্রতিষ্ঠার	পর	3
প্রতিষ্ঠার	অন্যতম	1
প্রতিষ্ঠার	দাবি	1
প্রতিষ্ঠার	লক্ষ্য	1
প্রতিষ্ঠার	সময়ের	1
প্রতিষ্ঠিত	হয়	7
প্রতিষ্ঠিত	বাংলা	1
প্রতিষ্ঠিত	ব্যবসায়ী	1
প্রতিষ্ঠিত	হচ্ছে	1
প্রতিষ্ঠিত	হবে	1
প্রতিষ্ঠিত	হয়েছিল	1
প্রতিস্থাপন	বেশি	1
প্রতিস্থাপিত	হবে	1
প্রতিস্থাপিত	হয়েছিলো	1
প্রতিহত	করতে	2
প্রতিহত	এবং	1
প্রতিহিংসা	ও	1
প্রতিহিংসা	খুব	1
প্রতীকের	এজেন্টদের	1
প্রত্নতাত্ত্বিক	নিদর্শন	1
প্রত্নতাত্ত্বিক	স্থান	1
প্রত্যক্ষ	ও	2
প্রত্যক্ষ	করত	1
প্রত্যক্ষ	কোন	1
প্রত্যক্ষ	বিষয়	1
প্রত্যক্ষ	রাজনীতি	1
প্রত্যক্ষ	সাক্ষ্য	1
প্রত্যক্ষভাবে	সমাজ	1
প্রত্যাখ্যান	করবে	1
প্রত্যাশা	অনেক	1
প্রত্যাশা	করেছেন	1
প্রত্যেক	নাগরিকের	2
প্রত্যেক	ধর্মই	1
প্রত্যেক	মুসলমান	1
প্রত্যেক	শনিবার	1
প্রত্যেককে	দিক	1
প্রত্যেকটি	আর্থিক	1
প্রত্যেকটি	রোগীকে	1
প্রত্যেকদিন	বাজারে	1
প্রত্যেকদিন	বেহালা	1
প্রত্যেকদিন	ভাত	1
প্রত্যেকদিন	সকালে	1
প্রত্যেকে	এটা	1
প্রত্যেকে	ওখানে	1
প্রত্যেকে	তার	1
প্রত্যেকে	যদি	1
প্রত্যেকে	সেটা	1
প্রত্যেকেই	পরস্পরের	1
প্রত্যেকের	মধ্যেই	1
প্রত্যেকেরই	উচিত	1
প্রত্যেকেরই	শক্তিশালী	1
প্রথম	আলো	3
প্রথম	আলোর	3
প্রথম	পক্ষের	2
প্রথম	বন্ধু	2
প্রথম	যেদিন	2
প্রথম	সম্পাদনা	2
প্রথমত	আমি	1
প্রথমতঃ	দোকানে	1
প্রথমবার	পরার	2
প্রথমবার	না	1
প্রথমবার	নুডলস	1
প্রথমবার	যৌন	1
প্রথমবারের	মতো	5
প্রথমে	যাও	2
প্রথমে	যান	2
প্রথমে	আমি	1
প্রথমে	তাঁরা	1
প্রথমে	যেতে	1
প্রথা	নিয়ম	2
প্রথা	বিলোপ	2
প্রথা	নারীকে	1
প্রথা	প্রচলিত	1
প্রথা	প্রবর্তন	1
প্রথার	বিরুদ্ধে	2
প্রথার	কারণে	1
প্রথার	নেতিবাচক	1
প্রথার	ফলে	1
প্রথার	সাথে	1
প্রদক্ষিণ	করে	2
প্রদক্ষিণ	করেছিল	1
প্রদত্ত	নয়	1
প্রদত্ত	সকল	1
প্রদর্শন	কর	1
প্রদর্শন	করছেন	1
প্রদর্শন	করাই	1
প্রদর্শন	করার	1
প্রদর্শন	করেও	1
প্রদর্শন	করেন	1
প্রদর্শনীর	জন্য	1
প্রদর্শনের	জন্য	1
প্রদান	করা	9
প্রদান	করে	8
প্রদান	করেন	5
প্রদান	করতে	3
প্রদান	করেছে	3
প্রদান	ও	2
প্রদানের	জন্য	4
প্রদানের	অনুরোধ	1
প্রদানের	চার	1
প্রদানের	প্রক্রিয়া	1
প্রদানের	বিনিময়ে	1
প্রদানের	লক্ষ্যে	1
প্রদীপ	কুমার	1
প্রদীপ	জ্বালানো	1
প্রদীপ	নিভে	1
প্রদেশে	গ্রামে	1
প্রদেশের	প্রথম	1
প্রধান	অতিথির	4
প্রধান	নির্বাহী	4
প্রধান	উপাদান	3
প্রধান	শেয়ারবাজার	3
প্রধান	উৎস	2
প্রধান	কারণ	2
প্রধানত	তৈরি	1
প্রধানমন্ত্রী	শেখ	4
প্রধানমন্ত্রী	বেনিয়ামিন	3
প্রধানমন্ত্রী	পদে	1
প্রধানমন্ত্রী	হিসেবে	1
প্রধানমন্ত্রীর	ত্রাণ	1
প্রধানের	দায়িত্ব	1
প্রধানের	পদবী	1
প্রফুল্ল	রাখে	1
প্রফুল্লতা	সঞ্চার	1
প্রফেশনাল	বর্তমানে	1
প্রবণতা	দেখা	6
প্রবণতা	লক্ষ্য	2
প্রবন্ধ	পড়েন	1
প্রবর্তন	করা	1
প্রবর্তন	করেছিলেন	1
প্রবর্তন	হয়	1
প্রবর্তন	হয়ছিল	1
প্রবাসী	আয়	1
প্রবাসী	মুসলমানদের	1
প্রবাসী	শিক্ষার্থী	1
প্রবাহ	নিয়ন্ত্রণ	1
প্রবাহ	বলতে	1
প্রবাহ	সৃষ্টি	1
প্রবাহিত	করার	1
প্রবাহিত	হওয়ার	1
প্রবাহিত	হতে	1
প্রবেশ	করে	8
প্রবেশ	করতে	2
প্রবেশ	করেছে	2
প্রবেশ	করছে	1
প্রবেশ	করান	1
প্রবেশ	করানো	1
প্রবেশাধিকার	দিয়েছে	1
প্রবেশের	সময়	1
প্রভাতে	সূর্য	2
প্রভাব	অনস্বীকার্য	1
প্রভাব	খাটিয়ে	1
প্রভাব	তুলে	1
প্রভাব	বিস্তার	1
প্রভাব	হ্রাস	1
প্রভাবশালী	ধর্ম	1
প্রভাবশালী	ব্যক্তি	1
প্রভাবশালী	ব্যক্তিরা	1
প্রভাবশালী	শক্তি	1
প্রভাবিত	করে	2
প্রভাবিত	হয়	1
প্রভাবে	আমাদের	1
প্রভাবে	ত্বক	1
প্রভাবে	নিয়মের	1
প্রভাবে	বিভিন্ন	1
প্রমথ	চৌধুরী	2
প্রমাণ	আছে	2
প্রমাণ	করার	2
প্রমাণ	চাপে	2
প্রমাণ	নেই	2
প্রমাণ	পাওয়া	2
প্রমাণ	মিলেছে	2
প্রমাণই	পুলিশের	1
প্রমাণাদি	এবং	1
প্রমাণিত	হয়	4
প্রমাণিত	হয়েছে	3
প্রমাণিত	হতে	1
প্রমাণিত	হয়েছিল	1
প্রমান	করে	1
প্রয়োগ	করতে	3
প্রয়োগ	ও	2
প্রয়োগ	অনস্বীকার্য	1
প্রয়োগ	কৌশল	1
প্রয়োগ	ক্ষেত্র	1
প্রয়োগ	ছাড়া	1
প্রয়োজন	নেই	6
প্রয়োজন	হয়	5
প্রয়োজন	তা	3
প্রয়োজন	ছিল	2
প্রয়োজন	হলে	2
প্রয়োজন	ছিলো	1
প্রয়োজনীয়	জিনিস	4
প্রয়োজনীয়	জলীয়	2
প্রয়োজনীয়	কাগজ	1
প্রয়োজনীয়	কৃষি	1
প্রয়োজনীয়	গাণিতিক	1
প্রয়োজনীয়	ব্যবস্থা	1
প্রয়োজনীয়তা	অপরিসীম	2
প্রয়োজনীয়তা	বাড়ছে	1
প্রয়োজনীয়তা	বাড়তে	1
প্রয়োজনে	চোখের	1
প্রয়োজনে	বাংলাদেশ	1
প্রয়োজনে	সংযোজন	1
প্রয়োজনের	সময়	3
প্রয়োজনের	চেয়ে	1
প্রযুক্তি	শিক্ষায়	2
প্রযুক্তি	ক্ষেত্রে	1
প্রযুক্তি	জাদুঘর	1
প্রযুক্তি	ব্যবসা	1
প্রযুক্তি	ব্যবহার	1
প্রযুক্তিগত	সহযোগিতা	2
প্রযুক্তিগত	অগ্রগতির	1
প্রযুক্তিগত	সহযোগিতার	1
প্রযুক্তির	মাধ্যমে	2
প্রযুক্তির	বাজারে	1
প্রযুক্তির	যুগে	1
প্রযোজ্য	হবে	1
প্রলয়	হবে	1
প্রলোভনে	পড়তে	1
প্রশংসা	করেছে	2
প্রশংসা	করল	1
প্রশংসা	করেছেন	1
প্রশংসা	নিয়েই	1
প্রশংসা	মহান	1
প্রশস্ত	রাস্তা	1
প্রশস্ত	হতে	1
প্রশান্ত	মহাসাগরে	2
প্রশান্ত	পরিবেশ	1
প্রশান্ত	হয়ে	1
প্রশাসক	হিসেবে	2
প্রশাসন	ও	2
প্রশাসন	ব্যবস্থা	2
প্রশাসন	সূত্রে	2
প্রশাসন	এবং	1
প্রশাসন	ব্যবস্থার	1
প্রশাসনের	কর্মকর্তারা	2
প্রশাসনের	অনুরোধ	1
প্রশাসনের	সাথে	1
প্রশিক্ষণ	প্রদান	2
প্রশিক্ষণ	ও	1
প্রশিক্ষণ	দেওয়া	1
প্রশিক্ষণ	দেবেন	1
প্রশিক্ষণ	বিমান	1
প্রশিক্ষণের	স্থায়ী	1
প্রশ্ন	জিজ্ঞাসা	5
প্রশ্ন	করতে	3
প্রশ্ন	আছে	2
প্রশ্ন	করবে	1
প্রশ্ন	জিজ্ঞেস	1
প্রশ্ন	নিয়ে	1
প্রশ্নই	ওঠে	1
প্রশ্নটা	বুঝতে	2
প্রশ্নটার	সঠিক	1
প্রশ্নটি	করলাম	1
প্রশ্নের	উত্তর	3
প্রশ্নের	জবাব	2
প্রশ্নের	জবাবে	1
প্রশ্নের	দাওনি	1
প্রশ্নের	সঠিক	1
প্রশ্নের	সম্পর্ক	1
প্রশ্রয়	দেয়	4
প্রসঙ্গ	এখানে	1
প্রসঙ্গে	ঘনিষ্ঠ	1
প্রসব	পরবর্তী	1
প্রসবের	কতদিন	1
প্রসবের	পরে	1
প্রসারিত	হচ্ছে	1
প্রসারিত	হয়	1
প্রসিকিউশন	মামলা	1
প্রস্তাব	দেন	3
প্রস্তাব	করেন	2
প্রস্তাব	দেয়	2
প্রস্তাব	এখন	1
প্রস্তাব	করবে	1
প্রস্তাব	করার	1
প্রস্তাবের	বিরোধিতা	1
প্রস্তুত	করে	4
প্রস্তুত	ছিলাম	2
প্রস্তুত	আছি	1
প্রস্তুত	করা	1
প্রস্তুত	করেনি	1
প্রস্তুত	থাকলে	1
প্রস্তুতি	ঘোষণা	1
প্রস্তুতি	নাও	1
প্রস্তুতি	নিচ্ছে	1
প্রস্তুতি	নিতে	1
প্রস্তুতি	নিন	1
প্রস্তুতি	নেওয়ার	1
প্রস্তুতির	জন্য	1
প্রস্তুতির	সময়	1
প্রস্থ	ও	2
প্রস্থান	করলাম	1
প্রস্রাব	করছি	1
প্রস্রাব	করতে	1
প্রস্রাব	করার	1
প্রস্রাব	থেকে	1
প্রহরী	ছিল	1
প্রাকৃতিক	দুর্যোগ	3
প্রাকৃতিক	উপগ্রহ	2
প্রাকৃতিক	পরিবেশের	2
প্রাকৃতিক	সম্পদ	2
প্রাকৃতিক	সম্পদে	2
প্রাক্তন	কেন্দ্রীয়	1
প্রাক্তন	স্বামী	1
প্রাক্তন	স্বামীর	1
প্রাগৈতিহাসিক	কালে	1
প্রাচীন	বাংলার	4
প্রাচীন	জাদুঘর	1
প্রাচীন	বাংলায়	1
প্রাচীনকাল	থেকেই	3
প্রাচীনতম	শাখা	1
প্রাচীরের	সাহায্যে	1
প্রাণ	কেঁদে	1
প্রাণ	দিতে	1
প্রাণ	দেখছি	1
প্রাণ	নেই	1
প্রাণ	বাংলা	1
প্রাণঘাতী	জটিলতা	1
প্রাণঘাতী	ভাইরাস	1
প্রাণিদের	মধ্যে	1
প্রাণিবিদ্যা	বলে	1
প্রাণী	আছে	2
প্রাণী	হিসেবে	2
প্রাণী	এবং	1
প্রাণী	ও	1
প্রাণী	খাদ্য	1
প্রাণী	বিলুপ্ত	1
প্রাণীদের	খায়	1
প্রাণীদের	ত্বক	1
প্রাণীদের	দেহ	1
প্রাণীদের	নিয়ে	1
প্রাণীর	মাঝে	2
প্রাণীর	বিষয়ে	1
প্রাণীর	মধ্যেও	1
প্রাণীরা	পৃথিবীতে	1
প্রাণীরা	মায়ের	1
প্রাণে	বাঁচতে	1
প্রাণের	অপেক্ষা	1
প্রাণের	উৎসব	1
প্রাণের	ঝুঁকি	1
প্রাণের	মেলা	1
প্রাথমিক	বিদ্যালয়ে	4
প্রাথমিক	অবস্থাতেই	1
প্রাথমিক	ধাপ	1
প্রাথমিকভাবে	টি	1
প্রাধান্য	লোপ	2
প্রাধান্য	দিই	1
প্রাধান্য	দেওয়া	1
প্রাধান্য	পেলেও	1
প্রান্তে	ঘটে	1
প্রান্তে	সাইবার	1
প্রান্তেই	যায়	1
প্রাপ্ত	কোন	1
প্রাপ্ত	বয়স্ক	1
প্রাপ্ত	হবে	1
প্রাপ্ত	হয়ে	1
প্রাপ্য	ছিলো	1
প্রাপ্য	যারা	1
প্রায়	মিনিট	6
প্রায়	সব	5
প্রায়	হাজার	4
প্রায়	টি	3
প্রায়	দশ	2
প্রায়	দ্বিগুণ	2
প্রায়ই	তাদের	2
প্রায়ই	নদীতে	1
প্রায়ই	নীল	1
প্রায়ই	প্রথম	1
প্রায়ই	সেখানে	1
প্রার্থনা	করি	3
প্রার্থনা	করেন	3
প্রার্থনা	করুন	1
প্রার্থনা	করেছিল	1
প্রার্থনা	নির্বাচনে	1
প্রার্থনা	শুরু	1
প্রার্থী	এক	1
প্রার্থী	এম	1
প্রার্থী	পার্টির	1
প্রার্থীর	নাম	2
প্রার্থীর	চেয়ে	1
প্রাসাদের	দুই	1
প্রিন্ট	এবং	1
প্রিয়	টেলিভিশন	2
প্রিয়	বন্ধু	2
প্রিয়	বিষয়	2
প্রিয়	আপনজনের	1
প্রিয়	খেলা	1
প্রিয়	ফটোগ্রাফার	1
প্রিয়জনের	সাথে	3
প্রেক্ষিতে	উল্লেখিত	1
প্রেক্ষিতে	বিভিন্ন	1
প্রেম	ও	2
প্রেম	করো	2
প্রেম	কুমারের	1
প্রেম	নেই	1
প্রেমময়	অন্তর্দৃষ্টি	1
প্রেমিক	প্রেমিকার	1
প্রেমিক	স্বীকার	1
প্রেমিককে	ভালোবাসি	1
প্রেমিকাকে	প্রথম	1
প্রেমিকার	চেয়ে	1
প্রেমে	পড়ে	4
প্রেমে	পড়িনি	1
প্রেমে	পাগল	1
প্রেমের	গল্প	1
প্রেমের	দেবী	1
প্রেমের	সঙ্গে	1
প্রেমের	সম্পর্ক	1
প্রেরক	ছিলেন	1
প্রেরণ	করা	2
প্রেরণ	করেছেন	2
প্রেরণ	করেন	1
প্রেরণ	করেননি	1
প্রেরণ	না	1
প্রেরণা	পেয়েছিল	1
প্রেরণার	উৎস	1
প্রেস	অ্যান্ড	1
প্রেসিডেন্ট	জো	1
প্রেসিডেন্ট	ডোনাল্ড	1
প্রেসিডেন্ট	মোহাম্মদ	1
প্রেসিডেন্ট	হাসান	1
প্রেসিডেন্টের	সঙ্গে	1
প্রো	টিভি	1
প্রোগ্রামিং	জানা	1
প্রোগ্রামিং	বা	1
প্রোগ্রামিং	বিষয়ক	1
প্রোগ্রামের	অংশ	1
প্রোটিন	থাকে	2
প্রোটিন	এবং	1
প্রোটিন	দিয়ে	1
প্রোফাইলের	সেটিংস	1
প্লাস্টিকের	চামচ	1
প্লেট	খাবার	1
প্লেন	ওড়াতে	1
প্লেনটা	কটার	2
প্লেনে	করে	1
প্লেনে	কি	1
প্লেয়ার	চাই	1
প্ল্যাটফর্ম	হিসেবে	1
ফকির	একদিন	1
ফকির	সন্ন্যাসীদের	1
ফকির	হয়ে	1
ফটক	খুলে	1
ফটকের	সামনে	1
ফটোগ্রাফার	কে	1
ফরজ	হয়	2
ফরম	পূরণের	1
ফরমালিন	পরীক্ষা	2
ফরহাদ	সাহেব	1
ফরাশি	ভাষা	4
ফরাসি	ভাষা	8
ফরাসি	ভাষায়	7
ফরাসি	বলতে	5
ফরাসি	পড়তে	2
ফরাসি	শিখেছিলেন	2
ফরাসি	শেখা	2
ফরাসিতে	কথা	11
ফরাসিতে	খুব	2
ফর্মটি	পূরণ	2
ফর্মে	আছেন	1
ফর্সা	দুধ	1
ফর্সা	ফর্সা	1
ফল	ছাড়া	8
ফল	খান	4
ফল	খায়	4
ফল	খাচ্ছে	2
ফল	হিসেবে	2
ফল	খাচ্ছেন	1
ফলানোর	জন্য	1
ফলাফল	আজ	1
ফলাফল	আবারও	1
ফলাফল	আশ্চর্যজনক	1
ফলাফল	ছিল	1
ফলাফল	ধীরে	1
ফলাফল	ভুল	1
ফলাফলে	ছেলেরা	1
ফলিত	শাখা	1
ফলে	বাংলাদেশের	3
ফলে	সৃষ্ট	3
ফলে	অনেক	2
ফলে	চোখের	2
ফলে	নদীর	1
ফলে	প্রকৃতির	1
ফলেই	এটি	1
ফলেই	পৃথিবীর	1
ফলেই	বৃক্ষের	1
ফলের	রস	2
ফলের	গ্লাসে	1
ফলের	বাগান	1
ফলের	মাছির	1
ফলের	মৌসুম	1
ফসল	উৎপাদন	2
ফসল	নষ্ট	2
ফসল	পাই	1
ফসল	ফলানোর	1
ফসলের	ক্ষতি	2
ফাঁক	করতেই	1
ফাঁকা	আছে	1
ফাঁকা	থাকবে	1
ফাঁকি	দিতে	1
ফাঁকি	হয়	1
ফাঁকে	আমার	1
ফাঁকে	দেখে	1
ফাঁদ	তৈরি	1
ফাঁদ	না	1
ফাঁস	করা	1
ফাঁস	লাগিয়ে	1
ফাঁস	হওয়ার	1
ফাঁস	হয়েছে	1
ফাই	মূলত	1
ফাইবার	সমৃদ্ধ	1
ফাইলটা	ডাউনলোড	1
ফায়ার	সার্ভিস	1
ফায়ার	সার্ভিসের	1
ফারাক	এটা	1
ফারুক	মিয়া	1
ফার্মের	মুরগির	1
ফাহিম	রহমান	1
ফিঙ্গারপ্রিন্ট	সেন্সর	1
ফিতর	উপলক্ষ্যে	2
ফিতা	কেটে	1
ফিফটি	তুলে	1
ফিরতি	টিকিট	1
ফিরতে	পারি	1
ফিরবো	ওদেরকে	1
ফিরল	তাঁবুতে	1
ফিরলাম	তখন	1
ফিরলাম	শেষ	1
ফিরলো	না	1
ফিরিয়ে	আনতে	1
ফিরিয়ে	দিয়েছি	1
ফিরিয়ে	নিলে	1
ফিরিয়ে	নেয়নি	1
ফিরে	আসবো	42
ফিরে	এলাম	5
ফিরে	আসবে	4
ফিরে	আসে	4
ফিরে	যাওয়ার	4
ফিরে	আসবেন	2
ফিলিপাইন	সরকার	1
ফিলিপাইনে	কী	1
ফিলিস্তিন	মুক্ত	2
ফিলিস্তিনকে	সমর্থন	4
ফিলিস্তিনে	উত্তেজনা	1
ফিলিস্তিনে	এসেছিলেন	1
ফিলিস্তিনে	থাকতে	1
ফিলিস্তিনে	ফিরে	1
ফিলিস্তিনে	বসবাস	1
ফিল্ড	মার্শাল	1
ফিশিং	বোট	1
ফুঁ	দিয়ে	1
ফুট	পর্যন্ত	1
ফুটবল	খেলি	3
ফুটবল	খেলছে	2
ফুটবল	খেলা	2
ফুটবল	পছন্দ	2
ফুটবল	ভালোবাসি	1
ফুটবল	হচ্ছে	1
ফুটিয়ে	তোলা	1
ফুফাতো	বোনের	1
ফুরিয়ে	আসছে	2
ফুরিয়ে	গেছে	1
ফুল	গাছ	2
ফুল	ফোটে	2
ফুল	ও	1
ফুল	খাচ্ছে	1
ফুল	নিয়ে	1
ফুল	হয়	1
ফুলগুলো	আমার	1
ফুলগুলো	খুব	1
ফুলগুলো	মরে	1
ফুলে	উঠল	1
ফুলে	ঘর	1
ফুলে	তখন	1
ফুলে	ফুলে	1
ফুলের	জন্ম	1
ফুলের	মতো	1
ফুলের	সুন্দর	1
ফুলের	সুবাস	1
ফেটে	পড়লেন	1
ফেটে	পড়েন	1
ফেটে	পানিতে	1
ফেটে	যাওয়া	1
ফেটে	যাবে	1
ফেব্রুয়ারি	মার্চ	1
ফেব্রুয়ারি	মাসে	1
ফেব্রুয়ারি	সশস্ত্র	1
ফেরত	নেওয়ার	3
ফেরত	দিতে	2
ফেরত	এসেছেন	1
ফেরত	এসেছো	1
ফেরত	গিয়েছেন	1
ফেরত	না	1
ফেরা	কবে	1
ফেরা	হলো	1
ফেরাতে	চায়	1
ফেরাতে	পারেননি	1
ফেরার	পথে	1
ফেরেশতা	হিসাবে	1
ফেল	করেছে	3
ফেল	করবে	1
ফেলত	তাহলে	1
ফেলতে	চায়	1
ফেলতে	ভুলে	1
ফেলবে	নিশ্চিত	1
ফেললে	আপনার	1
ফেললে	আপনি	1
ফেললেন	তিনি	1
ফেলা	হয়	2
ফেলা	হয়েছে	2
ফেলা	উচিত	1
ফেলা	সম্ভব	1
ফেলার	চেষ্টা	2
ফেলার	এই	1
ফেলার	কথা	1
ফেলার	ব্যাপারে	1
ফেলার	সঙ্গে	1
ফেলে	রেখে	3
ফেলে	এসেছে	1
ফেলে	তার	1
ফেলে	দাও	1
ফেলে	দিন	1
ফেলে	না	1
ফেলো	না	1
ফেস	রিকগনিশন	1
ফেসবুক	ব্যবহার	3
ফেসবুক	ও	1
ফেসবুক	চ্যাট	1
ফেসবুক	দেখে	1
ফেসবুক	প্রতিষ্ঠাতা	1
ফেসবুকে	একটা	1
ফেসবুকে	পোস্ট	1
ফেসবুকে	লগইন	1
ফেসবুকের	প্রতিষ্ঠাতা	1
ফোকাস	দুরত্ব	1
ফোকাস	বিন্দু	1
ফোটানোর	লক্ষ্যে	2
ফোটে	তখন	1
ফোন	নাম্বারটা	13
ফোন	নাম্বার	3
ফোন	করতে	2
ফোন	করবেন	2
ফোন	করুন	2
ফোন	নাম্বারটি	2
ফোনটা	কোথায়	1
ফোনে	অনুপ্রবেশ	1
ফোনে	কথা	1
ফোনে	জানতে	1
ফোনের	গ্রাহক	1
ফোনের	চাহিদা	1
ফোনের	মাধ্যমে	1
ফোর্ট	উইলিয়াম	1
ফোর্স	সেন্সর	1
ফৌজদারী	কার্যবিধির	2
ফ্যাকাশে	লাগছে	3
ফ্যাকাশে	হয়ে	1
ফ্যাকাসে	দেখাচ্ছে	3
ফ্যাক্স	পাঠানোর	1
ফ্যান	দিয়ে	1
ফ্যাশন	ডিজাইনার	1
ফ্যাশন	পরিবর্তন	1
ফ্রাই	তৈরি	1
ফ্রাই	প্রায়	1
ফ্রান্স	যাওয়ার	2
ফ্রান্স	আশা	1
ফ্রান্স	ইংল্যান্ডের	1
ফ্রান্স	থেকে	1
ফ্রান্স	পশ্চিম	1
ফ্রান্সিস	সালে	1
ফ্রান্সে	বড়ো	2
ফ্রান্সে	কাজ	1
ফ্রান্সে	গেছেন	1
ফ্রান্সে	যাওয়ার	1
ফ্রান্সের	উপনিবেশ	1
ফ্রান্সের	মাটি	1
ফ্রিজে	আর	1
ফ্রিজে	রেখে	1
ফ্রেঞ্চ	ফ্রাই	2
ফ্রেঞ্চ	সাহিত্যের	1
ফ্লাইট	আছে	1
ফ্লাইট	পরিচালনা	1
ফ্ল্যাট	প্যানেলের	1
বংশ	আরবের	1
বংশ	ও	1
বংশ	পরিচয়	1
বংশ	প্রায়	1
বংশ	বাকী	1
বংশ	যে	1
বংশধর	সৃষ্টি	1
বংশের	প্রকৃত	2
বংশের	একটি	1
বংশের	নেতৃত্বের	1
বংশের	পতনের	1
বংশের	প্রতিপত্তি	1
বংশের	শাসনের	1
বই	আমাদের	4
বই	পড়া	4
বই	পড়ে	4
বই	পড়ছেন	3
বই	পরে	3
বই	ডেস্কের	2
বইগুলো	পড়ো	1
বইটা	আকর্ষণীয়	3
বইটা	কি	3
বইটা	আছে	2
বইটা	ছেপেছে	2
বইটা	পড়ছি	2
বইটা	এখানে	1
বইটি	পড়া	2
বইটি	একই	1
বইটি	দারুণ	1
বইটি	পেয়েছি	1
বইটি	মূলত	1
বইটি	সেই	1
বইয়ে	দিচ্ছে	1
বইয়ে	ভরা	1
বইয়ের	উপর	1
বইয়ের	উপরে	1
বইয়ের	মূল্য	1
বইয়ের	সমন্বয়ে	1
বউ	পেলে	2
বউ	আর	1
বউ	মারা	1
বউকে	পেলে	1
বক	ধার্মিক	1
বকা	দেওয়ার	1
বক্তব্য	দেন	3
বক্তব্য	রাখছেন	3
বক্তব্য	আমি	1
বক্তব্য	পেশ	1
বক্তব্য	প্রথম	1
বক্তব্য	শেষ	1
বক্তব্যে	ক্রিস	1
বক্তব্যে	বলেন	1
বক্তব্যে	মন্ত্রী	1
বক্তব্যের	শেষ	1
বক্তব্যের	সাথে	1
বক্তারা	বলেন	2
বক্তৃতা	দিচ্ছিলেন	2
বক্তৃতা	দিচ্ছিলো	2
বক্তৃতা	করেন	1
বঙ্গবন্ধু	শেখ	2
বচ্চন	নিজেই	1
বছর	আগে	11
বছর	ধরে	10
বছর	বয়সী	8
বছর	বয়সে	7
বছর	বয়স	6
বছর	বেঁচে	3
বছরই	উত্তর	1
বছরগুলোয়	বিশেষভাবে	2
বছরে	একবার	1
বছরে	চারটি	1
বছরে	দুধের	1
বছরে	দেশে	1
বছরে	সেখানে	1
বছরের	বড়	3
বছরের	কম	2
বছরের	জন্য	2
বছরের	তুলনায়	2
বছরের	মধ্যে	2
বছরের	সেপ্টেম্বর	2
বজায়	রাখতে	2
বজায়	রাখার	2
বজায়	রাখেন	2
বজায়	রেখে	2
বজায়	থাকে	1
বজায়	থাকেনি	1
বজ্রপাতের	সময়	1
বঞ্চিত	হবে	1
বঞ্চিত	হয়	1
বটে	কিন্তু	1
বড়	বড়	6
বড়	এবং	4
বড়	একটি	3
বড়	নয়	3
বড়	ভূমিকা	3
বড়	হয়েছি	2
বড়ই	উদ্বিগ্ন	1
বড়দের	শ্রদ্ধা	2
বড়দের	উপদেশ	1
বড়লোক	ঘরের	1
বড়লোক	না	1
বড়লোক	হয়েছো	1
বড়লোকের	ঘরে	1
বড়ো	হয়ে	4
বড়ো	তাই	1
বড়ো	ভালোবাসে	1
বড়ো	শহর	1
বড়ো	হয়েছে	1
বড়ো	হয়েছেন	1
বড্ড	অধৈর্য্য	2
বড্ড	ভয়	1
বড্ড	শুকিয়ে	1
বদরের	যুদ্ধে	7
বদরের	যুদ্ধ	3
বদলাতে	হতো	1
বদলে	গেছে	4
বদলে	আরও	2
বদলে	যেতে	2
বদলে	আমার	1
বদলে	ফেলা	1
বদলে	যাবে	1
বন	বিভাগের	2
বন	এবং	1
বনভূমি	কেটে	1
বনভূমি	থাকা	1
বনাম	ভারতের	1
বনু	কুরায়জা	2
বনে	জঙ্গলে	2
বনে	বাঘ	2
বনে	বাস	2
বনে	আছে	1
বনে	ঢুকতেই	1
বনের	মাঝে	1
বনের	শুরু	1
বন্ড	ছাড়ার	1
বন্ড	বাজারের	1
বন্ড	বিলের	1
বন্ড	লেনদেন	1
বন্দর	থেকে	1
বন্দরে	উপকূলীয়	1
বন্দরের	কার্যক্রম	1
বন্দি	করার	1
বন্দিদের	ছেড়ে	1
বন্দী	করা	1
বন্দী	নিঃসন্দেহে	1
বন্দী	হন	1
বন্দুক	মানুষ	1
বন্দুক	রয়েছে	1
বন্দোবস্ত	করে	1
বন্দোবস্ত	ব্যবস্থার	1
বন্ধ	করো	17
বন্ধ	করে	16
বন্ধ	করুন	9
বন্ধ	থাকে	6
বন্ধ	করতে	5
বন্ধ	হয়ে	5
বন্ধনে	আবদ্ধ	1
বন্ধু	লাগবে	11
বন্ধু	নই	7
বন্ধু	আছি	6
বন্ধু	তাইতো	6
বন্ধু	আছে	3
বন্ধু	আমাকে	2
বন্ধুই	প্রকৃত	1
বন্ধুকে	পুলিশের	1
বন্ধুকে	বিদায়	1
বন্ধুকে	সামলাও	1
বন্ধুত্ব	আমার	1
বন্ধুত্ব	নষ্ট	1
বন্ধুত্ব	রক্ষা	1
বন্ধুত্ব	রয়েছে	1
বন্ধুত্ব	স্বার্থের	1
বন্ধুদের	সাথে	9
বন্ধুদের	আমন্ত্রণ	1
বন্ধুদের	কাছ	1
বন্ধুদের	মধ্যে	1
বন্ধুবান্ধব	ও	1
বন্ধুর	কাছ	1
বন্ধুর	পরিবার	1
বন্ধুর	সাথে	1
বন্ধুরা	আমার	2
বন্ধুরা	ওখানে	1
বন্ধুরা	হত্যা	1
বন্ধের	পক্ষে	1
বন্যা	খরা	1
বন্যায়	ক্ষতিগ্রস্ত	2
বন্যায়	হাজার	2
বন্যায়	ফসলের	1
বপন	করে	1
বব	আমাকে	1
বব	আমায়	1
বব	দেরি	1
বমির	জন্য	1
বয়স	কত	32
বয়স	বছর	4
বয়স	আমার	2
বয়স	বৃদ্ধির	2
বয়স	আঠারো	1
বয়স	বলে	1
বয়সী	পুরুষ	1
বয়সী	স্ত্রী	1
বয়সী	হতে	1
বয়সে	আমি	2
বয়সে	আফ্রিকার	1
বয়সে	তিনি	1
বয়সে	প্রজনন	1
বয়সে	বিয়ে	1
বয়সে	মৃত্যুশয্যায়	1
বয়সেই	রাজনীতি	1
বয়সের	মানুষের	2
বয়সের	অনেক	1
বয়সের	বাচ্চাকে	1
বয়সের	মানুষ	1
বয়সের	সমান	1
বয়স্ক	ও	1
বয়স্ক	কিন্তু	1
বয়স্ক	নারী	1
বয়ে	আনবে	1
বয়ে	আনে	1
বয়ে	নিয়ে	1
বয়েল	ও	1
বর	একদম	1
বর	কন্যার	1
বর	তেমনি	1
বর	বিবাহ	1
বরং	অন্য	1
বরং	আত্মসম্মান	1
বরং	আমরা	1
বরং	আরেকটু	1
বরং	তোমার	1
বরং	সমাজে	1
বরখাস্ত	করা	4
বরখাস্ত	করার	1
বরখাস্ত	হওয়ার	1
বরণ	করার	1
বরণ	করেছেন	1
বরণ	হলো	1
বরদাস্ত	করবো	1
বরফ	পরতে	2
বরফ	চাই	1
বরফ	পরছে	1
বরফ	পরবে	1
বরফ	পরা	1
বরাদ্দ	আসে	1
বরাদ্দ	দেওয়া	1
বরাদ্দ	দেওয়ার	1
বরাবর	ক্রিয়া	2
বরাবর	আক্রমণাত্মক	1
বরাবর	চলছে	1
বরাবর	দরখাস্ত	1
বরাবর	মাটির	1
বরাবর	সুড়ঙ্গ	1
বরাবরই	এমন	1
বরাবরের	মতো	1
বরের	পরিবারের	1
বর্গ	বলে	1
বর্গ	বেগ	1
বর্গমূল	গড়	2
বর্জন	করবে	1
বর্জন	করেছে	1
বর্জন	সমর্থন	1
বর্জ্য	অপসারণ	1
বর্জ্য	ব্যবস্থাপনা	1
বর্জ্য	যথাযথ	1
বর্ডার	গার্ড	2
বর্ণনা	করা	1
বর্ণনা	করেন	1
বর্ণনা	ছিল	1
বর্ণনা	টুকে	1
বর্ণনা	দিয়েছেন	1
বর্তমান	সরকারের	3
বর্তমান	বিশ্বে	2
বর্তমান	অর্থনৈতিক	1
বর্তমান	জীবনে	1
বর্তমান	সময়ে	1
বর্তমানে	বাংলাদেশে	3
বর্তমানে	বিশ্বের	2
বর্তমানে	কয়েকজন	1
বর্তমানে	কোনো	1
বর্তমানে	বাজারে	1
বর্ধনশীল	মোবাইল	1
বর্বর	সম্প্রদায়	1
বর্ষণ	করুন	2
বর্ষা	মৌসুমে	2
বর্ষে	না	1
বর্ষে	পড়ছেন	1
বর্ষের	ছাত্র	2
বর্ষের	শিক্ষার্থী	2
বল	কি	1
বল	খেলি	1
বল	সূরা	1
বলছি	আপনি	1
বলছি	আমি	1
বলছি	এটা	1
বলছি	তাহলে	1
বলছি	তুমি	1
বলছি	না	1
বলছিল	কারণ	1
বলছে	না	4
বলছে	ভিন্ন	2
বলছে	আপনি	1
বলছে	এটা	1
বলছে	কেন	1
বলছে	তুমি	1
বলছেন	না	2
বলছেন	আপনি	1
বলছেন	আমি	1
বলছেন	জীবাণু	1
বলছেন	তুমি	1
বলছো	আমি	1
বলছো	না	1
বলটা	ভেজা	1
বলতে	পারেন	22
বলতে	পারি	15
বলতে	পারে	13
বলতে	পারবেন	11
বলতে	পারো	10
বলতে	চাই	7
বলদের	মতো	2
বলব	কি	1
বলব	কিন্তু	1
বলবান	ছিলেন	1
বলবে	না	1
বলবে	ফোনে	1
বলবেন	না	7
বলবেন	তার	1
বলবো	না	5
বলবো	কিভাবে	1
বলবো	যে	1
বলল	যে	3
বলল	ও	1
বলল	চল	1
বলল	তুই	1
বলল	মহারাজ	1
বলল	লাইট	1
বললাম	আমার	2
বললাম	তুমি	1
বললাম	থাক	1
বললে	আমি	2
বললে	খাট	1
বললে	গুনাহ	1
বললে	তা	1
বললে	তিনি	1
বললে	বোঝা	1
বললেই	চলে	4
বললেও	লোকটা	1
বললেও	সমস্যা	1
বললেন	তা	2
বললেন	যে	1
বললেন	সেটা	1
বললো	তা	1
বললো	না	1
বলা	হয়	39
বলা	যায়	9
বলা	হয়েছে	9
বলা	বন্ধ	3
বলা	যেতে	3
বলা	যাক	2
বলাও	তাই	1
বলাও	যা	1
বলাবলি	করছে	1
বলায়	তিনি	1
বলার	অপেক্ষা	2
বলার	আছে	2
বলার	ইচ্ছা	2
বলার	জন্য	2
বলার	লোক	2
বলার	ইচ্ছে	1
বলি	তা	1
বলি	না	1
বলি	স্বর্গ	1
বলিউড	অভিনেত্রী	2
বলিনি	তাই	1
বলিস	না	5
বলিস	আমি	1
বলুন	কি	1
বলুন	যিনি	1
বলে	মনে	24
বলে	তিনি	5
বলে	যে	5
বলে	না	4
বলে	আমি	3
বলে	জানান	3
বলেই	যে	2
বলেই	আমরা	1
বলেই	ছোট	1
বলেই	প্রশ্নটি	1
বলেই	সাধু	1
বলেও	শুনেছি	1
বলেছি	আমি	1
বলেছি	কোন	1
বলেছি	তার	1
বলেছিল	যে	4
বলেছিল	সে	2
বলেছিল	তারা	1
বলেছিল	সেটা	1
বলেছিলেন	যে	4
বলেছিলেন	তা	1
বলেছিলো	যে	3
বলেছে	এটা	1
বলেছে	এতে	1
বলেছে	বাংলাদেশ	1
বলেছে	যুদ্ধ	1
বলেছে	যে	1
বলেছে	সে	1
বলেছেন	যে	2
বলেছেন	জীবনের	1
বলেছেন	তাই	1
বলেছেন	দেশের	1
বলেছেন	নির্বাচন	1
বলেন	যে	6
বলেন	বাংলাদেশের	3
বলেন	তারা	2
বলেন	বাংলাদেশে	2
বলেন	কি	1
বলেন	তাই	1
বলেননি	কেন	1
বলের	মতো	2
বলের	মান	2
বলো	না	7
বলো	কি	2
বল্টু	নীল	1
বসত	বাড়িতে	1
বসতি	গড়ে	1
বসতি	স্থাপন	1
বসতে	বলেছিলো	1
বসতে	সাহায্য	1
বসতে	হবে	1
বসন্ত	আসবে	1
বসন্ত	এসে	1
বসন্ত	গ্রীষ্ম	1
বসন্তে	কোকিল	1
বসন্তে	বিশ্ববিদ্যালয়ে	1
বসন্তের	প্রত্যক্ষ	1
বসন্তের	বাতাসে	1
বসবাস	করতে	4
বসবাস	করেন	3
বসবাস	করি	2
বসবাস	করে	2
বসবাস	করছি	1
বসবাস	করা	1
বসবাসযোগ্য	রাখে	1
বসবাসের	অধিকার	1
বসবাসের	অনুপযুক্ত	1
বসবাসের	জন্য	1
বসবেন	না	1
বসলে	কিছু	3
বসার	জন্য	1
বসার	জায়গা	1
বসিয়ে	দিলো	1
বসে	আছেন	4
বসে	আছি	3
বসে	আছে	2
বসে	আছো	1
বসে	জানতে	1
বসে	পরেছিলাম	1
বসেই	অনলাইনে	1
বসেই	তিনি	1
বস্টন	দেখতে	2
বস্টন	যাওয়ার	2
বস্টনে	কত	4
বস্টনে	আমাকে	1
বস্টনে	কি	1
বস্টনে	কোনো	1
বস্টনে	তিন	1
বস্টনে	যেতে	1
বস্টনের	ট্রেনটা	2
বস্তি	এলাকায়	1
বস্তিতে	আগুন	1
বস্তু	ও	2
বস্তু	অনুভব	1
বস্তু	দুটি	1
বস্তু	যদি	1
বস্তু	হতে	1
বস্তুকণা	একে	2
বস্তুকে	ছুঁয়ে	1
বস্তুকে	তার	1
বস্তুর	ক্ষেত্রে	1
বস্তুর	সাথে	1
বহন	করে	3
বহনকারী	কোনো	1
বহর	যাতে	1
বহিস্কার	করা	1
বহিস্কার	করেছিলো	1
বহিস্কার	করেছেন	1
বহু	কষ্টে	1
বহু	গ্রামবাসীকে	1
বহু	দিন	1
বহু	বছর	1
বহুকাল	থেকেই	1
বহুবার	করেছি	1
বহুবার	জেল	1
বহুল	আলোচিত	2
বা	অন্য	7
বা	চাবি	2
বা	না	2
বা	ব্যক্তির	2
বা	ব্রাশ	2
বা	সামাজিক	2
বাঁ	কাঁধে	1
বাঁ	পাশে	1
বাঁ	হাতের	1
বাঁক	নিলে	1
বাঁকা	থাকে	1
বাঁচতে	পারে	3
বাঁচতে	শিখেছি	2
বাঁচতে	পারি	1
বাঁচতে	বিয়ের	1
বাঁচাতে	গিয়ে	1
বাঁচাতে	পারি	1
বাঁচাতে	পারে	1
বাঁচাতে	পেরেছি	1
বাঁচাতে	যেতে	1
বাঁচাতেই	হবে	1
বাঁচানোর	জন্য	2
বাঁচাবে	এবং	1
বাঁচার	অধিকার	1
বাঁচার	জন্য	1
বাঁচি	না	2
বাঁচে	স্বপ্নের	1
বাঁদিকে	বেঁকে	2
বাঁদিকে	ঘুরুন	1
বাঁদিকে	ঘোরো	1
বাঁদিকে	নিন	1
বাঁধ	নির্মিত	1
বাঁধা	আছে	1
বাঁধা	ছিল	1
বাঁধা	দিলে	1
বাঁধার	প্রবণতা	1
বাঁশ	পুঁতে	1
বাঁশি	বাজবে	1
বাংলা	নববর্ষ	7
বাংলা	ভাষা	6
বাংলা	ভাষায়	6
বাংলা	ভাষার	6
বাংলা	সাহিত্যে	4
বাংলা	একাডেমির	3
বাংলাদেশ	ব্যাংক	34
বাংলাদেশ	ব্যাংকের	22
বাংলাদেশ	থেকে	14
বাংলাদেশ	একটি	8
বাংলাদেশ	ব্যাংকে	7
বাংলাদেশ	ও	6
বাংলাদেশি	পণ্যের	3
বাংলাদেশি	পণ্য	2
বাংলাদেশে	এ	4
বাংলাদেশে	এখন	3
বাংলাদেশে	এসেছে	2
বাংলাদেশে	এসেছেন	2
বাংলাদেশে	নেই	2
বাংলাদেশে	সবচেয়ে	2
বাংলাদেশেও	এই	3
বাংলাদেশেও	এ	2
বাংলাদেশেও	এখন	2
বাংলাদেশের	অবস্থান	9
বাংলাদেশের	জাতীয়	8
বাংলাদেশের	প্রথম	8
বাংলাদেশের	বাজারে	7
বাংলাদেশের	জন্য	5
বাংলাদেশের	সঙ্গে	5
বাংলায়	কথা	2
বাংলায়	কিন্তু	1
বাংলায়	পুরোপুরি	1
বাংলায়	প্রোগ্রামিং	1
বাংলার	প্রথম	2
বাংলার	রাজধানী	2
বাংলার	সিংহাসনে	2
বাইক	নেই	2
বাইক	আছে	1
বাইকটা	আমারটা	1
বাইজান্টাইন	সাম্রাজ্য	1
বাইবেল	অনুসারে	1
বাইবেলের	পুরাতন	1
বাইরে	যাওয়া	4
বাইরে	অপেক্ষা	3
বাইরে	থেকে	3
বাইরে	যেতে	3
বাইরে	খেলতে	2
বাইরে	ছিলাম	2
বাইরেও	অনেকে	1
বাইরের	অংশ	1
বাইরের	অংশটুকু	1
বাইরের	অনেক	1
বাইরের	কোন	1
বাইরের	শিল্পীদের	1
বাইরের	সব	1
বাইসাইকেল	কেন	1
বাইসাইকেল	নীল	1
বাউল	গান	2
বাউল	মত	2
বাক	ও	1
বাকি	আছে	2
বাকি	জীবন	2
বাকি	কোটি	1
বাকি	ছিল	1
বাকি	সব	1
বাকি	সবাই	1
বাকিটা	দেখা	1
বাকিটা	বিভিন্ন	1
বাকিরা	উচ্চ	1
বাকী	থাকবে	1
বাক্য	অনুবাদ	1
বাক্য	ঈশ্বর	1
বাক্য	ঈশ্বরের	1
বাক্য	চাই	1
বাক্য	ছিলেন	1
বাক্য	বলো	1
বাক্যগুলি	সঠিক	2
বাক্যাংশটির	আক্ষরিক	2
বাক্যে	প্রয়োগ	1
বাক্স	দরকার	1
বাক্সে	ডলার	1
বাগদাদ	ধ্বংস	1
বাগদান	হয়েছে	1
বাগান	আছে	2
বাগান	দেখতে	1
বাগান	দেখায়	1
বাগান	দেখিয়েছেন	1
বাগান	দেখে	1
বাগান	রয়েছে	1
বাগানে	কাজ	2
বাগানে	কী	2
বাগানে	খেলতে	1
বাগানে	গোলাপ	1
বাগানে	ফুল	1
বাগানে	বেশ	1
বাগানের	এক	1
বাগানের	গাছটি	1
বাগানের	গাছে	1
বাগানের	দেয়াল	1
বাঘ	অত্যন্ত	1
বাঘ	অবশিষ্ট	1
বাঘ	কি	1
বাঘ	কোথায়	1
বাঘ	পালিয়েছে	1
বাঘ	বিড়ালের	1
বাঘকে	ভয়	1
বাঘের	ভয়	2
বাঘের	দুধ	1
বাঙালি	হিন্দু	3
বাঙালি	জাতির	2
বাচ্চা	আছে	3
বাচ্চা	প্রসবের	2
বাচ্চা	নিতে	1
বাচ্চা	নিয়ে	1
বাচ্চা	নেই	1
বাচ্চা	হওয়ার	1
বাচ্চাই	ওটা	1
বাচ্চাকে	একলা	1
বাচ্চাকে	কত	1
বাচ্চাকে	কষ্ট	1
বাচ্চাকে	দুধ	1
বাচ্চাকে	বুকে	1
বাচ্চাকে	বুকের	1
বাচ্চাটা	আসছে	1
বাচ্চাটা	চিৎকার	1
বাচ্চাদের	মত	5
বাচ্চাদের	খুব	1
বাচ্চাদের	জন্য	1
বাচ্চাদের	পাশে	1
বাচ্চাদের	বয়স	1
বাচ্চাদের	মতো	1
বাচ্চার	খেয়াল	2
বাচ্চার	জ্বর	1
বাচ্চার	ডাক্তারের	1
বাচ্চার	নাম	1
বাচ্চার	হাঁটু	1
বাচ্চারা	এগুলো	1
বাচ্চারা	কেক	1
বাচ্চারা	কেমন	1
বাচ্চারা	সত্যিই	1
বাচ্চারাও	সেটা	1
বাছাই	কমিটি	1
বাজতে	দশ	1
বাজাতে	পার	1
বাজাতে	পারতাম	1
বাজাতে	পারি	1
বাজাতে	পারে	1
বাজাতে	পারেন	1
বাজানো	অভ্যাস	1
বাজার	থেকে	4
বাজার	একসঙ্গে	1
বাজার	তৈরি	1
বাজার	ধরতে	1
বাজার	শেয়ার	1
বাজারে	এখন	5
বাজারে	যায়	5
বাজারে	গিয়ে	2
বাজারে	নতুন	2
বাজারে	যাচ্ছি	2
বাজারে	দেখা	1
বাজারেও	গতকাল	1
বাজারের	উন্নয়ন	1
বাজারের	ব্যবসায়ীদের	1
বাজারের	সূচক	1
বাজে	বেশি	2
বাজে	ও	1
বাজে	তখন	1
বাজে	নোংরা	1
বাজে	বাঁশি	1
বাজে	সিনেমা	1
বাজেট	ছিল	1
বাজেট	পেশ	1
বাজেটে	সংস্কার	1
বাজেটে	সর্বোচ্চ	1
বাজেটের	সমান	1
বাটি	আছে	1
বাড়ছে	উত্তেজনা	1
বাড়ছে	তা	1
বাড়ছে	সে	1
বাড়তি	গুরুত্ব	1
বাড়তি	পাওনা	1
বাড়তে	পারে	2
বাড়তে	থাকে	1
বাড়বে	তা	1
বাড়বে	বলে	1
বাড়া	আছে	1
বাড়া	খাড়া	1
বাড়া	পছন্দ	1
বাড়া	বের	1
বাড়াও	তখন	1
বাড়াটা	একটু	2
বাড়াটা	তখন	2
বাড়াতে	বলা	1
বাড়াতে	লাগল	1
বাড়ানো	উচিত	1
বাড়ানো	জরুরী	1
বাড়ানো	হয়েছে	1
বাড়ানোর	প্রাকৃতিক	1
বাড়ায়	তা	1
বাড়ার	উপর	1
বাড়ার	কাছে	1
বাড়ার	মাধ্যমে	1
বাড়ার	সঙ্গে	1
বাড়ার	সাইজ	1
বাড়ি	যেতে	7
বাড়ি	থেকে	5
বাড়ি	খুজে	4
বাড়ি	কোথায়	3
বাড়ি	ফিরে	3
বাড়ি	যাওয়া	2
বাড়িটা	আমার	3
বাড়িটা	ভুতুড়ে	2
বাড়িটা	কী	1
বাড়িটা	হলুদ	1
বাড়িটাকে	দখল	1
বাড়িটি	কিনেছেন	1
বাড়িটি	ছেড়ে	1
বাড়িটি	দশ	1
বাড়িটি	পরিষ্কার	1
বাড়িটি	বিক্রি	1
বাড়িটি	সম্পূর্ণ	1
বাড়িতে	আছি	2
বাড়িতে	একটা	2
বাড়িতে	কি	2
বাড়িতে	কেউ	2
বাড়িতে	থাকতে	2
বাড়িতে	থাকব	2
বাড়িতেই	অবস্থান	1
বাড়িতেই	থাকব	1
বাড়িতেই	থাকি	1
বাড়িতেই	থাকুন	1
বাড়িতেই	রইলেন	1
বাড়িয়ে	দেয়	3
বাড়িয়ে	দিল	1
বাড়িয়ে	দেবেন	1
বাড়িয়ে	বললাম	1
বাড়িয়েছে	বাংলাদেশ	1
বাড়ির	বাইরে	4
বাড়ির	কাজ	2
বাড়ির	ঠিকানাটা	2
বাড়ির	মালিক	2
বাণিজ্য	ও	3
বাণিজ্য	মেলা	3
বাণিজ্য	অংশীদার	1
বাণিজ্য	এই	1
বাণিজ্য	এখন	1
বাণিজ্যিক	কাগজের	4
বাণিজ্যিক	কাগজ	2
বাণিজ্যিক	আদান	1
বাণিজ্যিক	সম্পর্ক	1
বাণিজ্যে	ঘাটতি	1
বাণী	দিয়েছে	1
বাতাস	খুব	2
বাতাস	না	2
বাতাস	বইলে	2
বাতাস	আমরা	1
বাতাস	আমাদের	1
বাতাস	কিছুটা	1
বাতাসকে	দেখা	1
বাতাসে	আবারও	1
বাতাসে	নড়ে	1
বাতাসে	পাল	1
বাতাসে	বিভিন্ন	1
বাতাসে	শ্বাস	1
বাতাসের	আগে	1
বাতাসের	সাহায্যে	1
বাতি	জ্বালিয়েছে	1
বাতিল	করতে	3
বাতিল	করায়	1
বাতিল	করেছে	1
বাতিল	হয়ে	1
বাথরুম	কোথায়	1
বাথরুমে	গিয়ে	1
বাথরুমে	ঢুকলো	1
বাথরুমে	ঢুকে	1
বাথরুমে	যেতে	1
বাদ	দিয়ে	7
বাদ	দাও	5
বাদ	গেছে	1
বাদ	দিন	1
বাদ	দেবে	1
বাদ	নিয়ে	1
বাদাম	আকৃতির	1
বাদাম	একসঙ্গে	1
বাদাম	খাচ্ছি	1
বাদামি	ও	1
বাদামি	থেকে	1
বাদীর	আত্মীয়	3
বাধা	নেই	2
বাধা	আছে	1
বাধা	আটকে	1
বাধা	দিচ্ছেন	1
বাধা	রয়েছে	1
বাধা	হিসেবে	1
বাধিয়ে	বসল	1
বাধ্য	করবে	1
বাধ্য	করেছে	1
বাধ্য	থাকে	1
বাধ্য	হয়েছে	1
বাধ্য	হয়েছেন	1
বাধ্যবাধকতা	আছে	1
বাধ্যবাধকতা	নেই	1
বানাতে	কোনো	1
বানাতে	চান	1
বানাতে	পারবেন	1
বানাতে	হয়	1
বানান	ব্যবহার	2
বানান	কোনটি	1
বানান	প্রস্তাব	1
বানান	রাখার	1
বানানো	হয়েছে	1
বানিয়েছি	দিয়েছিলাম	1
বান্দা	ও	1
বান্ধবী	চাই	1
বান্ধবী	সিড়ি	1
বাপ	তেমন	1
বাপ	মা	1
বাপের	বাড়িতে	1
বাবদ	ভিকটিমের	1
বাবা	মা	9
বাবা	আমাকে	5
বাবা	একজন	4
বাবা	খুব	4
বাবা	এখানে	3
বাবা	ও	3
বাবাকে	আমার	1
বাবাকে	খেতে	1
বাবাকে	প্রথমে	1
বাবাকে	বড্ড	1
বাবাকে	মেয়েটিকে	1
বাবাকে	হারিয়েছে	1
বাবার	নাম	4
বাবার	সাথে	3
বাবার	জন্য	2
বাবার	পেশা	2
বাবার	বয়স	2
বাবার	পিজ্জা	1
বাবারা	বাংলাদেশ	1
বাবু	চা	1
বাবু	ফরাসি	1
বাবু	ফ্রান্স	1
বাবু	মেয়ে	1
বামন	নই	1
বামে	সরুন	1
বায়ার	দুধগুলো	1
বায়ু	এর	1
বায়ু	ও	1
বায়ু	চলাচলের	1
বায়ু	প্রয়োজন	1
বায়ু	বুদবুদ	1
বায়ুকে	সম্পৃক্ত	2
বায়ুর	তাপমাত্রায়	1
বায়ুর	প্রয়োজন	1
বায়ুর	সম্পৃক্ত	1
বার	বার	4
বার	করতে	1
বার	করে	1
বার	ব্যর্থ	1
বার	মিলন	1
বারবার	অন্যায়	1
বারবার	কিংবা	1
বারবার	ক্ষমা	1
বারবার	চুল	1
বারবার	বলতে	1
বারুদের	নিকট	1
বারের	কম	1
বারো	ঘন্টা	1
বারো	তেরো	1
বারো	দিনের	1
বারো	বছর	1
বারো	মাসে	1
বারো	হাজারের	1
বারোটা	মাস	1
বার্গার	খেতে	1
বার্গার	না	1
বার্তা	যাচ্ছে	1
বার্তাবাহক	হিসেবে	1
বার্তায়	বলা	1
বার্ন	সুইজারল্যান্ডের	1
বার্লিন	জার্মানিতে	1
বার্ষিক	চাহিদা	1
বার্ষিক	পরীক্ষা	1
বার্ষিক	প্রতিবেদন	1
বার্ষিকী	আজ	2
বার্ষিকী	উদযাপন	2
বার্ষিকী	ভুলে	2
বার্ষিকী	কবে	1
বাল	করছিস	1
বালক	ও	1
বালিকা	উচ্চবিদ্যালয়ে	2
বালিশটা	পরিষ্কার	1
বাষ্প	ঘনীভূত	2
বাষ্প	দ্বারা	1
বাষ্প	হলো	1
বাষ্পে	পরিণত	2
বাষ্পের	অতিরিক্ত	2
বাস	করত	3
বাস	করি	3
বাস	করে	3
বাস	করতে	2
বাস	করতো	2
বাস	করেন	2
বাসটা	এয়ারপোর্টের	2
বাসটা	কি	1
বাসটা	সাধারণত	1
বাসনা	করেছিলাম	1
বাসনা	নিয়ে	1
বাসর	ঘরে	1
বাসর	রাতে	1
বাসর	রাতেও	1
বাসস্ট্যান্ডে	তীব্র	2
বাসস্থান	শিক্ষা	1
বাসস্থানের	প্রয়োজনীয়তা	1
বাসস্থানের	ব্যবস্থা	1
বাসা	ও	1
বাসা	কোথায়	1
বাসা	থেকে	1
বাসায়	এসেছি	1
বাসায়	চলে	1
বাসায়	থাকি	1
বাসায়	থাকুন	1
বাসায়	নিয়ে	1
বাসায়	ফেরার	1
বাসার	একটি	1
বাসার	নিচে	1
বাসার	বিভিন্ন	1
বাসি	ও	1
বাসি	হলে	1
বাসিন্দা	কৃষক	1
বাসিন্দা	জাতীয়	1
বাসিন্দা	সূত্রে	1
বাসে	করে	4
বাসে	ভুলে	2
বাসে	একসাথে	1
বাসে	স্কুলে	1
বাসের	জন্য	1
বাসের	দরজা	1
বাসের	ধাক্কায়	1
বাস্তব	কোনো	1
বাস্তব	বলছে	1
বাস্তব	ভূমিকা	1
বাস্তবতা	বলছে	1
বাস্তবতা	সৃষ্টি	1
বাস্তবতা	হচ্ছে	1
বাস্তবায়ন	অত্যন্ত	1
বাস্তবায়ন	করছে	1
বাস্তবায়ন	করতে	1
বাস্তবায়ন	হলে	1
বাস্তবের	মুখোমুখি	1
বাহক	বলে	1
বাহাদুর	শাহ	1
বাহিনী	এক	1
বাহিনী	গঠনের	1
বাহিনী	দখল	1
বাহিনী	প্রতিষ্ঠা	1
বাহিনী	সামনের	1
বাহিনী	হোসেন	1
বাহিনীকে	স্বীকৃতি	1
বাহিনীর	অভিযান	2
বাহিনীর	চিফ	1
বাহিনীর	পাইলট	1
বাহিনীর	পূর্ব	1
বাহিনীর	প্রধান	1
বাহিনীর	সুপ্রিম	1
বাহির	হওয়ার	1
বাহু	সমান	2
বাহু	ব্যবহার	1
বাহুল্য	থাকে	1
বাহুল্য	বর্জন	1
বাহ্যিক	অবস্থার	1
বাহ্যিক	কাজ	1
বি	এম	1
বি	পেয়েছি	1
বিংশ	শতাব্দীর	2
বিএসসি	করেন	1
বিকল্প	নেই	4
বিকল্প	আছে	1
বিকল্প	চিকিৎসার	1
বিকল্প	হিসেবে	1
বিকশিত	করতে	1
বিকশিত	হবে	1
বিকশিত	হয়	1
বিকালে	আমার	1
বিকালে	খাবার	1
বিকালে	বাংলাদেশের	1
বিকাশ	ও	2
বিকাশ	এবং	1
বিকাশ	দ্রুত	1
বিকাশ	নিশ্চিত	1
বিকাশ	লাভ	1
বিকাশের	জন্য	3
বিকিনি	পরিহিত	3
বিকৃত	করে	1
বিকৃতি	হতে	1
বিকেল	মানে	2
বিকেল	থেকেই	1
বিকেল	লাইব্রেরিতে	1
বিকেলে	বৃষ্টি	2
বিকেলে	খেলতে	1
বিকেলের	প্রয়োজন	1
বিক্রম	বুঝতে	1
বিক্রম	সেন	1
বিক্রয়	করা	1
বিক্রয়	হচ্ছে	1
বিক্রয়ের	বিষয়	1
বিক্রি	করে	4
বিক্রি	হচ্ছে	4
বিক্রি	করা	3
বিক্রি	হয়েছে	3
বিক্রি	শুরু	2
বিক্রি	হয়	2
বিক্রির	তালিকা	1
বিক্ষোভ	করছে	1
বিক্ষোভ	করেছে	1
বিক্ষোভ	করেন	1
বিক্ষোভ	ভিন্ন	1
বিক্ষোভ	হয়েছে	1
বিখ্যাত	অভিনেতা	1
বিখ্যাত	ছিলেন	1
বিখ্যাত	ছিলো	1
বিখ্যাত	পরিচালক	1
বিখ্যাত	স্থান	1
বিচলিত	করে	1
বিচলিত	হন	1
বিচার	ও	1
বিচার	প্রার্থনা	1
বিচারক	নিয়োগ	1
বিচারে	আন্তর্জাতিক	1
বিচারে	নিতে	1
বিচারের	কথা	1
বিচারের	জন্য	1
বিচিত্র	আর	1
বিচ্ছিন্ন	করে	1
বিচ্ছিন্ন	হওয়ার	1
বিচ্ছিন্ন	হয়ে	1
বিচ্ছিন্ন	হলো	1
বিছানা	থেকে	4
বিছানা	বেশ	1
বিছানায়	উঠে	1
বিছানায়	কেন	1
বিছানায়	গেলাম	1
বিছানায়	মদ	1
বিছানায়	শুয়ে	1
বিছানার	ওপর	2
বিছানার	নিচে	1
বিজনেস	করা	1
বিজয়	অর্জন	1
বিজয়	অর্জনে	1
বিজয়	দিবসে	1
বিজয়	নিকটবর্তী	1
বিজয়ী	প্রার্থী	1
বিজয়ী	রূপে	1
বিজয়ের	পাশাপাশি	1
বিজয়ের	মাস	1
বিজারণ	বিক্রিয়ায়	2
বিজিবির	পাঁচ	2
বিজেতা	হিসেবেও	1
বিজ্ঞ	আইনজীবী	2
বিজ্ঞ	বিচারক	2
বিজ্ঞ	আইনজীবীর	1
বিজ্ঞপ্তিতে	এ	3
বিজ্ঞপ্তিতে	জানানো	2
বিজ্ঞান	ও	3
বিজ্ঞান	অপেক্ষা	1
বিজ্ঞান	কী	1
বিজ্ঞান	জাদুঘর	1
বিজ্ঞান	মজাদার	1
বিজ্ঞান	শিক্ষক	1
বিজ্ঞানসম্মত	ও	1
বিজ্ঞানসম্মত	পদ্ধতির	1
বিজ্ঞানী	এই	1
বিজ্ঞানী	জন	1
বিজ্ঞানী	জোসেফ	1
বিজ্ঞানীরা	আগামী	1
বিজ্ঞানীরা	পরীক্ষা	1
বিজ্ঞানীরা	সেই	1
বিজ্ঞানে	উন্নত	1
বিজ্ঞানে	তাকে	1
বিজ্ঞানের	একটি	2
বিজ্ঞানের	যে	2
বিজ্ঞানের	শাখাসমূহ	2
বিজ্ঞানের	অনেক	1
বিজ্ঞানের	প্রতি	1
বিজ্ঞানের	শ্রেষ্ঠ	1
বিজ্ঞাপন	দেয়	2
বিজ্ঞাপন	বোর্ডে	1
বিটকয়েন	ও	2
বিড়াল	আছে	2
বিড়াল	রয়েছে	2
বিড়াল	অন্ধকারে	1
বিড়াল	এবং	1
বিড়াল	ডাকছে	1
বিড়ালটা	কোথায়	1
বিড়ালটি	গাছে	1
বিড়ালের	চেয়ে	1
বিড়ি	টানা	1
বিতরণ	করেছে	1
বিতরণে	বাংলাদেশ	2
বিতর্ক	এখনো	1
বিতর্ক	গত	1
বিতর্ক	হয়ে	1
বিতর্কের	সময়	1
বিতাড়িত	ইহুদীরা	1
বিতাড়িত	করেন	1
বিদায়	করা	1
বিদায়	করে	1
বিদায়	জানালো	1
বিদায়	নিল	1
বিদায়	নিলাম	1
বিদায়ী	বছরের	2
বিদেশ	থেকে	3
বিদেশ	গিয়েছো	1
বিদেশি	ইংরেজদের	1
বিদেশি	চ্যানেলে	1
বিদেশি	বড়	1
বিদেশি	ভাষা	1
বিদেশি	শব্দ	1
বিদেশী	ভাষা	1
বিদেশী	ভাষায়	1
বিদেশী	ভাষার	1
বিদেশী	রাজা	1
বিদেশী	শত্রুর	1
বিদেশীদের	হাতে	1
বিদেশে	অর্থ	1
বিদেশে	গেছিলাম	1
বিদেশে	টাকা	1
বিদেশে	পড়াশুনা	1
বিদেশে	যেতে	1
বিদেশে	সম্পদ	1
বিদেশের	স্বীকৃত	1
বিদ্ধ	করে	1
বিদ্যমান	ছিল	4
বিদ্যা	ভয়ংকরী	2
বিদ্যা	পেটে	1
বিদ্যা	মানুষের	1
বিদ্যার	গুরুত্ব	1
বিদ্যুতের	ক্ষেত্রে	1
বিদ্যুতের	তারে	1
বিদ্যুৎ	সরবরাহ	3
বিদ্যুৎ	খরচ	2
বিদ্যুৎ	ব্যবহার	2
বিদ্যুৎ	এলো	1
বিদ্যুৎ	গেল	1
বিদ্রুপ	সহ্য	1
বিদ্রোহ	করেন	1
বিদ্রোহী	কবি	2
বিদ্রোহী	গোষ্ঠী	1
বিদ্রোহীদের	ডেরা	1
বিদ্রোহীদের	সাহায্য	1
বিদ্রোহের	অবসান	1
বিধবা	বিবাহ	4
বিধবা	বিবাহের	1
বিধবা	মায়ের	1
বিধান	করতে	1
বিধান	করার	1
বিধান	কী	1
বিধান	দেন	1
বিধান	বা	1
বিধান	রয়েছে	1
বিধায়	তার	1
বিধি	অনুসরণ	1
বিধি	বিধান	1
বিধি	ভঙ্গের	1
বিধ্বস্ত	হয়েছে	1
বিন	ওয়ালিদ	1
বিনষ্ট	করতে	1
বিনষ্ট	না	1
বিনা	আমার	1
বিনা	কার্য	1
বিনা	মূল্যে	1
বিনা	সুখ	1
বিনা	স্বার্থে	1
বিনামূল্যে	দিচ্ছি	1
বিনাশ	ঘটুক	1
বিনিময়	হার	2
বিনিময়	করতেন	1
বিনিময়	ছাড়াই	1
বিনিময়	বা	1
বিনিময়	মূল্য	1
বিনিময়ে	অভ্যস্ত	1
বিনিময়ে	কোনো	1
বিনিময়ে	গড়ে	1
বিনিময়ে	ব্যবসায়ীদের	1
বিনিময়ে	যৌন	1
বিনিময়ে	স্বেচ্ছায়	1
বিনিয়োগ	করছে	2
বিনিয়োগ	করতে	2
বিনিয়োগ	আসতে	1
বিনিয়োগ	করবে	1
বিনিয়োগ	করেছেন	1
বিনিয়োগ	বোর্ড	1
বিনিয়োগে	আগ্রহ	1
বিনোদন	কেন্দ্রের	1
বিনোদন	দেয়	1
বিনোদন	প্রদানের	1
বিনোদনের	মাধ্যম	1
বিন্দু	বলে	3
বিন্দু	দুইটির	2
বিন্দু	বা	1
বিন্দু	বিন্দু	1
বিন্দু	হতে	1
বিন্দুতে	অক্সিজেনের	1
বিন্দুতে	অঙ্কিত	1
বিন্দুতে	পরিণত	1
বিন্যাস	করায়	1
বিপজ্জনক	দায়িত্ব	1
বিপণন	করছে	4
বিপত্তি	মোকাবেলা	1
বিপত্তি	সত্ত্বেও	1
বিপদ	থেকে	2
বিপদ	এবং	1
বিপদ	ঘটেছে	1
বিপদ	ডেকে	1
বিপদ	যখন	1
বিপদ	লোকটা	1
বিপদজনক	অভ্যাস	1
বিপদজনক	প্রবণতা	1
বিপদে	পড়েছি	2
বিপদে	আছি	1
বিপদে	আমি	1
বিপদে	ফেলবে	1
বিপরীত	বাহুর	2
বিপরীত	যন্ত্র	1
বিপরীত	শীর্ষ	1
বিপরীতে	যে	1
বিপর্যয়	থেকে	1
বিপর্যয়	নিয়ে	1
বিপর্যয়ের	একেবারে	1
বিপর্যয়ের	জন্য	1
বিপর্যয়ের	দিনগুলো	1
বিপর্যস্ত	করেছে	1
বিপর্যস্ত	হয়ে	1
বিপাকে	পড়েছেন	2
বিপুল	পরিমাণ	3
বিপুল	সৈন্য	1
বিপ্লব	গ্রেপ্তার	1
বিপ্লব	ঘটায়	1
বিপ্লব	জমি	1
বিপ্লব	নিজেকে	1
বিপ্লব	হচ্ছে	1
বিপ্লবী	চেতনা	1
বিপ্লবের	জমির	1
বিপ্লবের	বিরুদ্ধে	1
বিপ্লবের	স্কুলে	1
বিবদমান	অবস্থায়	1
বিবরণ	দিতে	1
বিবর্তন	জীবনের	1
বিবর্তন	সম্পর্কে	1
বিবর্তনে	কালের	1
বিবর্তনে	নতুন	1
বিবাদ	দেখা	1
বিবাহ	বার্ষিকী	10
বিবাহ	আইন	4
বিবাহ	একটি	4
বিবাহ	করতে	2
বিবাহ	করা	2
বিবাহবিচ্ছেদ	এখনকার	1
বিবাহিত	ছিল	1
বিবাহিত	ছিলাম	1
বিবাহিত	জীবন	1
বিবাহিত	না	1
বিবাহের	পরে	1
বিবাহের	প্রথম	1
বিবাহের	প্রথা	1
বিবাহের	বাইরে	1
বিবাহের	মূল	1
বিবাহের	সময়	1
বিবৃতি	উপস্থাপন	1
বিবৃতি	দেওয়ার	1
বিবৃতি	প্রকাশ	1
বিবেক	এবং	2
বিবেচনা	করা	4
বিবেচনা	করে	4
বিবেচনা	করলে	1
বিবেচনা	করুন	1
বিবেচনা	করেছিলাম	1
বিবেচনা	না	1
বিবেচনায়	আনতে	1
বিবেচনায়	আনা	1
বিবেচনায়	ছিল	1
বিবেচনায়	নিয়ে	1
বিবেচিত	হয়	2
বিব্রতকর	পরিস্থিতিতে	1
বিভক্ত	হয়ে	1
বিভাগ	আরেকটা	1
বিভাগ	ও	1
বিভাগ	কোনো	1
বিভাগ	চালু	1
বিভাগ	টি	1
বিভাগ	রয়েছে	1
বিভাগে	আবেদন	1
বিভাগে	চলে	1
বিভাগে	থেকেই	1
বিভাগে	যেতে	1
বিভাগে	শেষ	1
বিভাগের	বাংলোতে	2
বিভাগের	অধ্যাপক	1
বিভাগের	তৃতীয়	1
বিভাগের	শীর্ষ	1
বিভিন্ন	ধরনের	9
বিভিন্ন	দেশে	5
বিভিন্ন	সমস্যার	5
বিভিন্ন	জাতীয়	2
বিভিন্ন	বিষয়	2
বিভিন্ন	বিষয়ে	2
বিভেদ	থাকা	1
বিভ্রান্ত	করবেন	1
বিভ্রান্ত	কোরো	1
বিভ্রান্ত	হয়েছেন	1
বিভ্রান্তি	তৈরি	1
বিভ্রান্তির	অবসান	1
বিমান	এনেছে	1
বিমান	কেনার	1
বিমান	থেকে	1
বিমান	পাঠিয়েছে	1
বিমান	বাহিনীর	1
বিমান	হামলা	1
বিমানবন্দর	কর্তৃপক্ষ	1
বিমানবন্দর	থেকে	1
বিমানবন্দর	সড়ক	1
বিমানবন্দরে	যাব	1
বিমানে	করে	1
বিমানে	সিরিয়ায়	1
বিয়ার	খাই	1
বিয়ে	ভেঙে	6
বিয়ে	করতে	4
বিয়ে	করার	4
বিয়ে	করেছি	3
বিয়ে	করেছে	3
বিয়ে	করবে	2
বিয়েকে	বৈধতা	2
বিয়েটা	তো	1
বিয়েটা	ভেঙে	1
বিয়েতে	যে	1
বিয়ের	পর	3
বিয়ের	দিন	2
বিয়ের	আয়োজনে	1
বিয়ের	কথা	1
বিয়ের	প্রস্তাব	1
বিরক্ত	করছেন	1
বিরক্ত	করবেন	1
বিরক্ত	করো	1
বিরক্ত	চোখে	1
বিরক্ত	না	1
বিরক্তিকর	একটা	1
বিরত	থাকলেই	1
বিরত	থাকুন	1
বিরত	থেকেছি	1
বিরত	হও	1
বিরতি	দিয়ে	1
বিরতি	নিলাম	1
বিরতি	নেব	1
বিরতির	পর	1
বিরল	এই	1
বিরল	ঘটনা	1
বিরাজ	করে	1
বিরাট	সত্য	1
বিরুদ্ধে	একটি	2
বিরুদ্ধে	গ্রেফতারি	2
বিরুদ্ধে	প্রতিবাদ	2
বিরুদ্ধে	প্রতিশোধ	2
বিরুদ্ধে	মানবতাবিরোধী	2
বিরুদ্ধে	মামলা	2
বিরূপ	আচরণে	1
বিরূপ	আবহাওয়ার	1
বিরোধিতা	করছি	1
বিরোধিতা	করা	1
বিরোধিতা	করে	1
বিরোধিতা	করেছেন	1
বিরোধিতা	করেন	1
বিরোধী	বিভিন্ন	1
বিল	জাপানে	2
বিল	ও	1
বিল	কোনটি	1
বিল	না	1
বিল	সাইকেল	1
বিল	হ্রদ	1
বিলটা	আজকেই	1
বিলটা	তৈরি	1
বিলটা	মিটিয়ে	1
বিলম্বিত	হওয়ার	1
বিলম্বিত	হয়েছিলো	1
বিলি	খেলাধুলায়	1
বিলিয়ন	ডলার	1
বিলিয়ন	ডলারের	1
বিলুপ্ত	হয়ে	2
বিলুপ্ত	ও	1
বিলুপ্ত	হয়	1
বিলুপ্তির	পথে	1
বিলের	পানি	1
বিলের	লেনদেনে	1
বিশ	মিনিটের	2
বিশ	কিলোমিটার	1
বিশ	ত্রিশ	1
বিশ	শতকের	1
বিশদ	আলোচনা	1
বিশাল	এক	1
বিশাল	বাড়া	1
বিশাল	সীমান্ত	1
বিশিষ্ট	ব্যক্তিরা	1
বিশিষ্ট	সি	1
বিশুদ্ধ	পানি	2
বিশুদ্ধ	পানিতে	1
বিশুদ্ধ	বরফ	1
বিশৃঙ্খল	এবং	1
বিশৃঙ্খল	পরিস্থিতির	1
বিশৃঙ্খল	হওয়ার	1
বিশৃঙ্খলা	সৃষ্টি	2
বিশেষ	করে	6
বিশেষ	ধরনের	2
বিশেষ	জজ	1
বিশেষ	পদক্ষেপ	1
বিশেষ	যত্ন	1
বিশেষ	রূপ	1
বিশেষজ্ঞ	বলে	1
বিশেষজ্ঞ	যে	1
বিশেষজ্ঞদের	মতে	1
বিশেষজ্ঞরা	এ	1
বিশেষজ্ঞরা	বলেন	1
বিশেষজ্ঞের	পরামর্শ	2
বিশেষজ্ঞের	কাছে	1
বিশেষজ্ঞের	ভূমিকা	1
বিশেষজ্ঞের	সাথে	1
বিশেষত	তরুণ	1
বিশেষত	বাংলাদেশের	1
বিশেষত	ব্যবসায়িক	1
বিশেষভাবে	জোর	2
বিশেষভাবে	প্রচলিত	1
বিশেষভাবে	সত্যি	1
বিশেষ্য	আর	1
বিশেষ্য	বা	1
বিশ্ব	জুড়ে	1
বিশ্ব	দরবারে	1
বিশ্ব	ব্যাংক	1
বিশ্ব	মানচিত্রে	1
বিশ্ব	মানবাধিকার	1
বিশ্ব	শাসনের	1
বিশ্বকাপ	কে	1
বিশ্বকাপের	সোনালি	1
বিশ্বকে	একটি	1
বিশ্বকে	বাঁচানোর	1
বিশ্বকে	বুঝতে	1
বিশ্বকে	সৃষ্টি	1
বিশ্বকে	হাতের	1
বিশ্বজুড়ে	পরিচিত	1
বিশ্বজুড়ে	যে	1
বিশ্ববিদ্যালয়	থেকে	2
বিশ্ববিদ্যালয়	উত্তপ্ত	1
বিশ্ববিদ্যালয়	জীবনে	1
বিশ্ববিদ্যালয়	প্রতিষ্ঠার	1
বিশ্ববিদ্যালয়	রয়েছে	1
বিশ্ববিদ্যালয়	হতে	1
বিশ্ববিদ্যালয়ে	আমার	1
বিশ্ববিদ্যালয়ে	প্রতিষ্ঠার	1
বিশ্ববিদ্যালয়ের	এক	1
বিশ্ববিদ্যালয়ের	কার্যক্রম	1
বিশ্ববিদ্যালয়ের	কেন্দ্রীয়	1
বিশ্ববিদ্যালয়ের	তম	1
বিশ্বব্যাপী	মানবতার	1
বিশ্বযুদ্ধ	চলাকালীন	1
বিশ্বযুদ্ধ	শুরু	1
বিশ্বযুদ্ধ	শেষ	1
বিশ্বযুদ্ধ	সালে	1
বিশ্বযুদ্ধে	অনেক	1
বিশ্বযুদ্ধে	আমেরিকা	1
বিশ্বযুদ্ধে	কতজন	1
বিশ্বযুদ্ধে	সোভিয়েত	1
বিশ্বযুদ্ধের	পর	1
বিশ্বযুদ্ধের	পাঁচ	1
বিশ্বযুদ্ধের	সময়	1
বিশ্বস্ত	গুপ্তচর	1
বিশ্বাস	করে	18
বিশ্বাস	করতে	14
বিশ্বাস	করি	13
বিশ্বাস	করতেন	6
বিশ্বাস	করা	5
বিশ্বাস	করো	5
বিশ্বাসই	করতে	1
বিশ্বাসই	হচ্ছে	1
বিশ্বাসঘাতকতা	এবং	1
বিশ্বাসঘাতকতা	করলেও	1
বিশ্বাসঘাতকতা	করেছে	1
বিশ্বাসঘাতকতার	কারণে	1
বিশ্বাসঘাতকতার	মামলা	1
বিশ্বাসযোগ্য	প্রমাণই	1
বিশ্বাসযোগ্য	মানুষ	1
বিশ্বাসের	কারণে	2
বিশ্বাসের	প্রতি	1
বিশ্বে	বাংলাদেশের	3
বিশ্বে	এখন	1
বিশ্বে	নতুন	1
বিশ্বে	যা	1
বিশ্বে	যে	1
বিশ্বে	সম্ভাবনাময়	1
বিশ্বের	সবচেয়ে	6
বিশ্বের	বিভিন্ন	4
বিশ্বের	জন্য	2
বিশ্বের	প্রতিটি	2
বিশ্বের	বেশ	2
বিশ্বের	পরিবর্তন	1
বিশ্রাম	নিতে	2
বিশ্রাম	করেছেন	1
বিশ্রাম	দিচ্ছি	1
বিশ্রাম	দিন	1
বিশ্রাম	নেবো	1
বিশ্রামের	জন্য	1
বিশ্রামের	দিন	1
বিশ্রী	দেখতে	1
বিশ্লেষণ	ও	2
বিশ্লেষণ	করে	1
বিশ্লেষণ	করো	1
বিষ	দিয়ে	2
বিষ	খোঁজে	1
বিষ	জোগাড়	1
বিষণ্ণ	এবং	1
বিষণ্ণ	লাগছিল	1
বিষয়	নিয়ে	7
বিষয়	কথা	5
বিষয়	নয়	4
বিষয়	আছে	2
বিষয়	হয়ে	2
বিষয়	হলো	2
বিষয়ক	ঘটনা	2
বিষয়ক	জ্ঞান	2
বিষয়ক	সামাজিক	1
বিষয়ক	সাম্প্রতিক	1
বিষয়গুলি	অত্র	2
বিষয়গুলো	কঠোরভাবে	1
বিষয়গুলো	নিয়ে	1
বিষয়টা	নিয়ে	3
বিষয়টা	আরও	1
বিষয়টি	নজরে	1
বিষয়টি	পরিস্কার	1
বিষয়টি	পুলিশ	1
বিষয়টি	বুঝতে	1
বিষয়টি	বেশ	1
বিষয়টি	বোঝানোর	1
বিষয়বস্তু	প্রত্যক্ষভাবে	1
বিষয়ে	কথা	4
বিষয়ে	কিছু	4
বিষয়ে	আমি	3
বিষয়ে	আসলে	2
বিষয়ে	চিন্তা	2
বিষয়ে	লেখা	1
বিষয়েই	বাংলাদেশ	1
বিষয়েও	নিশ্চিত	1
বিষয়ের	অস্তিত্ব	1
বিষাক্ত	করে	1
বিষ্ঠা	সার	1
বিসর্জন	দেয়	1
বিস্কুট	খেয়েছিলেন	1
বিস্তার	করে	1
বিস্তার	করেছিলেন	1
বিস্তার	ফারাক	1
বিস্তারিত	তথ্য	1
বিস্তৃত	একটি	1
বিস্তৃত	করেন	1
বিস্তৃত	ক্ষেত্র	1
বিস্ফোরক	যন্ত্র	1
বিস্ফোরণ	তো	1
বিস্ফোরণে	গ্রামবাসীরা	1
বিস্ফোরণের	আওয়াজ	1
বিস্ফোরণের	ফলে	1
বিস্ফোরণের	শব্দ	1
বিস্ফোরিত	হয়েছে	1
বিস্ময়কর	গতিতে	1
বিস্ময়ে	ভরা	1
বিস্মিত	হতে	1
বিস্মিত	হয়ে	1
বীজ	ও	1
বীজ	বাংলাদেশ	1
বীভৎস	স্বপ্ন	1
বীমা	করা	1
বীর	থাকতে	1
বীর্য	গিলে	2
বীর্য	হয়	2
বীর্য	কি	1
বীর্য	থেকে	1
বীর্য	পরীক্ষা	1
বীর্য	বাহির	1
বুক	থেকে	1
বুকে	হাত	2
বুকে	আমি	1
বুকে	দুই	1
বুকে	ভয়ে	1
বুকে	সাহস	1
বুকের	দুধ	5
বুকের	তাজা	1
বুকের	ভেতর	1
বুঝছি	না	1
বুঝতে	পারছি	15
বুঝতে	পারছেন	10
বুঝতে	পারছো	9
বুঝতে	পারলাম	4
বুঝতে	পারেন	4
বুঝতে	পারছ	3
বুঝতেই	পারছো	1
বুঝতেই	পারিনি	1
বুঝব	কীভাবে	1
বুঝবে	কেমন	1
বুঝবেন	না	1
বুঝলাম	না	3
বুঝলাম	আমি	1
বুঝলাম	কীভাবে	1
বুঝলে	প্রশ্ন	1
বুঝা	যাবে	2
বুঝা	উচিত	1
বুঝা	যাচ্ছে	1
বুঝায়	যা	1
বুঝার	ক্ষমতা	1
বুঝি	না	3
বুঝিয়ে	দাও	2
বুঝিয়ে	দিয়ে	1
বুঝিয়ে	দিলেও	1
বুঝিয়ে	দিলেন	1
বুঝে	গেছি	2
বুঝে	উঠতে	1
বুঝে	কোপ	1
বুঝে	নিল	1
বুঝে	নেব	1
বুঝে	পড়া	1
বুঝেই	তোমার	1
বুড়াইল	স্কুল	2
বুদবুদ	উঠতে	1
বুদ্ধ	ধর্ম	2
বুদ্ধ	ছিলেন	1
বুদ্ধি	আছে	2
বুদ্ধি	হয়নি	2
বুদ্ধি	চেপে	1
বুদ্ধি	ছেলেটা	1
বুদ্ধি	নেই	1
বুদ্ধি	পরামর্শ	1
বুদ্ধিমত্তা	একদিন	2
বুদ্ধিমত্তা	অপ্রাসঙ্গিক	1
বুদ্ধিমত্তা	আছে	1
বুদ্ধিমত্তা	গবেষণা	1
বুদ্ধিমত্তা	তৈরি	1
বুদ্ধিমত্তা	সম্পর্কে	1
বুদ্ধিমত্তাকে	ঈশ্বর	2
বুদ্ধিমত্তার	কী	1
বুদ্ধিমত্তার	সম্ভাব্য	1
বুদ্ধিমত্তার	সাথে	1
বুদ্ধিমান	হয়ে	3
বুদ্ধিমান	লোক	1
বুদ্ধিমান	শাসক	1
বুদ্ধিমান	হতে	1
বুদ্ধির	সাথে	1
বুদ্ধিহীন	একটি	1
বুদ্ধের	জন্মস্থান	1
বুধবার	জাতীয়	2
বুধবার	রাতে	2
বুধবার	আইন	1
বুধবার	মহাকাশে	1
বুধবার	সকাল	1
বুলেট	অপসারণ	1
বুলেটপ্রুফ	ট্রেনে	1
বৃক্ষরোপণ	না	2
বৃক্ষের	পরিচয়	1
বৃক্ষের	প্রয়োজনীয়তা	1
বৃত্ত	নির্দেশ	1
বৃত্তি	না	1
বৃত্তি	প্রদান	1
বৃথা	যায়নি	1
বৃদ্ধ	বয়সে	1
বৃদ্ধ	মহিলা	1
বৃদ্ধ	লোকটিকে	1
বৃদ্ধ	লোকেরা	1
বৃদ্ধা	আমাকে	1
বৃদ্ধি	করা	5
বৃদ্ধি	ও	4
বৃদ্ধি	করে	4
বৃদ্ধি	পায়	3
বৃদ্ধি	করতে	2
বৃদ্ধি	ঘটে	1
বৃদ্ধির	জন্য	2
বৃদ্ধির	সাথে	2
বৃদ্ধির	কারণও	1
বৃদ্ধির	বৈশ্বিক	1
বৃষ্টি	পড়ছে	4
বৃষ্টি	হবে	4
বৃষ্টি	হলে	4
বৃষ্টি	হচ্ছে	3
বৃষ্টি	পড়ছিল	2
বৃষ্টি	হয়েছে	2
বৃষ্টিতে	ভিজলে	1
বৃষ্টিপাত	বেশি	1
বৃষ্টিপাত	হয়েছে	1
বৃষ্টির	সময়	2
বৃষ্টির	দরুন	1
বৃষ্টির	দিনে	1
বৃষ্টির	পানিতে	1
বৃষ্টির	মেয়াদ	1
বৃহত্তম	শহর	3
বৃহত্তম	ও	1
বৃহত্তম	দ্বীপের	1
বৃহত্তম	বিল	1
বৃহত্তম	রপ্তানি	1
বৃহত্তর	আন্দোলন	1
বৃহত্তর	ঢাকা	1
বৃহত্তর	যুদ্ধের	1
বৃহত্তর	স্বার্থে	1
বৃহস্পতিবার	বেলা	2
বৃহস্পতিবার	জাতীয়	1
বৃহস্পতিবার	রাতে	1
বৃহস্পতিবার	সকাল	1
বৃহৎ	কার্য	1
বেঁকে	যাবেন	6
বেঁকে	বসে	1
বেঁচে	থাকার	8
বেঁচে	ছিল	2
বেঁচে	ছিলেন	1
বেঁচে	থাকতে	1
বেঁচে	থাকতেন	1
বেঁধে	কারুর	1
বেঁধে	তাদের	1
বেঁধে	শারীরিক	1
বেআইনি	হলে	1
বেকারিতে	গেলাম	1
বেকুবের	মতো	1
বেগ	একটি	1
বেগ	কত	1
বেগ	পাওয়া	1
বেগম	আমাকে	1
বেগম	এবং	1
বেচতে	পারলাম	1
বেচারা	কবিতা	1
বেচে	তার	1
বেছে	নিতে	3
বেছে	নিয়েছি	1
বেছে	নেবে	1
বেছে	বেছে	1
বেজে	গেছে	1
বেটা	সংস্করণ	1
বেটে	নিতে	1
বেটে	নিন	1
বেড়াজালে	আবদ্ধ	2
বেড়াতে	আসবেন	1
বেড়াতে	এসেছে	1
বেড়াতে	গিয়েছিলাম	1
বেড়াতে	ভালোবাসি	1
বেড়াতে	যাওয়ার	1
বেড়ানো	হলো	1
বেড়ায়	খাবারের	1
বেড়ায়	সারাক্ষণ	1
বেড়াল	ছিলো	1
বেড়ালে	সংসার	1
বেড়িয়ে	যেতে	2
বেড়িয়ে	পরা	1
বেড়ে	যায়	14
বেড়ে	যাওয়ায়	3
বেড়ে	ওঠার	2
বেড়ে	গিয়েছে	2
বেড়ে	গেলে	2
বেড়ে	গেল	1
বেড়েছে	কমেছে	1
বেড়েছে	তা	1
বেড়োবার	সময়	2
বেতন	পায়	2
বেতন	কি	1
বেতন	দ্বিগুণ	1
বেতনের	চার	1
বেতার	নাটক	1
বেদুইনদের	সামাজিক	1
বেনিয়ামিন	নেতানিয়াহু	3
বেপরোয়া	আঞ্চলিক	1
বেমালুম	মিশে	1
বের	হচ্ছে	11
বের	করে	7
বের	হবে	3
বের	হয়ে	2
বের	হচ্ছিল	1
বের	হন	1
বেরিয়ে	এসেছে	1
বেরিয়ে	গেছে	1
বেরিয়ে	গেল	1
বেরিয়ে	পড়ে	1
বেরিয়ে	যান	1
বেরিয়ে	যেতে	1
বেরোতে	পারবো	1
বেল	টেলিফোন	1
বেলজিয়াম	ছেড়ে	1
বেলা	টার	3
বেলা	একটার	1
বেলা	ক্লাসের	1
বেলা	তিনটার	1
বেলা	বাড়ার	1
বেলা	সাড়ে	1
বেলায়	আমরা	1
বেলায়	আসামীর	1
বেলায়	তার	1
বেলায়	তো	1
বেলার	পাখি	1
বেলারুশের	রাষ্ট্রীয়	2
বেলাল	হোসেন	1
বেলুন	নিয়ে	1
বেশ	কয়েকটি	10
বেশ	কিছু	7
বেশ	ভালো	4
বেশ	কয়েক	3
বেশ	কিছুটা	2
বেশ	বড়	2
বেশকিছু	সরঞ্জাম	2
বেশি	সময়	7
বেশি	কাজ	4
বেশি	পছন্দ	4
বেশি	গুরুত্বপূর্ণ	3
বেশি	নজর	2
বেশি	হয়	2
বেশিই	খান	2
বেশিই	খায়	2
বেশিই	টাকা	1
বেশিই	পছন্দ	1
বেশিক্ষণ	থাকতে	1
বেশিক্ষণ	থাকব	1
বেশির	ভাগ	1
বেশিরভাগ	সময়	3
বেশিরভাগ	ক্ষেত্রে	2
বেশিরভাগ	কাজ	1
বেশিরভাগ	ব্যাংক	1
বেশিরভাগ	মেয়ের	1
বেশিরভাগই	ব্যবসায়ী	1
বেশিরভাগই	সবুজ	1
বেশী	থাকতে	2
বেশীই	দেরি	1
বেশীর	ভাগ	1
বেশীরভাগ	সাধারণ	1
বেশ্যার	থেকে	1
বেস	ও	1
বেসবল	খেলতে	1
বেসরকারি	ট্যুর	1
বেসরকারি	শিক্ষক	1
বেসরকারি	সংগঠন	1
বেসরকারি	হাসপাতাল	1
বেহাল	অবস্থা	1
বেহালা	আছে	1
বেহালা	বাজান	1
বেহালা	বাজানো	1
বৈচিত্র্য	আনতে	1
বৈচিত্র্য	থাকে	1
বৈচিত্র্য	দেখা	1
বৈজ্ঞানিক	কল্পকাহিনী	2
বৈজ্ঞানিক	পদ্ধতিনির্ভর	2
বৈজ্ঞানিক	গবেষণা	1
বৈজ্ঞানিক	পন্থা	1
বৈজ্ঞানিক	ভিত্তি	1
বৈঠক	করেন	2
বৈঠক	অনুষ্ঠিত	1
বৈঠক	করছে	1
বৈঠক	করে	1
বৈঠক	করেছে	1
বৈঠক	শেষে	1
বৈঠকে	জাতিসংঘ	1
বৈঠকে	বসছে	1
বৈঠকে	হতাশা	1
বৈদেশিক	মুদ্রার	2
বৈদেশিক	আক্রমণের	1
বৈদেশিক	ঋণ	1
বৈদ্যুতিক	চার্জ	1
বৈধ	নয়	2
বৈধ	আবার	1
বৈধ	পদ্ধতি	1
বৈধ	হলেও	1
বৈধতা	দিয়েছে	1
বৈধতা	দেয়ার	1
বৈশিষ্ট্য	অধ্যয়ন	2
বৈশিষ্ট্য	একেক	1
বৈশিষ্ট্য	ও	1
বৈশিষ্ট্য	ছিল	1
বৈশিষ্ট্য	নির্মাণ	1
বৈশিষ্ট্যের	বিকাশ	1
বৈশিষ্ট্যের	সঙ্গে	1
বৈশ্বিক	উষ্ণায়নের	2
বৈশ্বিক	তাপমাত্রা	1
বৈশ্বিক	পদ্ধতি	1
বৈশ্বিক	সমস্যা	1
বোকা	চুপ	1
বোকা	ছিল	1
বোকা	ভাবো	1
বোকা	সাজতে	1
বোকামি	হবে	1
বোকার	মতো	1
বোঝ	না	2
বোঝা	যায়	5
বোঝা	উচিৎ	1
বোঝা	কঠিন	1
বোঝা	ভারি	1
বোঝা	স্বরূপ	1
বোঝাতে	চাইছেন	1
বোঝাতে	চাইছো	1
বোঝাতে	পারব	1
বোঝাতে	সক্ষম	1
বোঝাতে	হবে	1
বোঝানো	হয়	1
বোঝানো	হয়ে	1
বোঝানোর	জন্য	1
বোঝাপড়া	হলো	1
বোঝাবুঝি	হয়েছে	1
বোঝায়	না	1
বোঝায়	যে	1
বোঝায়	যেখানে	1
বোঝে	না	2
বোঝেন	না	3
বোঝেনা	তা	1
বোট	অন্যান্য	1
বোটে	কাগজ	1
বোতল	জমা	1
বোতাম	আছে	1
বোধ	করছি	6
বোধ	করছো	1
বোধ	করি	1
বোধ	করেন	1
বোধ	হয়	1
বোধগম্য	হল	1
বোধহয়	নেই	1
বোন	আমার	1
বোন	একটু	1
বোন	এবং	1
বোন	নাকি	1
বোন	নার্সারি	1
বোনকে	বিয়ে	1
বোনদের	আমার	1
বোনদের	বই	1
বোনের	বিয়ে	2
বোনের	কয়েকদিন	1
বোনের	কাজ	1
বোনের	পাতলা	1
বোনের	বয়স	1
বোনের	রান্নার	1
বোনেরা	এখন	1
বোমা	তৈরি	1
বোমা	ফেলা	1
বোমা	বিস্ফোরিত	1
বোমা	মার্কিন	1
বোমা	হামলায়	1
বোমার	ওপর	1
বোমার	চেয়েও	1
বোমারু	বিমান	1
বোরকা	পরে	1
বোর্ড	তবে	1
বোর্ড	পরীক্ষার	1
বোর্ড	সদস্যদের	1
বোর্ড	সূত্রে	1
বোর্ডে	পাঠানো	1
বোর্ডে	লাগিয়ে	1
বোর্ডের	একটি	1
বোর্ডের	সদস্য	1
বোল	না	2
বোস্টন	যাওয়ার	1
বোস্টনে	যেতে	2
বোস্টনে	থাকতে	1
বোস্টনে	বড়	1
বোস্টনে	বাস	1
বোস্টনে	যাই	1
বোস্টনের	ওই	1
বৌদির	প্রেমের	2
ব্যক্তি	ছিলেন	4
ব্যক্তি	প্রতিষ্ঠান	2
ব্যক্তি	হবে	2
ব্যক্তি	একসময়	1
ব্যক্তি	মানুষের	1
ব্যক্তি	যিনি	1
ব্যক্তিকে	অন্তত	1
ব্যক্তিকে	আর্থিক	1
ব্যক্তিকে	খুন	1
ব্যক্তিকে	নিয়োগ	1
ব্যক্তিকে	বিষয়	1
ব্যক্তিকে	শাস্তি	1
ব্যক্তিগত	এবং	2
ব্যক্তিগত	বিষয়	2
ব্যক্তিগত	জীবন	1
ব্যক্তিগত	বিবরণ	1
ব্যক্তিগত	স্বার্থের	1
ব্যক্তিগতভাবে	এটাকে	1
ব্যক্তিদের	আর্থিক	1
ব্যক্তিদের	একজন	1
ব্যক্তিদের	কথায়	1
ব্যক্তিদের	সহায়তা	1
ব্যক্তির	মধ্যে	3
ব্যক্তির	কোটি	1
ব্যক্তির	গুণ	1
ব্যক্তির	চেতনা	1
ব্যক্তির	নাম	1
ব্যক্তিরা	উপস্থিত	1
ব্যক্তিরা	বলছেন	1
ব্যতীত	অন্য	1
ব্যতীত	ইচ্ছাকৃতভাবে	1
ব্যতীত	কোনো	1
ব্যথা	করছে	8
ব্যথা	হচ্ছে	4
ব্যথা	অনুভব	2
ব্যথা	শুরু	2
ব্যথা	ছিল	1
ব্যথা	দিতে	1
ব্যথার	অসুখ	1
ব্যথার	ঔষধ	1
ব্যথার	পাশাপাশি	1
ব্যথার	সাথে	1
ব্যপারটা	সামলাতে	2
ব্যপারে	চিন্তা	2
ব্যপারে	কথা	1
ব্যপারে	কোনো	1
ব্যপারে	বলছেন	1
ব্যপারে	বলিনি	1
ব্যবধান	দাঁড়ায়	1
ব্যবসা	করা	2
ব্যবসা	করার	1
ব্যবসা	করে	1
ব্যবসা	বা	1
ব্যবসা	ব্যাপকভাবে	1
ব্যবসা	সম্প্রসারণ	1
ব্যবসায়	প্রতিষ্ঠানের	4
ব্যবসায়	প্রতিষ্ঠান	3
ব্যবসায়	ক্ষতি	1
ব্যবসায়িক	কার্যক্রম	1
ব্যবসায়িক	সম্পর্ক	1
ব্যবসায়ী	আর্থিক	1
ব্যবসায়ী	ও	1
ব্যবসায়ী	ছিলো	1
ব্যবসায়ী	পরিচয়	1
ব্যবসায়ী	সেখানকার	1
ব্যবসায়ী	হিসেবে	1
ব্যবসায়ীদের	কাছ	1
ব্যবসায়ীদের	নামে	1
ব্যবসায়ীরা	কোন	1
ব্যবসায়ীরা	যে	1
ব্যবসায়ের	কথাও	1
ব্যবসার	জন্য	1
ব্যবসার	পরিধি	1
ব্যবস্থা	করে	3
ব্যবস্থা	চালু	3
ব্যবস্থা	করা	2
ব্যবস্থা	গ্রহণের	2
ব্যবস্থা	নিতে	2
ব্যবস্থা	নেওয়া	2
ব্যবস্থাই	করেন	1
ব্যবস্থাপকীয়	অর্থায়ন	2
ব্যবস্থাপনা	পরিচালক	2
ব্যবস্থাপনা	তার	1
ব্যবস্থাপনা	না	1
ব্যবস্থাপনা	বিষয়ে	1
ব্যবস্থাপনা	বুঝিয়ে	1
ব্যবস্থাপনা	ভালোভাবেই	1
ব্যবস্থায়	কিছু	1
ব্যবস্থায়	ক্রমশ	1
ব্যবস্থায়	গুরুত্বপূর্ণ	1
ব্যবস্থায়	তাপ	1
ব্যবস্থার	অধীনে	1
ব্যবস্থার	উন্নয়নে	1
ব্যবস্থার	ওপর	1
ব্যবস্থার	পরিবর্তন	1
ব্যবস্থার	পরিবর্তে	1
ব্যবস্থার	প্রবর্তন	1
ব্যবহার	করা	22
ব্যবহার	করে	17
ব্যবহার	করতে	14
ব্যবহার	করি	6
ব্যবহার	করুন	4
ব্যবহার	করছে	3
ব্যবহারকারী	দলের	1
ব্যবহারকারী	রয়েছে	1
ব্যবহারিক	বাংলা	2
ব্যবহারিক	ল্যাব	1
ব্যবহারিক	সামাজিক	1
ব্যবহারে	আমি	1
ব্যবহারে	এসব	1
ব্যবহারের	জন্য	3
ব্যবহারের	ক্ষেত্রে	2
ব্যবহারের	পরে	1
ব্যবহারের	বিরুদ্ধে	1
ব্যবহৃত	হয়	4
ব্যবহৃত	টি	1
ব্যবহৃত	হওয়া	1
ব্যবহৃত	হচ্ছে	1
ব্যবহৃত	হবে	1
ব্যবহৃত	হয়েছিল	1
ব্যয়	করবেন	1
ব্যয়	করেছে	1
ব্যয়	করো	1
ব্যয়	ব্যবসায়	1
ব্যয়	হয়	1
ব্যয়	হয়েছে	1
ব্যয়বহুল	মনে	1
ব্যয়বহুল	হয়ে	1
ব্যর্থ	হয়েছে	4
ব্যর্থ	হয়েছেন	3
ব্যর্থ	হওয়ার	2
ব্যর্থ	হয়	2
ব্যর্থ	হয়ে	2
ব্যর্থ	হলে	2
ব্যর্থতা	থাকবেই	2
ব্যর্থতা	আছে	1
ব্যর্থতা	থেকে	1
ব্যর্থতা	না	1
ব্যর্থতা	নির্ভর	1
ব্যর্থতা	হলো	1
ব্যর্থতায়	ভেঙে	1
ব্যর্থতার	ছাই	1
ব্যর্থতার	পরে	1
ব্যস্ত	থাকি	3
ব্যস্ত	নই	2
ব্যস্ত	আছে	1
ব্যস্ত	ছিল	1
ব্যস্ত	থাকবে	1
ব্যস্ত	থাকবেন	1
ব্যস্ততা	তো	1
ব্যস্ততা	ত্যাগ	1
ব্যাংক	কিছু	3
ব্যাংক	গতকাল	3
ব্যাংক	আজ	2
ব্যাংক	খাতে	2
ব্যাংক	সম্প্রতি	2
ব্যাংকও	এ	2
ব্যাংককে	অনেকটা	1
ব্যাংককে	অবশ্যই	1
ব্যাংককে	এ	1
ব্যাংককে	এমন	1
ব্যাংককে	সরকার	1
ব্যাংকগুলো	তাদের	1
ব্যাংকটা	কোথায়	1
ব্যাংকারের	মতো	1
ব্যাংকিং	পদ্ধতির	2
ব্যাংকে	অভিযোগ	1
ব্যাংকে	আছে	1
ব্যাংকে	একটি	1
ব্যাংকে	চাকরি	1
ব্যাংকের	হালনাগাদ	2
ব্যাংকের	কর্মকর্তা	1
ব্যাংকের	দলটি	1
ব্যাংকের	নিয়ন্ত্রণ	1
ব্যাকটেরিয়া	খালি	1
ব্যাখা	করুন	1
ব্যাখ্যা	করে	2
ব্যাখ্যা	করতে	1
ব্যাখ্যা	করব	1
ব্যাখ্যা	করেছেন	1
ব্যাখ্যা	খুব	1
ব্যাখ্যা	নেই	1
ব্যাগটা	চাই	1
ব্যাগটি	আমার	3
ব্যাগে	কী	1
ব্যাগে	ছাতা	1
ব্যাগে	বইটি	1
ব্যাগে	রাখল	1
ব্যাগের	ভেতর	1
ব্যাঙ	একটি	1
ব্যাঙ	পানিতে	1
ব্যাঙ্ক	ফেল	1
ব্যাঙ্কে	জমা	2
ব্যাঙ্কের	কাছ	1
ব্যাট	হাতে	2
ব্যাট	করতে	1
ব্যাটা	কোথায়	1
ব্যাটালিয়ন	সদর	1
ব্যাথা	করছে	21
ব্যাথা	করে	3
ব্যাথা	চলে	2
ব্যাথা	লাগছে	2
ব্যাথা	পেয়েছে	1
ব্যাথা	হয়েছে	1
ব্যাধি	তা	1
ব্যাধির	আক্রমণ	1
ব্যান্ডের	গানও	1
ব্যাপক	অর্থে	1
ব্যাপক	ও	1
ব্যাপক	ক্ষতি	1
ব্যাপক	জনপ্রিয়	1
ব্যাপক	প্রচার	1
ব্যাপক	সম্ভাবনা	1
ব্যাপকভাবে	বেড়ে	1
ব্যাপকভাবে	স্বীকৃত	1
ব্যাপার	না	1
ব্যাপারটা	এরকম	1
ব্যাপারটা	জগাখিচুড়ি	1
ব্যাপারটা	জানতে	1
ব্যাপারটা	নিয়ে	1
ব্যাপারটা	সামলে	1
ব্যাপারে	কথা	3
ব্যাপারে	আমার	2
ব্যাপারে	জানে	2
ব্যাপারে	অনেক	1
ব্যাপারে	এখনো	1
ব্যাপারে	কিছু	1
ব্যাপী	চলেছিল	1
ব্যাপী	সংগঠিত	1
ব্যাবসায়	অনেক	1
ব্যাবসায়	অবনতি	1
ব্যাবহার	করা	1
ব্যায়	করি	1
ব্যায়াম	করা	1
ব্যায়াম	করুন	1
ব্যাস	বরাবর	1
ব্রডকাস্টের	শুরুতে	1
ব্রাশ	করারও	1
ব্রাশ	চালিয়ে	1
ব্রিজে	শুরু	1
ব্রিজের	নিচে	1
ব্রিটিশ	প্রধানমন্ত্রী	1
ব্রিটিশ	ভারত	1
ব্রিটিশ	ভারতে	1
ব্রিটিশ	শাসন	1
ব্রিটিশদের	কাছে	1
ব্রিটিশদের	দখলে	1
ব্রিটেন	একটি	1
ব্রিটেনের	মহাকাশ	1
ব্রিটেনের	সরকার	1
ব্রেকফাস্ট	করার	1
ব্রেনের	কোনো	1
ব্র্যাক	ব্যাংক	4
ব্র্যান্ডের	স্মার্টফোন	2
ব্র্যান্ডের	গুঁড়া	1
ব্লক	দিতো	1
ব্লগ	এখন	1
ব্লাউজ	খুলতে	1
ব্লাউজের	নিচ	1
ব্লাউসের	হুকগুলো	2
ভক্তি	চোরের	1
ভক্তি	হোক	1
ভক্তের	বাড়ি	1
ভগবান	আছে	1
ভঙ্গ	করবেন	1
ভঙ্গ	করে	1
ভঙ্গ	করেছেন	1
ভঙ্গের	অভিযোগ	1
ভদ্র	ও	1
ভদ্রলোক	দুটো	1
ভবঘুরে	হয়ে	1
ভবন	গুড়িয়ে	1
ভবন	ধসে	1
ভবনে	এখন	1
ভবনে	বেসরকারি	1
ভবনে	ভাঙচুর	1
ভবনের	ছাদ	1
ভবনের	দিকে	1
ভবনের	নিচের	1
ভবনের	পাশে	1
ভবনের	ভূগর্ভস্থ	1
ভবনের	সামনে	1
ভবিষ্যতে	অনেক	1
ভবিষ্যতে	এ	1
ভবিষ্যতে	একদিন	1
ভবিষ্যতে	পাইলট	1
ভবিষ্যতে	বাংলাদেশ	1
ভবিষ্যতেও	আমাদের	1
ভবিষ্যতের	ভাবনা	1
ভবিষ্যদ্বাণী	সত্য	1
ভবিষ্যৎ	জীবন	1
ভবিষ্যৎ	পেশা	1
ভবিষ্যৎ	প্রধান	1
ভবিষ্যৎ	প্রযুক্তির	1
ভবিষ্যৎ	বিষয়	1
ভবিষ্যৎ	বেছে	1
ভয়	পায়	7
ভয়	করে	2
ভয়	করো	2
ভয়	দেখাতে	2
ভয়	পাই	2
ভয়	পাচ্ছো	2
ভয়ংকর	পরিণতির	1
ভয়ংকর	হলো	1
ভয়ঙ্কর	এবং	1
ভয়ঙ্কর	ছিল	1
ভয়ঙ্কর	মাত্রায়	1
ভয়ঙ্কর	সহিংসতার	1
ভয়াবহ	অভিজ্ঞতার	1
ভয়াবহ	হতে	1
ভয়ে	ভয়ে	2
ভয়ে	অর্ধেক	1
ভয়ে	আমাকে	1
ভয়ে	সে	1
ভয়ে	হাতটা	1
ভয়ের	মধ্যে	1
ভর	দিয়ে	2
ভর	ও	1
ভর	করে	1
ভর	তুষারপাত	1
ভর	দুপুরে	1
ভরবে	না	1
ভরসা	হলো	1
ভরাট	করে	1
ভরে	আছে	1
ভরে	থাকায়	1
ভরে	দিন	1
ভরে	না	1
ভর্তা	ভালো	1
ভর্তা	হলে	1
ভর্তি	করা	5
ভর্তি	করে	2
ভর্তি	পরীক্ষার	2
ভর্তি	হতে	2
ভর্তি	হয়ে	1
ভলিবল	খেলতে	1
ভাঁজ	উভয়	1
ভাঁজ	করলেন	1
ভাঁজ	করলো	1
ভাই	আছে	2
ভাই	আমার	2
ভাই	সেদিনই	2
ভাই	প্রশান্ত	1
ভাই	বোন	1
ভাইও	বলা	1
ভাইকে	দেখতেও	1
ভাইকে	হত্যা	1
ভাইটা	টিভি	1
ভাইদের	কে	1
ভাইয়া	আমাকে	1
ভাইয়ের	সাথে	2
ভাইয়ের	দ্বিতীয়	1
ভাইয়ের	নাম	1
ভাইয়ের	প্রথম	1
ভাইয়ের	বর্ণনা	1
ভাইয়ের	মন্তব্য	1
ভাইয়েরা	খুব	1
ভাইরাস	জ্বরে	2
ভাইরাস	না	1
ভাইরাস	ব্যাকটেরিয়া	1
ভাইরাস	হতে	1
ভাইরাস	হলো	1
ভাইরাসকে	গুলিয়ে	1
ভাইরাসকে	বিনষ্ট	1
ভাইরাসকে	মারতে	1
ভাইরাসটা	নিয়ে	1
ভাইরাসটি	দ্রুত	2
ভাইরাসে	আক্রান্ত	1
ভাইরাসের	কারণে	2
ভাইরাসের	কার্যকারিতা	1
ভাগ	করা	3
ভাগ	করে	1
ভাগ	করেছে	1
ভাগ	তো	1
ভাগ	পর্যন্ত	1
ভাগে	ভাগ	2
ভাগের	এক	2
ভাগের	টাকা	1
ভাগের	প্রায়	1
ভাগ্য	এনে	1
ভাগ্য	নির্ধারণ	1
ভাগ্য	ভালো	1
ভাগ্যিস	আর	1
ভাঙচুর	উচ্ছৃঙ্খল	1
ভাঙচুর	করা	1
ভাঙবো	কখন	1
ভাঙা	পুরোনো	1
ভাঙা	হয়েছে	1
ভাঙার	উদ্যোগ	1
ভাঙার	বিষয়টি	1
ভাঙে	না	1
ভাঙ্গা	আর	1
ভাঙ্গা	টুকরোগুলো	1
ভাঙ্গার	চিত্র	1
ভাজ	না	1
ভাজা	দিয়ে	1
ভাড়া	কত	1
ভাড়া	থাকত	1
ভাড়া	বাড়ানো	1
ভাত	খায়	3
ভাত	খেতে	2
ভাত	খাচ্ছি	1
ভাত	খেলাম	1
ভাত	পছন্দ	1
ভাতের	সঙ্গে	2
ভাতের	জন্য	1
ভাতের	বদলে	1
ভান	করেছিল	1
ভান	করেছিলাম	1
ভাব	গেল	1
ভাব	দেখে	1
ভাব	প্রকাশের	1
ভাব	বজায়	1
ভাবছি	আমার	1
ভাবছি	এটা	1
ভাবছি	তোমাকে	1
ভাবছিলাম	আপনি	1
ভাবছিলাম	তুই	1
ভাবছিলাম	তুমি	1
ভাবছে	বাংলাদেশ	1
ভাবছে	সে	1
ভাবছেন	আমি	1
ভাবছেন	তাহলে	1
ভাবছো	আমি	1
ভাবতে	পারেন	1
ভাবতে	লাগলাম	1
ভাবতেই	পারিনি	1
ভাবতেও	পারি	1
ভাবনা	আছে	2
ভাবনা	করলে	1
ভাবনা	ছাড়াই	1
ভাবনা	ভাবো	1
ভাবনা	সেনাবাহিনীর	1
ভাবনার	মাঝেই	1
ভাবলাম	ইনি	1
ভাবলাম	এইভাবে	1
ভাবা	উচিত	1
ভাবা	যেতে	1
ভাবার	সময়	1
ভাবার	সুযোগ	1
ভাবিনি	তুমি	1
ভাবী	আমার	1
ভাবীকে	কীভাবে	1
ভাবে	চেষ্টা	1
ভাবে	জিজ্ঞাসা	1
ভাবে	জীবনযাপন	1
ভাবে	বলতে	1
ভাবে	ব্যবহার	1
ভাবে	সব	1
ভাবের	উচ্চারণ	1
ভাবো	তাতে	2
ভারত	থেকে	3
ভারত	ও	2
ভারত	এবং	1
ভারত	পাকিস্তান	1
ভারতীয়	উপমহাদেশের	5
ভারতীয়	উপমহাদেশে	4
ভারতীয়	জাতীয়	2
ভারতীয়	পণ্য	2
ভারতীয়	হিন্দু	2
ভারতীয়	উদ্যোক্তা	1
ভারতে	পণ্য	1
ভারতে	পাচার	1
ভারতে	বিদ্যুৎ	1
ভারতে	যায়	1
ভারতে	সম্প্রতি	1
ভারতের	প্রথম	3
ভারতের	মধ্যে	2
ভারতের	ওপর	1
ভারতের	ক্ষমতাসীন	1
ভারতের	জনসংখ্যা	1
ভারতের	দুর্গম	1
ভারপ্রাপ্ত	প্রধান	1
ভারসাম্য	নষ্ট	1
ভারসাম্য	ফিরে	1
ভারসাম্য	বজায়	1
ভারসাম্য	বাংলাদেশের	1
ভারসাম্য	মারাত্মকভাবে	1
ভারি	হয়ে	1
ভারী	কুয়াশার	1
ভারী	খাবার	1
ভারী	গয়না	1
ভারী	বৃষ্টির	1
ভারী	রক্তপাত	1
ভার্চুয়াল	থ্রিডির	2
ভার্চুয়াল	বস্তু	1
ভার্চুয়াল	মুদ্রা	1
ভার্জিনিয়া	কোম্পানির	1
ভাল	লাগে	3
ভাল	গলফ	1
ভাল	গাড়ি	1
ভাল	পিয়ানো	1
ভাল	বুদ্ধি	1
ভাল	সাঁতার	1
ভালবাসা	ছাড়া	1
ভালবাসি	তুমি	1
ভালবাসে	না	1
ভালবাসে	সৃষ্টি	1
ভালভাবে	বায়ু	1
ভালভাবে	শেখান	1
ভালভাবে	শেষ	1
ভালো	লাগে	24
ভালো	করে	13
ভালো	লাগছে	9
ভালো	লাগলো	6
ভালো	হবে	5
ভালো	ছিল	4
ভালোই	আছি	1
ভালোই	কাটল	1
ভালোই	চলছে	1
ভালোই	হতো	1
ভালোবাসতে	বলে	1
ভালোবাসবে	না	1
ভালোবাসা	অন্ধ	1
ভালোবাসা	আছে	1
ভালোবাসা	চান	1
ভালোবাসা	নেই	1
ভালোবাসা	বিশ্বাস	1
ভালোবাসার	অধিকার	2
ভালোবাসার	মতো	1
ভালোবাসি	কিন্তু	2
ভালোবাসি	কারণ	1
ভালোবাসি	তোমায়	1
ভালোবাসি	না	1
ভালোবাসে	আমাকে	1
ভালোবাসে	না	1
ভালোবেসে	আমার	1
ভালোবেসে	ফেলি	1
ভালোভাবে	কাজ	1
ভালোভাবে	গ্রহণ	1
ভালোভাবে	বুঝা	1
ভালোভাবে	বোকা	1
ভালোভাবে	ব্যবহার	1
ভালোভাবে	সম্পন্ন	1
ভালোভাবেই	করতে	1
ভালোমতো	শুকিয়ে	1
ভালোর	জন্যই	1
ভাষা	বলতে	8
ভাষা	বুঝি	3
ভাষা	অধ্যয়ন	2
ভাষা	ইন্দো	2
ভাষা	প্রচলিত	2
ভাষা	বুঝতে	2
ভাষাই	সমান	2
ভাষাও	বোঝেন	1
ভাষাতেই	লিখতে	2
ভাষায়	কথা	16
ভাষায়	অনুবাদ	3
ভাষায়	একটি	3
ভাষায়	গান	2
ভাষায়	কিভাবে	1
ভাষায়	প্রকাশ	1
ভাষার	পরিবর্তন	2
ভাষার	মূল	2
ভাষার	উপর	1
ভাষার	সরকারি	1
ভাষ্যমতে	অন্য	1
ভাসমান	পানি	1
ভাসমান	পারমানবিক	1
ভাসা	ভাসা	1
ভাসা	শুনেছিলাম	1
ভাসিয়ে	দেয়	1
ভাস্কর্য	আধুনিক	1
ভিকটিম	সালমা	1
ভিকটিমের	কাছ	1
ভিকটিমের	কাছে	1
ভিকটিমের	পিতা	1
ভিকটিমের	বিবাহের	1
ভিকারুননিসা	নূন	2
ভিক্ষা	চায়	1
ভিক্ষা	দাও	1
ভিজলে	সর্দি	1
ভিজিয়ে	ফেলেছে	1
ভিজে	গেছি	1
ভিজে	না	1
ভিটামিন	ও	2
ভিটামিন	ডি	2
ভিটামিন	নিই	1
ভিটামিন	সি	1
ভিড়	থাকে	1
ভিড়ে	ছেলেটি	1
ভিড়ের	মধ্যে	1
ভিডিও	করা	1
ভিডিও	কল	1
ভিডিও	থাকবে	1
ভিডিওটা	আবার	1
ভিডিওটি	দেখার	2
ভিডিওটি	আপনার	1
ভিডিওতে	স্থান	1
ভিত	আরও	1
ভিতর	দিয়ে	1
ভিতর	সুপ্ত	1
ভিতরে	আসুন	1
ভিতরে	ঢুকিয়ে	1
ভিতরে	দেখতে	1
ভিতরে	প্রবেশ	1
ভিতরে	যেতে	1
ভিত্তি	করে	3
ভিত্তি	আছে	1
ভিত্তি	ছাড়া	1
ভিত্তি	তত	1
ভিত্তি	ধরেই	1
ভিত্তি	নেই	1
ভিত্তিক	এবং	1
ভিত্তিতে	অধ্যাপক	1
ভিত্তিতে	এলসি	1
ভিত্তিতে	কর	1
ভিত্তিতে	বলা	1
ভিত্তিতে	রাতদিন	1
ভিন্ন	ভিন্ন	4
ভিন্ন	আসনে	2
ভিন্ন	কথা	2
ভিন্ন	দুইটি	1
ভিন্ন	বানান	1
ভিন্ন	রূপ	1
ভিন্নভাবে	গুরুত্বপূর্ণ	1
ভিয়েতনাম	ও	1
ভীত	শক্ত	1
ভীতি	কৌতুহল	1
ভীতিকর	সিনেমা	2
ভীরু	কোথাকার	1
ভীষণভাবে	ঈর্ষান্বিত	1
ভুগছে	তাদের	1
ভুগতে	দেখা	1
ভুত	আছে	2
ভুনা	হলে	1
ভুল	করে	5
ভুল	ধারণা	4
ভুল	পথে	4
ভুল	আছে	3
ভুল	তথ্য	3
ভুল	রাস্তায়	2
ভুলগুলো	খুব	1
ভুলটা	কোথায়	1
ভুলতে	চাই	1
ভুলতে	পারি	1
ভুলবে	না	3
ভুলবেন	না	2
ভুলবো	না	2
ভুলভাবে	একটি	1
ভুলা	যায়	1
ভুলিয়ে	দিয়ে	1
ভুলে	গেছি	12
ভুলে	যেও	5
ভুলে	যেতে	4
ভুলে	যাই	3
ভুলে	গেছেন	2
ভুলে	থাকার	2
ভুলেই	গেছে	1
ভুলের	কিছু	1
ভুলো	না	1
ভূখণ্ড	লক্ষ্য	3
ভূখণ্ড	জুড়ে	1
ভূগর্ভস্থ	তলার	1
ভূত	গাছে	1
ভূত	থাকে	1
ভূত	নিয়ে	1
ভূত	মাছ	1
ভূত	যার	1
ভূতদের	মধ্যে	1
ভূতে	পরিণত	2
ভূতের	গল্প	3
ভূতের	জগতে	1
ভূতের	জন্ম	1
ভূতের	ভয়ে	1
ভূতের	সঙ্গে	1
ভূপাতিত	করতে	1
ভূমি	আরব	1
ভূমি	বন্দোবস্ত	1
ভূমি	সংলগ্ন	1
ভূমিকম্প	সাধারণ	1
ভূমিকম্প	হয়েছে	1
ভূমিকা	পালন	15
ভূমিকা	অনস্বীকার্য	2
ভূমিকা	আছে	2
ভূমিকা	রয়েছে	2
ভূমিকা	থাকতে	1
ভূমিকা	রাখতেই	1
ভূমির	পরিমাণ	1
ভূমিষ্ঠ	হওয়ার	1
ভূয়া	একটা	1
ভূয়া	পরিচয়পত্র	1
ভেক্টর	রাশি	3
ভেঙে	যায়	5
ভেঙে	গেছে	3
ভেঙে	গেলে	2
ভেঙে	গেলেও	2
ভেঙে	গেল	1
ভেঙে	দিলেও	1
ভেঙেছি	কিন্তু	1
ভেঙ্গে	ঐ	1
ভেঙ্গে	ঘরের	1
ভেঙ্গে	পড়ল	1
ভেঙ্গে	পড়লে	1
ভেজা	ও	1
ভেজা	ছিলো	1
ভেজা	বাতাস	1
ভেজে	চেয়ে	1
ভেজে	না	1
ভেতর	থেকে	2
ভেতর	এই	1
ভেতর	এটা	1
ভেতর	কি	1
ভেতর	চালান	1
ভেতরকার	ডিএনএ	1
ভেতরে	অনেক	3
ভেতরে	আসবে	3
ভেতরে	আসবেন	3
ভেতরে	আছে	2
ভেতরে	আছেন	2
ভেতরে	আসুন	2
ভেতরের	অংশ	1
ভেদ	করে	1
ভেনিস	যাবে	2
ভেনিস	যাবেন	2
ভেবে	দেখুন	2
ভেবে	এসেছি	1
ভেবে	থাকেন	1
ভেবে	যখন	1
ভেবে	সোজা	1
ভেবেছিল	যে	1
ভেবেছিলাম	আপনি	4
ভেবেছিলাম	তুমি	3
ভেবেছিলাম	এটা	2
ভেবেছিলাম	আমি	1
ভেবেছিলাম	তার	1
ভেবেছিলি	আমি	1
ভেবেছিলো	যে	1
ভেবেছো	কি	1
ভেলা	ভেসে	1
ভেসে	আসে	1
ভেসে	বেড়ায়	1
ভেসে	যাচ্ছে	1
ভোক্তা	পর্যায়ে	1
ভোগ	করছে	2
ভোগ	করবে	1
ভোগ্যপণ্য	আমদানির	2
ভোজনে	স্বাস্থ্য	1
ভোট	পেয়েছেন	2
ভোট	পেয়েছিল	1
ভোট	যোগ	1
ভোট	সর্বশেষ	1
ভোটার	হয়েছেন	1
ভোটের	ফলাফল	1
ভোটের	ব্যবধান	1
ভোটের	সংখ্যা	1
ভোটের	হিসাবে	1
ভোর	বেলায়	2
ভোর	রাত	1
ভোরে	এই	1
ভোলা	যায়	3
ভোলা	জেলা	1
ভোলা	সদর	1
ভোলার	চেষ্টা	1
ভ্যাকুয়াম	ক্লিনার	1
ভ্যাম্পায়ার	জাতীয়	1
ভ্যালেন্টাইন	ডে	1
ভ্রমণ	করছিলাম	1
ভ্রমণ	করা	1
ভ্রমণ	করে	1
ভ্রমণ	করেছেন	1
ভ্রমণ	না	1
ভ্রমণ	সতর্কতা	1
ভ্রমণে	আমরা	1
ভ্রমণের	উদ্দেশ্য	1
ভ্রমণের	কিছু	1
ভ্রমণের	জন্য	1
ভ্রমণের	ভরসা	1
ভ্রমণের	যাত্রা	1
ভ্রমণের	স্বপ্ন	1
ভ্রাতৃত্বসুলভ	মনোভাব	2
ভ্রান্ত	ধারণা	1
ভ্রাম্যমাণ	আদালত	2
মই	দিয়েছি	1
মক্কা	ও	1
মক্কা	ছেড়ে	1
মক্কা	থেকে	1
মক্কা	নগরীর	1
মক্কায়	মুসলমানরা	1
মক্কার	নেতৃত্ব	2
মক্কার	উপকণ্ঠে	1
মক্কার	কুরাইশদের	1
মক্কার	বিভিন্ন	1
মক্কেলদের	সুবিধা	1
মগের	মুল্লুক	2
মঙ্গল	গ্রহের	4
মঙ্গল	করুন	1
মঙ্গল	করেন	1
মঙ্গল	কামনায়	1
মঙ্গল	গ্রহে	1
মঙ্গল	নিহিত	1
মঙ্গলবার	রাতে	3
মঙ্গলবার	রাত	2
মঙ্গলবার	এ	1
মঙ্গলবার	থেকে	1
মঙ্গলবার	না	1
মঙ্গলবার	পর্যন্ত	1
মঙ্গলের	জন্য	1
মঙ্গলের	জন্যই	1
মঙ্গলের	লাল	1
মজা	করছি	2
মজা	কর	1
মজা	করুন	1
মজা	করে	1
মজা	পাবো	1
মজা	পেল	1
মজাই	আলাদা	1
মজার	ছবি	1
মজার	জিনিস	1
মজার	তেমনি	1
মজার	পরিবেশ	1
মজার	ব্যপার	1
মজার	মজার	1
মজিলা	বাংলাদেশের	2
মজুরি	গণতান্ত্রিক	1
মজুরি	পান	1
মজুরি	বৃদ্ধি	1
মজুরি	যে	1
মঞ্চস্থ	হয়	2
মঞ্চে	তার	1
মঞ্জুর	করে	1
মঞ্জুর	করেন	1
মটর	সাইকেলের	1
মডেলের	পাঁচটি	1
মণি	ও	1
মত	প্রকাশের	9
মত	ঘুমাচ্ছেন	3
মত	ঘুমাচ্ছে	2
মত	দেখতে	1
মত	দৌড়াবো	1
মত	সঠিক	1
মতন	জায়গায়	1
মতন	লিখে	1
মতভেদ	বা	1
মতলব	দক্ষিণ	1
মতামত	চাই	2
মতামত	প্রকাশের	1
মতামত	প্রদানের	1
মতামত	সংগ্রহ	1
মতে	কোনটি	1
মতে	বাংলাদেশ	1
মতে	বাংলাদেশের	1
মতে	সবার	1
মতেই	না	1
মতো	কিছু	3
মতো	হতে	3
মতো	আচরণ	2
মতো	আর	2
মতো	একটি	2
মতো	কোনো	2
মতোই	উত্তেজিত	1
মতোই	এসেছিলো	1
মতোই	বুদ্ধিমান	1
মতোই	বেশ	1
মতোই	হয়েছিস	1
মদ	অফার	1
মদ	রাখা	1
মদিনা	থেকে	2
মদিনা	সনদের	2
মদিনার	প্রাধান্য	2
মদে	পাগল	1
মদের	বোতল	1
মধু	আসে	1
মধু	খুব	1
মধু	দিয়েছিলাম	1
মধুর	চাক	1
মধুর	হলেও	1
মধ্য	দিয়ে	5
মধ্য	ও	2
মধ্য	দিয়েই	1
মধ্যদিয়ে	পবিত্র	1
মধ্যপ্রাচ্যে	একটি	1
মধ্যবর্তী	দূরত্বের	2
মধ্যবর্তী	অংশে	1
মধ্যবর্তী	অঞ্চলে	1
মধ্যম	আয়ের	5
মধ্যরাতের	আগে	1
মধ্যস্থতা	করছেন	1
মধ্যাহ্ন	হয়ে	1
মধ্যে	ফিরে	14
মধ্যে	একটি	5
মধ্যে	একজন	4
মধ্যে	একটা	4
মধ্যে	বাংলাদেশের	4
মধ্যে	কোনো	3
মধ্যেই	আছে	1
মধ্যেই	এর	1
মধ্যেই	কোথাও	1
মধ্যেই	ফিরে	1
মধ্যেই	সীমিত	1
মধ্যেও	গতকাল	1
মধ্যেও	মঙ্গল	1
মধ্যের	লোকটিকে	2
মন	দিয়ে	7
মন	খারাপ	2
মন	দাও	2
মন	ও	1
মন	ভালো	1
মনকে	কলুষিত	1
মনকে	প্রফুল্ল	1
মনকে	বোঝাতে	1
মনকে	সতেজ	1
মনটা	ভালো	2
মনটা	প্রশান্ত	1
মনটা	বাচ্চা	1
মনমরা	হয়ে	1
মনযোগ	দিতে	1
মনিক	আর	1
মনির	কপাল	1
মনিরুল	ইসলাম	2
মনে	হয়	42
মনে	হচ্ছে	28
মনে	করেন	14
মনে	করি	13
মনে	হয়েছিল	7
মনে	হয়েছে	6
মনের	চাহিদা	1
মনের	দুঃখে	1
মনের	ভাব	1
মনের	মানুষ	1
মনের	যন্ত্রণার	1
মনোনিবেশ	করেন	2
মনোনিবেশ	করুন	1
মনোনীত	একমাত্র	1
মনোনীত	হয়েছিল	1
মনোনীত	হয়েছেন	1
মনোবল	অনেক	1
মনোবিজ্ঞানের	আরেকটি	1
মনোবিজ্ঞানের	ক্ষেত্র	1
মনোবিজ্ঞানের	প্রভাব	1
মনোবিজ্ঞানের	যাত্রা	1
মনোভাব	নিয়ে	3
মনোভাব	ও	1
মনোভাব	পরিবর্তিত	1
মনোভাব	প্রদর্শন	1
মনোযোগ	ও	1
মনোযোগ	দিচ্ছেন	1
মনোযোগ	দিচ্ছো	1
মনোযোগ	দিতে	1
মনোযোগ	দিয়ে	1
মনোযোগ	দেওয়া	1
মন্তব্য	করেছেন	2
মন্তব্য	দেখে	1
মন্তব্য	পছন্দ	1
মন্তব্য	পেয়েছেন	1
মন্তব্য	বুঝতে	1
মন্তব্য	হলো	1
মন্ত্র	উচ্চারণ	1
মন্ত্রণালয়	থেকে	1
মন্ত্রণালয়	বলেছে	1
মন্ত্রণালয়	শুধু	1
মন্ত্রণালয়ের	একজন	2
মন্ত্রণালয়ের	যুগ্ম	2
মন্ত্রণালয়ের	অধীন	1
মন্ত্রণালয়ের	এক	1
মন্ত্রণালয়ের	সিনিয়র	1
মন্ত্রী	এ	1
মন্ত্রী	বলেন	1
মন্ত্রী	সাংবাদিকদের	1
মন্ত্রীর	গাড়ির	1
মন্থর	কিন্তু	1
মন্দ	কথা	2
মন্দ	কাজ	1
মন্দ	না	1
মন্দ	বলতে	1
মন্দ	হতো	1
মন্দা	এসব	1
মন্দির	অবধি	1
মন্দির	আছে	1
মন্দির	ছিল	1
মন্দির	দক্ষিণ	1
মন্দির	নির্মাণের	1
মন্দিরে	যায়	1
মন্দীভূত	হয়	1
মন্দের	মধ্যেও	1
মন্দের	হাত	1
ময়দা	দিয়ে	1
ময়দানে	অবস্থিত	1
ময়নাতদন্ত	প্রতিবেদন	2
ময়নাতদন্ত	ছাড়াই	1
ময়নাতদন্ত	প্রতিবেদনে	1
ময়লা	আবর্জনা	1
ময়লা	যায়	1
ময়ূর	নৃত্য	1
মরছি	কিছুই	1
মরণ	কে	1
মরণ	সব	1
মরতে	হবে	2
মরতে	দিয়ে	1
মরতে	দেখেছি	1
মরতে	পারে	1
মরলে	কি	1
মরলে	কেউ	1
মরা	হাতি	1
মরার	আগে	1
মরার	পরে	1
মরার	সঙ্গে	1
মরিচ	গুঁড়া	1
মরিচ	বিক্রি	1
মরিচ	মাছ	1
মরিয়া	হয়ে	1
মরে	যায়	2
মরে	গেছে	1
মরে	যাইনি	1
মরে	যাক	1
মরে	যাচ্ছে	1
মরে	যেতে	1
মরেনি	কই	1
মর্গে	প্রেরণ	1
মর্ম	বুঝেন	1
মর্মান্তিক	ঘটনা	1
মর্যাদা	এবং	2
মর্যাদা	ও	1
মর্যাদা	দিয়ে	1
মর্যাদা	দেওয়া	1
মর্যাদা	পায়	1
মর্যাদা	রক্ষা	1
মর্যাদায়	সমাহিত	1
মলের	সাথে	1
মশা	মারার	1
মশারি	ও	1
মসজিদ	নির্মাণ	1
মসজিদ	নির্মিত	1
মসজিদ	পার	1
মসজিদ	ভারতের	1
মসজিদে	আমন্ত্রণ	1
মসজিদে	থাকব	1
মসজিদে	বিশেষ	1
মসজিদের	দিকে	3
মসজিদের	পাশে	1
মসলা	চাল	1
মসলা	রপ্তানি	1
মসৃণ	করে	1
মসৃণ	হোক	1
মহত্ত্ব	ও	1
মহত্ত্ব	নেই	1
মহল	কমিশনের	1
মহল্লার	এক	1
মহা	বিপর্যয়	1
মহা	বিপর্যয়ের	1
মহা	যুদ্ধের	1
মহাকর্ষ	তরঙ্গ	1
মহাকাশ	ভ্রমণের	1
মহাকাশচারী	হয়	1
মহাকাশে	নিজেদের	1
মহাদেশ	এশিয়া	1
মহাদেশ	কোনটি	1
মহাদেশের	দক্ষিণ	1
মহান	আল্লাহ	3
মহান	বিজয়ী	1
মহান	শিক্ষা	1
মহানবী	স	2
মহানবী	হযরত	2
মহাবিশ্বের	প্রতিটি	2
মহাবিশ্বের	বয়স	1
মহাবিশ্বের	বিবর্তন	1
মহামারীর	আগের	2
মহারাজ	শুনুন	1
মহারাজের	সোনার	1
মহারাণী	হেঁটে	1
মহাশূন্যে	পাড়ি	1
মহাসাগরে	অবস্থিত	1
মহাসাগরে	গিয়ে	1
মহিউদ্দিন	চৌধুরী	1
মহিমা	বুঝার	1
মহিমা	যুগে	1
মহিমান্বিত	আল্লাহর	1
মহিলা	খুন	2
মহিলা	গজ	1
মহিলা	যারা	1
মহিলা	সদস্য	1
মহিলাকে	গাড়িতে	1
মহিলাকে	বিয়ে	1
মহিলাটি	পাঁউরুটি	2
মহিলাটিকে	আটকাও	1
মহিলাটিকে	আটকান	1
মহিলাটিকে	গাড়িতে	1
মহিলাটিকে	থামাও	1
মহিলাটিকে	থামান	1
মহিলাদের	উপর	1
মহিলাদের	তুলনায়	1
মহিলার	এই	2
মহিলার	একা	1
মহিলার	মতো	1
মহিলার	লজ্জা	1
মহিষ	নারকেল	1
মহৎ	গুণ	4
মহৎ	কবির	1
মহৎ	কাজ	1
মহৎ	ব্যক্তির	1
মা	আমাকে	5
মা	খুব	4
মা	একজন	3
মা	কোথায়	2
মা	গর্বিত	2
মা	বাবার	2
মাংস	খাই	3
মাংস	খাও	2
মাংস	খান	2
মাংস	কাঁচা	1
মাংস	কিনেছিলাম	1
মাংস	খায়	1
মাংসাশী	প্রাণী	1
মাংসের	দাম	2
মাংসের	চেয়ে	1
মাই	থেকে	1
মাইক	আর	1
মাইক	তুই	1
মাইক	তুমি	1
মাইক	হেসে	1
মাইক্রোসফট	বাংলাদেশের	1
মাইনে	পেয়ে	1
মাইল	গতি	1
মাইল	গতিতে	1
মাইল	দূরে	1
মাইল	হাঁটা	1
মাকে	চোদ	2
মাকে	খুঁজে	1
মাকে	খুব	1
মাকে	বলিস	1
মাকে	বেঁধে	1
মাকে	ভালোবাসি	1
মাখন	দিয়ে	1
মাগফিরাত	এবং	1
মাছ	ধরতে	6
মাছ	ধরা	3
মাছ	আছে	2
মাছ	ধরে	2
মাছ	পছন্দ	2
মাছির	শরীরেও	1
মাছের	খাদ্য	1
মাছের	দেহে	1
মাছের	প্রাণ	1
মাছের	সাথে	1
মাজা	শেষ	1
মাঝখানে	দাঁড়িয়ে	1
মাঝখানে	স্থাপন	1
মাঝখানের	লাল	1
মাঝামাঝি	বাজারে	1
মাঝামাঝি	সময়ে	1
মাঝারি	অবস্থায়	1
মাঝে	মাঝে	8
মাঝে	ঈদ	2
মাঝে	পার্থক্য	2
মাঝে	সমকামী	2
মাঝে	এটাই	1
মাঝে	ছড়া	1
মাঝেই	একদিন	1
মাঝেই	ট্রেন	1
মাঝেই	সব	1
মাঝেই	সমাজের	1
মাঝেমধ্যে	দেখতে	2
মাঝেমধ্যে	ওকে	1
মাঝেমধ্যে	তাকে	1
মাটি	দিয়ে	3
মাটি	সাধারণত	2
মাটি	কেটে	1
মাটি	দরকার	1
মাটি	মূলত	1
মাটিতে	আমাদের	1
মাটিতে	এর	1
মাটিতে	পানিতে	1
মাটিতে	ফসল	1
মাটিতে	বুকে	1
মাটিতে	রাখতে	1
মাটিতেই	জন্মে	1
মাটির	উপরে	1
মাটির	কয়েক	1
মাটির	কাজ	1
মাটির	দিকে	1
মাটির	নিচে	1
মাঠ	ঘাসে	1
মাঠ	দখল	1
মাঠ	রয়েছে	1
মাঠে	ক্রিকেট	1
মাঠে	ঢাল	1
মাঠে	ফুটবল	1
মাঠের	ফসল	1
মাতব্বরি	দেখলে	1
মাতলামী	দূর	1
মাতা	পৃথিবীতে	1
মাতা	সন্তানের	1
মাতার	উপর	1
মাতাল	ছিলাম	1
মাতাল	মনে	1
মাতৃভাষা	জাপানী	3
মাতৃভাষা	জাপানি	1
মাতৃভাষা	নয়	1
মাতৃভাষা	হল	1
মাতৃভূমি	বংশ	1
মাত্র	এক	3
মাত্র	একটি	2
মাত্র	একটাই	1
মাত্র	চারটি	1
মাত্র	দু	1
মাত্র	শব্দ	1
মাত্রই	ভুল	1
মাত্রা	বেড়ে	2
মাত্রা	থাকা	1
মাত্রা	বৃদ্ধি	1
মাত্রা	বেশি	1
মাত্রায়	খারাপ	1
মাথা	ব্যাথা	4
মাথা	গরম	3
মাথা	ব্যথা	3
মাথা	খারাপ	2
মাথা	ধরেছে	2
মাথাচাড়া	দিয়ে	1
মাথাব্যথা	করছে	1
মাথায়	তখন	2
মাথায়	তুলে	1
মাথায়	থাকলে	1
মাথায়	রাখা	1
মাথায়	রেখে	1
মাথার	উপরে	1
মাদক	ভূয়া	1
মাদক	সম্পর্কে	1
মাদ্রিদ	দখল	1
মাধ্যম	হলো	2
মাধ্যম	হিসেবে	2
মাধ্যম	অনুবাদ	1
মাধ্যম	বা	1
মাধ্যমিক	এবং	1
মাধ্যমিক	ও	1
মাধ্যমিক	শিক্ষায়	1
মাধ্যমিক	সার্টিফিকেট	1
মাধ্যমে	আমরা	2
মাধ্যমে	একসাথে	2
মাধ্যমে	কারাগারে	2
মাধ্যমে	তাঁর	2
মাধ্যমে	আলোচনা	1
মাধ্যমে	একই	1
মাধ্যমেই	বিকশিত	1
মাধ্যাকর্ষণ	পৃথিবীর	1
মান	ও	3
মান	উন্নত	1
মান	কমে	1
মান	গ্রহণ	1
মান	চার্জ	1
মান	বস্তু	1
মানচিত্র	আমাদের	1
মানচিত্র	কিনতে	1
মানচিত্রে	একটি	1
মানচিত্রে	দেখাতে	1
মানতে	বাধ্য	1
মানতে	ব্যর্থ	1
মানব	জীবনের	2
মানব	পাচার	2
মানব	পাচারের	2
মানব	সমাজের	2
মানব	ইতিহাসে	1
মানব	সমাজ	1
মানবজাতি	এখন	1
মানবতাবিরোধী	অপরাধের	2
মানবতার	প্রচার	1
মানবতার	বিরুদ্ধে	1
মানবাধিকার	রক্ষায়	2
মানবাধিকার	অবস্থার	1
মানবাধিকার	উন্নয়ন	1
মানবাধিকার	কমিশন	1
মানবাধিকার	কমিশনের	1
মানবাধিকার	চুক্তি	1
মানবিক	চাহিদা	4
মানবিক	ও	2
মানবিক	চেতনার	1
মানবিক	বিভাগ	1
মানবীয়	চেতনা	1
মানসিক	ও	3
মানসিক	কার্যকলাপ	2
মানসিক	বিকাশ	2
মানসিক	হাসপাতালে	2
মানসিক	বিভিন্ন	1
মানসিকতার	পরিচয়	1
মানসিকভাবে	অসুস্থ	1
মানসিকভাবে	নির্যাতন	1
মানসিকভাবে	বিপর্যস্ত	1
মানসিকভাবে	ভেঙে	1
মানসিকভাবে	সুস্থ	1
মানা	আমাদের	1
মানা	যায়	1
মানানসই	মনে	3
মানায়	না	1
মানি	না	1
মানিব্যাগ	চুরি	1
মানিব্যাগ	হারিয়ে	1
মানিব্যাগ	হারিয়েছি	1
মানুষ	তাদের	2
মানুষ	তার	2
মানুষ	বাস	2
মানুষ	মারা	2
মানুষ	যত	2
মানুষ	স্বাধীনভাবে	2
মানুষই	মরণশীল	1
মানুষই	সমান	1
মানুষও	অন্য	1
মানুষও	অসৎ	1
মানুষকে	সৃষ্টি	3
মানুষকে	তাদের	2
মানুষকে	ভুল	2
মানুষকে	হত্যা	2
মানুষকে	গুলি	1
মানুষকে	নিজ	1
মানুষগুলো	মারা	1
মানুষটার	সাথে	1
মানুষদের	আক্রমণ	1
মানুষদের	জন্য	1
মানুষদের	প্রতি	1
মানুষদের	সঙ্গে	1
মানুষদের	সম্মান	1
মানুষরা	অদ্ভুত	1
মানুষরা	তার	1
মানুষরা	মৃত্যুর	1
মানুষে	পরিণত	1
মানুষে	মানুষ	1
মানুষের	জীবনে	6
মানুষের	কাছে	5
মানুষের	মধ্যে	5
মানুষের	চেয়ে	4
মানুষের	জন্য	3
মানুষের	সঙ্গে	3
মানুষেরই	নিজের	1
মানুষেরা	কখনো	1
মানে	কী	8
মানে	না	3
মানে	কি	1
মানে	নেই	1
মানে	বুঝতে	1
মানে	লক্ষী	1
মানেই	তাঁকে	1
মান্য	করবে	1
মাপের	কিছু	1
মাপের	জুতো	1
মাফ	করে	1
মাফিয়া	সংগঠনের	1
মাফিয়াদের	অত্যাচার	1
মাফিয়াদের	আড্ডা	1
মামলা	দায়ের	3
মামলা	করেন	2
মামলা	রয়েছে	2
মামলা	করায়	1
মামলা	নিউইয়র্কের	1
মামলাগুলো	নিয়ে	1
মামলাটি	তদন্ত	1
মামলাটি	বিচারের	1
মামলায়	অভিযোগ	2
মামলায়	গতকাল	2
মামলায়	অভিযুক্ত	1
মামলায়	দেখা	1
মামলার	তদন্ত	3
মামলার	আসামি	2
মামলার	তদন্তভার	2
মামলার	পর	1
মামা	কত	1
মামা	তাদের	1
মামা	মেয়ের	1
মামা	যে	1
মামা	হায়দার	1
মামার	আচরণ	1
মামার	কাছে	1
মামার	বাড়ি	1
মামার	সব	1
মামার	সম্পত্তি	1
মামারা	গল্প	1
মায়া	তার	1
মায়া	ত্যাগ	1
মায়েদের	শরীরে	1
মায়ের	জন্য	4
মায়ের	দুধ	2
মায়ের	নাম	2
মায়ের	মতো	2
মায়ের	সঙ্গে	2
মায়ের	কাছে	1
মায়েরা	তাদেরকে	1
মার	কথা	1
মার	নেই	1
মারছেন	এখানে	1
মারতে	চাই	1
মারতে	চায়	1
মারতে	পারি	1
মারতে	পারে	1
মারতে	পেরেছে	1
মারা	যান	6
মারা	গেছে	5
মারা	গেল	5
মারা	যায়	4
মারা	গিয়েছিল	3
মারা	গেলে	3
মারাত্মক	সমস্যা	2
মারাত্মক	ক্ষতি	1
মারাত্মক	দুর্ঘটনা	1
মারাত্মক	ব্যাধি	1
মারাত্মকভাবে	ক্ষতিগ্রস্থ	1
মারামারি	করে	1
মারার	ওষুধ	1
মারি	ব্যাথা	1
মারিয়া	তার	1
মারে	না	1
মার্ক	জাকারবার্গ	2
মার্ক	সালে	1
মার্কিন	যুক্তরাষ্ট্র	2
মার্কিন	যুক্তরাষ্ট্রে	2
মার্কিন	পত্রিকায়	1
মার্কিন	যুক্তরাষ্ট্রের	1
মার্কিন	সাবেক	1
মার্কেট	চালু	1
মার্কেটিং	প্রফেশনাল	1
মার্কেটের	সামনে	1
মার্চ	এপ্রিল	1
মার্চ	নিউইয়র্কে	1
মার্চ	বছরের	1
মার্চ	মাসে	1
মার্জিত	আচরণ	1
মার্শাল	আর্ট	1
মার্শাল	হুসেইন	1
মাল	বের	2
মাল	এসে	1
মাল	গিলে	1
মাল	ঢেলে	1
মাল	তাই	1
মালপত্র	এখনো	1
মালপত্র	কোথা	1
মালপত্র	কোথায়	1
মালপত্র	খুজে	1
মালপত্র	পাওয়া	1
মালপত্র	হারিয়ে	1
মালবাহী	ট্রেনের	1
মালা	তোমায়	1
মালা	দিয়েছিলাম	1
মালামাল	উদ্ধার	1
মালামাল	কোথা	1
মালিক	কে	2
মালিক	নই	1
মালিক	লাঞ্ছিত	1
মালিক	হব	1
মালিককে	গ্রেফতার	1
মালিককে	তার	1
মালিকদের	হাতে	1
মালিকানা	দাবি	1
মালিকানা	ব্যক্তিগত	1
মালিকের	কাছ	1
মালিকের	কাছে	1
মালিকের	গ্রেফতারের	1
মালিকেরা	একটি	1
মালের	জন্য	1
মাস	উপলক্ষে	1
মাস	ধরে	1
মাস	ধরেই	1
মাস	পরে	1
মাস	শুরুর	1
মাস	হলো	1
মাসিক	নিয়ে	1
মাসিক	পত্রিকার	1
মাসিক	শুরু	1
মাসিক	হওয়ার	1
মাসিক	হলে	1
মাসুম	আহমেদ	1
মাসে	আমেরিকা	2
মাসে	বছর	2
মাসে	একটি	1
মাসে	একবার	1
মাসে	খুলেছে	1
মাসে	দেখা	1
মাসেই	যুক্তরাষ্ট্রের	1
মাসের	অন্তঃসত্ত্বা	2
মাসের	মধ্যে	2
মাসের	গর্ভবতী	1
মাসের	বাজার	1
মাসের	শেষের	1
মাস্ক	নিতে	1
মাস্টার্স	ডিগ্রি	2
মাহমুদ	ও	1
মাহিরের	চিৎকার	2
মিটার	থেকে	2
মিটার	উঁচু	1
মিটার	দূরে	1
মিটারের	এক	1
মিটিং	আজ	1
মিটিং	করেছেন	1
মিটিয়ে	দেওয়া	1
মিটিয়ে	দেব	1
মিটিয়ে	ফেল	1
মিডিয়াকে	দেওয়া	1
মিথ্যা	কথা	6
মিথ্যা	সাক্ষ্য	3
মিথ্যা	অপবাদ	1
মিথ্যা	বলবো	1
মিথ্যা	বলার	1
মিথ্যা	বলে	1
মিথ্যাবাদী	হওয়া	1
মিথ্যার	আশ্রয়	1
মিথ্যার	উপরে	1
মিথ্যার	ঢাকতে	1
মিনা	তার	1
মিনাকে	খুঁজেছি	1
মিনিট	অপেক্ষা	2
মিনিট	লাগবে	2
মিনিট	পরে	1
মিনিট	পরেই	1
মিনিট	বাকি	1
মিনিট	হয়	1
মিনিটে	করতে	1
মিনিটে	ষাট	1
মিনিটের	মধ্যে	8
মিনিটের	জন্য	2
মিনিটের	কাঁটা	1
মিনিটের	কাম	1
মিনিটের	মাঝেই	1
মিনিটের	হাঁটা	1
মিমাংসা	করা	1
মিয়া	জানান	1
মিয়া	শহীদ	1
মিয়ার	বাড়িতে	1
মিল	খুঁজে	1
মিলছে	বিভিন্ন	1
মিলন	করতে	2
মিলন	করে	2
মিলন	করলে	1
মিলন	করেনি	1
মিলন	ঘটবে	1
মিলন	ভালোবাসি	1
মিলনে	বেশি	2
মিলবে	এবং	1
মিলবে	ভাবছেন	1
মিলিত	অবস্থায়	1
মিলিত	হতে	1
মিলিত	হয়ে	1
মিলিত	হয়েছে	1
মিলিত	হলেই	1
মিলিমিটার	একটি	1
মিলিয়ন	ডলার	1
মিলিয়ে	এখন	2
মিলিয়ে	চীনের	1
মিলিয়ে	জন	1
মিলিয়ে	প্রায়	1
মিলিয়ে	মোট	1
মিলে	কোথাও	1
মিলে	গেল	1
মিলে	বার্গার	1
মিলে	মেরুদণ্ড	1
মিলে	যায়	1
মিলে	রান্না	1
মিলেও	যাবে	1
মিশতে	দেবে	1
মিশতে	পারে	1
মিশন	ব্যর্থ	1
মিশনের	কোনো	1
মিশনের	বিভিন্ন	1
মিশর	ও	1
মিশরকে	প্রায়ই	1
মিশরীয়	সভ্যতা	3
মিশরীয়	সভ্যতার	2
মিশরীয়	লিখন	1
মিশরে	মন্দির	1
মিশরে	মুসলিম	1
মিশরে	যাওয়ার	1
মিশরে	যেতে	1
মিশরের	প্রধান	1
মিশরের	মতো	1
মিশরের	মাধ্যমে	1
মিশরের	সর্বশেষ	1
মিশিয়ে	নিন	1
মিশে	পানিকে	2
মিশে	আছে	1
মিশে	গিয়েছে	1
মিশে	নষ্ট	1
মিশে	পানি	1
মিশ্রিত	করতে	1
মিষ্টি	একটা	1
মিষ্টি	খাও	1
মিষ্টি	খাবারের	1
মিষ্টি	নয়	1
মিষ্টি	হওয়ার	1
মিষ্টি	হাসি	1
মিসাইল	হামলা	1
মিহি	করে	1
মীমাংসা	করতে	1
মীমাংসা	না	1
মুক্ত	করো	3
মুক্ত	বিশ্বকোষ	2
মুক্ত	করতে	1
মুক্ত	রাখতে	1
মুক্ত	রাখা	1
মুক্ত	হওয়ার	1
মুক্তা	মিয়া	1
মুক্তি	দাও	1
মুক্তি	দেওয়া	1
মুক্তি	দেওয়ার	1
মুক্তি	পেয়েছে	1
মুক্তি	মিলবে	1
মুক্তিকামী	গোষ্ঠী	1
মুক্তিযুদ্ধের	সময়	3
মুক্তির	জন্য	1
মুক্তো	মেলে	1
মুখ	সামলে	3
মুখ	দিলাম	2
মুখ	ধুয়ে	2
মুখ	ফিরিয়ে	2
মুখ	খোল	1
মুখ	খোলো	1
মুখও	দেখা	1
মুখরোচক	বলে	1
মুখস্থ	করার	1
মুখে	হাসি	2
মুখে	আঙুল	1
মুখে	চুমু	1
মুখে	টা	1
মুখে	মুখ	1
মুখের	দিকে	1
মুখের	দুর্গন্ধ	1
মুখোমুখি	হতে	1
মুখোমুখি	হতো	1
মুগ্ধ	হলাম	1
মুগ্ধ	হলো	1
মুঘল	আমলে	4
মুঘল	বংশের	3
মুছে	দিয়ে	1
মুছে	ফেলা	1
মুছে	ফেলেছে	1
মুছে	বিদায়	1
মুছে	যেত	1
মুজিবনগর	সরকার	2
মুজিবনগর	সরকারের	2
মুজিবুর	রহমান	2
মুঠোয়	ছিল	1
মুঠোয়	পুরে	1
মুঠোয়	পেতে	1
মুড়ি	দিয়ে	1
মুদি	দোকান	1
মুদির	দোকান	1
মুদ্রা	অর্জনের	1
মুদ্রা	বিনিময়	1
মুদ্রা	হলো	1
মুদ্রার	প্রচলন	1
মুদ্রার	বিনিময়	1
মুদ্রার	রিজার্ভ	1
মুনাফা	অর্জনের	1
মুনাফা	আগের	1
মুনাফা	করে	1
মুনাফা	রক্ষা	1
মুনাফার	পাহাড়	1
মুভি	দেখতে	1
মুভি	দেখি	1
মুভিটার	নাম	1
মুম্বাই	গিয়েছিলাম	1
মুম্বাইতে	মাছ	1
মুয়াবিয়া	ছিলেন	3
মুরগির	বাদামি	1
মুল্লুক	পেয়েছ	1
মুল্লুক	পেয়েছো	1
মুশকিল	আছে	1
মুষলধারে	বৃষ্টি	1
মুসলমান	ও	1
মুসলমান	ছিলেন	1
মুসলমান	নারী	1
মুসলমান	যেমন	1
মুসলমানদের	জন্য	4
মুসলমানদের	উপর	2
মুসলমানদের	বিরুদ্ধে	2
মুসলমানদের	উদারতার	1
মুসলমানদের	ভালো	1
মুসলমানদের	মনোবল	1
মুসলমানরা	আবার	1
মুসলমানরা	কুরাইশদের	1
মুসলমানরা	তাদের	1
মুসলিম	বাহিনী	2
মুসলিম	বাহিনীর	2
মুসলিম	লীগ	2
মুসলিম	ঐতিহ্যের	1
মুসলিম	দেশ	1
মুসলিম	হিসেবে	1
মুসা	পরশু	1
মুসার	সাথে	1
মুহাম্মদ	স	7
মুহাম্মদ	আলি	1
মুহূর্ত	কি	1
মুহূর্ত	ছিল	1
মুহূর্তে	খুব	1
মুহূর্তে	খুবই	1
মুহূর্তে	দরকার	1
মূর্খ	আর	1
মূর্খ	লোকের	1
মূল	চাবিকাঠি	2
মূল	ভিত্তি	2
মূল	আলোচনা	1
মূল	ও	1
মূল	বই	1
মূলকথা	কী	1
মূলত	একটি	1
মূলত	একাধিক	1
মূলত	ফ্রান্সের	1
মূলত	বিনোদনের	1
মূলত	স্বতঃস্ফূর্ত	1
মূলে	রয়েছে	2
মূল্য	নেই	2
মূল্য	অনেক	1
মূল্য	এভাবেই	1
মূল্য	কার্যকর	1
মূল্য	দেবে	1
মূল্য	পান	1
মূল্যবান	সম্পদ	2
মূল্যবান	আর	1
মূল্যবান	কাজ	1
মূল্যবান	কিছু	1
মূল্যবান	ধাতু	1
মূল্যবোধ	ও	2
মূল্যসূচকের	নিম্নমুখী	2
মূল্যায়ন	করে	1
মূল্যায়ন	করেছে	1
মূল্যায়ন	কী	1
মূসা	আ	1
মূহুর্তে	এলোমেলো	1
মৃত	কন্যা	1
মৃত	ঘোষণা	1
মৃত	দেহ	1
মৃত	পড়ে	1
মৃতদেহ	দেখলে	1
মৃতদেহ	পানিতে	1
মৃতদেহ	সংরক্ষণ	1
মৃতদেহের	সঙ্গে	1
মৃতের	সংখ্যা	1
মৃত্যু	হয়	2
মৃত্যু	আপনার	1
মৃত্যু	তাঁর	1
মৃত্যু	দাও	1
মৃত্যু	পর্যন্ত	1
মৃত্যু	সম্পর্কে	1
মৃত্যুদণ্ড	কার্যকর	1
মৃত্যুবরণ	করেছে	2
মৃত্যুবরণ	করলে	1
মৃত্যুবরণ	করেছেন	1
মৃত্যুবার্ষিকী	উপলক্ষ্যে	1
মৃত্যুর	পর	6
মৃত্যুর	পরে	3
মৃত্যুর	পরের	2
মৃত্যুর	আগ	1
মৃত্যুর	ঝুঁকি	1
মৃত্যুশয্যায়	তার	1
মৃত্যুশয্যায়	শুয়ে	1
মৃদু	আলোয়	1
মে	মাসের	3
মে	জুন	1
মে	মাসে	1
মে	সকাল	1
মেইল	পাচ্ছিল	1
মেক্সিকান	রেস্তোরাঁ	1
মেক্সিকো	উত্তর	1
মেক্সিকো	এবং	1
মেখে	আলোকিত	2
মেঘ	থেকে	2
মেঘ	দেখলে	2
মেঘ	করেছে	1
মেঘ	গর্জন	1
মেঘ	জমেছে	1
মেঘে	আবৃত	1
মেঘে	ঢেকে	1
মেঘের	আড়ালে	1
মেঘের	ভেলা	1
মেজর	জিয়া	1
মেজাজ	খিটখিটে	1
মেজাজে	ছিলেন	1
মেঝে	ফেটে	1
মেটাতে	গিয়ে	1
মেটানো	হয়	1
মেডিকেল	কলেজ	8
মেডিকেলের	ছাত্রীকে	1
মেডিসিনের	চিকিৎসা	1
মেতে	উঠতে	1
মেতে	ওঠে	1
মেধা	ও	1
মেধা	কাজে	1
মেধাবী	ছাত্র	2
মেধাবী	ও	1
মেধাবীদের	নিয়ে	1
মেনে	চলতে	2
মেনে	চলে	2
মেনে	চলা	1
মেনে	নিল	1
মেনে	নেন	1
মেনে	সব	1
মেন্নাদ	হাসপাতালে	3
মেমোরি	কার্ড	1
মেয়র	প্রার্থী	3
মেয়র	এভাবে	1
মেয়র	নির্বাচিত	1
মেয়াদ	আল্লাহ	1
মেয়াদ	পাঁচ	1
মেয়াদ	শেষ	1
মেয়াদ	শেষে	1
মেয়ে	আছে	14
মেয়ে	কোথায়	2
মেয়ে	ছিলো	2
মেয়ে	আর	1
মেয়ে	কেমন	1
মেয়ে	শিশুর	1
মেয়েই	আমার	1
মেয়েকে	কাজে	1
মেয়েকে	চিনি	1
মেয়েকে	দলবদ্ধ	1
মেয়েকে	ধর্ষণ	1
মেয়েকে	ভালোবাসতাম	1
মেয়েকে	ভালোবাসি	1
মেয়েটা	কে	1
মেয়েটা	দেখতে	1
মেয়েটা	সুন্দরী	1
মেয়েটাও	তো	1
মেয়েটাকে	চেনেন	1
মেয়েটাকে	বকা	1
মেয়েটার	নাম	1
মেয়েটি	আনন্দের	1
মেয়েটি	কাঁদতে	1
মেয়েটি	জাপান	1
মেয়েটি	তার	1
মেয়েটিকে	ধরে	1
মেয়েটিকে	বড়	1
মেয়েটিকে	বাঁচাতে	1
মেয়েটিকে	হাসপাতালে	1
মেয়েটির	নাম	4
মেয়েটির	জীবন	1
মেয়েটির	দিকে	1
মেয়েদের	উপর	1
মেয়েদের	কি	1
মেয়েদের	দুধ	1
মেয়েদের	বেলায়	1
মেয়েদের	যৌন	1
মেয়ের	বিয়ে	3
মেয়ের	দেহাবশেষ	1
মেয়ের	বাবা	1
মেয়ের	মা	1
মেয়ের	সাথে	1
মেয়ের	সুখের	1
মেয়েরা	কণা	1
মেয়েরা	দেখতে	1
মেয়েরা	পিছনে	1
মেয়েরা	সবচেয়ে	1
মেয়েরা	সাদা	1
মেরামত	কতা	1
মেরামত	করার	1
মেরু	অঞ্চলে	1
মেরু	অধিকতর	1
মেরুতে	থাকেন	1
মেরুদণ্ড	ও	1
মেরুদণ্ড	গঠিত	1
মেরুদণ্ড	নেই	1
মেরুর	চেয়ে	1
মেরে	ফেলার	2
মেরে	নিজেকে	1
মেরে	ফেলছো	1
মেরে	ফেলতে	1
মেরে	ফেলে	1
মেরে	সব	1
মেরেছে	বলে	1
মেলা	খুবই	1
মেলা	দেখতে	1
মেলা	বসেছে	1
মেলা	ভার	1
মেলা	শেষ	1
মেলা	হলো	1
মেলাতে	চাইছেন	1
মেলাতে	সাধারণ	1
মেলায়	এবারও	1
মেলায়	বরাবরের	1
মেলায়	বেশি	1
মেলার	পার্টনার	1
মেলার	সময়টায়	1
মেলে	না	2
মেলে	অনেক	1
মেলে	ধরেন	1
মেশানো	হয়েছে	1
মেশিন	আছে	1
মেশিন	গান	1
মেশিন	তৈরি	1
মেশিন	থাকা	1
মেসেজ	করলাম	1
মেসেজ	পাঠিয়েছে	1
মেসেজ	ফেসবুক	1
মেহমানদের	সঙ্গেই	1
মোকাবিলা	করা	1
মোকাবিলা	করার	1
মোকাবেলা	করার	2
মোকাবেলা	করছেন	1
মোকাবেলা	করে	1
মোকাবেলায়	আসামীর	1
মোকাবেলায়	মার্কিন	1
মোকাবেলায়	সরকারের	1
মোকাবেলার	লক্ষ্যে	1
মোছা	কতদূর	1
মোছা	শেষ	1
মোছা	হয়	1
মোছা	হয়ে	1
মোজা	চাই	1
মোজাম্মেল	হক	2
মোট	জনসংখ্যার	2
মোট	পাঁচটি	2
মোট	কথা	1
মোট	ছয়টি	1
মোট	ছাত্রের	1
মোটর	সাইকেল	6
মোটর	চালিত	1
মোটর	সাইকেলের	1
মোটরের	সামনেই	1
মোটা	আর	1
মোটা	হয়ে	1
মোটামুটি	উষ্ণ	1
মোটামুটি	নিশ্চিত	1
মোটামুটি	ভুলেই	1
মোটামুটি	লম্বা	1
মোটামুটি	সক্রিয়	1
মোটেই	আগ্রহী	1
মোটেও	চিন্তা	1
মোড়	এলাকায়	1
মোড়	থেকে	1
মোড়	পর্যন্ত	1
মোড়ে	গিয়ে	2
মোড়ে	নিরাপত্তার	1
মোতাবেক	সরকার	1
মোতায়েন	করতে	1
মোবাইল	ফোন	4
মোবাইল	ফোনের	3
মোবাইল	আর	2
মোবাইল	অথবা	1
মোবাইল	ফোনে	1
মোবাইল	ব্যবহার	1
মোমবাতি	জ্বলতে	1
মোমবাতি	নিজে	1
মোরগ	মাছ	1
মোল্লা	বলেন	1
মোশাররফের	বিরুদ্ধে	2
মোহ	পরিহার	1
মোহাম্মদপুর	বাসস্ট্যান্ডে	2
মৌমাছি	থেকে	1
মৌমাছির	মতো	1
মৌর্য	বংশের	2
মৌলিক	চাহিদা	5
মৌলিক	মানবিক	3
মৌলিক	অংশ	1
মৌলিক	অধিকার	1
মৌলিক	বৈশিষ্ট্য	1
মৌসুম	চলছে	2
মৌসুম	থেকে	1
মৌসুমি	ফুলের	1
মৌসুমি	বায়ু	1
মৌসুমে	নদীর	1
মৌসুমে	সবজির	1
ম্যাচ	আয়োজন	1
ম্যাজিস্ট্রেটের	মাধ্যমে	1
ম্যাডাম	এরকম	1
ম্যানের	ভক্ত	2
ম্যারি	এখনও	1
ম্যারি	তোমাকে	1
ম্লান	করে	1
ম্লান	দেখাচ্ছে	1
যখন	আমার	2
যখন	কলেজে	2
যখন	তিনি	2
যখন	ফিরবো	2
যখন	গিলতে	1
যখন	দ্বিতীয়	1
যখনই	আমাদের	1
যত	ইচ্ছে	4
যত	তাড়াতাড়ি	4
যত	আমায়	1
যত	গর্জে	1
যত	পায়	1
যত	বেশি	1
যতই	সুন্দর	1
যতই	হাওয়া	1
যতক্ষণ	ইচ্ছে	4
যতক্ষণ	চাও	1
যতক্ষণ	না	1
যতখানি	অবদান	1
যতটা	জানো	1
যতটা	সম্ভব	1
যতদিন	জীবিত	1
যতদুর	জানি	1
যতদূর	জানা	1
যতদূর	জানি	1
যত্ন	নেন	2
যত্ন	ও	1
যত্ন	দিয়ে	1
যত্ন	নিও	1
যত্ন	নেওয়া	1
যত্ন	নেয়াটা	1
যত্নবান	হওয়া	1
যথাযথ	প্রয়োগকে	2
যথাযথ	উপায়	1
যথাযথ	ও	1
যথাযথ	শাস্তির	1
যথাযথ	সময়ে	1
যথাযথ	সম্মান	1
যথাযথভাবে	পূরণ	2
যথাযথভাবে	নিষ্পত্তি	1
যথাযথভাবে	প্রয়োগ	1
যথারীতি	ক্লাসে	1
যথারীতি	দেরি	1
যথারীতি	সাপ্তাহিক	1
যথাসময়ে	কাজে	1
যথাসময়ে	সেখানে	1
যথাসাধ্য	চেষ্টা	2
যথেষ্ট	অভাব	2
যথেষ্ট	প্রমাণ	2
যথেষ্ট	বড়	2
যথেষ্ট	কঠিন	1
যথেষ্ট	নয়	1
যথেষ্ট	সময়	1
যদি	আমি	7
যদি	না	4
যদি	এটি	2
যদি	তুমি	2
যদি	ব্যস্ত	2
যদি	যেতে	2
যদিও	নিজেই	1
যদিও	বাংলাদেশ	1
যদিও	বাংলাদেশের	1
যদিও	সালে	1
যদিও	সেই	1
যন্ত্র	এবং	1
যন্ত্র	কীভাবে	1
যন্ত্র	যা	1
যন্ত্র	স্থাপন	1
যন্ত্র	হিসেবে	1
যন্ত্রটি	অকেজো	1
যন্ত্রণা	হতে	1
যন্ত্রণার	ভাষায়	1
যন্ত্রনা	করছে	1
যন্ত্রপাতি	কেনার	1
যন্ত্রপাতি	পাওয়া	1
যন্ত্রপাতির	আমদানি	2
যন্ত্রের	পক্ষে	1
যন্ত্রের	মাঝে	1
যন্ত্রের	সাহায্যে	1
যব	ও	1
যমজ	বলেই	1
যমুনা	অয়েল	1
যমুনা	একটি	1
যমুনা	নদীর	1
যমুনার	মধ্যবর্তী	2
য়	শ্রেণীতে	2
য়	দিনের	1
যা	খুশি	7
যা	ইচ্ছে	6
যা	কিছু	6
যা	চাই	5
যা	পছন্দ	5
যা	করতে	3
যাই	হোক	2
যাই	চলো	1
যাই	তখন	1
যাই	থাকুক	1
যাই	না	1
যাই	নির্জন	1
যাইহোক	আপনি	1
যাও	আমার	1
যাও	এখান	1
যাও	তা	1
যাও	না	1
যাওয়া	উচিত	8
যাওয়া	যাক	5
যাওয়া	উচিৎ	4
যাওয়া	হবে	3
যাওয়া	এত	2
যাওয়া	হয়নি	2
যাওয়াই	ঠিক	4
যাওয়াই	ভালো	1
যাওয়াই	হলো	1
যাওয়ায়	অনেক	2
যাওয়ায়	তাঁদের	1
যাওয়ায়	দেশে	1
যাওয়ায়	বন্দরের	1
যাওয়ায়	যাদের	1
যাওয়ার	জন্য	9
যাওয়ার	আগে	6
যাওয়ার	পথে	5
যাওয়ার	সময়	4
যাওয়ার	পর	2
যাওয়ার	রাস্তা	2
যাক	কি	1
যাকে	আমরা	1
যাকে	বলা	1
যাকে	যা	1
যাচাই	করতে	1
যাচাই	করা	1
যাচ্ছ	কেন	1
যাচ্ছ	তুমি	1
যাচ্ছ	না	1
যাচ্ছি	না	2
যাচ্ছি	তা	1
যাচ্ছিল	না	1
যাচ্ছিলাম	তখন	1
যাচ্ছিলাম	তিনি	1
যাচ্ছিলো	না	1
যাচ্ছে	না	8
যাচ্ছে	যে	3
যাচ্ছে	আর	1
যাচ্ছে	বা	1
যাচ্ছে	বাংলাদেশ	1
যাচ্ছে	বিশেষ	1
যাচ্ছেন	না	4
যাচ্ছেন	মারিয়া	1
যাচ্ছো	না	1
যাতায়াত	করতাম	1
যাতায়াত	করতে	1
যাতায়াত	করি	1
যাতায়াত	খরচ	1
যাতে	তারা	3
যাতে	আমি	2
যাতে	করে	2
যাতে	আমরা	1
যাতে	সবাই	1
যাত্রা	শুরু	5
যাত্রা	ভালো	2
যাত্রা	করলেন	1
যাত্রা	করেছে	1
যাত্রার	সাথে	1
যাত্রী	ও	1
যাদের	রোগপ্রতিরোধ	2
যাদের	ঘর	1
যাদের	মাতৃভাষা	1
যাদের	মেরুদণ্ড	1
যান	এখান	1
যান	এবং	1
যান	তখন	1
যান	তাঁর	1
যান	বলে	1
যাননি	কেন	1
যানবাহনের	ব্যবস্থা	1
যান্ত্রিক	জীবনের	1
যান্ত্রিক	ত্রুটি	1
যান্ত্রিক	সভ্যতার	1
যাপন	করতে	2
যাপন	করি	1
যাব	না	5
যাবই	না	1
যাবজ্জীবন	কারাদণ্ড	1
যাবতীয়	অশ্লীল	1
যাবি	কি	1
যাবি	না	1
যাবে	না	13
যাবে	আমি	1
যাবে	এবং	1
যাবে	গ্যালারিতে	1
যাবে	ফেসবুক	1
যাবেন	না	12
যাবেন	আর	1
যাবেন	তখন	1
যাবো	না	2
যাবো	এমন	1
যাবো	কীভাবে	1
যাবো	ভাবছি	1
যাবো	সঙ্গী	1
যাবৎ	আকাশের	1
যাবৎ	চাকরির	1
যাবৎ	চিনি	1
যাবৎ	মাথা	1
যায়	না	41
যায়	এবং	7
যায়	আসে	6
যায়	তাহলে	5
যায়	এমন	3
যায়	যে	2
যার	উদ্দেশ্য	1
যার	একটি	1
যার	জাতীয়	1
যার	বক্তব্য	1
যার	সাথে	1
যারা	দেশের	2
যারা	নতুন	2
যারা	পড়েন	2
যারা	ভালো	2
যারা	সৎ	2
যারা	থাকে	1
যাস	না	3
যিনি	আত্মসমর্পণ	1
যিনি	দীক্ষা	1
যিনি	ফরাসি	1
যিনি	বাড়িতে	1
যিনি	শহীদ	1
যীশু	খ্রিস্ট	1
যুক্ত	হতে	2
যুক্ত	করতে	1
যুক্ত	থাকে	1
যুক্ত	হচ্ছে	1
যুক্ত	হন	1
যুক্ত	হবে	1
যুক্তরাজ্য	ইরানের	2
যুক্তরাজ্যের	রাজধানী	2
যুক্তরাষ্ট্র	ও	2
যুক্তরাষ্ট্র	কিনবে	1
যুক্তরাষ্ট্র	থেকে	1
যুক্তরাষ্ট্র	বাংলাদেশের	1
যুক্তরাষ্ট্র	সন্তুষ্ট	1
যুক্তরাষ্ট্র	স্বাগত	1
যুক্তরাষ্ট্রে	বাংলাদেশের	3
যুক্তরাষ্ট্রে	জীবনের	1
যুক্তরাষ্ট্রে	পোশাক	1
যুক্তরাষ্ট্রে	বাংলাদেশ	1
যুক্তরাষ্ট্রের	কাছে	1
যুক্তরাষ্ট্রের	নাগরিক	1
যুক্তরাষ্ট্রের	নেতৃত্বাধীন	1
যুক্তরাষ্ট্রের	বাজারে	1
যুক্তরাষ্ট্রের	সাবেক	1
যুক্তি	অনুসরণ	1
যুক্তি	কী	1
যুক্তি	দিয়ে	1
যুক্তিসংগত	মনে	1
যুগ	পরেও	1
যুগ	প্রাচীন	1
যুগ	বিজ্ঞানের	1
যুগকে	বোঝায়	2
যুগল	মনে	1
যুগান্তকারী	ও	1
যুগে	যুগে	2
যুগে	কোনো	1
যুগে	তোমার	1
যুগে	বাংলা	1
যুগের	অবসান	1
যুগের	জটিল	1
যুগের	বাংলা	1
যুগের	শাসকদের	1
যুগের	সাথে	1
যুগ্ম	সচিব	2
যুদ্ধ	ইসলামের	2
যুদ্ধ	না	2
যুদ্ধ	পছন্দ	2
যুদ্ধ	ভালবাসে	2
যুদ্ধ	এখনো	1
যুদ্ধ	পরিস্থিতির	1
যুদ্ধক্ষেত্রে	নেতার	1
যুদ্ধটা	সালে	1
যুদ্ধটি	শেষ	1
যুদ্ধবিমান	থেকে	2
যুদ্ধে	আবু	2
যুদ্ধে	জয়ী	2
যুদ্ধে	মুসলমানদের	2
যুদ্ধে	যাচ্ছে	2
যুদ্ধে	দশ	1
যুদ্ধে	বিপুল	1
যুদ্ধের	পরবর্তী	2
যুদ্ধের	সময়	2
যুদ্ধের	পর	1
যুদ্ধের	প্রতিশোধ	1
যুদ্ধের	ভয়ংকর	1
যুদ্ধের	মাধ্যমে	1
যুবক	ওর	1
যুবক	কি	1
যুবক	ছিলেন	1
যুবকের	প্রতীক	1
যুবলীগের	কেন্দ্রীয়	2
যে	আমি	18
যে	কোনো	14
যে	তিনি	12
যে	তার	11
যে	সে	11
যে	তুমি	9
যেও	না	14
যেও	ওর	1
যেকোন	সময়েই	1
যেকোনো	ইকুইপমেন্ট	2
যেকোনো	কাজের	2
যেকোনো	এক	1
যেকোনো	প্রশ্নের	1
যেকোনো	সময়	1
যেখান	থেকে	2
যেখানে	যেখানে	3
যেখানে	ইচ্ছে	2
যেখানে	বাঘের	2
যেখানে	যেতেন	2
যেখানে	যেও	1
যেখানে	যেত	1
যেটা	ইচ্ছা	2
যেটা	ইচ্ছে	2
যেটা	করতে	1
যেটা	চাও	1
যেটা	তুমি	1
যেটা	বললেন	1
যেটাই	পরম	1
যেটাকে	কেন্দ্র	1
যেটার	আমার	1
যেটি	অনেক	1
যেটি	আমি	1
যেত	এবং	1
যেত	তা	1
যেত	তার	1
যেত	না	1
যেতে	চাই	34
যেতে	হবে	23
যেতে	পারে	22
যেতে	চাও	7
যেতে	পারতাম	7
যেতে	পারেন	7
যেতেই	ঝড়	1
যেতেন	ওনার	1
যেতেন	তাঁর	1
যেদিন	দেখেছিলাম	1
যেদিন	প্রথম	1
যেন	এক	2
যেন	কোনো	2
যেন	নিয়ে	1
যেন	প্রথম	1
যেন	যে	1
যেনো	এক	1
যেভাবে	বেড়েছে	1
যেভাবেই	জীবন	1
যেমন	অপরাধীকে	1
যেমন	বাপ	1
যেমন	মা	1
যেমন	রাত	1
যেমন	স্বর্গে	1
যেসব	কর্মকর্তা	1
যেসব	কোম্পানিকে	1
যেসব	জেলেরা	1
যেসব	মানুষ	1
যেসব	শিশু	1
যেসব	শিশুর	1
যেহেতু	কৃত্রিম	1
যেহেতু	সে	1
যোগ	দেওয়ার	3
যোগ	করলে	2
যোগ	দিতে	2
যোগ	করেছেন	1
যোগ	দিইনি	1
যোগ	দেয়	1
যোগদান	করার	1
যোগদান	করেছি	1
যোগদান	করেন	1
যোগান	দেয়	1
যোগায়	এবং	1
যোগাযোগ	মাধ্যম	5
যোগাযোগ	করতে	2
যোগাযোগ	করে	1
যোগাযোগ	বিচ্ছিন্ন	1
যোগাযোগ	বৃদ্ধি	1
যোগাযোগ	সম্পর্ক	1
যোগাযোগের	একটা	1
যোগ্য	বলে	2
যোগ্য	ও	1
যোগ্য	প্রতিষ্ঠান	1
যোগ্যতা	বিবেচনা	1
যোগ্যতার	ভিত্তিতে	2
যোদ্ধা	দলের	1
যোনিতে	চুলকানি	1
যোনিপথে	রক্তপাত	2
যৌক্তিক	এবং	1
যৌক্তিক	না	1
যৌক্তিক	ভিত্তি	1
যৌগ	বলতে	1
যৌতুক	হিসাবে	6
যৌতুক	প্রথার	4
যৌতুক	প্রথা	2
যৌথ	জীবনের	1
যৌথ	দায়িত্ব	1
যৌথভাবে	সামরিক	1
যৌন	আচরণ	3
যৌন	চাহিদা	3
যৌন	মিলন	2
যৌন	মিলনে	2
যৌনবাহিত	রোগ	2
যৌনমিলন	করা	2
যৌনমিলন	করেছি	2
যৌনমিলনের	সময়	2
যৌনমিলনের	সময়ে	2
যৌনসঙ্গম	কালে	1
যৌনসঙ্গম	নিয়ে	1
যৌনাকাঙ্ক্ষা	বেড়ে	2
র	অর্থ	1
র	পরিচালনা	1
রং	করা	3
রং	কালো	1
রং	তুলি	1
রং	নীল	1
রংধনু	আকাশের	1
রইলো	না	1
রওনা	দিচ্ছেন	1
রওনা	দিয়েছেন	1
রওনা	দিলাম	1
রওনা	দিলে	1
রওনা	হয়েছেন	1
রওনা	হলাম	1
রকম	ঘটনা	1
রকম	ছিল	1
রকম	জায়গায়	1
রকম	বড়	1
রকম	ভর্তা	1
রকম	ভুল	1
রকমের	জিনিস	1
রকমের	পাওয়ার	1
রকেট	অতি	1
রকেট	নিক্ষেপ	1
রক্ত	বের	9
রক্ত	পরীক্ষা	2
রক্ত	খেয়ে	1
রক্ত	জমাট	1
রক্ত	পড়লে	1
রক্ত	পড়ার	1
রক্তপাত	হলে	3
রক্তপাত	হতে	1
রক্তমাখা	বিছানায়	1
রক্তে	অর্জিত	1
রক্তে	প্রতি	1
রক্তে	মিশে	1
রক্তের	চেয়েও	1
রক্তের	পরিমাণ	1
রক্ষা	করে	4
রক্ষা	করবে	3
রক্ষা	করার	3
রক্ষা	করতে	2
রক্ষা	করা	2
রক্ষা	করুন	2
রক্ষাকারী	বাহিনী	1
রক্ষায়	কাজ	2
রক্ষায়	সচেষ্ট	1
রক্ষায়	সফল	1
রক্ষার	জন্য	2
রক্ষার	ক্ষেত্রে	1
রক্ষার	যুদ্ধ	1
রগ	কেটে	1
রঙ	পছন্দ	2
রঙ	করেছে	1
রঙ	করো	1
রঙ	কিনে	1
রঙ	দেয়ালের	1
রঙ	সবসময়	1
রঙিন	হয়ে	1
রঙে	বিশেষ	1
রঙের	হয়	2
রঙের	আছে	1
রঙের	এবং	1
রঙের	জামা	1
রঙের	নানান	1
রঙের	পাখি	1
রচনা	কমিটির	1
রচনা	করে	1
রচনা	করেন	1
রচনা	হিসেবে	1
রচিত	হয়	3
রচিত	হয়েছে	2
রজঃস্রাব	শেষ	2
রণকৌশল	অবলম্বন	1
রণক্ষেত্রে	বীরত্বের	1
রপ্ত	করতে	1
রপ্তানি	কমেছে	3
রপ্তানি	হয়	3
রপ্তানি	বেড়েছে	2
রপ্তানি	হচ্ছে	2
রপ্তানি	শুরু	1
রপ্তানিনির্ভর	স্থলবন্দর	2
রপ্তানী	শুল্ক	2
রফিকুল	ইসলাম	3
রব	সব	1
রবার্ট	অন্য	1
রবার্ট	ল্যানডন	1
রবি	তাকে	1
রবিন	গতকাল	1
রবিবার	করে	2
রবিবার	রাতে	2
রবিবার	বন্ধ	1
রবিবার	সাধারনত	1
রবীন্দ্রনাথ	ঠাকুর	3
রবীন্দ্রনাথ	ঠাকুরের	3
রমজান	মাস	2
রমজান	মাসে	2
রমজানে	রোজা	2
রয়ে	গেছে	1
রয়ে	গেল	1
রয়েছে	যা	2
রয়েছে	যেখানে	2
রয়েছে	আমার	1
রয়েছে	একটি	1
রয়েছে	কিন্তু	1
রয়েছে	যেটি	1
রয়েছেন	কানাডার	1
রশিদ	সাহেবের	3
রশিদ	বলল	1
রশিদ	বলেন	1
রশিদ	সকালে	1
রশ্মির	প্রভাবে	1
রস	খেতে	2
রস	দিন	1
রসায়ন	বলা	1
রসিদ	চাইতে	1
রসুন	ও	2
রসুন	আসতে	1
রসুনের	দাম	2
রহমত	বর্ষণ	2
রহমান	বলেন	2
রহমান	একই	1
রহমান	ও	1
রহমান	তা	1
রহমান	প্রথম	1
রহস্য	উপন্যাস	1
রহস্য	জানার	1
রহস্য	ফাঁস	1
রহস্যময়	এবং	1
রহস্যময়	দেশ	1
রহস্যময়	ভূতের	1
রাঁচির	একটি	2
রাইসুল	জুহালা	2
রাকিব	যখন	1
রাক্ষসের	চেয়েও	1
রাক্ষসের	ছোট	1
রাখ	এবং	1
রাখছি	তুমি	1
রাখছেন	ছাত্রশিবিরের	2
রাখছেন	কেন্দ্রীয়	1
রাখতে	হবে	6
রাখতে	পারি	4
রাখতে	পারে	4
রাখতে	দাও	2
রাখতে	পারবেন	2
রাখতে	চেষ্টা	1
রাখতেই	সামাজিক	1
রাখবেন	না	2
রাখবেন	এর	1
রাখবেন	যে	1
রাখলাম	ভুলে	1
রাখা	হয়	3
রাখা	অব্যাহত	1
রাখা	চালিয়ে	1
রাখা	ছিল	1
রাখা	ছিলো	1
রাখা	ভালো	1
রাখাই	ভালো	1
রাখাটা	জরুরি	1
রাখার	জন্য	3
রাখার	ক্ষেত্রে	1
রাখার	ক্ষেত্রেও	1
রাখার	ঝামেলা	1
রাখার	পেছনে	1
রাখার	বিরোধিতা	1
রাখুন	এবং	1
রাখুন	যেন	1
রাখে	না	3
রাখে	কিন্তু	1
রাখে	যে	1
রাখেন	এবং	1
রাখেন	কমলা	1
রাখেন	না	1
রাখেন	বলে	1
রাগ	করো	1
রাগ	চেপে	1
রাগ	হয়	1
রাগী	চোখে	1
রাগের	মাথায়	1
রাজত্ব	করছে	1
রাজত্ব	করবে	1
রাজধানী	এবং	3
রাজধানী	হয়	3
রাজধানী	দামেস্কে	2
রাজধানী	ঢাকার	1
রাজধানীর	নাম	2
রাজধানীর	অনেক	1
রাজধানীর	বিভিন্ন	1
রাজনীতি	থেকে	1
রাজনীতিতে	কুশল	1
রাজনীতিবিদ	ও	1
রাজনীতির	উন্নতি	1
রাজনৈতিক	দল	5
রাজনৈতিক	অস্থিরতা	2
রাজনৈতিক	বন্দী	1
রাজবংশের	প্রতিষ্ঠাতা	1
রাজশাহী	বিশ্ববিদ্যালয়ের	4
রাজশাহী	থেকে	2
রাজশাহী	বিশ্ববিদ্যালয়	2
রাজশাহী	মেডিকেল	2
রাজশাহী	বিভাগের	1
রাজশাহী	যাব	1
রাজস্ব	বোর্ডের	2
রাজা	রামমোহন	5
রাজা	ছিলেন	2
রাজা	রাজি	1
রাজা	হয়ে	1
রাজার	ছয়	1
রাজার	ছোট	1
রাজার	পক্ষে	1
রাজার	মৃত্যুর	1
রাজার	মেয়ের	1
রাজি	হবে	2
রাজি	হয়েছেন	2
রাজি	হয়	1
রাজি	হয়েছে	1
রাজি	হলেন	1
রাজি	হলো	1
রাজী	ও	1
রাজ্য	ছিলো	2
রাজ্য	আসুক	1
রাজ্য	ছেড়ে	1
রাজ্য	বিস্তার	1
রাজ্য	শাসনের	1
রাডার	ফাঁকি	1
রাণী	দাস	1
রাণী	প্রথম	1
রাণীর	পাছার	1
রাণীর	সাথে	1
রাত	থেকে	3
রাত	আসে	1
রাত	টার	1
রাত	ধরে	1
রাত	সাড়ে	1
রাতটা	খুব	1
রাতদিন	গণনা	1
রাতারাতি	সম্পন্ন	1
রাতে	আমি	3
রাতে	ঘুমের	3
রাতে	ব্যস্ত	3
রাতে	আপনার	2
রাতে	কাজ	2
রাতে	কী	2
রাতেই	অভিযুক্ত	1
রাতেই	ভেতর	1
রাতেও	পাই	1
রাতের	খাবার	5
রাতের	খাবারের	4
রাতের	আকাশে	2
রাতের	জন্য	2
রাতের	খবরের	1
রাতের	ঘুম	1
রাত্রি	থাকবি	2
রাত্রি	থাকবে	2
রাত্রি	থাকবেন	2
রাত্রি	ও	1
রাত্রে	আসামী	1
রাত্রে	বড়	1
রাত্রে	বা	1
রাত্রে	সে	1
রানওয়ে	ডুবে	1
রানা	আর	1
রানা	ও	1
রানী	এখন	1
রানী	এবং	1
রানী	এলিজাবেথ	1
রানী	ও	1
রানী	হয়ে	1
রান্না	করতে	11
রান্না	করে	3
রান্না	করবো	2
রান্না	কর	1
রান্না	করুন	1
রান্না	করো	1
রান্নাঘর	একটি	1
রান্নাঘর	থেকে	1
রান্নাঘরে	একটা	2
রান্নাঘরে	যাবেন	1
রান্নাঘরে	যেও	1
রান্নাঘরে	রান্না	1
রান্নার	জন্য	1
রাবারের	জিনিস	1
রামমোহন	রায়	4
রামায়ণ	লিখেছেন	1
রামের	সঙ্গ	1
রায়	কষ্ট	1
রায়	জানান	1
রায়	সরকারি	1
রায়	স্বাক্ষরিত	1
রায়ের	মাধ্যমে	2
রায়ের	পূর্ণাঙ্গ	1
রায়ের	সমাজ	1
রাশি	প্রকাশে	1
রাশিয়া	ও	1
রাশিয়া	বা	1
রাশিয়ায়	গরুর	1
রাশিয়ায়	জন্মগ্রহণ	1
রাশিয়ায়	প্রবেশ	1
রাশিয়ার	সাবেক	1
রাষ্ট্র	হিসেবে	2
রাষ্ট্র	ও	1
রাষ্ট্র	গঠিত	1
রাষ্ট্র	প্রতিষ্ঠা	1
রাষ্ট্র	ভাবছে	1
রাষ্ট্র	হলো	1
রাষ্ট্রদূত	পদত্যাগ	1
রাষ্ট্রদূতটি	ফিরে	2
রাষ্ট্রপতি	জিয়াউর	2
রাষ্ট্রপতি	ইব্রাহিম	1
রাষ্ট্রপতি	ছিলেন	1
রাষ্ট্রপতি	নির্বাচিত	1
রাষ্ট্রপতি	রাষ্ট্রের	1
রাষ্ট্রপতির	দায়িত্ব	1
রাষ্ট্রপতির	নাম	1
রাষ্ট্রপতির	পদ	1
রাষ্ট্রীয়	ঋণ	1
রাষ্ট্রীয়	ছুটির	1
রাষ্ট্রীয়	টেলিভিশনে	1
রাষ্ট্রীয়	নানা	1
রাষ্ট্রীয়	সামরিক	1
রাষ্ট্রের	জনক	1
রাষ্ট্রের	প্রধান	1
রাস	মেলা	1
রাসায়নিক	পদার্থ	6
রাসায়নিক	পদার্থের	4
রাসায়নিক	ও	1
রাসায়নিক	খাল	1
রাসায়নিক	দ্রব্য	1
রাসুল	প্রেরণ	2
রাসূল	বলে	1
রাস্তা	আটকে	3
রাস্তা	আছে	1
রাস্তা	কোনটা	1
রাস্তা	দিয়েই	1
রাস্তা	ধরে	1
রাস্তাও	তলিয়ে	1
রাস্তাঘাট	খুব	1
রাস্তাঘাট	নতুন	1
রাস্তাটা	দেখা	1
রাস্তাটি	কোথায়	1
রাস্তায়	আমাদের	1
রাস্তায়	চলতে	1
রাস্তায়	প্রচুর	1
রাস্তায়	যাচ্ছি	1
রাস্তায়	যাচ্ছেন	1
রাস্তায়	হারিয়ে	1
রাস্তার	মাঝখানে	1
রাস্তার	মাথায়	1
রিজার্ভ	আরও	1
রিজার্ভ	চুরির	1
রিজার্ভ	থেকে	1
রিপোর্ট	করা	1
রিপোর্ট	কে	1
রিপোর্টে	এ	1
রিমা	একটি	1
রিমা	একসাথে	1
রিমা	বলেছিল	1
রিমা	ভীতিকর	1
রিমা	হাসপাতালে	1
রিমাকে	ঘড়িটা	1
রিমাকে	দলে	1
রিমাকে	দিয়েছিল	1
রিমাকে	নিয়ে	1
রিমান্ডে	নারীদের	1
রিমান্ডে	নেওয়া	1
রিমান্ডে	নেয়	1
রিমান্ডে	নেয়া	1
রিমার	থেকে	1
রিমার	নাচের	1
রিমার	শারীরিক	1
রিমার	সবচেয়ে	1
রীতি	নীতি	2
রীতি	অনুসারে	1
রীতি	কেবল	1
রীতি	সম্বন্ধে	1
রুক্ষ	এবং	1
রুখে	দিতে	1
রুচির	ব্যাপার	3
রুচির	সাথে	1
রুটি	করে	1
রুটি	খান	1
রুটিন	প্রকাশ	1
রুটিন	মেনে	1
রুপার	একটি	1
রুপার	নূপুর	1
রুপে	ফিরে	1
রুম	আছে	2
রুম	ছোট	1
রুম	থেকে	1
রুম	নম্বর	1
রুমাল	নিন	1
রুমালটা	পরিপাটি	2
রুমে	এসো	1
রুমে	গিয়ে	1
রুমে	ঢুকলাম	1
রুমে	দিয়ে	1
রুমে	বসে	1
রুমের	চাবিটা	1
রুমের	সামনে	1
রুশ	এ	1
রূপ	ধারণ	2
রূপ	নেয়	1
রূপ	রুটিন	1
রূপকথা	শোনাই	1
রূপান্তর	সবই	1
রূপান্তরিত	করতে	1
রূপান্তরিত	করেন	1
রূপালী	পর্দার	1
রূপে	দেবী	1
রূপে	পরিচিত	1
রূপে	প্রেরণ	1
রেকর্ড	করেছিলেন	1
রেকর্ডে	থাকা	1
রেখা	বলে	2
রেখা	একে	1
রেখার	উপর	1
রেখে	যেতে	3
রেখে	গেছে	2
রেখে	নিজেদের	2
রেখে	বাকি	2
রেখে	যাবেন	2
রেখে	যেও	1
রেখেই	তিনি	1
রেখেছেন	কারণ	1
রেখেছেন	যেখানে	1
রেখো	ছেলেটার	1
রেগে	গেছিলেন	3
রেগে	গেছিলো	2
রেগে	গেছি	1
রেগে	ছিল	1
রেগে	যান	1
রেজা	চৌধুরী	1
রেজাল্ট	কখনোই	1
রেজাল্ট	করেছ	1
রেড	ক্রস	1
রেভারেন্ড	সিং	1
রেল	গাড়িতে	1
রেল	লঞ্চ	1
রেশ	এখনো	1
রেসিপি	জানা	1
রেস্তোরাঁ	আছে	1
রেস্তোরাঁ	খুঁজে	1
রেস্তোরাঁ	বন্ধ	1
রোগ	আছে	3
রোগ	হয়	3
রোগ	হলে	3
রোগ	নয়	2
রোগ	প্রতিরোধের	1
রোগ	হওয়ার	1
রোগপ্রতিরোধ	ক্ষমতা	2
রোগা	হয়ে	1
রোগী	বাড়ছে	1
রোগী	মারা	1
রোগীকে	কেন্দ্র	1
রোগীকে	গুরুত্ব	1
রোগীকে	নিয়ে	1
রোগীকে	সর্বোচ্চ	1
রোগীদের	চিকিৎসায়	1
রোগীর	জন্য	1
রোগীর	তো	1
রোগীর	দেহে	1
রোগে	আক্রান্ত	3
রোগের	লক্ষণ	2
রোগের	অন্যতম	1
রোগের	কারণে	1
রোগের	প্রতিষেধক	1
রোগের	বিরুদ্ধে	1
রোজ	স্কুলে	2
রোজ	আসেন	1
রোজ	এখানে	1
রোজ	তোমাকে	1
রোজ	দেরি	1
রোজ	সকালে	1
রোজা	রাখা	2
রোজা	থাকা	1
রোজা	না	1
রোজা	রাখে	1
রোজা	রাখেন	1
রোজা	শুরুর	1
রোড	পুনরায়	1
রোদ	আছে	1
রোদ	এবং	1
রোদ	বলি	1
রোদে	ঘোরাফেরা	1
রোদে	জামা	1
রোদে	দাঁড়িয়ে	1
রোদের	আলোয়	1
রোধ	দেহ	1
রোপন	করা	2
রোবট	দ্বারা	3
রোবট	তৈরি	2
রোবট	নই	1
রোবট	পছন্দ	1
রোবট	ব্যবহার	1
রোবট	মানুষের	1
রোবটের	মতো	3
রোবটের	নাম	2
রোম	এক	1
রোম	একদিনে	1
রোমাঞ্চকর	হয়	1
রোমান	ও	1
রোমান	সভ্যতা	1
রোমান	সাম্রাজ্য	1
রোমানদের	মতো	1
রোমানদের	সাথে	1
রোমানরা	সে	1
রোমান্স	উপন্যাস	1
রোমে	অনেক	1
রোমে	গেছিলাম	1
রোমে	ছিলাম	1
রোল	খেয়ে	1
লকার	লাগবে	1
লক্ষ	টাকা	1
লক্ষ	মানুষ	1
লক্ষ	সৈন্য	1
লক্ষণ	হতে	3
লক্ষণ	নয়	2
লক্ষণ	এই	1
লক্ষণ	এক	1
লক্ষণ	থাকে	1
লক্ষণ	দেখা	1
লক্ষী	দিদি	1
লক্ষ্য	করে	6
লক্ষ্য	করা	4
লক্ষ্য	হলো	3
লক্ষ্য	অর্জনের	2
লক্ষ্য	করলাম	2
লক্ষ্য	করিনি	1
লক্ষ্যে	আমরা	1
লক্ষ্যে	কমিটি	1
লক্ষ্যে	গবেষণা	1
লক্ষ্যে	চতুর্থ	1
লক্ষ্যে	তাঁর	1
লক্ষ্যে	সাল	1
লগ	আউট	1
লগইন	করেছেন	1
লঙ্ঘন	করে	1
লঙ্ঘন	করেছে	1
লঙ্ঘনের	বিরুদ্ধে	1
লঙ্ঘনের	মাধ্যমে	1
লজ্জা	ঈমানের	2
লজ্জা	করল	1
লজ্জা	স্থান	1
লজ্জা	হয়	1
লজ্জার	কারণ	1
লজ্জার	ব্যাপার	1
লঞ্চ	কাউন্টার	1
লটারি	জিতে	1
লটারির	টিকিট	1
লড়াই	করছিলেন	1
লড়াই	করবেন	1
লড়াই	করার	1
লড়াই	করেছি	1
লড়াই	করেছে	1
লড়াই	কোরো	1
লন্ডন	ইংল্যান্ডের	2
লন্ডন	হলো	2
লন্ডন	যাচ্ছি	1
লন্ডনে	কী	1
লন্ডনে	গিয়েছিলে	1
লন্ডনে	তার	1
লন্ডনে	বড়	1
লন্ডনে	যাওয়ার	1
লন্ডনের	উদ্দেশ্যে	1
লবঙ্গ	দিন	1
লবঙ্গ	ভাজা	1
লবণ	আছে	1
লবণ	আমাদের	1
লবণ	কম	1
লবণ	থাকে	1
লবণ	দিন	1
লবণ	পানীয়	1
লবি	পরিষ্কার	1
লম্বা	কানের	1
লম্বা	চুল	1
লম্বা	চুলের	1
লম্বা	ছিল	1
লম্বা	নয়	1
লম্বা	সময়ের	1
লর্ডস	টেস্টে	1
লা	ডিসেম্বর	1
লাই	ফাই	1
লাইট	নিভিয়ে	4
লাইট	জ্বালিয়ে	2
লাইট	মেশিন	1
লাইন	চলে	1
লাইনে	দাঁড়	1
লাইনে	নাকি	1
লাইনের	উদ্বোধন	1
লাইনের	সামনে	1
লাইফ	ইন্স্যুরেন্স	2
লাইফ	দেশ	1
লাইব্রেরিতে	কাটিয়ে	1
লাইব্রেরিতে	গিয়েছিলাম	1
লাইব্রেরিতে	দেখা	1
লাইসেন্স	দেওয়া	1
লাইসেন্স	দেখেছি	1
লাইসেন্স	পাওয়ার	1
লাখ	লাখ	3
লাখ	টাকার	2
লাখ	ডলার	2
লাখ	হাজার	2
লাখ	ভোট	1
লাগ	তো	1
লাগছিল	না	1
লাগছে	না	5
লাগছে	আপনার	1
লাগছে	তোমায়	1
লাগছে	বলতে	1
লাগছে	যে	1
লাগতে	পারে	1
লাগতে	যেও	1
লাগবে	গন্তব্যে	2
লাগবে	না	2
লাগবে	হাসপাতালে	1
লাগল	একটুখানি	1
লাগলেও	চুল	1
লাগা	শুরু	1
লাগাতে	পারতেন	1
লাগাতে	ভুলে	1
লাগাতে	হবে	1
লাগাতে	হয়	1
লাগান	পরিবেশ	1
লাগানো	যায়	2
লাগানো	হয়েছে	2
লাগানো	একটি	1
লাগানো	গেলেই	1
লাগানো	শুরু	1
লাগানোর	তেমন	1
লাগানোর	ব্যাপারে	1
লাগাবে	না	1
লাগায়	নিহত	1
লাগার	কথা	1
লাগার	কারণ	1
লাগিয়ে	আত্মহত্যা	1
লাগিয়ে	দিলাম	1
লাগিয়ে	ন্যূনতম	1
লাগিয়ে	ফেলেছি	1
লাগুক	আর	1
লাগে	না	9
লাগে	কিন্তু	1
লাগে	যা	1
লাগে	যেটা	1
লাজুক	ছিলেন	1
লাজুক	স্বভাবের	1
লাঞ্চ	কটার	3
লাঞ্চ	করছে	2
লাঞ্চ	করছেন	2
লাঞ্ছনা	হল	1
লাঞ্ছিত	ও	1
লাঠি	কোথায়	1
লাঠি	মেরেছে	1
লাথি	মারছে	1
লাথি	মারছেন	1
লাথি	মারবো	1
লাফ	দিতে	4
লাফ	দিয়েছেন	1
লাফাও	না	1
লাফাতে	পারো	1
লাফানো	বন্ধ	1
লাফিয়ে	পড়ে	1
লাভ	করে	13
লাভ	কী	5
লাভ	করেন	4
লাভ	করা	3
লাভ	করেছে	3
লাভ	নেই	3
লাভজনক	প্রতিষ্ঠান	1
লাভজনক	হয়েছে	1
লাভবান	হবে	1
লাভে	তৃপ্তি	1
লাভের	মূল	2
লাভের	আশা	1
লাভের	আশায়	1
লাভের	জন্য	1
লাভের	তৃপ্তি	1
লাভের	পাশাপাশি	1
লায়লা	কেটে	1
লায়লা	তার	1
লায়লা	পুলিশে	1
লায়লা	ভেবেছিলো	1
লায়লাকে	ধর্ষণ	4
লায়লাকে	তার	2
লায়লার	মধ্যে	2
লাল	বৃত্ত	2
লাল	গাড়ি	1
লাল	লেগেছে	1
লাল	সেই	1
লালন	তার	1
লালন	পালন	1
লালন	যে	1
লালিত	পালিত	1
লাশ	আসামীদের	1
লাশ	একটি	1
লাশ	দেখেননি	1
লাশ	নিয়ে	1
লাশ	পোড়া	1
লাশে	আছিই	1
লাশের	সুরতহাল	3
লাশের	পাশেই	1
লাহোর	শহরের	1
লিওনের	ফোন	1
লিওনের	সশস্ত্র	1
লিখছি	কারণ	1
লিখতে	চাই	3
লিখতে	পারি	2
লিখতে	শিখিয়েছে	2
লিখতে	শিখিয়েছেন	2
লিখতে	পারেন	1
লিখতে	ভালোবাসি	1
লিখন	থাকে	1
লিখন	পদ্ধতির	1
লিখলে	হবে	1
লিখিত	অভিযোগ	1
লিখিত	পরীক্ষা	1
লিখিত	মূল্য	1
লিখুন	না	1
লিখে	দিতে	3
লিখে	দিয়েছেন	1
লিখে	না	1
লিখে	রেখেছিলেন	1
লিখেছি	এবং	1
লিখেছিল	যে	1
লিখেছিলাম	সেটা	1
লিখেছেন	ক্রুজ	1
লিগ্যাল	এইড	1
লিঙ্গ	এবং	1
লিঙ্গ	নারীর	1
লিঙ্গ	প্রকাশ	1
লিঙ্গের	ব্যক্তির	1
লিঙ্গের	রাজনৈতিক	1
লিটার	বিশুদ্ধ	1
লিপি	আবিষ্কার	1
লিপি	থেকে	1
লিপিবদ্ধ	করেন	2
লিপিবদ্ধ	করা	1
লিপ্ত	হওয়ার	1
লিপ্ত	হন	1
লিপ্ত	হয়	1
লিপ্ত	হয়েছে	1
লিফট	আছে	1
লিমিটেড	কারখানার	1
লিমিটেড	গতকাল	1
লিস্ট	কল	1
লীগের	সভাপতি	2
লীগের	সাধারণ	2
লুকাচ্ছ	কেন	1
লুকাতে	পারবে	1
লুকাতে	হবে	1
লুকানো	অসম্ভব	1
লুকানো	গুরুত্বপূর্ণ	1
লুকায়িত	সম্পদের	1
লুকিয়ে	আছে	2
লুকিয়ে	থাকো	1
লুকিয়ে	রাখলো	1
লুকিয়ে	রাখা	1
লুকিয়ে	রেখে	1
লুকিয়ে	রেখেছিল	1
লুকিয়েছে	তা	1
লুঙ্গি	পরা	1
লুট	করেন	1
লুসি	জাপানি	1
লেকচার	ক্লাসে	1
লেখক	ছিলেন	1
লেখক	পাঠক	1
লেখক	শিল্পী	1
লেখা	আছে	4
লেখা	হয়	4
লেখা	হয়েছে	2
লেখা	অনেক	1
লেখা	দেখতে	1
লেখা	হয়েছিল	1
লেখাটা	হিব্রুতে	1
লেখাপড়া	করে	2
লেখাপড়া	না	1
লেখাপড়া	বোঝেন	1
লেখাপড়ার	মাধ্যমে	1
লেখার	সময়	2
লেখার	কারণে	1
লেখার	চেয়ে	1
লেখার	চেষ্টা	1
লেখার	পর	1
লেখার	হাত	1
লেগে	গেছে	1
লেগে	তিনটি	1
লেগে	থাকবো	1
লেগে	থাকা	1
লেগে	পরলাম	1
লেগে	যায়	1
লেগেই	থাকে	1
লেগেছে	ততই	1
লেগেছে	তাঁর	1
লেগেছে	তিন	1
লেজ	আছে	1
লেজ	থাকে	1
লেজ	বাদ	1
লেজটা	ছিল	1
লেনদেন	কমেছে	4
লেনদেন	হয়েছে	2
লেনদেন	করা	1
লেনদেন	খরচ	1
লেনদেন	শুরু	1
লেনদেনে	অংশ	1
লেনদেনে	গতি	1
লেনদেনে	পিছিয়ে	1
লেনদেনে	ব্যক্তি	1
লেনদেনে	শীর্ষে	1
লেনদেনে	সরকার	1
লেনদেনের	শুরুতে	2
লেনদেনের	ফলশ্রুতিতে	1
লেনদেনের	মধ্যস্থতা	1
লেনদেনের	শীর্ষে	1
লেনন	সালে	1
লেন্স	ক্লিনার	1
লেপ	মুড়ি	1
লেফটেন্যান্ট	কর্নেল	1
লেবার	নেতা	1
লেবার	পার্টির	1
লেভেলে	শিক্ষক	1
লোক	আছে	2
লোক	কম	2
লোক	নয়	2
লোক	বিশ্বাস	2
লোক	আমাকে	1
লোক	নও	1
লোকই	ওনার	1
লোকই	কাঁচা	1
লোকই	বয়স্ক	1
লোকই	মুসলিম	1
লোককাহিনী	অনুসারে	1
লোককে	কোনো	1
লোককে	খুন	1
লোককে	মরতে	1
লোকগুলো	কোথায়	1
লোকগুলো	কোন	1
লোকজন	এটা	1
লোকজন	গুরুতর	1
লোকজন	ভিড়	1
লোকজনের	দায়ের	1
লোকজনের	বিরুদ্ধে	1
লোকজনের	সাথে	1
লোকটা	আসলে	2
লোকটা	এক	1
লোকটা	একজন	1
লোকটা	তোমাকে	1
লোকটা	মনির	1
লোকটাই	করেছে	1
লোকটাকে	দৌঁড়াতে	1
লোকটার	মাতব্বরি	1
লোকটার	মেয়েই	1
লোকটি	একটু	1
লোকটি	চাঁদা	1
লোকটি	বিল	1
লোকটি	যে	1
লোকটিকে	দেখে	1
লোকটিকে	দেখেছেন	1
লোকটিকে	দেখেছো	1
লোকটিকে	মন্দ	1
লোকটিকে	হত্যা	1
লোকটির	দিকে	1
লোকটির	নাম	1
লোকদের	ঈশ্বর	1
লোকদের	জন্য	1
লোকমুখে	শুনেছি	1
লোকাল	কল	1
লোকে	কত	1
লোকে	বলে	1
লোকেদের	বোকা	1
লোকেদের	সাথে	1
লোকের	সাথে	3
লোকের	ঘটনা	1
লোকের	প্রয়োজন	1
লোকের	মতো	1
লোকের	সাথেই	1
লোকেরা	অচল	1
লোকেরা	একটি	1
লোকেরা	তোমার	1
লোকেরা	বিভিন্ন	1
লোকেরা	মেহমানদের	1
লোকেরা	রেগে	1
লোকেরাই	প্রকৃত	1
লোপ	পায়	2
লোভ	না	1
লোভ	যে	1
লোভে	পড়ে	1
লোভে	পাপ	1
লোম	দিয়ে	1
লোমের	বৃদ্ধি	1
ল্যানডন	সিরিজের	1
ল্যাব	ও	1
ল্যাবরেটরি	স্কুলের	1
ল্যাবরেটরিতে	বর্তমানে	1
ল্যারি	বুশ	1
শক্ত	হয়ে	2
শক্ত	ও	1
শক্ত	করুন	1
শক্ত	করো	1
শক্ত	হতে	1
শক্ত	হয়	1
শক্তি	ও	2
শক্তি	কেন্দ্র	2
শক্তি	বৃদ্ধি	2
শক্তি	কমে	1
শক্তি	বাংলাদেশে	1
শক্তি	শুধুমাত্র	1
শক্তিকে	দূর	1
শক্তিধর	দেশ	1
শক্তির	অবিরাম	1
শক্তির	বিনাশ	1
শক্তির	সাহায্য	1
শক্তিশালী	হতে	2
শক্তিশালী	করতে	1
শক্তিশালী	কৃত্রিম	1
শক্তিশালী	কৌশলগত	1
শক্তিশালী	না	1
শক্তিশালী	হয়েছে	1
শখ	করে	2
শখ	আছে	1
শখ	থাকতে	1
শখ	পুরানো	1
শত	শত	2
শত	কোটি	1
শত	চেয়ার	1
শত	ড্রোন	1
শত	বছর	1
শত	বিপত্তি	1
শতকে	জন্ম	1
শতকের	প্রথম	2
শতকের	গোড়ায়	1
শতাংশ	কর্মী	2
শতাংশ	কমানোর	1
শতাংশ	ছিল	1
শতাংশ	নারী	1
শতাংশ	শিশু	1
শতাংশের	বেশি	2
শতাধিক	ড্রোন	2
শতাধিক	ক্ষেপণাস্ত্র	1
শতাধিক	সাংবাদিক	1
শতাব্দীতে	এ	1
শতাব্দীতে	বিজ্ঞানের	1
শতাব্দীর	প্রথমার্ধে	2
শতাব্দীর	শুরু	1
শতাব্দীর	শেষ	1
শতাব্দীর	সেরা	1
শত্রু	নই	2
শত্রু	পরিবেষ্টিত	1
শত্রু	বলা	1
শত্রু	যে	1
শত্রুতা	করছ	1
শত্রুদের	ক্ষতি	1
শত্রুর	শত্রু	1
শত্রুর	সহিত	1
শত্রুরা	আমাদের	1
শনাক্ত	করতে	3
শনাক্ত	করেছেন	1
শনিবার	রাতে	2
শনিবার	গভীর	1
শনিবার	ফুটবল	1
শনিবার	যথারীতি	1
শনিবার	স্থানীয়	1
শপথ	করেছিলে	1
শপথ	নেওয়ার	1
শপথ	পূর্বক	1
শপিং	সেন্টারে	1
শব্দ	আসতে	1
শব্দ	খুজে	1
শব্দ	না	1
শব্দ	পাচ্ছি	1
শব্দকে	বেশি	1
শব্দগুলো	নিয়ে	1
শব্দটার	অর্থ	3
শব্দটার	মানে	3
শব্দটি	এসেছে	1
শব্দটি	শুধু	1
শব্দটি	শুনেছেন	1
শব্দটির	উচ্চারণ	3
শব্দের	একাধিক	1
শব্দের	জন্য	1
শব্দের	জন্যে	1
শব্দের	ভিন্ন	1
শব্দের	শেষে	1
শয়তান	খরগোশ	1
শয়তানকে	দূরে	2
শয়তানটা	পটল	1
শয়তানটা	শেষ	1
শয়তানের	পূজারী	1
শয়তানের	ভাই	1
শরণ	গ্রহণ	2
শরবত	করে	1
শরীফ	পাঠ	2
শরীফ	বলেন	1
শরীর	ভালো	2
শরীর	অচল	1
শরীর	খুব	1
শরীর	দেখেই	1
শরীরকে	রক্ষা	1
শরীরে	এই	1
শরীরে	এলার্জি	1
শরীরে	ও	1
শরীরে	নেই	1
শরীরের	তাপমাত্রা	3
শরীরের	বিভিন্ন	2
শরীরের	অন্যান্য	1
শরীরের	জন্য	1
শরীরের	নিজস্ব	1
শর্ত	একান্ত	1
শর্ত	ছিল	1
শর্ত	হচ্ছে	1
শর্তে	জানান	1
শর্তে	সংগৃহীত	1
শহর	শাখার	3
শহর	ও	1
শহর	ছাড়ো	1
শহর	যেটাকে	1
শহর	হলো	1
শহরজুড়ে	আলোচনার	1
শহরটাকে	একটা	1
শহরটি	তার	1
শহরটি	সিরিয়ায়	1
শহরায়নের	ফলে	2
শহরে	খুব	2
শহরে	এসেছিলাম	1
শহরে	গভীর	1
শহরে	থাকি	1
শহরে	পানি	1
শহরে	প্রথম	1
শহরের	বিশ	1
শহরের	রাস্তাঘাট	1
শহীদ	হয়	2
শহীদ	বলা	1
শহীদ	মিয়া	1
শাওন	ঢাকার	1
শাওয়ার	জেল	1
শাক	গরম	1
শাক	দিয়ে	1
শাক	সবজি	1
শাক	সবজির	1
শাকসব্জি	খাওয়া	2
শাখা	আছে	2
শাখা	ছাত্রলীগের	2
শাখা	হলো	2
শাখা	থাইল্যান্ড	1
শাখা	নদীর	1
শাখা	ফল	1
শাখায়	পদার্থ	1
শাখায়	প্রাণীর	1
শাখায়	মানুষ	1
শাখায়	মানুষের	1
শাখায়	হাইড্রোকার্বন	1
শাখার	ঈদ	3
শাখার	অতিরিক্ত	1
শাখার	এক	1
শাখার	পরিচালক	1
শাখার	প্রধান	1
শাটেল	বাসটা	2
শাড়ি	দিয়ে	1
শাড়ি	পরে	1
শাদি	করতে	2
শান্ত	থাকতে	3
শান্ত	থাকার	3
শান্ত	হও	2
শান্ত	হোন	2
শান্ত	করে	1
শান্ত	থাকা	1
শান্তশিষ্ট	এবং	1
শান্তি	ও	2
শান্তি	আছে	1
শান্তি	চায়	1
শান্তি	ছিল	1
শান্তি	ব্যক্তি	1
শান্তি	শৃঙ্খলা	1
শান্তিতে	থাকতে	1
শান্তিপূর্ণ	দেশ	1
শান্তির	প্রতীক	1
শান্তিরক্ষা	মিশনের	2
শায়েস্তা	খান	1
শারীরিক	ও	5
শারীরিক	দিক	2
শারীরিক	সম্পর্ক	2
শারীরিক	শক্তি	1
শারীরিক	শিক্ষা	1
শারীরিক	স্বাস্থ্যের	1
শারীরিকভাবে	অসুস্থ	1
শারীরিকভাবে	নারীদের	1
শারীরিকভাবে	প্রস্তুত	1
শারীরিকভাবে	প্রস্তুতি	1
শারীরিকভাবে	শক্তিশালী	1
শার্ট	আনবে	1
শার্ট	কিনবো	1
শার্ট	চান	1
শার্ট	নিয়ে	1
শালীকে	ধর্ষণের	1
শালীন	আচরণ	1
শাসক	ছিলেন	4
শাসক	হওয়া	2
শাসক	ও	1
শাসকদের	শিক্ষা	1
শাসন	করতেন	1
শাসন	করে	1
শাসন	বলতে	1
শাসন	বিদ্যমান	1
শাসন	সম্পর্কে	1
শাসনকর্তা	হিসেবে	1
শাসনের	অবসান	2
শাসনের	সূচনা	2
শাসনের	ইতি	1
শাসনের	উপযুক্ত	1
শাসনের	মূল	1
শাস্তি	দেব	2
শাস্তি	দিও	1
শাস্তি	দেওয়া	1
শাস্তি	দেয়া	1
শাস্তি	হওয়া	1
শাস্তি	হবে	1
শাস্তির	আওতায়	3
শাস্তির	ব্যবস্থা	1
শাহ	আলম	1
শাহ	পার্ক	1
শাহ	ভারতের	1
শিক	কাবাব	2
শিকড়	থেকে	1
শিকড়	দিয়ে	1
শিকল	দ্বারা	1
শিকার	করা	3
শিকার	হচ্ছে	2
শিকার	হতে	2
শিকার	হওয়ার	1
শিকার	হয়েছে	1
শিকার	হয়েছেন	1
শিকারি	বিড়াল	1
শিকারে	যাব	1
শিক্ষক	এবং	2
শিক্ষক	কে	2
শিক্ষক	ছিলাম	2
শিক্ষক	নই	2
শিক্ষক	আর	1
শিক্ষক	রয়েছেন	1
শিক্ষককে	সকলেই	1
শিক্ষকতা	করে	1
শিক্ষকের	আদেশ	2
শিক্ষকের	জন্য	1
শিক্ষকের	দরকার	1
শিক্ষকের	পরামর্শ	1
শিক্ষকের	বয়স	1
শিক্ষকের	সাথে	1
শিক্ষা	ও	2
শিক্ষা	নিতে	2
শিক্ষা	ব্যবস্থার	2
শিক্ষা	মানুষের	2
শিক্ষা	লাভ	2
শিক্ষা	হলো	2
শিক্ষানবিশ	কোর্স	1
শিক্ষায়	অগ্রগতি	1
শিক্ষায়	আমাদের	1
শিক্ষায়	দীক্ষিত	1
শিক্ষায়	বুদ্ধিমত্তা	1
শিক্ষায়	মন	1
শিক্ষায়	শিক্ষিত	1
শিক্ষার	মান	2
শিক্ষার	ক্ষেত্রে	1
শিক্ষার	প্রয়োগ	1
শিক্ষার	বিকল্প	1
শিক্ষার্থী	অসুস্থ	1
শিক্ষার্থী	ইংরেজি	1
শিক্ষার্থী	পরীক্ষায়	1
শিক্ষার্থী	রয়েছে	1
শিক্ষার্থীকে	জ্ঞান	1
শিক্ষার্থীকে	ধর্ষণের	1
শিক্ষার্থীদের	মাঝে	2
শিক্ষার্থীদের	অবগতির	1
শিক্ষার্থীদের	কাছে	1
শিক্ষার্থীদের	ক্লাস	1
শিক্ষার্থীর	হাতে	1
শিক্ষার্থীরা	ছুটি	1
শিক্ষার্থীরা	নৈতিক	1
শিক্ষিত	করার	1
শিক্ষিত	কিন্তু	1
শিক্ষিত	নারী	1
শিক্ষিত	লোকের	1
শিক্ষিত	হতে	1
শিক্ষিত	হলেও	1
শিখছে	না	1
শিখতে	চাই	2
শিখতে	চাও	2
শিখতে	সাহায্য	2
শিখতে	চান	1
শিখতে	চেষ্টা	1
শিখতে	পারলে	1
শিখবে	না	1
শিখা	বলতে	1
শিখে	নিজেকে	1
শিখেছ	কীভাবে	1
শিখেছি	তা	1
শিগগিরই	আমরা	1
শিগগিরই	আরও	1
শিগগিরই	বাংলাদেশের	1
শিগগিরই	মধ্যপ্রাচ্যে	1
শিগগিরই	শতাধিক	1
শিথিল	করেছে	1
শিপিং	কার্গো	1
শিব	সেনার	1
শিবিরের	কর্মীরা	1
শিবিরের	সঙ্গে	1
শিমুল	ফুল	1
শিমের	সেই	1
শিল্প	ও	3
শিল্প	কারখানার	2
শিল্প	কমিটির	1
শিল্প	নয়	1
শিল্প	প্রকল্প	1
শিল্প	স্থাপন	1
শিল্পকর্ম	নিয়েও	1
শিল্পায়ন	ও	3
শিল্পী	এবং	1
শিল্পী	রানী	1
শিল্পী	হিসেবে	1
শিল্পীদের	গান	1
শিল্পীদের	শিল্পকর্ম	1
শিল্পীর	ছদ্মবেশ	1
শিল্পে	কাজ	1
শিল্পে	ব্যাপক	1
শিল্পে	ভারত	1
শিল্পের	ছোঁয়া	1
শিল্পের	জন্য	1
শিল্পের	বিকাশ	1
শিল্পের	সূচনা	1
শিশির	তোর	1
শিশির	বাংলাদেশের	1
শিশিরাঙ্কের	নিচে	2
শিশু	জন্ম	2
শিশু	নির্যাতন	2
শিশু	একাডেমী	1
শিশু	খেলছিল	1
শিশু	চরিত্রে	1
শিশুকাল	থেকেই	1
শিশুকে	চাঁদ	1
শিশুকে	জন্মের	1
শিশুটি	তার	1
শিশুদের	একটি	1
শিশুদের	চিন্তা	1
শিশুদের	জন্য	1
শিশুদের	দাস	1
শিশুদের	সঙ্গে	1
শিশুদের	হাঁটা	1
শিশুর	আজন্ম	1
শিশুর	জন্ম	1
শিশুর	বারবার	1
শিশুর	বিভিন্ন	1
শিশুর	মন	1
শিশুর	সংখ্যা	1
শিশুরা	ইরান	1
শিশুরা	খেলাধুলা	1
শিশুরা	চিরকাল	1
শিশ্ন	প্রবেশ	2
শিশ্নে	চুমু	2
শীঘ্রই	আকাশ	1
শীঘ্রই	আবার	1
শীঘ্রই	আমার	1
শীঘ্রই	এই	1
শীঘ্রই	কথা	1
শীঘ্রই	চলে	1
শীত	আসছে	2
শীত	করছে	1
শীত	পড়েছে	1
শীত	বাড়ছে	1
শীত	যায়	1
শীতকালীন	শাক	1
শীতকালীন	সবজি	1
শীতকালে	এখানকার	1
শীতকালে	কুয়াশা	1
শীতকালে	তাপমাত্রা	1
শীততাপ	নিয়ন্ত্রিত	2
শীতল	করে	1
শীতল	বাতাস	1
শীতল	রাত	1
শীতে	আমি	1
শীতের	সকালে	2
শীতের	মৌসুম	1
শীতের	সকালের	1
শীর্ষ	কর্মকর্তারা	1
শীর্ষ	সম্মেলন	1
শীর্ষ	সামরিক	1
শীর্ষস্থানীয়	পর্যায়ের	1
শীর্ষে	ছিল	2
শীর্ষে	উঠে	1
শীর্ষে	রয়েছে	1
শুইয়ে	দিল	1
শুকনা	মরিচ	2
শুকনো	কাশি	1
শুকনো	খাবারের	1
শুকনো	ছিলো	1
শুকনো	জায়গায়	1
শুকনো	রাখুন	1
শুকিয়ে	গেছে	2
শুকিয়ে	গেছিস	1
শুকিয়ে	নেবেন	1
শুকিয়ে	যেতো	1
শুক্রবার	সকাল	2
শুক্রবার	জার্মানির	1
শুক্রবার	দুপুরের	1
শুক্রবার	পুলিশ	1
শুক্রবার	বাংলাদেশে	1
শুক্রবার	রাজশাহী	1
শুক্রাণু	কোষগুলি	2
শুতে	যাও	1
শুতে	যান	1
শুদ্ধ	বানান	1
শুধরে	দিন	1
শুধু	কথায়	2
শুধু	খবরের	2
শুধু	তোমারই	2
শুধু	নিজের	2
শুধু	মজা	2
শুধু	শুধু	2
শুধুই	লুঙ্গি	1
শুধুমাত্র	অর্থ	1
শুধুমাত্র	ঐ	1
শুনছ	না	1
শুনতে	চাই	3
শুনতে	পায়	3
শুনতে	আশ্চর্য	1
শুনতে	জানে	1
শুনতে	ভালো	1
শুনতে	মধুর	1
শুনতেই	ভালো	1
শুনবেন	এই	1
শুনলাম	আপনার	1
শুনলাম	তুমি	1
শুনলাম	যে	1
শুনলে	কম	1
শুনলে	কীভাবে	1
শুনানি	শুরু	1
শুনানি	শেষ	1
শুনি	কারো	1
শুনে	আমি	3
শুনে	খুশি	2
শুনে	মহামতি	2
শুনে	তুমি	1
শুনে	ভালো	1
শুনেই	আমি	1
শুনেছি	তুমি	1
শুনেছি	বেশি	1
শুনেছিল	এবং	1
শুনেছিলাম	বটে	1
শুনেছেন	এবং	1
শুনেছেন	যে	1
শুন্য	সহিষ্ণুতা	1
শুভ	সকাল	2
শুভ	সন্ধ্যা	2
শুভ	কানাডা	1
শুভ	নববর্ষ	1
শুভ	বড়দিন	1
শুভ	রাত্রি	1
শুভকামনা	জানিয়েছেন	1
শুভেচ্ছা	জানায়	1
শুভেচ্ছা	নিও	1
শুয়ে	আছি	2
শুয়ে	আছে	2
শুয়ে	দিদির	2
শুয়ে	লাখ	2
শুয়ে	পড়লাম	1
শুয়ে	পড়িস	1
শুয়োরের	বাচ্চা	1
শুয়োরের	মাংস	1
শুরু	হয়	20
শুরু	করে	11
শুরু	করেন	10
শুরু	করেছে	9
শুরু	করলো	7
শুরু	হবে	6
শুরুটা	ভালো	1
শুরুতে	যদিও	1
শুরুর	অবস্থায়	1
শুরুর	আগে	1
শুরুর	আগেই	1
শুরুর	আগের	1
শুরুর	পর	1
শুরুর	বিষয়	1
শুল্কের	গুরুত্ব	3
শুষ্ক	ও	1
শূন্য	লাগছে	1
শূন্য	শূন্য	1
শূন্য	হলে	1
শৃঙ্খলা	প্রতিষ্ঠা	1
শে	ডিসেম্বর	1
শেখ	হাসিনা	3
শেখ	মুজিবুর	2
শেখ	হাসিনার	2
শেখা	কঠিন	2
শেখা	উচিত	1
শেখা	এক	1
শেখা	শুরু	1
শেখা	সহজ	1
শেখাতে	অনেকেই	1
শেখান	এবং	1
শেখানো	হয়	1
শেখানোর	পাশাপাশি	1
শেখার	জন্য	1
শেখার	সিদ্ধান্ত	1
শেয়ার	বাজারে	6
শেয়ার	ও	2
শেয়ার	দাম	2
শেয়ার	করতে	1
শেয়ার	বাজার	1
শেয়ার	রয়েছে	1
শেয়ারবাজার	ঢাকা	3
শেয়ারবাজারে	তালিকাভুক্ত	3
শেয়ারের	দর	1
শেষ	পর্যন্ত	12
শেষ	হয়ে	10
শেষ	করে	7
শেষ	করার	5
শেষ	করতে	4
শেষ	হবে	4
শেষবার	আপনি	1
শেষে	কমেন্ট	1
শেষে	গলা	1
শেষে	ডানদিকে	1
শেষের	দিকে	4
শেষের	শুরু	2
শো	ছিল	1
শোক	মন্দীভূত	1
শোক	সাগরে	1
শোন	আবার	1
শোনা	গেল	2
শোনা	আমার	1
শোনা	এবং	1
শোনা	কথায়	1
শোনা	গেছে	1
শোনাচ্ছে	না	1
শোনাতে	চান	1
শোনায়	এবং	1
শোনার	আগে	1
শোনার	কোনো	1
শোনার	জন্য	1
শোনার	মতো	1
শোনে	না	2
শোবার	ঘরে	1
শোষণ	ও	1
শোষণ	করা	1
শোষণের	উদ্দেশ্যে	1
শোষণের	জন্য	1
শ্বশুর	বাড়ি	1
শ্বাস	নিতে	2
শ্বাস	নে	1
শ্বাস	নেয়	1
শ্বাসরুদ্ধ	করে	1
শ্রদ্ধা	করি	1
শ্রদ্ধা	করো	1
শ্রবণ	পরীক্ষা	1
শ্রবণ	প্রতিবন্ধী	1
শ্রম	অসন্তোষ	1
শ্রম	আইন	1
শ্রমজীবী	মানুষের	2
শ্রমিক	ও	1
শ্রমিক	কাজ	1
শ্রমিক	নেবে	1
শ্রমিক	রোবট	1
শ্রমিককে	কাজ	1
শ্রমিকদের	জন্য	2
শ্রমিকদের	আজ	1
শ্রমিকদের	নিয়োজিত	1
শ্রমিকের	ওপর	1
শ্রমিকের	কাজ	1
শ্রমিকের	জীবন	1
শ্রমিকের	নিরাপত্তা	1
শ্রেণী	পেশার	1
শ্রেণীতে	পড়ি	2
শ্রেণীর	টিকিট	1
শ্রেণীর	দ্বিতীয়	1
শ্রেণীর	মানুষ	1
শ্রেষ্ঠ	খেলোয়াড়	1
শ্রেষ্ঠ	দান	1
শ্রেষ্ঠ	বন্ধু	1
শ্রোতা	হতে	1
ষড়যন্ত্র	করেছিল	1
ষষ্ঠ	অঙ্কের	1
ষষ্ঠ	থেকে	1
ষাট	মিনিট	1
ষাট	সত্তর	1
ষাট	সেকেন্ড	1
ষাটের	দশকে	1
ষোল	বছর	2
সংকট	কিছুটা	1
সংকটে	তা	1
সংকটের	কারণে	1
সংকটের	জন্য	1
সংকল্প	নিয়ে	1
সংকীর্ণ	অর্থে	1
সংকেত	পাঠানোর	1
সংকোচন	হয়	1
সংক্রমণ	হয়	1
সংক্রান্ত	একটি	2
সংক্রান্ত	কাজে	1
সংক্রান্ত	বিজ্ঞান	1
সংক্রান্ত	বিধান	1
সংক্রান্ত	বিশ্বাস	1
সংক্রামক	ব্যাধির	1
সংক্ষিপ্ত	এবং	1
সংক্ষিপ্ত	ঘোষণা	1
সংখ্যক	ধার্মিক	1
সংখ্যক	বেসরকারি	1
সংখ্যক	মানুষ	1
সংখ্যা	বাড়ছে	2
সংখ্যা	কত	1
সংখ্যা	কমতে	1
সংখ্যা	ছাড়িয়ে	1
সংখ্যাগুলো	মানের	1
সংখ্যার	দিক	1
সংগঠন	ও	2
সংগঠন	এ	1
সংগঠন	নানা	1
সংগঠনের	সাথে	1
সংগঠিত	রাখার	1
সংগঠিত	হওয়া	1
সংগীত	হিসেবে	1
সংগৃহীত	অর্থের	2
সংগ্রহ	এবং	3
সংগ্রহ	করা	3
সংগ্রহ	করেন	2
সংগ্রহ	করতে	1
সংগ্রহ	করার	1
সংগ্রহ	করে	1
সংগ্রহকারী	সপ্তাহে	1
সংগ্রহে	ব্যস্ত	1
সংগ্রহের	পদ্ধতি	1
সংগ্রহের	সাথে	1
সংগ্রাম	করছে	1
সংগ্রাম	করতে	1
সংগ্রামে	জয়ী	1
সংগ্রামে	জাতিকে	1
সংগ্রামে	ঝাঁপিয়ে	1
সংগ্রামের	নেতৃত্ব	1
সংগ্রামের	মধ্য	1
সংঘটিত	হয়	4
সংঘটিত	গণহত্যার	1
সংঘটিত	নৃশংস	1
সংঘটিত	হয়েছে	1
সংঘবদ্ধ	দল	1
সংঘবদ্ধ	ধর্ষণের	1
সংঘর্ষ	ঘটে	1
সংঘর্ষ	হতে	1
সংঘর্ষে	কয়েক	1
সংঘর্ষের	ঘটনায়	1
সংঘাত	আরো	1
সংজত	করুন	2
সংজত	করো	2
সংজ্ঞায়িত	করা	1
সংবর্ধনা	প্রদান	1
সংবাদ	সম্মেলনে	2
সংবাদ	রেখে	1
সংবাদ	সংস্থা	1
সংবাদপত্র	পড়া	1
সংবাদপত্র	পড়ি	1
সংবাদপত্র	পড়ুন	1
সংবাদপত্র	প্রকাশিত	1
সংবাদপত্রের	ওয়েবসাইটে	2
সংবাদপত্রের	পাতায়	1
সংবাদপত্রের	সকল	1
সংবিধান	আনুষ্ঠানিকভাবে	1
সংবিধান	থাকবে	1
সংবিধান	রচনা	1
সংবিধান	লেখা	1
সংবিধান	সম্পর্কে	1
সংবিধানের	কত	1
সংবিধানের	নম্বর	1
সংযত	আচরণের	1
সংযত	করতে	1
সংযুক্ত	আরব	2
সংযুক্ত	করার	1
সংযুক্ত	না	1
সংযুক্তি	ঘটলে	1
সংযোগ	নিয়ে	2
সংযোগ	মন্থর	2
সংযোগ	ঘটছে	1
সংযোগ	না	1
সংযোগ	বন্ধ	1
সংযোজক	সরলরেখা	2
সংরক্ষণ	করতে	2
সংরক্ষণ	করে	2
সংরক্ষণ	করত	1
সংরক্ষণ	করলাম	1
সংরক্ষণ	করা	1
সংরক্ষণ	করার	1
সংরক্ষণটি	বাতিল	2
সংরক্ষিত	আছে	1
সংলগ্ন	কোণ	1
সংলগ্ন	তাল	1
সংলগ্ন	সেই	1
সংশয়	ও	1
সংশয়	নেই	1
সংশোধন	করবে	1
সংশোধন	করবেন	1
সংশোধন	প্রতিযোগিতার	1
সংশোধনী	প্রস্তাব	1
সংশ্লিষ্ট	কোন	1
সংশ্লিষ্ট	পুলিশ	1
সংশ্লিষ্ট	প্রকল্প	1
সংশ্লিষ্ট	ব্যক্তিরা	1
সংসদ	নির্বাচনে	2
সংসদ	নির্বাচনের	2
সংসদ	ও	1
সংসদ	দ্বারা	1
সংসদ	নির্বাচন	1
সংসদ	সদস্য	1
সংসদের	ঘনিষ্ঠ	1
সংসার	অচল	1
সংসার	চলতো	1
সংসার	চলবে	1
সংসার	ত্যাগ	1
সংস্করণ	উন্মুক্ত	1
সংস্করণ	থাকবে	1
সংস্কার	কমিশন	2
সংস্কার	আইন	1
সংস্কার	আনার	1
সংস্কার	আন্দোলন	1
সংস্কার	প্রক্রিয়ার	1
সংস্কারের	জন্য	1
সংস্কারের	লক্ষ্যে	1
সংস্কৃতি	অত্যন্ত	1
সংস্কৃতি	বিষয়ে	1
সংস্কৃতি	হতে	1
সংস্কৃতির	একটি	2
সংস্কৃতির	ইতিহাস	1
সংস্কৃতির	উদার	1
সংস্থা	ও	2
সংস্থা	গঠনের	2
সংস্থা	জানিয়েছে	1
সংস্থা	নিয়ন্ত্রণ	1
সংস্থা	হয়	1
সংস্থায়	পরীক্ষা	1
সংস্থার	আটটি	1
সংস্থার	কাজের	1
সংস্থার	শীর্ষ	1
সংহতি	প্রকাশ	2
সই	করুন	2
সই	করছিলেন	1
সই	করতে	1
সই	করলাম	1
সই	করেনি	1
সই	খুব	1
সইছে	না	2
সকল	ক্ষেত্রে	2
সকল	নেয়ামতের	2
সকল	চিকিৎসা	1
সকল	তথ্য	1
সকলকে	একদিন	1
সকলকে	প্রশিক্ষণ	1
সকলকে	বেঁচে	1
সকলে	মোরা	1
সকলে	সব	1
সকলেই	আদর	1
সকলেই	এখন	1
সকলেই	ডাক্তার	1
সকলেই	যাওয়ার	1
সকলের	জন্য	2
সকলের	অবগতির	1
সকলের	তরে	1
সকলের	দায়িত্ব	1
সকলের	দ্বারা	1
সকলেরই	একে	2
সকলেরই	আছে	1
সকলেরই	ফিলিস্তিনে	1
সকাল	থেকে	5
সকাল	থেকেই	4
সকাল	ছয়টা	2
সকাল	টায়	2
সকাল	সকাল	2
সকালে	আমি	4
সকালে	আর	1
সকালে	খোলে	1
সকালে	ঘটেছে	1
সকালে	ঘরটা	1
সকালে	দোকানে	1
সকালের	নাস্তা	4
সকালের	আগে	1
সকালের	খাওয়াটা	1
সকালের	রোদে	1
সক্রিয়	এবং	1
সক্রিয়	করা	1
সক্রিয়	রাখতে	1
সক্রিয়	হওয়া	1
সক্রিয়	হতে	1
সক্ষম	হন	2
সক্ষম	এ	1
সক্ষম	হচ্ছে	1
সক্ষম	হবেন	1
সক্ষম	হয়নি	1
সক্ষম	হয়েছে	1
সঙ্গ	ত্যাগ	2
সঙ্গ	দিতে	1
সঙ্গ	যে	1
সঙ্গম	করা	3
সঙ্গম	করলে	2
সঙ্গম	করেছে	1
সঙ্গম	হারাম	1
সঙ্গমের	উদ্দেশ্যে	1
সঙ্গমের	কথা	1
সঙ্গমের	নির্দিষ্ট	1
সঙ্গমের	মাধ্যমে	1
সঙ্গী	দ্বারা	1
সঙ্গী	নিয়ে	1
সঙ্গী	বাংলাদেশ	1
সঙ্গী	সাথী	1
সঙ্গীত	পছন্দ	2
সঙ্গীত	ভাল	1
সঙ্গীত	ভালবাসে	1
সঙ্গীত	ভালোবাসি	1
সঙ্গীত	ভালোবাসে	1
সঙ্গীত	ভালোবাসেন	1
সঙ্গীর	অভাব	1
সঙ্গীর	সঙ্গে	1
সঙ্গীরা	ভাগের	1
সঙ্গে	কথা	4
সঙ্গে	বাংলাদেশের	4
সঙ্গে	হাসপাতালে	4
সঙ্গে	সাক্ষাৎ	3
সঙ্গে	তর্ক	2
সঙ্গে	যাবো	2
সঙ্গেই	অ্যাপল	1
সঙ্গেই	কুকর্ম	1
সচরাচর	দেখা	1
সচিব	কে	1
সচেতন	হওয়া	3
সচেতন	করা	2
সচেতন	করে	1
সচেতন	নন	1
সচেতন	মানুষ	1
সচেতন	হওয়ার	1
সচেতনতা	বৃদ্ধি	2
সচেষ্ট	তারা	1
সচেষ্ট	হতে	1
সজাগ	হতে	1
সজীব	বাতাস	1
সঞ্চয়পত্র	না	2
সঞ্চার	করাকে	1
সঞ্চার	করে	1
সঞ্চালিত	হয়	2
সঠিক	পথে	3
সঠিক	উত্তর	2
সঠিক	সেগুলিকে	2
সঠিক	জিনিসটা	1
সঠিক	নিয়মগুলো	1
সঠিক	সবসময়	1
সঠিকভাবে	জানা	1
সঠিকভাবে	জানিনা	1
সঠিকভাবে	ময়নাতদন্ত	1
সঠিকভাবে	সবকিছু	1
সড়ক	দুর্ঘটনায়	4
সড়কে	তীব্র	2
সড়কের	ওপর	1
সড়কের	পাশে	1
সততা	আদর্শ	1
সততা	দেখে	1
সততা	মহৎ	1
সতর্ক	অবস্থানে	1
সতর্ক	ও	1
সতর্ক	করেছিলাম	1
সতর্ক	করেছেন	1
সতর্ক	হওয়া	1
সতর্ক	হয়ে	1
সতর্কতা	অবলম্বন	3
সতর্কতা	জারি	1
সতর্কতার	সাথে	1
সতর্কবার্তা	পাঠিয়েছে	1
সতী	তোমার	1
সতীদাহ	প্রথা	8
সতীদাহ	প্রথার	3
সতেজ	করে	1
সতেজ	করেন	1
সতেজ	মনে	1
সতেরো	আঠারো	1
সতেরো	শতকে	1
সত্তর	আশি	1
সত্তর	কিলোগ্রাম	1
সত্তর	বছর	1
সত্তা	আছে	1
সত্তা	আছেন	1
সত্ত্বেও	ইনশাআল্লাহ	1
সত্ত্বেও	টেলিভিশন	1
সত্ত্বেও	সেনাপতি	1
সত্য	কথা	7
সত্য	নয়	4
সত্য	একদিন	1
সত্য	কথাই	1
সত্য	নাও	1
সত্য	যে	1
সত্যকে	এড়িয়ে	1
সত্যটা	খুঁজে	1
সত্যতা	পায়	1
সত্যি	নয়	7
সত্যি	বলতে	2
সত্যি	হতে	1
সত্যিই	আগে	2
সত্যিই	আপনার	2
সত্যিই	আমার	2
সত্যিই	কী	2
সত্যিই	কোনো	1
সত্যিই	যেতে	1
সত্যিকার	অর্থে	1
সত্যিকারের	একজন	1
সত্যিকারের	দেশপ্রেমিক	1
সত্যিকারের	বন্ধু	1
সত্যিটা	বলো	2
সত্যিটা	জানতাম	1
সত্যিটা	জানলে	1
সত্যিটা	বলার	1
সত্যিটা	বলুন	1
সত্যিটা	স্বীকার	1
সত্যের	বিজয়	1
সদর	উপজেলার	2
সদর	থানার	2
সদর	দপ্তরে	2
সদর	থানায়	1
সদরদপ্তরে	সংঘটিত	1
সদস্য	পদ	3
সদস্য	এখন	1
সদস্য	চার	1
সদস্য	বাংলাদেশ	1
সদস্য	হতে	1
সদস্যদের	কয়েকজনের	1
সদস্যদের	কাছে	1
সদস্যদের	সাথে	1
সদস্যরা	অসাধারণ	1
সদস্যরা	একটি	1
সদস্যরা	এখন	1
সদস্যরা	চোরাই	1
সদস্যরা	বাড়িটি	1
সদস্যের	একটি	1
সদস্যের	জন্য	1
সদা	সত্য	1
সদাই	আমার	1
সদ্ব্যবহার	করা	1
সদ্য	প্রস্তুত	1
সন	নিঃসন্দেহে	1
সনদ	এবং	1
সনদ	জমা	1
সনদ	প্রদান	1
সনি	বিশ্বজুড়ে	1
সনে	ঘটে	1
সন্তান	ধারণের	2
সন্তান	উৎপাদন	1
সন্তান	নিয়ে	1
সন্তান	বেশি	1
সন্তান	মূল্যবান	1
সন্তানদের	সাথে	2
সন্তানদের	বয়স	1
সন্তানদের	ভালবাসেন	1
সন্তানদের	ভালোবাসি	1
সন্তানের	কুশল	1
সন্তানের	কোনো	1
সন্তানের	লালন	1
সন্তানের	লিঙ্গ	1
সন্তুষ্ট	ছিলো	1
সন্তুষ্ট	নন	1
সন্তুষ্ট	বলে	1
সন্তুষ্ট	হয়ে	1
সন্তুষ্ট	হয়েছেন	1
সন্তোষ	প্রকাশ	1
সন্তোষজনক	না	1
সন্ত্রাসী	বাহিনী	1
সন্দেহ	নেই	5
সন্দেহ	আছে	1
সন্দেহ	করা	1
সন্দেহ	করেনি	1
সন্দেহভাজন	ব্যক্তি	1
সন্ধান	দেয়	1
সন্ধান	না	1
সন্ধান	পাওয়া	1
সন্ধান	পান	1
সন্ধান	পেতেই	1
সন্ধায়	চা	1
সন্ধায়	বৃষ্টি	1
সন্ধি	আমি	1
সন্ধি	কুরাইশদের	1
সন্ধি	চাই	1
সন্ধি	চুক্তিতে	1
সন্ধির	ফলে	1
সন্ধির	মাধ্যমে	1
সন্ধ্যা	হয়	2
সন্ধ্যা	অবধি	1
সন্ধ্যা	জনাব	1
সন্ধ্যা	প্রায়	1
সন্ধ্যায়	আমি	1
সন্ধ্যায়	কলেজের	1
সন্ধ্যায়	কোথাও	1
সন্ধ্যায়	পশ্চিম	1
সন্ধ্যায়	পশ্চিমে	1
সন্ধ্যায়	রাজধানীর	1
সন্ধ্যার	অন্ধকার	1
সন্ধ্যার	আগে	1
সন্ধ্যার	আগেই	1
সন্ধ্যার	সময়	1
সন্ধ্যেবেলা	বই	4
সন্ন্যাসীদের	সাহায্য	1
সপ্তম	রাষ্ট্রপতি	1
সপ্তম	শতাব্দীতে	1
সপ্তাহ	ধরে	2
সপ্তাহ	আগে	1
সপ্তাহ	কাটিয়েছি	1
সপ্তাহ	কেমন	1
সপ্তাহে	কোনো	2
সপ্তাহে	আমার	1
সপ্তাহে	এটা	1
সপ্তাহে	খুলবে	1
সপ্তাহে	গাছ	1
সপ্তাহে	তিনি	1
সপ্তাহের	শেষের	3
সপ্তাহের	তৃতীয়	2
সপ্তাহের	জন্য	1
সপ্তাহের	দ্বিতীয়	1
সপ্তাহের	প্রথম	1
সপ্তাহের	মধ্যে	1
সপ্না	দিদি	3
সপ্না	দিদির	3
সফর	করেন	1
সফর	বাতিল	1
সফর	ব্যতীত	1
সফর	শুরু	1
সফরে	যাচ্ছি	1
সফরে	যাবেন	1
সফল	হবে	2
সফল	হয়নি	2
সফল	হয়	1
সফল	হয়েছিলো	1
সফল	হয়েছে	1
সফলতা	অর্জন	1
সফলতা	অর্জনে	1
সফলতা	এমনটাই	1
সফলতা	দান	1
সফলতার	ইতিহাসও	2
সফলতার	পিছনে	1
সফলতার	মূল	1
সফলভাবে	করতে	1
সফলভাবে	সম্পন্ন	1
সফিপুর	জেনারেল	2
সব	সময়	8
সব	কিছুই	5
সব	থেকে	5
সব	কাজ	4
সব	কিছু	4
সব	জায়গায়	4
সবই	কোষ	1
সবই	বুঝতে	1
সবই	বৈধ	1
সবই	মঙ্গলের	1
সবকিছু	ঠিক	2
সবকিছু	নিয়ে	2
সবকিছু	মিলিয়ে	2
সবকিছু	চিন্তা	1
সবকিছু	তৈরি	1
সবকিছু	পরিপূর্ণ	1
সবকিছুই	আবহাওয়ার	1
সবকিছুই	এখানে	1
সবকিছুই	খাই	1
সবকিছুই	খাও	1
সবকিছুই	খান	1
সবকিছুর	একটা	1
সবকিছুর	পরেও	1
সবকিছুর	পিছেই	1
সবকিছুর	সমন্বয়	1
সবগুলি	বাহু	1
সবচাইতে	উপযুক্ত	1
সবচাইতে	তীব্র	1
সবচেয়ে	বড়	11
সবচেয়ে	বেশি	8
সবচেয়ে	গুরুত্বপূর্ণ	6
সবচেয়ে	কম	2
সবচেয়ে	প্রিয়	2
সবচেয়ে	ভালো	2
সবজি	ও	1
সবজি	খান	1
সবজি	খেলে	1
সবজি	দিয়েই	1
সবজি	বা	1
সবজির	দাম	1
সবজির	বাজার	1
সবজির	মধ্যে	1
সবটুকু	মাল	1
সবথেকে	কাছের	1
সবথেকে	গভীর	1
সবথেকে	ছোট	1
সবসময়	অভিযোগ	4
সবসময়	অত	1
সবসময়	কথা	1
সবসময়	গান	1
সবসময়	রেগে	1
সবসময়	স্বাস্থ্যকর	1
সবসময়ই	রোমাঞ্চকর	1
সবসময়েই	রহস্যময়	1
সবাই	চিৎকার	8
সবাই	খুশি	4
সবাই	তৈরী	4
সবাই	সুখী	4
সবাই	কথা	3
সবাই	বলে	3
সবাইকে	জাগিয়ে	1
সবাইকে	ভালোবাসেন	1
সবাইকে	সুপ্রভাত	1
সবাইকে	হুল	1
সবার	জন্য	4
সবার	আগ্রহের	2
সবার	আছে	2
সবার	সাথে	2
সবার	সামনে	2
সবার	ক্ষেত্রেই	1
সবারই	আরও	1
সবারই	ভালো	1
সবারই	রাসায়নিক	1
সবারই	হৃদস্পন্দন	1
সবুজ	জামাটা	1
সবুজ	প্রকৃতি	1
সবুজ	বোর্ড	1
সবুজ	রঙের	1
সবে	এলো	1
সবে	খেলাম	1
সবে	বাড়ি	1
সবে	রাতের	1
সবে	সাড়ে	1
সবে	স্টেশনে	1
সবেমাত্র	বিদেশ	1
সভাকক্ষে	এই	1
সভাপতি	অধ্যাপক	1
সভাপতি	আনোয়ার	1
সভাপতি	নির্বাচিত	1
সভাপতিত্ব	করেন	2
সভায়	অনুপস্থিত	1
সভায়	উপস্থিত	1
সভায়	যাচ্ছি	1
সভায়	হাজির	1
সভার	প্রধান	1
সভ্য	এখানে	1
সভ্যতা	অনেক	1
সভ্যতা	ছিল	1
সভ্যতা	প্রাচীন	1
সভ্যতা	ভালোবাসেন	1
সভ্যতাগুলোর	অন্যতম	2
সভ্যতার	ক্রমবিকাশের	2
সভ্যতার	অন্যতম	1
সভ্যতার	অর্থনীতি	1
সভ্যতার	পরিচয়	1
সভ্যতার	বিকাশ	1
সমকামিতা	সম্পর্কে	2
সমকামী	পুরুষ	2
সমকামী	বিয়েকে	2
সমকামী	যৌন	2
সমকামী	এটা	1
সমকামী	নই	1
সমকামী	হতাম	1
সমকামীতা	বিষয়ে	2
সমকামীদের	নিকটে	1
সমকামীদের	মতো	1
সমকামীদের	যাবজ্জীবন	1
সমকোণ	অপেক্ষা	5
সমকোণ	তাকে	2
সমকোণ	বলে	2
সমগ্র	বিশ্ব	1
সমদ্বিখণ্ডিত	করে	2
সমন্বয়	করছে	1
সমন্বয়	করে	1
সমন্বয়	কীভাবে	1
সমন্বয়	সাধন	1
সমন্বয়	হলো	1
সমন্বয়ে	গঠিত	2
সমন্বয়ে	টাইপ	1
সমন্বিত	বার্ষিক	1
সমবেতভাবে	ভাসমান	1
সময়	ছাড়ে	9
সময়	আছে	7
সময়	লাগবে	5
সময়	শেষ	5
সময়	ছিল	4
সময়	নেই	4
সময়ই	একটি	1
সময়কে	কাজে	1
সময়গুলো	দ্রুত	1
সময়টা	বলতে	1
সময়টাই	সবচেয়ে	1
সময়মতো	চলছে	1
সময়মতো	পৌঁছানোর	1
সময়মতো	সেখানে	1
সময়সীমা	নির্ধারণ	1
সময়ে	ফিরে	5
সময়ে	অনেক	2
সময়ে	বাংলাদেশ	2
সময়ে	আসিস	1
সময়ে	আসেন	1
সময়ে	আসো	1
সময়েই	আপনার	1
সময়েই	এবং	1
সময়েও	আমাদের	1
সময়েও	দেখা	1
সময়ের	বিবর্তনে	4
সময়ের	আগে	3
সময়ের	জন্য	3
সময়ের	মধ্যে	2
সময়ের	কথা	1
সময়ের	সঙ্গে	1
সমর্থক	আহত	1
সমর্থক	ছিল	1
সমর্থন	করে	7
সমর্থন	ঘোষণা	1
সমর্থন	চান	1
সমর্থন	দিয়ে	1
সমর্থন	দেয়নি	1
সমর্থন	যোগায়	1
সমর্থনে	বক্তব্য	1
সমর্থিত	একটি	1
সমর্থিত	হতে	1
সমস্ত	মানুষ	3
সমস্ত	ছাত্রছাত্রীদের	1
সমস্ত	প্রতিযোগিতা	1
সমস্ত	যুবক	1
সমস্ত	স্টেশনে	1
সমস্যা	আছে	3
সমস্যা	নেই	3
সমস্যা	সমাধানে	3
সমস্যা	সমাধানের	3
সমস্যা	হতে	2
সমস্যা	হয়	2
সমস্যাগুলো	সমাধান	2
সমস্যাগুলো	ছিল	1
সমস্যাগুলো	জটিল	1
সমস্যাগুলো	পরিবর্তিত	1
সমস্যাটা	কী	1
সমস্যাটা	কোথায়	1
সমস্যাটার	ব্যাপারে	1
সমস্যায়	জর্জরিত	1
সমস্যায়	পড়বে	1
সমস্যায়	ভুগছেন	1
সমস্যায়	ভুগতে	1
সমস্যায়	সময়	1
সমস্যার	সমাধানের	3
সমস্যার	সৃষ্টি	3
সমস্যার	উদ্ভব	2
সমস্যার	সমাধান	2
সমস্যার	সাথে	2
সমস্যার	সম্ভাব্য	1
সমাজ	ও	3
সমাজ	গঠন	1
সমাজ	নির্মাণ	1
সমাজ	বদলে	1
সমাজ	সম্বন্ধে	1
সমাজকর্ম	শিক্ষার	3
সমাজকর্ম	ও	2
সমাজকর্ম	বিষয়ে	2
সমাজকর্মের	উদ্ভব	2
সমাজকর্মের	প্রয়োগ	2
সমাজবদ্ধভাবে	বসবাস	2
সমাজে	পরিবর্তন	2
সমাজে	বাস	2
সমাজে	কন্যার	1
সমাজে	বিশৃঙ্খলা	1
সমাজে	যেমন	1
সমাজের	অধিকাংশ	2
সমাজের	উন্নতি	2
সমাজের	নীতি	1
সমাজের	প্রচলিত	1
সমাদর	নেই	1
সমাধান	করতে	3
সমাধান	করে	3
সমাধান	করা	1
সমাধান	খুঁজে	1
সমাধান	খোঁজার	1
সমাধান	নয়	1
সমাধানে	বা	1
সমাধানে	ভূমিকা	1
সমাধানে	মানুষকে	1
সমাধানে	সামাজিক	1
সমাধানের	জন্য	2
সমাধানের	উদ্দেশ্যেই	1
সমাধানের	উপর	1
সমাধানের	দিকে	1
সমাধানের	মধ্য	1
সমান	অধিকার	2
সমান	অপরাধী	2
সমান	মর্যাদা	2
সমান	হলে	2
সমান	অপরাধে	1
সমান	ও	1
সমানভাবে	অবদান	1
সমান্তরাল	এবং	1
সমান্তরাল	সরল	1
সমাপ্ত	অর্থ	1
সমাপ্ত	হয়েছিল	1
সমাপ্ত	হয়েছে	1
সমাবেশ	করেন	1
সমালোচনা	করে	2
সমালোচনা	কোথায়	1
সমালোচনা	কোন	1
সমাহিত	করা	2
সমাহিত	করেন	1
সমাহিত	হওয়ার	1
সমীকরণ	প্রতিষ্ঠার	1
সমীকরণ	লেখো	1
সমুদ্র	সৈকতে	4
সমুদ্র	চলাচল	1
সমুদ্র	যোগাযোগ	1
সমুদ্র	সৈকত	1
সমুদ্রপথে	বাংলাদেশের	1
সমুদ্রে	ডুবে	1
সমুদ্রের	উপকূলে	1
সমুদ্রের	দিকে	1
সমুদ্রের	ধারে	1
সমুদ্রের	পানিতে	1
সমৃদ্ধ	করার	1
সমৃদ্ধ	খাবার	1
সমৃদ্ধ	দেশ	1
সমৃদ্ধ	বাংলাদেশ	1
সমৃদ্ধ	শিল্প	1
সমৃদ্ধ	হতে	1
সমৃদ্ধির	একটি	1
সমৃদ্ধির	বৈশ্বিক	1
সম্পত্তি	আগলে	1
সম্পত্তি	পাবো	1
সম্পত্তি	মনে	1
সম্পত্তির	ব্যাপক	1
সম্পত্তির	মালিক	1
সম্পদ	ও	2
সম্পদ	চাই	1
সম্পদ	নিজস্ব	1
সম্পদ	বিক্রি	1
সম্পদ	ব্যবস্থাপনা	1
সম্পদে	সমৃদ্ধ	3
সম্পদের	খোঁজ	1
সম্পদের	দিকে	1
সম্পদের	রক্ষক	1
সম্পদের	সঠিক	1
সম্পন্ন	হবে	2
সম্পন্ন	হয়	2
সম্পন্ন	হয়েছে	2
সম্পন্ন	করতে	1
সম্পন্ন	করা	1
সম্পন্ন	করে	1
সম্পর্ক	নেই	6
সম্পর্ক	ছিল	2
সম্পর্ক	রয়েছে	2
সম্পর্ক	করতে	1
সম্পর্ক	করেন	1
সম্পর্ক	নিয়ে	1
সম্পর্কিত	আইন	1
সম্পর্কিত	আলোচনা	1
সম্পর্কিত	কোনো	1
সম্পর্কিত	বিজ্ঞান	1
সম্পর্কিত	বিশেষ	1
সম্পর্কিত	মানব	1
সম্পর্কে	সচেতন	4
সম্পর্কে	অধ্যয়ন	3
সম্পর্কে	কথা	3
সম্পর্কে	কতটা	2
সম্পর্কে	জানতে	2
সম্পর্কে	তেমন	2
সম্পর্কের	অবনতি	1
সম্পর্কের	উন্নতি	1
সম্পর্কের	গুরুত্ব	1
সম্পাদক	সেলিম	1
সম্পাদন	করার	1
সম্পাদনা	করতে	1
সম্পাদনা	করেছেন	1
সম্পাদনা	সফলভাবে	1
সম্পুর্ণ	আলাদা	1
সম্পুর্ণ	একমত	1
সম্পুর্ণ	বাক্য	1
সম্পুর্ণ	রাজি	1
সম্পূর্ণ	অপ্রত্যাশিত	3
সম্পূর্ণ	করা	1
সম্পূর্ণ	সংবিধান	1
সম্পূর্ণ	সহমত	1
সম্পূর্ণ	স্বয়ংক্রিয়	1
সম্পৃক্ত	করতে	2
সম্পৃক্ত	হয়	1
সম্প্রচার	করা	1
সম্প্রচার	মানুষকে	1
সম্প্রতি	দুই	2
সম্প্রতি	বাংলাদেশে	2
সম্প্রতি	এসব	1
সম্প্রতি	দলটি	1
সম্প্রদায়	আগ্রহী	1
সম্প্রদায়	একটি	1
সম্প্রদায়	নেই	1
সম্প্রদায়কে	সচেতন	1
সম্প্রদায়ের	একজন	1
সম্প্রদায়ের	কাছে	1
সম্প্রদায়ের	নিকট	1
সম্প্রদায়ের	সৃষ্টি	1
সম্প্রসারণ	করেছেন	1
সম্প্রসারণ	নয়	1
সম্প্রসারণ	বিভাগ	1
সম্বন্ধ	এখন	1
সম্বন্ধ	পুরুষ	1
সম্বন্ধে	কিছুই	1
সম্বন্ধে	যতদূর	1
সম্বল	করে	1
সম্ভব	নয়	12
সম্ভব	এটা	2
সম্ভব	হয়	2
সম্ভব	হলে	2
সম্ভব	হবে	1
সম্ভব	হয়নি	1
সম্ভবত	আমি	1
সম্ভবত	এখন	1
সম্ভবত	তিনিই	1
সম্ভবত	ভাইরাস	1
সম্ভবত	শেষ	1
সম্ভবত	হয়নি	1
সম্ভবনা	অনেক	1
সম্ভবনা	আছে	1
সম্ভবনা	কম	1
সম্ভবনা	বেশি	1
সম্ভাবনা	তৈরি	3
সম্ভাবনা	রয়েছে	3
সম্ভাবনা	নেই	2
সম্ভাবনা	আছে	1
সম্ভাবনা	বেশি	1
সম্ভাবনা	সবচেয়ে	1
সম্ভাবনাময়	বাজার	2
সম্ভাবনাময়	কোনটা	1
সম্ভাবনাময়	খাত	1
সম্ভাবনাময়	দেশ	1
সম্ভাবনাময়	পোশাক	1
সম্ভাবনাময়	বলে	1
সম্ভাবনার	কথা	1
সম্ভাবনার	দেশ	1
সম্ভাবনার	ভারসাম্য	1
সম্ভাব্য	সমাধান	2
সম্ভাব্য	প্রতিশোধ	1
সম্ভাব্য	সাফল্যের	1
সম্মত	নন	1
সম্মত	হবে	1
সম্মত	হয়েছিলাম	1
সম্মত	হলে	1
সম্মতি	প্রদানের	1
সম্মান	করতে	2
সম্মান	দেখানো	2
সম্মান	আছে	1
সম্মান	করে	1
সম্মান	রেখে	1
সম্মানজনক	এবং	1
সম্মানিত	করবেন	1
সম্মানিত	নাগরিকদের	1
সম্মানীয়	অধ্যাপক	1
সম্মুখীন	হতে	1
সম্মুখীন	হয়েছিল	1
সম্মেলন	করবে	1
সম্মেলন	করেন	1
সম্মেলন	শেষে	1
সম্মেলনে	অধিনায়ক	1
সম্মেলনে	জেলা	1
সম্মেলনে	যাচ্ছি	1
সম্মেলনে	যোগ	1
সম্মোহিত	হয়ে	1
সম্রাট	আকবর	3
সম্রাট	অশোক	1
সম্রাট	সাম্রাজ্য	1
সযত্নে	রাখা	1
সরকার	ও	4
সরকার	নির্বাচন	4
সরকার	আয়কর	1
সরকার	এখন	1
সরকার	নির্মিত	1
সরকার	শপিং	1
সরকারকে	দায়ী	1
সরকারকে	বুঝিয়ে	1
সরকারকে	বোঝাতে	1
সরকারি	প্রাথমিক	4
সরকারি	ও	3
সরকারি	কলেজের	2
সরকারি	চাকরি	2
সরকারি	ট্রেজারি	2
সরকারি	অফিস	1
সরকারী	ভাষা	1
সরকারী	মুদ্রা	1
সরকারের	অধীনে	2
সরকারের	অর্থ	2
সরকারের	পতন	2
সরকারের	বিরুদ্ধে	2
সরকারের	উচিত	1
সরকারের	এই	1
সরঞ্জাম	তৈরি	2
সরঞ্জাম	ব্যবহার	2
সরঞ্জাম	ও	1
সরঞ্জাম	কেনা	1
সরঞ্জাম	বুঝতে	1
সরতে	গিয়ে	1
সরবরাহ	করা	2
সরবরাহ	করে	2
সরবরাহ	কাটা	2
সরবরাহ	কমে	1
সরবরাহ	পাওয়া	1
সরবরাহ	রয়েছে	1
সরবরাহের	অনুরোধ	1
সরবরাহের	পাশাপাশি	1
সরবরাহের	বিষয়টি	1
সরল	দোলন	3
সরল	রেখা	2
সরল	পথ	1
সরল	মনে	1
সরল	রেখার	1
সরলরেখা	বরাবর	2
সরা	জ্ঞান	1
সরাতে	গেলে	1
সরাসরি	হামলা	2
সরাসরি	নদীর	1
সরাসরি	বাংলাদেশে	1
সরাসরি	যাওয়ার	1
সরাসরি	সমুদ্র	1
সরি	আমি	1
সরিয়ে	আবার	1
সরিয়ে	দিব	1
সরিয়ে	দিয়ে	1
সরিয়ে	দিয়েছে	1
সরিয়ে	দিল	1
সরে	যান	2
সরে	গিয়ে	1
সরে	গেল	1
সরে	পড়েছ	1
সরে	পরলাম	1
সরে	যাও	1
সরেন	না	1
সরো	না	1
সর্দি	হবে	1
সর্দি	হলে	1
সর্ব	ক্ষেত্রে	1
সর্ব	প্রথম	1
সর্বত্র	ত্রাসের	1
সর্বদা	আল্লাহর	1
সর্বদা	তার	1
সর্বদা	সত্য	1
সর্বদাই	সমাজের	1
সর্বনাশ	করতে	1
সর্বনাশ	করে	1
সর্বনাশ	হোক	1
সর্বনিম্ন	ধাপ	1
সর্বনিম্ন	স্পিড	1
সর্বশেষ	অংশ	1
সর্বশেষ	আসামি	1
সর্বশেষ	নারী	1
সর্বশেষ	বলা	1
সর্বাত্মক	অভিযান	1
সর্বাত্মক	সহযোগিতার	1
সর্বাধিক	গুরুত্ব	1
সর্বাধিক	জ্ঞান	1
সর্বাধিক	ব্যবহার	1
সর্বাধিক	সুখ	1
সর্বোচ্চ	নেতা	2
সর্বোচ্চ	গুরুত্ব	1
সর্বোচ্চ	জপমালা	1
সর্বোচ্চ	পথ	1
সর্বোচ্চ	সেবা	1
সর্বোত্তম	মাধ্যম	1
সর্বোৎকৃষ্ট	পন্থা	1
সর্বোৎকৃষ্ট	সময়	1
সশস্ত্র	বাহিনীর	3
সশস্ত্র	এবং	1
সশস্ত্র	বিদ্রোহ	1
সশস্ত্র	বিদ্রোহীদের	1
সশস্ত্র	সংগ্রামে	1
সস্তা	মনে	2
সস্তা	একটা	1
সস্তা	কোন	1
সস্তা	ছিল	1
সস্তা	হোটেল	1
সহ	অন্য	1
সহ	নীচ	1
সহকারী	কর্মকর্তা	1
সহকারী	পরিচালক	1
সহকারী	প্রকৌশলী	1
সহকারে	অভিযোগের	1
সহচর	ছিলেন	1
সহজ	নয়	5
সহজ	করার	2
সহজ	করে	2
সহজ	হবে	2
সহজ	বলে	1
সহজ	হয়	1
সহজাত	জৈবিক	1
সহজাত	ধর্ম	1
সহজাত	প্রবৃত্তি	1
সহজে	ভোলা	2
সহজে	তা	1
সহজে	ভুলবে	1
সহজে	মনে	1
সহজে	মানুষের	1
সহজে	মিটে	1
সহজেই	ওনার	2
সহজেই	ওর	2
সহজেই	উপেক্ষা	1
সহজেই	তাঁর	1
সহজেই	তার	1
সহজেই	প্রসারিত	1
সহবাস	করতে	5
সহবাস	করার	2
সহবাস	অনেক	1
সহবাস	করা	1
সহবাস	নিয়ে	1
সহবাস	বৈধ	1
সহযোগিতা	করছে	2
সহযোগিতা	দেবে	1
সহযোগিতা	নিতে	1
সহযোগিতা	প্রদান	1
সহযোগিতা	শুরু	1
সহযোগিতা	সংস্থার	1
সহযোগিতায়	ছিলেন	1
সহযোগিতার	উন্নয়নে	1
সহযোগিতার	বিষয়টি	1
সহযোগিতার	বিষয়ে	1
সহযোগিতার	ভিত্তিতে	1
সহযোগী	ছিল	2
সহযোগী	হিসেবে	1
সহায়ক	হবে	2
সহায়ক	ছিল	1
সহায়ক	ভিডিও	1
সহায়ক	ভূমিকা	1
সহায়ক	সুযোগ	1
সহায়তা	করে	2
সহায়তা	করেছে	2
সহায়তা	করবো	1
সহায়তা	করা	1
সহায়তা	করেন	1
সহায়তা	দেওয়ার	1
সহায়তার	আশ্বাস	1
সহায়তার	জন্য	1
সহায়তার	বিষয়	1
সহিংস	অপরাধ	1
সহিংস	ঘটনায়	1
সহিংস	পরিস্থিতি	1
সহিংসতা	আরও	1
সহিংসতা	একটি	1
সহিংসতা	ঘটেছে	1
সহিংসতার	কারণে	1
সহিংসতার	ডাক	1
সহিংসতার	দিকে	1
সহিংসতার	হুমকি	1
সহিত	সন্ধি	1
সহিষ্ণুতা	নীতি	1
সহ্য	করতে	8
সহ্য	করে	1
সহ্য	করেছি	1
সাঁজোয়া	যান	1
সাঁতরে	পার	2
সাঁতার	কাটতে	17
সাঁতার	কাটা	2
সাঁতার	দিয়ে	2
সাঁতার	দিতে	1
সাঁতার	পারি	1
সাংবাদিক	ছিলেন	1
সাংবাদিক	প্রাণ	1
সাংবাদিক	লেখক	1
সাংবাদিকদের	বলেন	2
সাংবাদিকদের	উদ্দেশে	1
সাংবাদিকদের	এ	1
সাংবাদিকদের	মধ্যে	1
সাংবাদিকদের	লেখা	1
সাংবাদিকরা	অনলাইনে	1
সাংবিধানিক	আদালতের	1
সাংসদ	জাহিদ	1
সাংসদ	প্রভাব	1
সাংস্কৃতিক	অনুষ্ঠান	3
সাংস্কৃতিক	অবস্থা	1
সাংস্কৃতিক	রাজনৈতিক	1
সাইকেল	যৌতুক	4
সাইকেল	আছে	2
সাইকেল	নেই	2
সাইকেল	চালাতে	1
সাইকেল	চুরি	1
সাইকেলটা	আমার	1
সাইকেলের	দাবীতে	2
সাইকেলের	মতন	1
সাইজ	ইঞ্চি	1
সাইজের	দুধগুলো	1
সাইটটি	তৈরি	2
সাইনবোর্ডটিতে	কী	2
সাইন্স	নিয়ে	1
সাইবার	আক্রমণে	1
সাইবার	গোয়েন্দা	1
সাইবার	হামলার	1
সাক্ষাতের	সুযোগ	1
সাক্ষাৎ	করে	3
সাক্ষাৎকার	নেওয়া	1
সাক্ষী	আলী	1
সাক্ষী	গোপাল	1
সাক্ষী	হিসেবে	1
সাক্ষীদের	জবানবন্দি	1
সাক্ষীদের	জবানবন্দী	1
সাক্ষীদের	মোকাবেলায়	1
সাক্ষীর	স্বাক্ষর	1
সাক্ষ্য	দিয়েছেন	3
সাক্ষ্য	দিয়েই	1
সাক্ষ্য	দিলেন	1
সাক্ষ্য	দেওয়ার	1
সাক্ষ্যে	বলেন	2
সাগরে	প্রচুর	1
সাগরে	ভাসিয়ে	1
সাগরে	সাঁতার	1
সাজ	পোশাকটা	1
সাজ	মানেই	1
সাজতে	গেলে	1
সাজাতে	পারেন	1
সাজাতে	হয়	1
সাজানো	গোছানো	1
সাজিয়ে	দিতে	1
সাজিয়ে	লিখুন	1
সাড়া	দিতে	1
সাড়া	দিয়ে	1
সাড়া	দেওয়া	1
সাড়া	দেয়	1
সাড়া	না	1
সাড়া	শব্দ	1
সাড়ে	দুইটা	2
সাড়ে	আটটার	1
সাড়ে	ছয়টা	1
সাড়ে	টায়	1
সাড়ে	সাতটা	1
সাড়ে	সাতটার	1
সাত	দিন	3
সাত	আট	1
সাত	ও	1
সাত	বছর	1
সাত	লাখ	1
সাত	হয়	1
সাতজন	হিন্দু	1
সাতটা	বা	1
সাতটা	বাজে	1
সাতটা	বেজে	1
সাতটা	সময়	1
সাতটা	সময়ে	1
সাতটার	দিকে	1
সাতটার	সময়	1
সাতটি	হিন্দি	1
সাতার	কাটতে	1
সাতোশি	নাকামোতো	2
সাথী	কেউ	1
সাথে	দেখা	25
সাথে	কথা	22
সাথে	সাথে	20
সাথে	আমার	9
সাথে	একমত	9
সাথে	যেতে	8
সাথেই	ঐ	1
সাথেই	কথা	1
সাদা	এবং	2
সাদা	স্রাব	2
সাদা	করা	1
সাদা	করার	1
সাদা	রঙের	1
সাদা	স্কার্ট	1
সাদাত	সাহেবের	2
সাদাসিধা	ছিলাম	1
সাদাসিধে	মানুষ	1
সাধ	থাকলেও	1
সাধ	হয়	1
সাধন	এবং	1
সাধন	নিয়ন্ত্রণ	1
সাধনা	উদ্যম	1
সাধনা	একাকি	1
সাধনা	নয়	1
সাধারণ	মানুষের	6
সাধারণ	সম্পাদক	5
সাধারণ	মানুষ	4
সাধারণ	মানুষকে	3
সাধারণ	অবস্থার	2
সাধারণ	বিষয়	2
সাধারণত	কটার	2
সাধারণত	কোন	2
সাধারণত	পাঞ্জাবি	2
সাধারণত	বাইরে	1
সাধারণত	ময়দা	1
সাধারণত	মানুষদের	1
সাধারণভাবে	বলতে	1
সাধারণভাবে	বলা	1
সাধারণের	আর্থিক	1
সাধারণের	ব্যবহারের	1
সাধারনত	কী	1
সাধারনত	ধনী	1
সাধারনত	বৃদ্ধ	1
সাধারনত	বেশি	1
সাধিত	হয়	3
সাধিত	হয়েছে	1
সাধু	উদ্দেশ্য	1
সাধু	এবং	1
সাধু	রীতি	1
সাধু	সন্ন্যাসী	1
সান্ত্বনা	খুঁজছেন	1
সান্ত্বনা	থাকবে	1
সাপ	আছে	1
সাপ	খেলায়	1
সাপ	বেরোবে	1
সাপ	মাটিতে	1
সাপকে	খুব	1
সাপটা	ওখানে	1
সাপেক্ষে	পদার্থের	1
সাপ্তাহিক	ছুটি	1
সাফল্য	লাভের	5
সাফল্য	অধিকাংশ	1
সাফল্য	আসবেই	1
সাফল্য	ও	1
সাফল্য	ব্যর্থতা	1
সাফল্য	লাভ	1
সাফল্যের	প্রাসাদ	1
সাফল্যের	প্রাসাদের	1
সাফল্যের	সঙ্গে	1
সাফল্যের	স্বপ্নকে	1
সাবধান	হতে	1
সাবধানে	গাড়ি	3
সাবধানে	রেখো	1
সাবমেরিন	নেই	1
সাবান	দিয়ে	1
সাবান	শাওয়ার	1
সাবিনা	আরও	1
সাবিনা	কথা	1
সাবিনা	খুব	1
সাবিনা	বিয়ের	1
সাবেক	প্রধানমন্ত্রী	2
সাবেক	প্রেসিডেন্ট	2
সাবেক	মন্ত্রী	1
সাবেক	সাংসদ	1
সাব্যস্ত	করেছে	1
সামগ্রিক	কর	2
সামগ্রী	উপহার	1
সামগ্রী	বাংলাদেশ	1
সামগ্রী	মসলা	1
সামগ্রী	যারা	1
সামঞ্জস্য	রেখে	2
সামনে	রেখে	2
সামনে	অপমানিত	1
সামনে	আসার	1
সামনে	এবং	1
সামনে	ঝুঁকে	1
সামনে	বসে	1
সামনেই	গাড়ি	1
সামনেই	মেয়েকে	1
সামনের	দিকে	1
সামনের	দিকের	1
সামনের	দিনগুলোর	1
সামনের	পথটা	1
সামনের	রাস্তাটা	1
সামনের	সারি	1
সাময়িক	বন্ধ	1
সাময়িক	বরখাস্ত	1
সাময়িক	বা	1
সাময়িক	ব্যর্থতায়	1
সাময়িক	সমস্যা	1
সামরিক	ও	2
সামরিক	জোট	2
সামরিক	বাহিনীর	2
সামরিক	শিল্প	2
সামরিক	গোয়েন্দা	1
সামরিক	সরঞ্জাম	1
সামর্থ্য	খুবই	1
সামলাতে	দাও	1
সামলাতে	দিন	1
সামলাতে	পারবে	1
সামলাতে	পারে	1
সামলাতে	পেরে	1
সামলে	কথা	3
সামলে	নিতে	1
সামলে	নিল	1
সামাজিক	বিজ্ঞানের	7
সামাজিক	যোগাযোগ	7
সামাজিক	ও	5
সামাজিক	জীব	5
সামাজিক	উন্নয়নের	3
সামাজিক	সমস্যা	3
সামাজিকতা	রক্ষা	1
সামান্য	একটু	2
সামান্য	কটা	1
সামান্য	ঘটনা	1
সামান্য	দুর্ঘটনা	1
সামান্য	নিষ্ক্রিয়	1
সামি	লায়লাকে	8
সামি	তার	5
সামি	সমকামী	5
সামি	একটি	3
সামি	এই	2
সামি	লায়লার	2
সামিট	লাইফ	1
সামিরা	এখন	1
সামিরা	নামের	1
সামিরা	ম্যাডাম	1
সামী	সমকামী	1
সাম্প্রতিক	কাজ	1
সাম্প্রতিক	কালে	1
সাম্প্রতিক	ছবি	1
সাম্প্রতিক	বন্যা	1
সাম্প্রতিক	বিভিন্ন	1
সাম্প্রদায়িক	সম্প্রীতি	2
সাম্যাবস্থায়	থাকবে	2
সাম্যাবস্থায়	থাকে	2
সাম্রাজ্য	এক	1
সাম্রাজ্য	ও	1
সাম্রাজ্য	সম্প্রসারণ	1
সাম্রাজ্যের	উত্থান	1
সাম্রাজ্যের	সম্প্রসারণ	1
সার	ব্যবহার	1
সার	সরবরাহ	1
সার	হিসেবে	1
সারভিসে	ফোন	2
সারা	দেশে	5
সারা	সকাল	3
সারা	দিন	2
সারা	দেশের	2
সারা	বছর	2
সারা	রাত	2
সারাক্ষণ	ঘুম	1
সারাজীবন	মিলন	1
সারাটা	জীবন	1
সারাটা	বিকেল	1
সারাদিন	ওইখানেই	2
সারাদিন	ধরে	2
সারাদিন	এভাবে	1
সারাদিন	ফোন	1
সারাদিন	বিড়ি	1
সারাদিন	শেষে	1
সারারাত	বৃষ্টি	1
সারারাত	ভর	1
সারি	আলু	1
সারি	থেকে	1
সারি	হাড়	1
সারিতে	বসেছে	1
সার্কাস	কোম্পানি	1
সার্চ	ইঞ্জিন	1
সার্জন	হওয়ার	1
সার্টিফিকেট	ও	1
সার্থক	উপন্যাস	1
সার্থক	ও	1
সার্বভৌম	জাতি	1
সার্ভার	অক্টোবর	1
সার্ভার	অচল	1
সার্ভার	ডাউন	1
সার্ভিস	ও	1
সার্ভিসের	সদর	1
সাল	থেকে	3
সাল	পর্যন্ত	2
সালমা	খাতুনের	2
সালাত	আদায়	4
সালাম	করলে	1
সালাম	দিয়েছিলাম	1
সালাম	পাঠ	1
সালে	জন্মগ্রহণ	3
সালে	বঙ্গভঙ্গ	2
সালে	বাংলাদেশের	2
সালে	স্বাধীন	2
সালে	শেষ	1
সালের	আগস্ট	2
সালের	জানুয়ারি	2
সালের	জুলাই	2
সালের	জাতীয়	1
সালের	বন্যায়	1
সাহস	করবে	2
সাহস	আরো	1
সাহস	দেখিয়েছে	1
সাহস	নিয়ে	1
সাহস	পাবে	1
সাহসিকতার	সাথে	1
সাহসী	ও	1
সাহসী	ছিল	1
সাহসী	পদক্ষেপ	1
সাহায্য	করতে	22
সাহায্য	করে	14
সাহায্য	করুন	6
সাহায্য	করব	5
সাহায্য	করার	5
সাহায্য	করেন	4
সাহায্যও	করছে	1
সাহায্যও	করেননি	1
সাহায্যকারী	পেশা	2
সাহায্যকারী	ও	1
সাহায্যে	করতে	1
সাহায্যে	বায়ুর	1
সাহায্যে	বিচ্ছিন্ন	1
সাহায্যে	বিদ্যুৎ	1
সাহায্যে	যে	1
সাহায্যের	জন্য	2
সাহায্যের	প্রয়োজন	2
সাহায্যের	ন্যায্য	1
সাহিত্য	দর্শন	1
সাহিত্য	বেশি	1
সাহিত্যে	চলিত	1
সাহিত্যে	প্রচুর	1
সাহিত্যে	বিদ্রোহী	1
সাহিত্যের	ক্ষেত্রে	1
সাহিত্যের	গ্রাজুয়েট	1
সাহিত্যের	প্রাচীনতম	1
সাহেব	আপনার	1
সাহেব	এবং	1
সাহেব	খুব	1
সাহেব	পাশাপাশি	1
সাহেব	মামলার	1
সাহেব	রাগী	1
সাহেবকে	হাত	1
সাহেবের	সাথে	3
সাহেবের	মতো	2
সাহেবের	অকাল	1
সাহেবের	নির্দেশে	1
সাহেবের	স্ত্রী	1
সি	আই	1
সি	এর	1
সি	ট্রাক	1
সি	সাহেব	1
সিঁদুরে	মেঘ	2
সিং	এর	1
সিং	ও	1
সিংহ	আর	1
সিংহ	নই	1
সিংহ	বনে	1
সিংহ	মাংসাশী	1
সিংহাসন	লুট	1
সিংহাসনে	আরোহন	3
সিংহাসনে	আরােহণ	2
সিংহাসনে	আরোহণ	2
সিংহাসনে	বসেন	1
সিংহের	গর্জন	1
সিকিউরিটি	নিশ্চিত	1
সিগারেট	খেতে	2
সিগারেট	খান	1
সিগারেট	খায়	1
সিগারেট	টানতে	1
সিগারেট	নিয়ে	1
সিগারেটের	আকাঙ্ক্ষা	1
সিগারেটের	ধোঁয়ায়	1
সিটি	করপোরেশন	6
সিটি	কাউন্সিলের	1
সিটি	নির্বাচনে	1
সিডনিতে	একটা	1
সিড়ি	থেকে	1
সিদ্দিকুর	রহমান	2
সিদ্ধান্ত	নিয়েছে	6
সিদ্ধান্ত	নিয়েছি	4
সিদ্ধান্ত	নেওয়ার	4
সিদ্ধান্ত	নেয়	3
সিদ্ধান্ত	নিয়েছিলাম	2
সিদ্ধান্ত	নিয়েছিলেন	2
সিদ্ধান্তে	অটল	1
সিদ্ধান্তে	আরও	1
সিদ্ধান্তের	জন্য	1
সিদ্ধান্তের	বিরুদ্ধে	1
সিদ্ধান্তের	বিরোধিতা	1
সিদ্ধার্থকে	দেখতে	1
সিনিয়র	সচিব	1
সিনেমা	দেখতে	8
সিনেমা	হলের	8
সিনেমা	দেখেছি	3
সিনেমা	পছন্দ	2
সিনেমা	ঘৃণা	1
সিনেমা	হলে	1
সিনেমাটি	নিয়ে	6
সিনেমাটি	দেখে	5
সিনেমাটি	খুবই	3
সিনেমাটি	শেষ	3
সিনেমাটি	দেখতে	2
সিনেমার	পোস্টার	1
সিন্দুকের	ঢালা	1
সিপাহি	বিদ্রোহের	1
সিভিল	সার্জন	1
সিমেন্ট	রপ্তানি	2
সিমেন্ট	বাংলাদেশের	1
সিয়াম	পালন	4
সিয়েরা	লিওনের	1
সিরাজউদ্দৌলা	এ	2
সিরামিক	ও	1
সিরিজ	চলছিল	1
সিরিজের	ঘোষণা	1
সিরিজের	চতুর্থ	1
সিরিয়া	ও	2
সিরিয়া	মিশর	1
সিরিয়া	সীমান্তের	1
সিরিয়ায়	অবস্থিত	1
সিরিয়ায়	ক্রমবর্ধমান	1
সিরিয়ায়	পাঠানোর	1
সিরিয়ায়	ভয়াবহ	1
সিরিয়ার	রাজধানী	2
সিরিয়ার	মন্তব্য	1
সিরিয়ার	রাজধানীতে	1
সিরিয়ার	সাথে	1
সিল্ক	রোড	1
সিস্টেমের	উভয়েই	1
সিস্টেমের	সাথে	1
সীটে	বসে	2
সীমা	আছে	1
সীমা	পরিসীমা	1
সীমা	প্রযোজ্য	1
সীমা	ব্যবহার	1
সীমানা	তৈরি	1
সীমানায়	এসে	1
সীমানার	মধ্যে	1
সীমান্ত	রক্ষার	1
সীমান্ত	রয়েছে	1
সীমান্ত	সংলগ্ন	1
সীমান্ত	হাট	1
সীমান্তে	অনুপ্রবেশকারী	1
সীমান্তে	অবস্থিত	1
সীমান্তের	নিকটবর্তী	1
সীমান্তের	মধ্যে	1
সীমাবদ্ধ	থাকবেন	1
সীমার	চেয়ে	1
সীমার	মাঝে	1
সীমিত	পরিমাণে	1
সীমিত	সম্পদ	1
সুইজারল্যান্ডের	বৃহত্তম	1
সুইজারল্যান্ডের	রাজধানী	1
সুইজারল্যান্ডের	সরকার	1
সুইডেনের	রাজধানী	1
সুখ	কামনা	1
সুখ	নেই	1
সুখ	পেয়ে	1
সুখ	বোধ	1
সুখ	লাভ	1
সুখী	ছিলো	3
সুখী	ও	1
সুখী	ছিলেন	1
সুখী	নয়	1
সুখী	হতে	1
সুখী	হবে	1
সুখে	বসবাস	1
সুখের	আশায়	1
সুখের	কথাই	1
সুখের	মরণ	1
সুগন্ধি	ব্যবহার	1
সুগন্ধি	সাবান	1
সুজান	আতঙ্কিত	1
সুজি	দিয়ে	1
সুজুকি	বাবু	2
সুড়ঙ্গ	করে	1
সুতরাং	সকলেরই	2
সুতরাং	এখনো	1
সুতরাং	সবাই	1
সুদক্ষ	ও	1
সুদূর	অতীত	1
সুদূর	বিস্তৃত	1
সুদৃঢ়	করুক	1
সুদের	হার	1
সুদের	হারে	1
সুধী	আপনার	1
সুনাম	অর্জন	1
সুনির্দিষ্ট	অভিযোগ	2
সুনির্দিষ্ট	নিয়ম	1
সুনির্দিষ্ট	প্রশ্ন	1
সুনির্দিষ্ট	লক্ষণ	1
সুন্দর	দেশ	3
সুন্দর	ও	2
সুন্দর	লাগছে	2
সুন্দর	করে	1
সুন্দর	দিন	1
সুন্দর	মেয়ে	1
সুন্দরবনে	আছে	2
সুন্দরভাবে	সজ্জিত	1
সুন্দরি	মহিলার	1
সুন্দরী	নির্বাচিত	1
সুন্দরী	বড়লোক	1
সুন্দরী	মেয়েটা	1
সুন্দরী	সে	1
সুপার	কম্পিউটারের	1
সুপার	টাকার	1
সুপার	মফিজ	1
সুপারিশ	করতে	2
সুপারিশ	করছি	1
সুপারিশ	করেছিল	1
সুপারিশ	প্রদানের	1
সুপ্ত	প্রতিভা	1
সুপ্রিম	কাউন্সিল	1
সুপ্রিম	কোর্ট	1
সুপ্রিম	কোর্টে	1
সুফিয়ান	মক্কার	2
সুবর্ণ	সুযোগ	1
সুবাদে	কিছু	1
সুবাস	ছড়িয়ে	1
সুবাস	পাওয়া	1
সুবিচার	পাওয়া	1
সুবিধা	আছে	1
সুবিধা	দিতে	1
সুবিধা	পাচ্ছেন	1
সুবিধা	পেত	1
সুবিধা	হতো	1
সুবিধাজনক	উৎস	1
সুবিধাজনক	নয়	1
সুবিধার	জন্য	3
সুবিধার	যথেষ্ট	1
সুবিধার	যোগান	1
সুবিশাল	মক্কা	1
সুমন	আসতো	1
সুযোগ	আছে	3
সুযোগ	রয়েছে	3
সুযোগ	নেই	2
সুযোগ	সুবিধার	2
সুযোগ	অব্যাহত	1
সুযোগ	পেলেই	1
সুযোগের	অধিকারী	1
সুরক্ষা	ও	1
সুরক্ষা	প্রদান	1
সুরক্ষা	প্রয়োজন	1
সুরক্ষার	অস্ত্র	1
সুরক্ষিত	আছে	1
সুরক্ষিত	স্থানে	1
সুরতহাল	প্রতিবেদন	6
সুরাহা	পেলাম	1
সুলতান	হলেন	1
সুসংবাদ	দেওয়া	1
সুস্থ	হয়ে	3
সুস্থ	হতে	2
সুস্থ	থাকতে	1
সুস্থ	থাকার	1
সুস্থ	থাকুন	1
সুস্থ	স্বাভাবিক	1
সুস্থই	দেখেছিলাম	1
সুস্থতা	এবং	1
সুস্থতা	কামনা	1
সুস্থে	আসুন	1
সুস্বাদু	ছিলো	2
সুস্বাদু	ভর্তা	1
সুস্বাস্থ্য	বজায়	1
সুস্মিতার	মা	3
সুস্মিতার	মাকে	2
সুস্মিতার	মায়ের	2
সূক্ষ্ম	কোনো	1
সূচক	অর্থনৈতিক	1
সূচক	বেড়েছে	1
সূচক	সাড়ে	1
সূচনা	হয়	4
সূচনা	করবে	1
সূচনা	করেন	1
সূচনা	রাখে	1
সূত্র	জানায়	2
সূত্র	জানিয়েছে	1
সূত্র	দিতে	1
সূত্র	দিয়েছিলেন	1
সূত্র	পেতে	1
সূত্র	শক্তির	1
সূত্রে	জানা	7
সূত্রে	এ	2
সূত্রে	এসব	1
সূত্রে	বলা	1
সূর্য	আমাদের	2
সূর্য	উদিত	2
সূর্য	পূর্ব	2
সূর্য	উঠছে	1
সূর্য	চিরতরে	1
সূর্য	পূর্বদিকে	1
সূর্যকে	প্রদক্ষিণ	2
সূর্যাস্তের	দৃশ্য	1
সূর্যের	আলো	2
সূর্যের	আলোকে	2
সূর্যের	আলোয়	1
সূর্যের	চারদিকে	1
সূর্যের	চারপাশে	1
সূর্যোদয়	দেখলাম	1
সূর্যোদয়ের	দেশ	1
সৃষ্ট	নতুন	2
সৃষ্ট	অপর	1
সৃষ্ট	বিভিন্ন	1
সৃষ্ট	সমাজের	1
সৃষ্ট	হয়েছে	1
সৃষ্টি	করেছেন	10
সৃষ্টি	হয়	7
সৃষ্টি	করে	6
সৃষ্টি	করতে	3
সৃষ্টি	করেছে	2
সৃষ্টি	না	1
সৃষ্টিকর্তা	প্রতিটি	1
সৃষ্টিকর্তার	নিকট	1
সৃষ্টিকর্তার	সবচেয়ে	1
সৃষ্টির	লক্ষ্যে	2
সৃষ্টির	জন্য	1
সৃষ্টির	সেরা	1
সৃষ্টির	স্রষ্টা	1
সে	তার	26
সে	আমাকে	15
সে	কি	13
সে	আমার	7
সে	তাকে	7
সে	জন্য	6
সেই	সঙ্গে	3
সেই	রাতে	2
সেই	একই	1
সেই	তথ্য	1
সেই	সমস্ত	1
সেইগুলো	কি	2
সেকেন্ড	অপেক্ষা	1
সেকেন্ড	হোমে	1
সেকেন্ডের	মধ্যে	1
সেক্টরে	ভাগ	1
সেক্ষেত্রে	আমাদের	1
সেক্ষেত্রে	খুনীর	1
সেক্স	করি	1
সেখান	থেকে	4
সেখানকার	অনেক	1
সেখানকার	এক	1
সেখানকার	ফলের	1
সেখানকার	মেয়েরা	1
সেখানকার	সামাজিক	1
সেখানে	ছিলাম	3
সেখানে	গিয়েছিলাম	2
সেখানে	যাব	2
সেখানে	বস	1
সেখানে	বসুন	1
সেখানে	বসো	1
সেখানেই	গেছে	1
সেখানেই	সন্ধ্যা	1
সেখানের	পাঁচটি	1
সেগুলিকে	সংশোধন	2
সেগুলো	হলো	1
সেগুলোই	মানবিক	1
সেগুলোর	বিপুল	1
সেজন্য	আমাদের	1
সেজন্য	ঢাকার	1
সেজন্য	বিয়ের	1
সেটা	করতে	4
সেটা	আমি	3
সেটা	কি	3
সেটা	নিয়ে	3
সেটা	ভুল	2
সেটা	হবে	2
সেটাই	আরও	1
সেটাই	করো	1
সেটাই	পরতে	1
সেটাই	প্রাপ্য	1
সেটাই	লাগে	1
সেটাই	সম্ভবত	1
সেটাও	তো	1
সেটার	জন্য	1
সেটার	বয়স	1
সেটার	মোটা	1
সেটি	আমরা	2
সেটি	আনন্দদায়ক	1
সেটি	দমিয়ে	1
সেটি	পারবে	1
সেটি	বাংলাদেশ	1
সেটি	হলো	1
সেটিংস	ঠিক	1
সেটের	অংশ	1
সেতু	আছে	1
সেতু	পশ্চিম	1
সেতু	প্রকল্পের	1
সেতু	বানাতে	1
সেতু	ভাঙার	1
সেতু	সংযোগ	1
সেতুর	কাজ	2
সেতুর	ব্যাপারে	1
সেদিক	দৌড়ে	1
সেদিকেই	ধাবিত	1
সেদিন	অনুষ্ঠানে	1
সেদিন	মাছ	1
সেদিন	রাতেই	1
সেদিন	সে	1
সেদিন	স্কুলে	1
সেদিনই	ঢাকা	2
সেদিনই	আমার	1
সেদিনের	কথা	2
সেদ্ধ	করে	2
সেন	চরিত্রে	1
সেন	নামে	1
সেন	বিয়ে	1
সেনা	অবস্থান	1
সেনা	জোন	1
সেনা	মোতায়েন	1
সেনাপ্রধান	জেনারেল	1
সেনাবাহিনী	এবং	1
সেনাবাহিনী	জন	1
সেনাবাহিনী	নেই	1
সেনাবাহিনীর	অভিযানে	1
সেনাবাহিনীর	একটি	1
সেনাবাহিনীর	ঘনিষ্ঠ	1
সেনাবাহিনীর	সরাসরি	1
সেনার	সঙ্গে	1
সেনারা	কায়রোর	1
সেনারা	রয়েছে	1
সেনারা	সাহসে	1
সেনারা	সিয়েরা	1
সেন্ট	জোসেফ	2
সেন্টারে	জন	1
সেন্টারে	পাওয়া	1
সেন্সর	ও	1
সেন্সর	সরবরাহ	1
সেপ্টেম্বর	অক্টোবর	1
সেপ্টেম্বর	মাসে	1
সেবন	করবেন	1
সেবন	করে	1
সেবা	চালু	1
সেবা	দিতে	1
সেবা	দেওয়ার	1
সেবা	নিতে	1
সেবার	একটি	1
সেবার	তাকে	1
সেবার	বিভিন্ন	1
সেভাবে	চলার	1
সেভাবেই	আসো	1
সেভাবেই	কাজ	1
সেরকম	লোক	1
সেরা	বন্ধু	2
সেরা	বন্ধুকে	1
সেরা	সুন্দরী	1
সেরাটা	দিলেই	1
সেরাটা	বেছে	1
সেরে	ফেলার	1
সেরে	যায়	1
সেলফি	তুলতে	1
সেলাই	করতে	1
সেলিম	পারভেজ	1
সেসব	অঞ্চলে	1
সেসব	আমি	1
সেসব	পণ্য	1
সেসব	বাহ্যিক	1
সেহেতু	বিষয়টি	1
সৈকতে	যাওয়া	2
সৈকতে	আসতে	1
সৈকতে	গিয়েছিলাম	1
সৈকতে	বিয়ে	1
সৈনিক	ছিল	1
সৈনিক	ছিলেন	1
সৈনিক	জীবনকে	1
সৈনিকরা	অবশ্যম্ভাবী	1
সৈন্য	মারা	2
সৈন্য	ও	1
সৈন্য	নিয়ে	1
সৈন্য	বাড়িটাকে	1
সৈন্যদল	যুদ্ধে	1
সৈন্যরা	বহু	1
সৈন্যের	কাছে	1
সোজা	হয়ে	2
সোজা	না	1
সোজা	লাইনে	1
সোনা	কীভাবে	1
সোনা	গিয়ে	1
সোনা	তো	1
সোনা	দিয়ে	1
সোনা	পাওয়া	1
সোনা	হয়	1
সোনার	দাম	2
সোনার	খনির	1
সোনার	ঘড়ি	1
সোনার	চেন	1
সোনার	চেয়েও	1
সোনার	বাংলাদেশ	1
সোনালি	ট্রফি	1
সোনালী	লাইফ	1
সোপর্দ	হবে	1
সোফায়	বসে	1
সোফার	উপরে	1
সোফার	নিচে	1
সোভিয়েত	ইউনিয়নের	1
সোমবার	অবধি	2
সোমবার	আপনি	1
সোমবার	তুমি	1
সোমবার	রাজধানীর	1
সোমবার	শুরু	1
সোমবারে	আমায়	1
সোমবারে	কাজ	1
সোমবারে	সোমবারে	1
সোয়েটার	কিনলাম	1
সোয়েটার	কিনেছি	1
সোয়েটার	খুঁজছি	1
সোয়েটার	পরে	1
সোয়েটার	লিমিটেড	1
সোহাগ	করতে	1
সোহেল	আহমেদ	1
সোহেল	রানা	1
সোহেল	সাহেব	1
সৌজন্য	ভুলতে	1
সৌদি	আরব	18
সৌদি	আরবের	9
সৌদি	আরবে	2
সৌন্দর্য	প্রেম	1
সৌন্দর্য	বাড়িয়ে	1
সৌন্দর্যে	নানা	1
সৌন্দর্যের	জন্য	2
সৌভাগ্যের	প্রসূতি	2
সৌভাগ্যের	মূল	1
সৌরজগতের	কেন্দ্রে	1
সৌরজগতের	বাইরের	1
সৌরজগতের	মোট	1
স্কাইপ	ব্যবহার	1
স্কাউট	প্রশিক্ষণের	1
স্কার্ট	ছিল	1
স্কার্ট	ব্যবহার	1
স্কার্ফ	আমার	1
স্কুল	অ্যান্ড	3
স্কুল	ও	2
স্কুল	কলেজ	2
স্কুল	বাসে	2
স্কুল	পরের	1
স্কুল	যেতে	1
স্কুলে	যাই	5
স্কুলে	যায়	3
স্কুলে	যেতে	3
স্কুলে	অনেক	2
স্কুলে	যাওয়ার	2
স্কুলে	পড়ে	1
স্কুলেই	যায়	1
স্কুলের	কাছে	1
স্কুলের	প্রিন্সিপাল	1
স্কুলের	বাইরে	1
স্কুলের	শিক্ষার	1
স্কুলের	শিক্ষার্থীরা	1
স্কেলে	নির্ণিত	2
স্কোয়ার	অবধি	1
স্ক্রিনে	ফোর্স	1
স্ক্রিপ্ট	ইনস্টল	2
স্ক্রু	ড্রাইভার	1
স্টক	এক্সচেঞ্জে	4
স্টক	এক্সচেঞ্জ	1
স্টপ	কোনটা	1
স্টাফদের	কক্ষ	1
স্টিম	বিন্দু	1
স্টিলের	তৈরি	1
স্টুডিও	বাংলাদেশ	1
স্টেশন	যেতে	2
স্টেশন	অবধি	1
স্টেশন	ছেড়ে	1
স্টেশনটা	কি	1
স্টেশনটা	দু	1
স্টেশনটা	বেশ	1
স্টেশনে	কিভাবে	4
স্টেশনে	এসে	3
স্টেশনে	থামে	3
স্টেশনে	যাওয়ার	3
স্টেশনে	নেমে	2
স্টেশনে	দশ	1
স্টেশনের	এক	1
স্টেশনের	দূরত্ব	1
স্টোর	খোলেন	1
স্টোর	চালু	1
স্টোরের	মালিক	1
স্ট্যান্ড	রোডের	1
স্ট্যান্ডার্ড	গ্রুপ	1
স্ট্যাম্প	কোথা	2
স্ট্রবেরি	পছন্দ	1
স্ট্রিটে	থাকি	1
স্ট্রিটের	একটা	1
স্তন	ক্যান্সার	2
স্তন	স্পর্শ	2
স্তন	এবং	1
স্তন	তুলে	1
স্তন	ধরে	1
স্তন	পছন্দ	1
স্তনবৃন্ত	দংশন	2
স্তন্যপায়ী	প্রাণী	3
স্তন্যপায়ী	প্রাণীদের	1
স্তন্যপায়ী	প্রাণীরা	1
স্তর	বিশিষ্ট	1
স্তরে	গরুর	1
স্তরের	নাম	1
স্তরের	মানুষ	1
স্ত্রী	কি	2
স্ত্রী	কোথায়	2
স্ত্রী	নিচে	1
স্ত্রী	হারানো	1
স্ত্রীও	মহিলা	1
স্ত্রীকে	উপহার	1
স্ত্রীকে	খুশি	1
স্ত্রীকে	চুম্বন	1
স্ত্রীকে	ধর্ষিত	1
স্ত্রীর	মধ্যে	2
স্ত্রীর	সাথে	2
স্ত্রীর	স্তনবৃন্ত	2
স্ত্রীর	দেহ	1
স্ত্রীর	সহবাস	1
স্থগিত	এবং	1
স্থগিত	করা	1
স্থান	এবং	2
স্থান	পরস্পর	1
স্থান	পরিবর্তন	1
স্থান	পেয়েছেন	1
স্থান	বা	1
স্থানটি	অটুট	1
স্থানটি	দস্যু	1
স্থানটি	ভারতে	1
স্থানটি	যমুনা	1
স্থানান্তর	করেছি	1
স্থানান্তর	ঘটে	1
স্থানান্তর	সম্ভব	1
স্থানান্তরিত	হওয়ার	1
স্থানীয়	সরকার	4
স্থানীয়	লোকজন	2
স্থানীয়	সরকারের	2
স্থানীয়	জনসাধারণ	1
স্থানে	আছে	1
স্থানে	নিয়ে	1
স্থানে	নির্দিষ্ট	1
স্থানে	বিভিন্ন	1
স্থানে	সংরক্ষণ	1
স্থানের	আপেক্ষিক	1
স্থানের	নাম	1
স্থাপন	করা	2
স্থাপন	করে	2
স্থাপন	করেছিলাম	1
স্থাপন	করেন	1
স্থাপিত	তা	1
স্থাপিত	হলে	1
স্থায়ী	হয়েছিল	2
স্থায়ী	কেন্দ্র	1
স্থায়ী	সমাধান	1
স্থায়ী	সমাধানের	1
স্থায়ী	হয়	1
স্থায়ী	হলে	1
স্থিতিশীল	ও	1
স্থিতিশীল	রাখতে	1
স্থির	বিন্দু	1
স্থির	লক্ষ্যে	1
স্থির	হয়ে	1
স্নাতক	সম্পন্ন	2
স্নাতক	ডিগ্রি	1
স্নাতক	দ্বিতীয়	1
স্নাতক	পাস	1
স্নাতক	ভর্তি	1
স্নাতক	হয়েছে	1
স্নাতকোত্তর	ডিগ্রি	1
স্নান	করতে	1
স্নায়ু	যুদ্ধে	1
স্পর্শ	করবেন	2
স্পর্শ	আমি	1
স্পর্শ	করতে	1
স্পর্শ	করুক	1
স্পর্শ	করেছে	1
স্পষ্ট	মনে	2
স্পষ্ট	যে	2
স্পষ্ট	আকার	1
স্পষ্ট	কথায়	1
স্পষ্ট	করুন	1
স্পষ্ট	বলা	1
স্পষ্টভাবে	বলা	1
স্পিড	রাখা	1
স্পেন	বিজয়	4
স্পেন	রাষ্ট্র	1
স্পেনে	মুসলিম	1
স্পেনের	রাজধানী	1
স্পোর্টস	শপে	1
স্প্যানিশ	ওনার	1
স্প্যানিশ	তাঁর	1
স্প্যানিশ	তার	1
স্প্যানিশ	বলতে	1
স্প্যানিশ	ভাষায়	1
স্প্যানিশদের	জন্য	1
স্প্রে	থাকে	1
স্প্রে	দিয়ে	1
স্প্রে	বোধহয়	1
স্বচ্ছতা	ও	1
স্বচ্ছতা	প্রতিষ্ঠিত	1
স্বচ্ছন্দ	বোধ	1
স্বতঃস্ফূর্ত	করতে	1
স্বতঃস্ফূর্ত	স্বীকারোক্তি	1
স্বতঃস্ফূর্ত	স্বীকৃত	1
স্বপ্ন	ছিল	2
স্বপ্ন	দেখছেন	2
স্বপ্ন	দেখা	2
স্বপ্ন	পূরণ	2
স্বপ্ন	দেখেছি	1
স্বপ্ন	সত্যি	1
স্বপ্নকে	ঘুম	1
স্বপ্নকে	সে	1
স্বপ্নটা	পূর্ণতা	1
স্বপ্নে	তুমি	1
স্বপ্নে	দেখা	1
স্বপ্নের	মাঝে	1
স্বভাব	নষ্ট	1
স্বভাবতই	লাজুক	1
স্বভাবের	হয়ে	1
স্বয়ং	আল্লাহ	1
স্বয়ং	প্রধানমন্ত্রীকে	1
স্বয়ংক্রিয়	যন্ত্রের	1
স্বরধ্বনি	আসে	2
স্বরাষ্ট্র	মন্ত্রণালয়ের	1
স্বর্গ	ও	1
স্বর্গে	তেমনি	1
স্বর্গের	উপর	1
স্বর্ণ	একটি	1
স্বর্ণ	মুদ্রা	1
স্বর্ণমুদ্রা	হবে	1
স্বল্প	মধ্য	1
স্বল্প	সম্পদ	1
স্বল্পমেয়াদী	অর্থায়ন	2
স্বাক্ষর	করতে	3
স্বাক্ষর	নেয়	3
স্বাক্ষর	করেন	2
স্বাক্ষর	করেছেন	1
স্বাক্ষর	জাল	1
স্বাক্ষরিত	হয়	1
স্বাক্ষরের	নীচে	1
স্বাগত	জানানোর	2
স্বাগত	জানান	1
স্বাগত	জানিয়েছে	1
স্বাদ	আরও	1
স্বাদটা	আমার	1
স্বাদে	এটি	1
স্বাধীন	হয়	4
স্বাধীন	ও	2
স্বাধীন	করেছেন	1
স্বাধীন	দেশের	1
স্বাধীন	রাষ্ট্র	1
স্বাধীন	হতে	1
স্বাধীনতা	লাভ	4
স্বাধীনতা	ও	3
স্বাধীনতা	অর্জনের	2
স্বাধীনতা	দেওয়া	2
স্বাধীনতা	যুদ্ধে	2
স্বাধীনতা	লাভের	2
স্বাধীনতাকে	অনুপ্রাণিত	1
স্বাধীনতার	জন্য	3
স্বাধীনতার	পর	3
স্বাধীনতার	অর্থ	1
স্বাধীনতার	আওতায়	1
স্বাধীনতার	নামে	1
স্বাধীনতার	পূর্বে	1
স্বাধীনভাবে	সমান	2
স্বাধীনভাবে	তাদের	1
স্বাভাবিক	অনুবাদ	2
স্বাভাবিক	নিয়মে	1
স্বাভাবিক	পন্থা	1
স্বাভাবিক	ভারসাম্য	1
স্বাভাবিক	মানুষের	1
স্বাভাবিক	রাখতে	1
স্বাভাবিকভাবেই	বাংলাদেশে	1
স্বাভাবিকের	চেয়ে	1
স্বামী	স্ত্রীর	5
স্বামী	স্ত্রী	3
স্বামী	উপরে	1
স্বামী	কি	1
স্বামী	কিছু	1
স্বামী	তাকে	1
স্বামীকে	চাই	1
স্বামীর	শিশ্নে	2
স্বামীর	বিবাহ	1
স্বামীর	বীর্য	1
স্বামীর	মঙ্গল	1
স্বামীর	সঙ্গে	1
স্বামীর	সাথে	1
স্বার্থ	ব্যতীত	1
স্বার্থ	মানুষকে	1
স্বার্থপর	কেন	1
স্বার্থে	এখানে	1
স্বার্থে	জেলা	1
স্বার্থে	সবকিছু	1
স্বার্থের	চেয়ে	1
স্বার্থের	সামান্য	1
স্বাস্থ্য	জটিলতা	1
স্বাস্থ্য	ব্যবস্থা	1
স্বাস্থ্য	মনকে	1
স্বাস্থ্য	সেবা	1
স্বাস্থ্যকর	খাবার	5
স্বাস্থ্যকর	খাদ্য	2
স্বাস্থ্যকর	এবং	1
স্বাস্থ্যের	জন্য	8
স্বাস্থ্যের	অবস্থা	1
স্বাস্থ্যের	উন্নতি	1
স্বাস্থ্যের	পক্ষে	1
স্বাস্থ্যের	মতো	1
স্বীকার	করছি	2
স্বীকার	করব	2
স্বীকার	করেছে	2
স্বীকার	করো	2
স্বীকার	করবেন	1
স্বীকার	করলেন	1
স্বীকারোক্তি	দিতে	1
স্বীকারোক্তি	প্রকাশিত	1
স্বীকৃত	কোন	1
স্বীকৃত	যে	1
স্বীকৃত	সরকারী	1
স্বীকৃত	হতো	1
স্বীকৃত	হয়	1
স্বীকৃতি	চায়	1
স্বীকৃতি	তো	1
স্বীকৃতি	দেয়নি	1
স্বীকৃতি	পাওয়ায়	1
স্বীকৃতি	পাওয়ার	1
স্বীকৃতি	পেলেও	1
স্বেচ্ছায়	বা	1
স্মার্ট	টেকনোলজিস	3
স্মৃতি	জাদুঘর	1
স্যাঁতস্যাঁতে	জায়গায়	1
স্যাটেলাইট	বুধবার	1
স্যামসাং	বাংলাদেশের	2
স্রষ্টা	এবং	1
স্রষ্টা	ও	1
স্রাব	যাওয়া	2
স্রেফ	একটা	1
স্রেফ	সৈনিক	1
স্রোতে	তলিয়ে	1
সৎ	কাজ	2
সৎ	বোন	1
সৎ	মনে	1
সৎ	মানুষ	1
সৎ	যোগ্য	1
সৎ	লোকেরাই	1
হংকংয়ের	সঙ্গে	1
হই	তাহলে	2
হই	আঁধারের	1
হই	তারপর	1
হউক	আমাদের	1
হউক	তোমার	1
হও	আমি	2
হও	বা	1
হওয়া	উচিত	7
হওয়া	পর্যন্ত	6
হওয়া	যায়	3
হওয়া	ও	2
হওয়া	সত্ত্বেও	2
হওয়া	যাক	1
হওয়াটা	জরুরি	1
হওয়াতে	একজন	1
হওয়ায়	আপনাকে	1
হওয়ায়	তা	1
হওয়ায়	তিনি	1
হওয়ায়	প্রায়ই	1
হওয়ায়	বাংলাদেশের	1
হওয়ায়	মুসলমানরা	1
হওয়ার	পর	10
হওয়ার	কারণে	4
হওয়ার	জন্য	4
হওয়ার	আগে	2
হওয়ার	পথে	2
হওয়ার	বছর	2
হক	জানান	1
হক	জুনিয়র	1
হক	বলেছেন	1
হক	বলেন	1
হচ্ছে	না	9
হচ্ছে	আমার	3
হচ্ছে	এবং	3
হচ্ছে	যাতে	3
হচ্ছে	কোনো	2
হচ্ছে	শিশুরা	2
হচ্ছেটা	কী	2
হজম	ও	1
হট	চকোলেট	1
হঠাৎ	কেটে	1
হঠাৎ	দিদি	1
হঠাৎ	নদী	1
হতবাক	করেছে	1
হতাম	তাহলেও	1
হতাশ	করবে	1
হতাশ	লাগছে	1
হতাশ	হয়েছি	1
হতাশা	আর	1
হতাশা	কাজ	1
হতাশা	প্রকাশ	1
হতাশার	কথা	1
হতে	পারে	66
হতে	হবে	22
হতে	চাই	8
হতে	থাকে	6
হতে	চাও	4
হতে	যাচ্ছে	4
হতেই	পারে	4
হতেই	হবে	2
হতেই	আমি	1
হতেই	তার	1
হতেও	পারে	1
হতো	না	4
হতো	নগর	1
হতো	বাইরে	1
হতো	বুদ্ধিহীন	1
হতো	যাকে	1
হত্যা	করেছে	7
হত্যা	করা	5
হত্যা	করে	4
হত্যা	করেছিল	2
হত্যা	মামলা	2
হত্যা	দিবস	1
হত্যাকাণ্ডের	ফলে	1
হত্যাকাণ্ডের	বছর	1
হত্যার	উদ্দেশ্য	1
হত্যার	ঘটনায়	1
হন	এবং	2
হন	না	2
হন	এতে	1
হন	ও	1
হন	বর্তমান	1
হন	সর্বস্বান্ত	1
হবার	সম্ভাবনা	1
হবে	না	47
হবে	কি	7
হবে	তা	6
হবে	এবং	3
হবে	বাংলাদেশকে	3
হবে	যে	3
হবেন	খাদ্যে	1
হবেন	না	1
হবেন	প্রধানমন্ত্রী	1
হবো	না	1
হবো	সকাল	1
হযরত	মুহাম্মদ	7
হযরত	মূসা	1
হয়	না	53
হয়	সালে	11
হয়	তা	10
হয়	তাই	9
হয়	তাকে	9
হয়	যে	9
হয়ত	দেরি	2
হয়ত	ঘুমিয়ে	1
হয়ত	বাইরে	1
হয়তো	একটু	1
হয়তো	এখনো	1
হয়তো	খুব	1
হয়তো	তোমায়	1
হয়তো	বরফ	1
হয়তো	ভাবছেন	1
হয়নি	এটা	1
হয়নি	তবে	1
হয়নি	তা	1
হয়নি	যেখানে	1
হয়রান	হয়েছি	1
হয়রানি	করা	1
হয়রানির	শিকার	2
হয়রানির	মামলায়	1
হয়ে	গেছে	45
হয়ে	যায়	16
হয়ে	গেল	12
হয়ে	থাকে	11
হয়ে	যাবে	8
হয়ে	গেছিলাম	6
হয়েই	তারা	1
হয়েই	থাকে	1
হয়েও	আমাদের	1
হয়েও	একটি	1
হয়েছিল	বলে	2
হয়েছিল	কেবল	1
হয়েছিল	প্রযুক্তি	1
হয়েছিল	মনে	1
হয়েছিল	যে	1
হয়েছিল	যেখানে	1
হয়েছিলেন	অনেকে	1
হয়েছে	বলে	7
হয়েছে	তা	6
হয়েছে	যে	5
হয়েছে	তার	3
হয়েছে	এ	2
হয়েছে	না	2
হয়েছেন	তাদেরকে	1
হয়েছেন	প্রধানমন্ত্রী	1
হয়েছেন	সেক্ষেত্রে	1
হয়েছো	বলে	1
হরমোন	প্রবাহিত	1
হল	শাখা	2
হল	এখানে	1
হল	না	1
হল	নিয়ম	1
হলাম	যে	1
হলাম	শুনে	1
হলুদ	রঙ	2
হলুদ	গুঁড়া	1
হলুদ	গোলাপ	1
হলুদ	রং	1
হলুদ	রঙের	1
হলে	আমি	5
হলে	আপনাকে	3
হলে	আমার	2
হলে	কি	2
হলে	তা	2
হলে	তার	2
হলেই	উভয়ের	1
হলেই	চলবে	1
হলেও	তার	2
হলেও	আমি	1
হলেও	ক্ষমার	1
হলেও	ব্রিটেন	1
হলেও	মিশন	1
হলেও	যারা	1
হলেন	এবং	1
হলেন	দল	1
হলেন	মন্ত্রণালয়ের	1
হলেন	মুশফিকুর	1
হলের	ভেতরে	6
হলের	টিকিট	1
হলের	সামনে	1
হলো	একটি	12
হলো	অধ্যবসায়	5
হলো	না	5
হলো	আফগানিস্তান	2
হলো	আমার	2
হলো	একটা	2
হসপিটালের	চিকিৎসক	1
হস্তক্ষেপ	অব্যাহত	1
হস্তক্ষেপ	করতে	1
হস্তক্ষেপ	না	1
হস্তমৈথুন	করে	2
হস্তান্তর	আশ্রয়	1
হস্তান্তর	করা	1
হস্তান্তর	করেন	1
হাঁটতে	পারে	2
হাঁটতে	হবে	2
হাঁটতে	পারব	1
হাঁটতে	পারিনি	1
হাঁটতে	যান	1
হাঁটলেই	আমার	1
হাঁটা	আমি	1
হাঁটা	উচিত	1
হাঁটা	পথ	1
হাঁটা	প্রয়োজন	1
হাঁটা	যাক	1
হাঁটা	শেখাতে	1
হাঁটার	পর	1
হাঁটু	এবং	1
হাঁটু	ব্যাথা	1
হাঁটু	ভাজ	1
হাঁটুতে	ব্যাথা	1
হাঁপানি	রোগ	2
হাঁপিয়ে	ওঠে	1
হাঁপিয়ে	গেছি	1
হাই	স্কুলে	1
হাইড্রোকার্বন	এবং	1
হাইড্রোকার্বন	ও	1
হাইড্রোকার্বন	থেকে	1
হাইড্রোজেন	ও	1
হাউস	ও	1
হাউস	কোথায়	1
হাউসে	প্রতিষ্ঠিত	1
হাওয়া	খুব	1
হাওয়া	বিদ্যমান	1
হাওয়া	লেগেছে	1
হাওয়ার	মত	1
হাজার	হাজার	6
হাজার	টাকা	4
হাজার	ভোট	3
হাজার	কোটি	2
হাজার	ডলার	2
হাজার	বছর	2
হাজারটা	মিথ্যা	1
হাজারের	বেশি	2
হাজারো	সমস্যা	1
হাজির	থাকে	1
হাজির	হন	1
হাজির	হয়ে	1
হাজির	হয়েছিলেন	1
হাট	হবে	1
হাটতে	পারব	1
হাটে	বিরল	1
হাড়	ভেঙেছে	2
হাড়	কাঠ	1
হাড়	ভেঙে	1
হাড়	মাংস	1
হাড়	মিলে	1
হাত	থেকে	6
হাত	দিয়ে	6
হাত	ধরে	3
হাত	বুলিয়েছি	3
হাত	মুখ	3
হাত	কি	2
হাতটা	তুলতে	1
হাতটা	ধরুন	1
হাতটা	ধরো	1
হাতটা	নিচে	1
হাতটা	রাখলাম	1
হাতি	তাদের	1
হাতি	লাখ	1
হাতিয়ার	হিসাবে	1
হাতিয়ার	হিসেবে	1
হাতে	সময়	3
হাতে	আরও	1
হাতে	কি	1
হাতে	গোনা	1
হাতে	চলে	1
হাতে	দুর্দান্ত	1
হাতেই	খুন	1
হাতের	লেখা	4
হাতের	মুঠোয়	3
হাতের	কাছের	1
হাতের	পাতা	1
হাতের	রান্না	1
হানি	ঘটে	1
হাবিবুর	রহমান	3
হামলা	চালিয়েছে	6
হামলা	চালায়	3
হামলা	চালিয়ে	3
হামলা	ও	2
হামলা	শুরু	2
হামলায়	দুইজন	1
হামলায়	সরকারি	1
হামলার	ঘটনা	2
হামলার	পর	2
হামলার	পরিকল্পনা	1
হামলার	বিষয়ে	1
হামলার	হুমকির	1
হামাগুড়ি	দিয়েই	1
হাম্বা	হাম্বা	1
হায়	করতে	1
হায়	হায়	1
হার	কমে	1
হার	কমেছে	1
হার	কিছুটা	1
হার	ঠেকাতে	1
হার	তিন	1
হার	নির্ণয়ের	1
হারবো	না	1
হারাতে	চাই	1
হারাতে	হয়	1
হারানো	একটি	1
হারানো	ছেলেকে	1
হারানোর	কৌশল	1
হারানোর	ভয়	1
হারাম	করা	1
হারাম	করেছেন	1
হারায়	তা	1
হারাল	তাকে	1
হারালে	জীবনের	1
হারিয়ে	ফেলেছি	13
হারিয়ে	গেল	3
হারিয়ে	গেছি	2
হারিয়ে	গেছে	2
হারিয়ে	যাই	2
হারিয়ে	দিল	1
হারে	কমেছে	1
হারে	জনসংখ্যা	1
হারে	টাকা	1
হারে	তাপ	1
হারে	বাসস্থানের	1
হার্ট	অ্যাটাক	2
হার্ডওয়্যারের	ক্ষতি	1
হাল	ছেড়ে	6
হাল	না	1
হালকা	অস্ত্র	1
হালকা	জিনিস	1
হালকা	ধূসর	1
হালকা	পাতলা	1
হালকা	বাদামি	1
হালনাগাদ	পরিসংখ্যান	2
হালে	পানি	1
হাসতে	শুরু	2
হাসতে	চলে	1
হাসতে	হাসতে	1
হাসপাতাল	থেকে	4
হাসপাতাল	আছে	3
হাসপাতাল	ছেড়ে	1
হাসপাতাল	রয়েছে	1
হাসপাতাল	সহ্য	1
হাসপাতালটা	কোথায়	2
হাসপাতালে	কাজ	9
হাসপাতালে	ভর্তি	8
হাসপাতালে	নিয়ে	6
হাসপাতালে	গেছিল	2
হাসপাতালে	গেছিলেন	2
হাসপাতালে	যাওয়া	2
হাসপাতালের	দিকে	2
হাসপাতালের	অফিস	1
হাসপাতালের	পরিচালক	1
হাসপাতালের	শিক্ষক	1
হাসপাতালের	সামনে	1
হাসবো	না	1
হাসা	বন্ধ	1
হাসি	ফোটানোর	2
হাসি	তামাশা	1
হাসি	দিল	1
হাসি	দিলো	1
হাসি	হারিয়ে	1
হাস্যকর	মনে	1
হিংসা	করত	1
হিংস্র	হয়ে	1
হিউস্টন	শহরের	1
হিজাব	নিয়ে	2
হিটলার	বিশ্বাস	2
হিটলার	ইহুদিদের	1
হিটলার	একজন	1
হিটলার	কেন	1
হিটলার	সালে	1
হিটলারের	ঘৃণার	1
হিন্দিতে	প্রথম	1
হিন্দু	নারীরা	2
হিন্দু	সমাজে	2
হিন্দু	সমাজের	2
হিন্দু	বিবাহের	1
হিন্দু	মেয়েকে	1
হিমালয়ের	পাদদেশে	1
হিসাব	মেলাতে	2
হিসাব	খুলেছে	1
হিসাব	নেই	1
হিসাব	বাংলাদেশ	1
হিসাব	ভালো	1
হিসাবে	দাবী	2
হিসাবে	বর্ণনা	2
হিসাবে	বিবেচনা	2
হিসাবে	ইংরেজী	1
হিসাবে	কাজ	1
হিসাবে	তিন	1
হিসাবের	মালিককে	1
হিসেবে	বিবেচনা	5
হিসেবে	ব্যবহার	4
হিসেবে	কাজ	3
হিসেবে	স্বীকৃতি	3
হিসেবে	দায়িত্ব	2
হিসেবে	নিয়োগ	2
হিসেবেই	জানে	1
হীন	করে	1
হীন	মানসিকতার	1
হু	করে	1
হু	হু	1
হুঁশিয়ার	করে	1
হুকুম	দেন	1
হুকুম	পালনে	1
হুঙ্কার	দিতে	1
হুদায়বিয়ার	সন্ধির	2
হুমকি	এবং	2
হুমকি	দিয়ে	2
হুমকি	দিয়েছেন	2
হুমকি	দিচ্ছি	1
হুমকি	দিচ্ছে	1
হুমকি	দেয়	1
হুমকির	পরিপ্রেক্ষিতে	1
হুমকির	মুখে	1
হুল	আছে	1
হুল	দিবসে	1
হৃদয়	আবারো	1
হৃদয়	নরম	1
হৃদয়	ভেঙেছি	1
হৃদয়বিদারক	কাহিনী	2
হৃদয়ের	আদান	1
হৃদয়ের	চেয়ে	1
হৃদরোগে	আক্রান্ত	2
হৃদস্পন্দন	কয়েক	1
হৃৎপিণ্ড	চারটি	1
হে	আল্লাহ	3
হে	আমাদের	1
হেঁটে	গেছিলাম	1
হেঁটে	ঘুরে	1
হেঁটে	পনেরো	1
হেঁটে	যাব	1
হেঁটে	যেতে	1
হেঁটে	স্কুলে	1
হেদায়েতের	জন্য	3
হেনরিক	বলেন	1
হেরে	গেছি	2
হেরে	গেছিলাম	1
হেরে	ব্যাট	1
হেরে	যাচ্ছে	1
হেলাল	উদ্দিন	2
হেলিকপ্টার	অস্বাভাবিক	1
হেলিকপ্টার	উদ্ভাবন	1
হেলিকপ্টার	দুর্ঘটনায়	1
হেলিকপ্টার	সাঁজোয়া	1
হেসে	উঠলো	3
হেসে	উঠল	2
হেসে	উড়িয়ে	1
হেসে	পারলাম	1
হেসে	ফেলল	1
হেসে	ফেললেন	1
হোক	বা	2
হোক	বাংলা	1
হোক	মেয়ে	1
হোক	যদি	1
হোক	যা	1
হোটেল	খুঁজছি	3
হোটেল	কিনেছেন	1
হোটেল	সামিট	1
হোটেল	সুপারিশ	1
হোটেলে	রয়েছি	3
হোটেলে	থাকার	2
হোটেলে	ঢুকলাম	1
হোটেলে	নিয়ে	1
হোটেলের	শাখা	2
হোটেলের	খেয়াল	1
হোটেলের	সুপারিশ	1
হোন	না	1
হোল	না	1
হোলো	যে	1
হোলো	যোগাযোগের	1
হোসনে	আরা	2
হোসেন	ও	2
হোসেন	বলেন	2
হোসেন	এসব	1
হোসেন	খান	1
হোসেন	তাঁর	1
হোসেনের	বিরুদ্ধে	2
হ্যাঁ	এটা	3
হ্যাঁ	আমি	1
হ্যাঁ	আমিও	1
হ্যাঁ	বব	1
হ্যান্ডশেক	করি	1
হ্যালো	আপনি	1
হ্রদ	বিশ্বের	1
হ্রদের	তলদেশ	2
হ্রাস	পাচ্ছে	2
হ্রাস	পেতে	2
হ্রাস	পেয়েছে	1
