<s>	i	223043
<s>	the	99263
<s>	he	87687
<s>	she	49286
<s>	sami	48734
<s>	you	44305
a	lot	11113
a	good	6703
a	little	5496
a	new	4409
a	few	3777
a	very	3761
aaron	and	10
aaron	take	4
aaron	went	4
aaron	in	3
aaron	the	3
ab	is	3
abandon	the	28
abandon	their	19
abandon	you	14
abandon	me	13
abandon	my	11
abandon	her	9
abandoned	house	68
abandoned	the	31
abandoned	his	30
abandoned	building	28
abandoned	him	23
abandoned	by	16
abandoning	his	5
abandonment	issues	23
abandonment	of	3
abdomen	was	3
abdominal	pain	8
abducted	by	19
abducted	and	5
abel	was	3
aberdeen	centre	3
abide	by	36
abide	that	3
abide	with	3
abiding	citizens	5
abiding	citizen	3
abilities	to	7
abilities	and	6
abilities	are	6
abilities	were	4
abilities	of	3
abilities	that	3
ability	to	395
ability	in	14
ability	of	13
ability	is	8
ability	and	6
ability	but	6
abject	poverty	5
ablaze	with	8
able	to	5899
able	man	7
able	do	4
able	in	4
able	lawyer	3
abnormal	to	5
abnormalities	in	3
aboard	the	38
aboard	a	6
aboard	please	3
abode	of	7
abode	in	6
abolish	the	15
abolish	it	4
abolish	slavery	4
abolished	in	15
abolished	the	6
abolished	slavery	4
abominable	snowman	6
abomination	to	3
aboriginal	people	10
aboriginal	languages	8
aboriginal	australians	5
abortion	is	11
abortion	laws	5
abortion	and	3
about	the	3201
about	it	3065
about	that	2579
about	this	1637
about	to	1282
about	her	1007
above	the	298
above	all	154
above	me	28
above	sea	27
above	average	26
above	us	23
abraham	lincoln	20
abraham	and	16
abraham	moses	6
abraham	had	5
abraham	isaac	5
abraham	was	5
abrams	bet	4
abrams	tanks	4
abroad	in	33
abroad	for	30
abroad	next	21
abroad	to	20
abroad	and	15
abroad	is	15
abrupt	end	4
abrupt	question	3
abrupt	stop	3
abruptly	stopped	4
abruptly	ended	3
abruptly	turned	3
abscess	on	4
absence	of	67
absence	from	14
absence	is	7
absence	was	6
absence	and	3
absent	from	127
absent	minded	28
absent	today	23
absent	because	12
absent	for	11
absent	in	7
absolute	truth	14
absolute	power	9
absolute	zero	6
absolute	and	5
absolute	nonsense	5
absolute	poverty	5
absolutely	no	123
absolutely	nothing	100
absolutely	sure	41
absolutely	necessary	33
absolutely	not	26
absolutely	certain	25
absorb	water	17
absorb	carbon	3
absorbed	in	83
absorbed	by	17
absorbed	into	8
absorbed	all	7
absorbed	the	4
absorbed	and	3
absorbs	water	12
absorbs	the	5
absorbs	light	4
absorbs	from	3
absorbs	those	3
abstain	from	25
abstract	art	34
abstract	algebra	4
abstract	concept	3
abstract	for	3
abstract	ideas	3
abstract	to	3
absurd	to	11
absurd	and	8
absurd	things	5
absurd	of	4
absurd	that	3
absurdity	of	4
abundance	of	40
abundance	and	5
abundant	in	24
abundant	supply	5
abundant	harvest	4
abundant	with	3
abuse	of	18
abuse	and	16
abuse	is	12
abuse	it	8
abuse	at	5
abuse	has	4
abused	by	14
abused	his	12
abused	as	7
abused	her	5
abused	him	4
abuses	his	6
abusing	his	11
abusing	drugs	5
abusing	her	5
abusing	our	5
abusing	their	5
abusing	your	4
abusive	relationship	19
abusive	father	8
abusive	husband	6
abusive	person	6
abusive	to	6
abusive	and	5
abyss	of	6
abyss	the	3
ac	power	4
academic	writing	65
academic	papers	15
academic	paper	14
academic	year	8
academic	community	5
academic	performance	5
academics	are	3
academics	say	3
academy	of	24
academy	award	12
academy	awards	6
academy	in	4
academy	is	3
accelerate	the	7
accelerate	its	3
accelerated	his	3
accelerated	the	3
accelerating	climate	3
acceleration	and	4
accelerator	to	3
accent	is	29
accent	that	11
accent	of	7
accent	but	6
accent	was	6
accent	as	5
accents	of	4
accept	the	194
accept	that	109
accept	your	89
accept	it	72
accept	my	58
accept	this	42
acceptable	to	36
acceptable	behavior	5
acceptable	for	5
acceptable	and	4
acceptable	in	3
acceptance	of	23
accepted	the	112
accepted	islam	43
accepted	his	36
accepted	by	18
accepted	it	16
accepted	my	15
accepting	the	18
accepting	islam	6
accepting	it	6
accepting	my	5
accepting	of	5
accepting	our	5
accepts	cash	3
accepts	the	3
access	to	326
access	the	27
access	is	8
access	my	7
access	of	6
access	in	5
accessed	the	3
accessible	to	27
accessible	by	10
accessible	only	3
accessories	are	4
accessories	in	3
accessory	to	5
accident	happened	94
accident	was	52
accident	on	44
accident	at	35
accident	and	32
accident	in	24
accidental	death	3
accidentally	spilled	21
accidentally	dropped	19
accidentally	shot	19
accidentally	deleted	11
accidentally	locked	8
accidentally	hit	7
accidents	happen	27
accidents	are	19
accidents	can	9
accidents	in	7
accidents	have	6
accidents	occur	6
acclaimed	him	4
accommodate	guests	5
accommodate	you	5
accommodate	the	4
accommodate	as	3
accommodate	two	3
accommodate	yourself	3
accommodation	for	6
accommodation	and	3
accommodation	is	3
accompanied	by	86
accompanied	the	19
accompanied	me	16
accompanied	her	13
accompanied	him	11
accompany	you	42
accompany	me	28
accompany	the	26
accompany	him	13
accompany	her	6
accompany	them	6
accompanying	the	3
accomplice	of	3
accomplish	anything	19
accomplish	it	10
accomplish	that	10
accomplish	the	10
accomplish	this	6
accomplish	your	5
accomplished	a	19
accomplished	what	14
accomplished	in	8
accomplished	the	8
accomplished	their	4
accomplished	this	4
accomplishment	of	4
accomplishment	that	3
accomplishments	of	7
accord	with	17
accordance	with	38
accordance	to	4
according	to	1029
according	as	5
accordingly	they	3
accordion	is	3
account	of	156
account	for	93
account	is	19
account	in	17
account	the	17
account	was	17
accountability	for	7
accountability	and	3
accountable	for	25
accountable	to	11
accountant	was	4
accountant	and	3
accountant	to	3
accountants	are	3
accounted	for	20
accounting	for	12
accounting	department	3
accounts	for	29
accounts	of	11
accounts	and	6
accounts	are	6
accounts	to	5
accounts	have	4
accumulate	in	3
accumulate	on	3
accumulated	a	8
accumulated	in	3
accumulated	on	3
accuracy	of	11
accuracy	is	3
accurate	information	11
accurate	and	6
accurate	is	6
accurate	to	6
accurate	data	5
accurate	in	5
accurately	predict	3
accurately	to	3
accusation	was	4
accusation	and	3
accusation	of	3
accusations	are	11
accusations	of	11
accusations	against	6
accusations	that	4
accusations	were	3
accuse	you	20
accuse	me	15
accuse	him	5
accuse	anyone	4
accuse	my	3
accuse	the	3
accused	of	161
accused	him	40
accused	me	35
accused	her	23
accused	the	19
accuses	me	3
accuses	the	3
accusing	me	20
accusing	you	8
accusing	anyone	3
accusing	each	3
accusing	the	3
accusing	us	3
accustomed	to	202
ace	of	10
ace	up	6
aced	the	8
aced	every	3
ache	from	5
ache	in	5
ache	all	3
ache	and	3
ache	for	3
aches	and	8
aches	because	3
aches	for	3
aches	so	3
achieve	the	26
achieve	anything	23
achieve	a	22
achieve	that	19
achieve	in	18
achieve	your	18
achieved	his	21
achieved	a	19
achieved	by	13
achieved	the	12
achieved	her	9
achieved	what	9
achievement	in	4
achievement	of	4
achievement	is	3
achievements	and	6
achievements	in	5
achievements	of	4
achievements	are	3
achieving	your	7
achieving	the	6
achieving	a	3
achieving	my	3
achieving	our	3
achilles	was	3
aching	all	7
aching	to	7
aching	for	4
aching	from	3
acid	rain	15
acid	is	10
acid	and	8
acid	in	6
acid	was	4
acid	which	4
acids	are	5
acids	and	3
acids	in	3
acknowledge	that	24
acknowledge	the	19
acknowledge	your	10
acknowledge	my	5
acknowledge	it	4
acknowledge	his	3
acknowledged	as	7
acknowledged	that	7
acknowledged	his	5
acknowledged	the	4
acknowledged	having	3
acknowledged	her	3
acknowledging	the	6
acknowledging	me	3
acne	is	3
acorn	squash	3
acoustic	guitar	5
acoustics	here	10
acoustics	in	4
acquaintance	with	21
acquaintance	of	11
acquaintance	in	5
acquaintance	than	3
acquainted	with	106
acquire	a	8
acquire	the	7
acquire	this	5
acquire	it	3
acquire	more	3
acquired	a	21
acquired	the	13
acquired	by	9
acquired	taste	7
acquired	it	3
acquired	through	3
acquisition	of	9
acquisition	to	3
acquitted	of	8
acres	of	21
acres	in	3
acronym	for	6
across	the	1199
across	a	86
across	from	68
across	an	37
across	this	35
across	europe	29
act	like	161
act	of	129
act	as	85
act	in	34
act	on	30
act	now	21
acted	like	98
acted	as	54
acted	in	32
acted	on	19
acted	differently	18
acted	alone	17
acting	like	149
acting	as	23
acting	on	18
acting	in	16
acting	up	16
acting	so	15
action	is	33
action	to	25
action	movie	24
action	of	16
action	against	15
action	in	15
actions	are	36
actions	of	22
actions	and	18
actions	have	14
actions	in	13
actions	to	13
activate	the	6
activated	the	14
activated	by	4
activates	the	3
activating	the	3
activation	code	6
active	in	35
active	and	18
active	at	18
active	volcanoes	17
active	as	9
active	for	8
actively	learning	5
actively	involved	4
actively	in	3
actively	supports	3
actively	working	3
activist	in	4
activist	who	4
activists	were	5
activists	and	4
activists	have	4
activists	who	4
activists	in	3
activities	of	18
activities	and	17
activities	are	16
activities	in	13
activities	such	10
activities	that	10
activity	is	22
activity	in	21
activity	of	16
activity	for	9
activity	and	6
activity	you	5
actor	is	21
actor	and	11
actor	in	10
actor	has	7
actor	was	6
actor	who	6
actors	and	7
actors	are	6
actors	for	6
actors	in	5
actors	the	3
actors	to	3
actress	is	28
actress	and	7
actress	was	6
actress	in	4
actress	who	4
acts	like	52
acts	of	39
acts	as	31
acts	in	12
acts	on	12
acts	according	4
actual	problem	5
actual	child	4
actual	fact	4
actual	price	4
actual	bodily	3
actual	number	3
actually	a	91
actually	do	80
actually	i	79
actually	have	49
actually	did	43
actually	happened	42
acupuncture	can	5
acute	sense	5
acute	respiratory	4
acute	angle	3
acute	hunger	3
acute	pain	3
ad	in	15
ad	is	5
ad	for	4
ad	on	4
ad	campaign	3
ada	and	3
adam	and	20
adam	is	9
adam	was	8
adam	are	4
adam	called	3
adam	in	3
adamant	that	7
adams	was	6
adapt	to	67
adapt	and	6
adapt	or	5
adapt	themselves	4
adapt	your	4
adapt	yourself	4
adaptation	of	7
adaptation	is	6
adapted	to	43
adapted	quickly	10
adapted	into	8
adapted	for	6
adapted	from	6
adapted	the	4
adapting	to	9
add	a	149
add	the	67
add	to	52
add	some	45
add	sentences	43
add	up	43
added	to	107
added	a	72
added	that	24
added	some	21
added	the	14
added	sugar	12
addict	like	4
addicted	to	161
addiction	is	13
addiction	to	10
addiction	and	4
addictive	and	4
addictive	drug	3
adding	a	21
adding	to	12
adding	sentences	11
adding	that	10
adding	up	10
adding	new	9
addition	to	126
addition	of	11
addition	i	4
addition	they	4
addition	it	3
addition	there	3
additional	information	8
additional	cost	3
additional	details	3
additional	funding	3
additional	research	3
additional	ten	3
address	the	45
address	on	38
address	is	23
address	and	22
address	i	22
address	of	18
addressed	the	33
addressed	to	32
addressed	a	6
addressed	him	6
addressed	himself	4
addressed	me	4
addressing	the	13
addressing	me	5
adds	a	18
adds	to	10
adds	up	9
adds	that	7
adds	flavor	4
adds	color	3
ade	of	4
adept	at	10
adequate	for	6
adequate	to	5
adhere	to	20
adhesive	tape	3
adjacent	to	19
adjective	is	4
adjoining	room	4
adjourned	until	4
adjourned	the	3
adjust	to	40
adjust	the	39
adjust	your	9
adjust	my	5
adjust	it	4
adjust	myself	3
adjusted	the	28
adjusted	to	25
adjusted	his	9
adjusted	her	3
adjusting	to	9
adjusting	the	7
admin	of	3
administered	by	5
administered	kashmir	4
administration	has	12
administration	is	12
administration	to	8
administration	will	8
administration	of	6
administration	decided	4
administrative	assistant	5
administrative	capital	4
administrative	districts	3
administrator	is	3
administrator	jim	3
admiration	for	24
admiration	of	8
admiration	and	6
admiration	from	3
admire	your	88
admire	the	43
admire	her	23
admire	his	22
admire	him	16
admire	you	11
admired	the	56
admired	her	17
admired	his	15
admired	him	13
admired	by	6
admired	you	6
admirer	of	5
admires	her	5
admires	the	5
admires	him	3
admires	your	3
admiring	the	16
admiring	his	7
admission	is	20
admission	to	19
admission	fee	6
admission	of	6
admission	ticket	5
admission	that	3
admit	that	290
admit	it	92
admit	i	69
admit	to	19
admit	his	14
admits	that	31
admits	of	12
admits	he	10
admits	she	8
admits	to	8
admitted	that	313
admitted	to	113
admitted	he	102
admitted	she	93
admitted	they	87
admitted	i	26
admitting	what	10
admitting	that	9
admitting	there	3
adolescence	is	5
adolf	hitler	8
adopt	a	48
adopt	his	8
adopt	the	7
adopt	this	7
adopt	them	6
adopt	your	5
adopted	a	51
adopted	by	30
adopted	the	27
adopted	that	11
adopted	an	9
adopted	his	6
adopting	a	15
adoption	of	10
adoptive	parents	5
adorable	little	4
adorable	when	4
adorable	dog	3
adorable	face	3
adoration	chapel	6
adore	you	11
adore	the	10
adore	him	7
adore	your	7
adore	her	6
adore	them	5
adored	his	9
adored	him	7
adored	by	5
adored	the	5
adored	me	4
adores	her	5
adores	his	5
adores	the	4
adores	it	3
adoring	fans	3
adorn	the	4
adorned	with	33
adorned	the	15
adorned	by	3
adorned	her	3
adrenaline	rush	11
adrenaline	was	5
adrenaline	kicked	3
adrift	on	3
ads	on	5
ads	that	5
ads	and	3
ads	in	3
adult	now	15
adult	life	14
adult	male	8
adult	human	6
adult	but	5
adult	to	5
adultery	is	3
adultery	with	3
adults	are	21
adults	and	16
adults	do	10
adults	in	7
adults	who	7
adults	have	6
advance	for	23
advance	of	16
advance	in	12
advance	to	11
advance	the	9
advance	on	5
advanced	to	19
advanced	technology	14
advanced	in	9
advanced	and	7
advanced	on	7
advancement	of	9
advances	in	17
advances	to	7
advances	have	3
advances	the	3
advancing	in	4
advancing	the	4
advancing	at	3
advantage	of	329
advantage	over	27
advantage	in	18
advantage	to	17
advantage	for	8
advantage	is	5
advantages	and	21
advantages	of	19
advantages	to	6
advantages	for	4
advantages	that	4
advantages	over	3
advent	of	16
advent	calendar	3
adventure	books	10
adventure	and	9
adventure	in	6
adventure	stories	5
adventure	you	4
adventure	was	3
adventures	in	10
adventures	of	9
adventures	he	3
adversaries	and	3
adverse	effects	7
adversity	is	4
advertise	in	3
advertised	on	5
advertised	a	4
advertised	it	3
advertised	my	3
advertisement	in	8
advertisement	for	6
advertisement	is	3
advertisements	for	4
advertising	is	12
advertising	campaign	7
advertising	on	4
advertising	agency	3
advertising	campaigns	3
advertising	the	3
advice	i	45
advice	from	44
advice	is	36
advice	to	31
advice	on	30
advice	and	23
advisable	to	17
advisable	for	4
advise	you	120
advise	me	16
advise	against	14
advise	him	11
advise	us	7
advise	the	6
advised	him	145
advised	me	64
advised	her	34
advised	to	31
advised	by	24
advises	me	5
advises	him	4
advising	her	3
advisory	in	3
advocate	for	20
advocate	of	7
advocate	and	4
advocates	for	12
advocates	of	6
aerial	roots	7
aeroplane	is	4
aeroplane	has	3
aerospace	engineer	4
aerospace	exploration	4
aerospace	company	3
aesthetic	of	4
aesthetic	reasons	3
afar	off	7
afar	the	6
afar	and	4
affair	with	175
affair	is	18
affair	was	18
affair	of	5
affair	and	4
affair	has	4
affairs	of	21
affairs	in	10
affairs	and	9
affairs	to	6
affairs	with	5
affairs	when	3
affect	the	43
affect	me	17
affect	our	16
affect	us	15
affect	your	15
affect	you	14
affected	by	122
affected	his	14
affected	the	13
affected	a	6
affected	all	5
affected	us	5
affecting	the	11
affecting	his	3
affecting	you	3
affection	for	42
affection	and	10
affection	from	5
affection	is	5
affection	to	5
affection	of	4
affectionate	with	4
affectionate	father	3
affectionate	to	3
affections	of	3
affects	the	28
affects	your	8
affects	me	6
affects	us	6
affects	a	5
affects	millions	4
affiliated	with	14
affiliated	to	3
affinity	for	6
affinity	with	5
affirm	that	4
affirmative	action	3
afflicted	with	15
afflicted	by	5
affliction	and	4
afford	to	408
afford	a	85
afford	it	83
afford	that	31
afford	the	30
afford	this	20
affordable	housing	17
affordable	care	6
affordable	for	3
affordable	in	3
affordable	price	3
affordable	prices	3
afforded	by	3
affront	to	6
afghanistan	and	18
afghanistan	is	12
afghanistan	in	6
afghanistan	iraq	6
afghanistan	to	6
afghanistan	has	5
afraid	of	1499
afraid	to	495
afraid	that	375
afraid	i	218
afraid	you	44
afraid	the	40
africa	and	52
africa	is	46
africa	in	27
africa	to	19
africa	was	19
africa	has	16
african	american	46
african	countries	32
african	country	26
african	union	24
african	americans	19
african	nations	18
africans	are	6
africans	and	3
africans	in	3
africans	to	3
after	the	1425
after	a	673
after	all	378
after	that	280
after	school	272
after	i	246
aftermath	of	12
afternoon	i	30
afternoon	of	26
afternoon	with	20
afternoon	and	18
afternoon	at	17
afternoon	to	17
afterwards	i	14
afterwards	he	9
afterwards	we	7
afterwards	it	4
afterwards	they	4
afterwards	became	3
again	and	175
again	in	133
again	tomorrow	128
again	next	69
again	i	67
again	to	67
against	the	1025
against	it	111
against	a	105
against	his	102
against	me	97
against	him	93
agatha	christie	6
age	of	383
age	as	74
age	is	60
age	and	56
age	i	35
age	to	22
aged	to	11
aged	man	10
aged	with	8
aged	woman	6
aged	and	4
aged	people	4
agencies	should	9
agencies	are	7
agencies	and	6
agencies	have	6
agencies	to	6
agencies	that	4
agency	nasa	17
agency	and	14
agency	is	9
agency	has	8
agency	for	7
agency	said	7
agenda	for	8
agenda	is	6
agenda	items	5
agenda	has	3
agent	in	9
agent	is	7
agent	for	6
agent	was	5
agent	and	4
agent	of	4
agents	to	5
agents	are	4
agents	were	3
ages	of	27
ages	ago	16
ages	since	15
ages	to	15
ages	and	11
ages	in	5
aggravated	the	5
aggravated	by	4
aggression	and	3
aggression	in	3
aggression	is	3
aggressive	and	15
aggressive	behavior	14
aggressive	remarks	10
aggressive	towards	9
aggressively	and	3
agility	and	5
aging	population	9
aging	of	5
aging	process	4
aging	is	3
agitated	by	3
ago	i	79
ago	and	75
ago	in	47
ago	the	44
ago	but	35
ago	did	35
agony	of	5
agony	and	3
agree	with	636
agree	to	269
agree	on	92
agree	that	45
agree	or	14
agree	in	6
agreeable	to	11
agreeable	person	3
agreed	to	526
agreed	with	78
agreed	on	60
agreed	that	51
agreed	not	14
agreed	upon	14
agreeing	to	31
agreeing	with	9
agreement	with	45
agreement	on	17
agreement	is	16
agreement	between	12
agreement	was	11
agreement	to	7
agreements	with	7
agreements	are	3
agrees	with	53
agrees	to	9
agrees	or	6
agrees	that	5
agricultural	sector	35
agricultural	production	8
agricultural	research	6
agricultural	machinery	5
agricultural	products	5
agricultural	chemicals	4
agriculture	is	18
agriculture	and	17
agriculture	organization	9
agriculture	sector	5
agriculture	in	4
agriculture	was	3
aground	on	3
ah	i	24
ah	so	10
ah	the	10
ah	yes	9
ah	you	8
ahead	of	341
ahead	and	166
ahead	with	34
ahead	in	18
ahead	is	15
ahead	for	11
ahmed	is	9
ahold	of	3
ai	is	26
ai	will	12
ai	generated	8
ai	artificial	7
ai	may	5
ai	language	4
aid	kit	28
aid	of	26
aid	to	17
aid	on	15
aid	in	9
aid	and	8
aided	by	4
aiding	in	4
aids	research	6
aids	the	3
aids	virus	3
aim	to	47
aim	of	44
aim	at	30
aim	is	29
aim	for	24
aim	in	13
aimed	at	87
aimed	his	14
aimed	the	11
aimed	to	11
aimed	a	8
aimed	it	4
aimee	is	3
aiming	at	11
aiming	for	10
aiming	to	5
aiming	his	3
aimlessly	in	4
aims	to	43
aims	at	6
aims	for	6
aims	of	6
aims	are	3
air	conditioner	173
air	is	113
air	and	89
air	conditioning	77
air	of	69
air	pollution	62
aircraft	carrier	11
aircraft	carriers	9
aircraft	is	7
aircraft	into	5
aircraft	to	5
aircraft	will	5
aired	out	5
aired	in	3
aires	is	6
airing	in	3
airline	industry	3
airline	tickets	3
airlines	have	5
airlines	counter	4
airlines	in	4
airlines	are	3
airlines	flight	3
airplane	is	19
airplane	was	15
airplane	from	10
airplane	took	8
airplane	for	7
airplane	mode	6
airplanes	are	5
airplanes	is	4
airplanes	and	3
airplanes	fly	3
airplanes	flying	3
airplanes	have	3
airport	to	63
airport	is	28
airport	in	20
airport	has	14
airport	on	14
airport	was	14
airports	in	7
airports	and	4
airs	in	4
airs	with	3
airship	is	3
airtight	alibi	3
aisle	seat	15
aisle	of	5
aisle	and	4
aisle	to	3
ajay	is	3
akiko	has	4
akin	to	26
akira	is	4
al	qaeda	10
aladdin	found	3
alan	jackson	5
alan	shepard	4
alan	turing	4
alan	is	3
alarm	clock	76
alarm	system	20
alarm	went	19
alarm	for	11
alarm	rang	9
alarmed	by	6
alarmed	at	4
alarmed	and	3
alarming	levels	5
alas	i	3
alas	it	3
alaska	and	14
alaska	is	6
alaska	to	5
albania	is	14
albanian	women	9
albanians	are	7
albanians	love	6
albatross	flew	3
albert	einstein	24
albert	is	5
albert	i	3
alberto	was	215
alberto	heard	42
alberto	had	33
alberto	got	23
alberto	went	23
album	is	17
album	to	12
album	was	12
album	in	7
album	of	6
album	on	5
alchemy	is	4
alcohol	is	41
alcohol	in	22
alcohol	and	15
alcohol	at	10
alcohol	to	10
alcohol	for	9
alcoholic	drinks	17
alcoholic	beverages	10
alcoholic	drink	10
alcoholic	beer	7
alcoholic	beverage	6
alcoholic	and	5
alcoholics	anonymous	3
alcoholism	is	5
alert	the	12
alert	to	10
alert	for	5
alert	when	5
alert	and	4
alerted	the	34
alex	is	14
alex	was	5
alexander	the	16
alexander	hamilton	4
alexander	graham	3
alexander	was	3
alexandria	was	3
algae	and	4
algae	off	3
algebra	is	7
algeria	is	1708
algeria	needs	1199
algeria	has	910
algeria	and	321
algeria	should	166
algeria	for	148
algerian	government	179
algerian	economy	54
algerian	flag	44
algerian	army	41
algerian	city	38
algiers	is	348
algiers	has	80
algiers	to	73
algiers	needs	66
algiers	for	57
algiers	and	37
algorithm	to	6
algorithm	is	5
algorithm	that	3
ali	is	43
ali	was	8
ali	drank	5
ali	scored	4
ali	ate	3
alia	cemetery	3
alibi	for	5
alibi	was	5
alibi	is	3
alibi	seemed	3
alice	is	14
alice	was	7
alice	has	6
alice	in	5
alice	to	4
alice	went	4
alien	organism	30
alien	to	22
alien	creature	13
alien	ship	10
alien	with	9
alien	life	8
alienated	from	5
aliens	are	29
aliens	were	13
aliens	have	10
aliens	exist	8
aliens	will	8
aliens	in	7
align	the	7
align	with	6
aligned	with	3
alignment	of	5
alike	that	18
alike	to	9
alike	as	5
alike	but	4
alike	than	3
alive	and	52
alive	in	26
alive	with	23
alive	or	21
alive	by	11
alive	today	11
all	the	6139
all	of	2336
all	day	1335
all	that	980
all	over	834
all	this	823
allah	is	19
allah	and	7
allah	created	7
allah	be	4
allah	to	4
allah	will	3
allahu	akbar	4
allegations	are	10
allegations	of	4
allegations	that	3
alleged	to	8
alleged	that	3
allegedly	the	4
allegedly	killed	3
allegedly	true	3
allegiance	to	8
allergic	to	184
allergic	reaction	19
allergic	reactions	6
allergies	and	5
allergies	are	5
allergies	in	3
allergy	to	4
alleviate	the	18
alley	and	5
alley	behind	5
alley	is	3
alleys	of	3
alleyway	i	4
alliance	with	12
allied	with	15
allied	forces	6
allied	to	6
allies	in	8
allies	and	7
allies	including	3
allies	of	3
allies	to	3
allies	were	3
alligators	and	3
alligators	in	3
allocated	to	3
allotted	in	3
allow	me	182
allow	you	77
allow	that	46
allow	us	39
allow	it	35
allow	this	33
allowance	for	10
allowance	of	7
allowances	for	11
allowed	to	1041
allowed	in	99
allowed	me	30
allowed	here	29
allowed	the	28
allowed	him	27
allowing	the	11
allowing	them	8
allowing	us	5
allowing	her	4
allowing	me	4
allowing	to	3
allows	us	28
allows	you	26
allows	the	21
allows	for	20
allows	him	12
allows	me	11
alloy	of	3
ally	of	21
ally	or	3
almighty	god	9
almond	shaped	6
almond	milk	4
almond	tree	3
almonds	are	6
almonds	and	4
almost	every	293
almost	never	189
almost	all	181
almost	always	130
almost	no	107
almost	a	84
alone	in	353
alone	with	88
alone	at	80
alone	for	73
alone	and	66
alone	on	55
along	the	583
along	with	509
along	well	75
along	a	45
along	very	32
along	this	24
alongside	the	17
alongside	arabic	6
alongside	each	3
alongside	his	3
aloof	from	4
aloud	to	11
aloud	in	4
aloud	the	3
alpha	centauri	27
alpha	male	10
alpha	and	3
alpha	divides	3
alpha	particles	3
alphabet	consists	29
alphabet	has	18
alphabet	is	15
alphabet	was	10
alphabet	backwards	8
alphabet	in	6
alphabetical	order	26
alpine	town	3
alps	are	7
alps	for	3
alps	lasted	3
alps	with	3
already	been	315
already	know	260
already	told	168
already	done	159
already	have	144
already	left	123
alright	with	7
alright	you	7
alright	i	6
alright	if	6
alright	now	5
also	a	246
also	the	121
also	have	118
also	be	117
also	known	95
also	has	75
altar	and	10
altar	to	6
altar	of	4
alter	the	17
alter	ego	4
alter	our	4
alter	her	3
alter	his	3
alter	it	3
altercation	with	5
altered	the	8
altered	his	4
altered	her	3
altered	their	3
altering	the	4
alternate	plan	4
alternate	with	4
alternate	history	3
alternate	reality	3
alternating	current	4
alternative	to	28
alternative	medicine	14
alternative	but	9
alternative	for	5
alternative	sources	4
alternative	of	3
alternatives	to	8
alternatives	that	5
alternatives	are	3
although	i	92
although	the	87
although	he	78
although	it	51
although	she	39
although	they	24
altitude	of	16
altitude	is	3
altitude	sickness	3
altitude	the	3
altogether	bad	5
altogether	a	4
altogether	different	3
altogether	false	3
altogether	in	3
aluminium	is	4
aluminum	foil	9
aluminum	is	3
always	been	570
always	be	390
always	wanted	353
always	have	271
always	a	188
always	had	174
am	i	1587
am	not	878
am	a	573
am	going	403
am	very	227
am	the	225
amanda	to	74
amanda	was	33
amanda	and	30
amanda	for	21
amanda	in	19
amanda	a	17
amateur	and	4
amateur	musicians	3
amateur	porn	3
amaze	me	9
amazed	at	36
amazed	by	21
amazed	that	10
amazed	how	8
amazed	to	7
amazed	everyone	5
amazement	and	3
amazes	me	34
amazing	how	21
amazing	things	13
amazing	in	11
amazing	that	10
amazing	experience	9
amazing	woman	9
amazon	rainforest	20
amazon	is	12
amazon	river	7
amazon	and	6
amazon	are	4
amazon	jungle	4
ambassador	to	17
ambassador	for	5
ambassador	is	5
ambassador	was	5
ambassador	in	3
ambassador	of	3
ambassadors	of	3
amber	heard	11
amber	and	4
amber	is	4
ambient	music	5
ambiguous	again	3
ambiguous	phrases	3
ambition	to	19
ambition	is	15
ambition	was	6
ambition	of	5
ambitions	to	5
ambitions	and	4
ambitious	and	8
ambitious	program	5
ambitious	man	4
ambitious	project	4
ambitious	for	3
ambulance	arrived	14
ambulance	is	10
ambulance	came	5
ambulance	to	5
ambulance	driver	4
ambulance	drivers	4
ambush	and	3
ambushed	by	4
ambushed	him	4
ambushed	the	3
amelia	to	88
amelia	was	42
amelia	and	27
amelia	a	21
amelia	for	17
amelia	in	17
amend	the	3
amendment	to	6
amendment	was	3
amends	for	7
amends	to	5
america	is	106
america	and	37
america	has	26
america	the	26
america	to	24
america	was	22
american	and	47
american	dream	32
american	history	31
american	football	29
american	people	29
american	flag	23
americans	are	110
americans	have	32
americans	were	20
americans	in	19
americans	who	19
americans	to	18
americas	are	6
americas	to	3
amethyst	brooch	3
amicable	agreement	3
amid	the	39
amid	a	8
amid	all	4
amidst	the	18
amidst	a	6
amino	acids	6
amish	country	5
amish	people	3
amiss	to	3
amiss	with	3
ammonia	is	4
ammonia	and	3
ammunition	is	3
amnesia	is	3
amnesty	international	11
among	the	516
among	us	74
among	them	70
among	other	55
among	you	38
among	themselves	36
amongst	the	34
amongst	themselves	12
amongst	them	6
amongst	us	5
amongst	ourselves	4
amongst	my	3
amount	of	506
amount	to	50
amount	in	5
amount	that	5
amount	i	4
amount	you	4
amounts	of	96
amounts	to	29
ample	opportunity	3
ample	space	3
ample	time	3
amsterdam	is	9
amsterdam	and	4
amulet	brings	3
amuse	you	6
amuse	me	5
amused	by	29
amused	at	9
amused	the	8
amused	themselves	7
amused	himself	6
amused	me	4
amusement	park	63
amusement	parks	5
amuses	me	4
amusing	story	7
amusing	to	3
amy	coney	3
an	hour	1329
an	old	1071
an	important	504
an	algerian	432
an	accident	408
an	interesting	319
ana	is	5
ana	was	3
anal	sex	14
anal	intercourse	4
analyse	the	6
analysed	in	6
analysed	the	4
analysis	of	49
analysis	is	12
analysis	and	5
analysis	to	5
analysis	was	5
analysis	by	3
analysts	say	23
analyze	the	17
analyze	this	5
analyzed	the	27
analyzed	it	4
analyzed	in	3
analyzing	the	5
anarchy	is	3
ancestor	of	9
ancestor	was	3
ancestor	with	3
ancestors	of	9
ancestors	were	9
ancestors	are	8
ancestors	came	6
ancestors	from	4
ancestors	back	3
ancestral	home	5
ancestral	lands	4
ancestry	and	5
ancestry	is	3
anchor	in	10
anchored	in	6
anchors	to	6
ancient	times	45
ancient	greek	30
ancient	and	18
ancient	greece	17
ancient	rome	17
ancient	history	16
ancients	of	11
and	the	5272
and	i	3309
and	layla	2723
and	a	2419
anderson	was	5
anderson	and	3
anderson	is	3
andrew	tate	11
andrew	is	5
andrew	was	4
android	is	5
andromeda	galaxy	10
andromeda	nebula	3
andy	warhol	6
anecdote	is	3
angel	of	19
angel	and	7
angel	in	6
angel	is	4
angel	can	3
angel	to	3
angeles	is	11
angeles	to	8
angeles	by	4
angeles	and	3
angeles	for	3
angeles	has	3
angelic	face	3
angelic	voice	3
angelina	jolie	6
angels	and	7
angels	are	6
angels	have	6
angels	of	5
angels	can	3
anger	is	33
anger	and	32
anger	in	19
anger	has	14
anger	on	12
anger	out	12
angered	me	4
angered	at	3
angered	by	3
angle	of	11
angle	is	4
angle	lens	3
angle	the	3
angles	of	9
angles	and	6
angles	to	3
angling	for	4
angola	is	5
angrier	than	4
angrily	at	3
angry	with	273
angry	at	128
angry	and	55
angry	about	41
angry	when	27
angry	because	22
animal	is	46
animal	that	32
animal	in	29
animal	species	18
animal	and	16
animal	was	15
animals	are	97
animals	in	90
animals	and	59
animals	that	54
animals	to	37
animals	have	33
animated	by	8
animated	cartoon	3
animated	characters	3
anime	is	7
anime	and	6
anime	character	6
anime	series	6
anime	about	5
anime	characters	5
animosity	between	4
animosity	towards	3
ankara	is	3
ankle	and	8
ankle	is	7
ankle	while	6
ankle	deep	5
ankle	to	4
ankle	was	3
ann	is	16
ann	has	9
ann	nixon	4
ann	and	3
ann	likes	3
ann	seems	3
anna	to	57
anna	was	47
anna	is	38
anna	and	20
anna	were	19
anna	in	18
anne	was	13
anne	shirley	9
anne	had	8
anne	frank	7
anne	who	6
anne	is	5
annex	the	3
annihilate	the	3
annihilated	the	3
annihilation	of	8
anniversary	of	54
anniversary	is	9
anniversary	this	6
announce	the	17
announce	that	11
announce	his	4
announce	my	3
announced	that	65
announced	the	43
announced	a	26
announced	his	21
announced	it	13
announced	their	13
announcement	to	16
announcement	of	12
announcement	is	5
announcement	was	5
announcement	in	3
announcement	that	3
announcer	on	5
announcer	is	3
announces	a	3
announces	the	3
announcing	that	4
announcing	the	3
annoy	me	35
annoy	you	11
annoy	him	6
annoy	the	6
annoy	her	4
annoy	us	4
annoyance	towards	8
annoyance	from	4
annoyance	is	4
annoyed	by	46
annoyed	with	29
annoyed	at	16
annoyed	me	9
annoyed	mina	9
annoyed	the	8
annoying	me	14
annoying	to	10
annoying	and	7
annoying	the	6
annoying	as	5
annoying	but	5
annoys	me	45
annoys	you	12
annoys	the	5
annoys	us	3
annual	income	11
annual	report	10
annual	growth	9
annual	conference	4
annual	event	4
annual	rate	4
anomalies	in	3
anonymous	tip	13
anonymous	letters	8
anonymous	is	3
another	one	175
another	way	143
another	chance	133
another	day	88
another	woman	85
another	man	82
answer	the	232
answer	to	230
answer	is	178
answer	that	143
answer	my	90
answer	your	71
answered	the	135
answered	my	33
answered	him	22
answered	i	22
answered	that	22
answered	me	21
answering	the	28
answering	machine	14
answering	my	13
answering	his	10
answering	that	9
answering	your	8
answers	to	64
answers	are	25
answers	were	17
answers	from	12
answers	the	11
answers	with	11
ant	is	6
ant	and	3
ant	can	3
antarctic	ozone	4
antarctica	is	11
antarctica	and	3
antarctica	in	3
anthem	of	13
anthem	is	8
anthony	was	4
anthony	hopkins	3
anthropology	is	4
anthropology	at	3
anthropology	studies	3
anti	trans	12
anti	islam	9
anti	war	8
anti	corruption	7
antibiotic	resistant	7
antibiotics	are	9
antibiotics	and	5
antibiotics	in	4
antibiotics	to	4
antibodies	that	3
anticipate	that	23
anticipate	the	6
anticipate	this	5
anticipate	your	4
anticipate	it	3
anticipate	their	3
anticipated	this	10
anticipated	that	9
anticipated	such	4
anticipated	the	3
anticipating	a	4
anticipating	problems	3
anticipation	of	9
antidote	to	7
antidote	for	4
antique	shop	9
antique	clock	8
antique	store	6
antique	cars	4
antique	furniture	3
antique	lamp	3
antisocial	behavior	4
antlers	of	6
antlers	are	5
antlers	can	4
antlers	atop	3
antlers	were	3
antoinette	was	3
anton	is	4
antonio	was	169
antonio	and	56
antonio	is	46
antonio	has	26
antonio	told	26
antonio	took	24
ants	are	12
ants	in	10
ants	have	8
ants	and	7
ants	were	4
ants	at	3
anvil	and	3
anxiety	and	12
anxiety	about	10
anxiety	attack	8
anxiety	is	8
anxiety	disorder	6
anxiety	was	5
anxious	about	80
anxious	to	66
anxious	for	48
anxious	at	3
anxious	that	3
anxiously	at	4
any	more	1298
any	of	796
any	other	533
any	longer	445
any	time	339
any	money	283
anybody	else	186
anybody	who	85
anybody	to	78
anybody	in	77
anybody	here	71
anybody	would	63
anymore	do	20
anymore	are	17
anymore	because	13
anymore	but	11
anymore	i	10
anymore	and	8
anyone	else	390
anyone	who	323
anyone	to	208
anyone	in	192
anyone	can	180
anyone	here	140
anything	to	818
anything	about	700
anything	else	612
anything	you	344
anything	in	268
anything	like	260
anytime	soon	99
anytime	you	31
anytime	i	7
anytime	he	3
anytime	they	3
anyway	i	17
anyway	the	7
anyway	if	4
anyway	it	4
anywhere	else	68
anywhere	in	45
anywhere	you	39
anywhere	near	31
anywhere	to	27
anywhere	without	21
aoi	dances	4
aoi	is	3
apart	from	198
apart	in	13
apart	and	11
apart	by	11
apart	for	11
apart	the	9
apartheid	system	5
apartheid	state	4
apartheid	regime	3
apartment	in	83
apartment	is	72
apartment	building	52
apartment	complex	44
apartment	was	42
apartment	with	29
apartments	are	10
apartments	here	5
apartments	in	5
apartments	and	4
apathy	is	4
apes	and	6
apes	are	6
apex	predators	7
apocalyptic	future	3
apollo	astronauts	8
apollo	mission	6
apollo	and	4
apollo	in	3
apollo	program	3
apologies	for	12
apologise	for	20
apologise	to	17
apologised	to	8
apologize	for	172
apologize	to	157
apologize	in	11
apologize	if	6
apologize	when	4
apologize	at	3
apologized	to	132
apologized	for	105
apologized	and	10
apologized	on	3
apologized	so	3
apologizing	to	10
apologizing	for	9
apology	for	9
apology	letter	6
apology	to	6
apology	from	4
apology	is	3
apology	was	3
app	on	16
app	for	15
app	is	12
app	to	6
app	that	5
app	will	5
appalled	by	6
appalled	at	3
apparel	stalls	4
apparent	that	10
apparent	to	7
apparent	in	6
apparent	reason	6
apparently	the	25
apparently	i	14
apparently	he	12
apparently	it	10
apparently	not	10
apparently	this	10
appeal	to	61
appeal	for	7
appeal	of	4
appeal	and	3
appeal	his	3
appeal	in	3
appealed	to	30
appealed	the	6
appealed	for	4
appealing	to	17
appealing	for	6
appeals	to	14
appear	to	124
appear	in	62
appear	on	37
appear	at	10
appear	as	9
appear	before	7
appearance	of	49
appearance	and	17
appearance	is	15
appearance	in	8
appearance	he	7
appearance	but	6
appearances	are	4
appearances	can	4
appearances	of	4
appeared	to	142
appeared	in	99
appeared	on	60
appeared	at	26
appeared	from	25
appeared	out	24
appearing	in	19
appearing	on	10
appearing	to	3
appears	to	143
appears	that	46
appears	in	16
appears	on	11
appears	as	8
appears	the	8
appease	the	6
appease	women	3
appendix	removed	8
appetite	for	18
appetite	is	7
appetite	this	5
appetite	was	5
appetite	because	4
appetite	of	4
applaud	the	3
applaud	you	3
applaud	your	3
applauded	the	10
applauded	for	3
applauded	his	3
applause	and	4
applause	from	4
applause	of	3
apple	is	88
apple	pie	64
apple	tree	54
apple	trees	48
apple	juice	27
apple	and	26
apples	are	101
apples	and	38
apples	in	30
apples	at	17
apples	were	14
apples	or	13
appliances	and	6
appliances	are	4
appliances	in	3
applicants	for	3
applicants	must	3
application	form	46
application	of	20
application	for	12
application	to	12
application	is	8
application	was	6
applications	are	9
applications	for	4
applications	from	4
applications	in	4
applications	of	4
applied	for	102
applied	to	74
applied	the	16
applied	a	8
applied	himself	8
applied	in	7
applies	to	45
apply	for	114
apply	to	83
apply	the	20
apply	in	15
apply	a	10
apply	this	9
applying	for	17
applying	the	10
applying	to	9
applying	it	3
applying	them	3
appoint	me	3
appoint	new	3
appointed	as	17
appointed	him	12
appointed	time	10
appointed	to	10
appointed	by	7
appointed	a	6
appointment	with	73
appointment	for	40
appointment	at	36
appointment	to	26
appointment	is	19
appointment	book	10
appointments	for	3
appraisal	of	3
appreciate	your	181
appreciate	it	126
appreciate	the	100
appreciate	you	52
appreciate	that	43
appreciate	what	29
appreciated	that	19
appreciated	the	16
appreciated	by	6
appreciated	your	6
appreciated	her	5
appreciated	his	5
appreciates	the	16
appreciates	her	5
appreciates	that	4
appreciates	your	4
appreciates	his	3
appreciates	my	3
appreciation	for	19
appreciation	of	10
appreciation	to	3
appreciative	of	7
apprehended	by	5
apprehension	of	3
apprehensive	of	5
apprehensive	that	3
approach	to	66
approach	the	35
approach	this	16
approach	is	15
approach	that	11
approach	of	10
approached	the	134
approached	by	16
approached	me	14
approached	him	9
approached	her	8
approaches	the	9
approaches	to	8
approaches	a	3
approaches	you	3
approaching	the	40
approaching	his	7
approaching	from	5
approaching	a	4
approaching	him	4
approaching	in	4
appropriate	for	37
appropriate	to	24
appropriate	time	11
appropriate	measures	4
appropriate	clothing	3
appropriate	words	3
approval	of	10
approval	from	9
approval	is	6
approval	by	5
approval	for	5
approval	to	4
approve	of	99
approve	the	16
approve	your	9
approve	my	3
approve	this	3
approved	the	33
approved	by	26
approved	of	15
approved	it	8
approved	a	7
approved	in	5
approves	of	7
approves	the	3
approximate	age	3
approximately	one	12
approximately	how	9
approximately	three	8
approximately	the	7
approximately	million	6
approximately	two	5
apps	to	7
apps	that	5
apps	do	3
apps	from	3
apps	have	3
apps	on	3
apricot	tree	5
apricot	brandy	3
apricot	juice	3
apricot	trees	3
april	of	31
april	th	27
april	is	19
april	and	13
april	in	11
april	the	11
apron	on	3
aprons	and	3
apt	to	93
aptitude	for	7
aquarium	fish	3
aquarium	in	3
aquarium	is	3
aquatic	life	4
aquatic	centre	3
arab	countries	15
arab	and	11
arab	spring	9
arab	world	8
arab	league	7
arabia	is	20
arabia	and	13
arabia	has	4
arabia	to	4
arabian	horses	8
arabian	peninsula	8
arabic	and	63
arabic	is	33
arabic	teacher	26
arabic	in	19
arabic	language	13
arabic	at	11
arabs	are	11
arabs	and	5
arabs	were	4
arabs	hate	3
arbitrary	and	4
arbitrary	detention	4
arc	de	7
arc	of	5
arc	lamps	4
arcade	games	4
arch	of	3
archaeological	site	5
archaeological	sites	5
archaeological	finds	3
archaeologist	found	3
archaeologist	is	3
archaeologists	found	6
archaeologists	have	5
archaeologists	discovered	3
archaeology	is	4
archaic	looking	3
archangel	gabriel	4
architect	and	6
architect	of	6
architect	who	4
architect	designed	3
architect	was	3
architects	of	4
architectural	style	5
architectural	design	4
architectural	historian	3
architecture	of	12
architecture	and	9
architecture	in	5
architecture	is	3
archive	of	6
archives	of	5
arctic	ecosystem	21
arctic	circle	9
arctic	is	8
arctic	ocean	8
arctic	foxes	5
arctic	tundra	4
ardent	desire	3
ardent	wish	3
are	you	15465
are	the	2520
are	not	2001
are	a	1688
are	in	1175
are	very	1170
area	of	204
area	is	106
area	in	49
area	where	44
area	was	39
area	and	27
areas	of	120
areas	in	25
areas	where	23
areas	and	14
areas	are	14
areas	that	9
arena	for	3
argentina	is	9
arguably	the	5
argue	with	123
argue	about	30
argue	that	27
argue	a	12
argue	the	9
argue	in	6
argued	with	113
argued	that	28
argued	about	15
argued	for	8
argued	the	8
argued	over	5
argues	that	13
argues	with	10
arguing	with	104
arguing	about	56
arguing	again	12
arguing	for	10
arguing	in	9
arguing	over	9
argument	with	62
argument	is	37
argument	was	30
argument	for	11
argument	that	8
argument	has	7
arguments	are	11
arguments	in	9
arguments	with	6
arguments	for	5
arguments	to	4
arid	region	3
ariel	likes	5
arise	from	14
arise	and	9
arise	in	6
arise	between	3
arises	from	9
aristotle	believed	11
aristotle	the	3
arithmetic	is	3
arizona	and	3
ark	and	5
ark	for	3
ark	of	3
ark	thou	3
ark	was	3
arm	and	81
arm	around	42
arm	in	38
arm	is	22
arm	of	14
arm	to	14
armada	of	4
armchair	is	8
armchair	and	6
armchair	with	4
armed	with	33
armed	forces	30
armed	and	24
armed	to	15
armed	conflict	11
armed	robbery	10
armenian	genocide	8
armenian	is	5
armenian	alphabet	3
armenian	and	3
armenian	prime	3
armies	in	6
armies	of	4
armies	one	4
armies	were	3
armistice	day	5
armored	vehicles	3
arms	and	79
arms	around	57
arms	folded	28
arms	are	21
arms	of	20
arms	to	18
armstrong	was	10
armstrong	and	5
armstrong	is	3
armstrong	said	3
army	is	45
army	of	34
army	was	22
army	to	19
army	has	18
army	and	17
arnold	schwarzenegger	15
aroma	of	32
aroma	is	3
arose	in	14
arose	from	13
arose	and	12
arose	a	6
arose	between	3
arose	the	3
around	the	2014
around	here	702
around	and	256
around	him	161
around	in	147
around	for	144
arouse	suspicion	4
arouse	my	3
aroused	my	9
aroused	by	8
aroused	her	3
aroused	the	3
arrange	a	13
arrange	for	12
arrange	that	12
arrange	it	9
arrange	the	7
arrange	to	7
arranged	the	36
arranged	for	28
arranged	a	22
arranged	to	21
arranged	in	14
arranged	marriage	7
arrangement	is	7
arrangement	of	5
arrangement	that	3
arrangements	for	12
arrangements	to	6
arrangements	are	5
arrangements	have	3
arranging	items	3
arranging	this	3
array	of	24
array	and	3
arrest	you	23
arrest	him	16
arrest	for	15
arrest	me	15
arrest	them	10
arrest	warrant	8
arrested	for	118
arrested	and	44
arrested	the	42
arrested	in	38
arrested	by	31
arrested	at	21
arresting	the	6
arresting	me	3
arresting	you	3
arrests	were	5
arrests	for	3
arrival	of	66
arrival	in	9
arrival	was	9
arrival	at	7
arrival	time	7
arrival	he	4
arrive	at	158
arrive	in	123
arrive	on	95
arrive	late	31
arrive	soon	21
arrive	there	19
arrived	at	499
arrived	in	273
arrived	on	99
arrived	home	56
arrived	late	56
arrived	there	53
arrives	at	29
arrives	in	13
arrives	on	7
arrives	late	5
arrives	the	5
arriving	at	58
arriving	in	38
arriving	on	14
arriving	soon	14
arriving	late	12
arriving	from	7
arrogance	is	12
arrogance	and	5
arrogance	of	5
arrogance	will	5
arrogance	that	4
arrogant	people	37
arrogant	and	9
arrogant	comments	5
arrogant	jerk	4
arrogant	person	4
arrow	at	5
arrow	hit	5
arrow	into	5
arrow	in	4
arrow	of	4
arrow	pierced	3
arrows	at	3
arsenal	is	3
arsenic	is	3
art	of	151
art	is	52
art	and	42
art	thou	33
art	museum	29
art	in	25
artemis	was	4
artemis	ii	3
arteries	and	3
arteries	of	3
artery	disease	5
article	is	53
article	about	41
article	on	29
article	was	24
article	for	19
article	in	17
articles	in	19
articles	are	14
articles	on	13
articles	about	11
articles	of	10
articles	for	9
articulate	but	3
artifacts	from	6
artifacts	of	3
artificial	intelligence	135
artificial	languages	20
artificial	language	18
artificial	satellite	10
artificial	flowers	7
artificial	insemination	5
artist	is	26
artist	who	15
artist	in	13
artist	and	10
artist	has	8
artist	as	6
artistic	and	8
artistic	talent	6
artistic	beauty	3
artistic	sensibility	3
artistic	touch	3
artists	in	11
artists	and	10
artists	are	10
artists	of	9
artists	have	5
artists	to	4
arts	and	16
arts	to	5
arts	in	4
arts	school	4
aryan	language	5
as	a	5294
as	i	2457
as	the	2057
as	you	1895
as	well	1711
as	he	1419
asbestos	is	3
ascended	the	9
ascended	to	6
ascending	and	4
ascent	of	3
ascertain	the	10
ash	and	7
ash	tree	6
ash	is	5
ash	wednesday	5
ash	from	4
ash	in	3
ashamed	of	259
ashamed	to	69
ashamed	that	12
ashamed	and	8
ashamed	for	6
ashamed	about	5
ashes	of	7
ashes	are	6
ashes	were	5
ashes	and	4
ashes	in	4
ashes	from	3
ashore	and	5
ashore	on	4
ashton	had	4
ashton	in	3
asia	and	19
asia	is	11
asia	in	6
asia	but	5
asia	has	5
asia	africa	4
asian	countries	17
asian	carp	15
asian	american	11
asian	americans	8
asian	country	8
asian	elephants	7
asians	and	7
asians	have	4
asians	are	3
asians	eat	3
aside	from	48
aside	and	35
aside	for	30
aside	to	22
aside	a	12
aside	some	9
ask	you	726
ask	for	462
ask	me	452
ask	him	407
ask	her	318
ask	them	190
asked	me	969
asked	for	544
asked	him	463
asked	her	363
asked	to	346
asking	for	191
asking	me	148
asking	you	112
asking	questions	78
asking	a	36
asking	the	29
asks	for	37
asks	me	25
asks	you	15
asks	him	14
asks	the	12
asks	questions	10
asleep	in	120
asleep	on	77
asleep	while	36
asleep	when	33
asleep	with	33
asleep	and	30
asparagus	harvest	3
asparagus	with	3
aspect	of	66
aspect	and	3
aspect	in	3
aspect	mood	3
aspects	of	73
asperger	syndrome	3
aspirations	in	4
aspirations	to	4
aspirations	for	3
aspirations	of	3
aspire	to	35
aspirin	is	5
aspirin	for	4
aspirin	a	3
aspirin	and	3
aspirin	can	3
aspirin	works	3
aspiring	artists	3
ass	off	17
ass	and	14
ass	in	14
ass	out	10
ass	is	8
ass	of	7
assailant	was	3
assassin	was	3
assassinate	the	5
assassinated	in	16
assassinated	by	6
assassinated	with	3
assassination	of	9
assassination	attempt	8
assassination	attempts	3
assault	rifle	8
assault	and	7
assault	on	7
assault	layla	4
assault	of	4
assault	against	3
assaulted	by	9
assaulted	a	8
assaulted	layla	7
assaulted	in	6
assaulted	her	3
assaulted	on	3
assemble	the	7
assemble	a	3
assemble	in	3
assemble	this	3
assembled	the	18
assembled	in	11
assembled	a	3
assembling	the	5
assembly	line	15
assembly	of	11
assembly	and	6
assembly	is	4
assembly	will	4
assert	that	7
assert	their	6
assert	himself	5
assert	his	5
assert	herself	4
assert	its	4
assertive	with	7
assertive	in	4
asses	and	8
assess	the	20
assess	whether	4
assessed	the	8
assessing	the	6
assessment	of	9
assessment	is	7
asset	to	8
assets	and	4
assets	in	3
assets	of	3
asshole	is	5
asshole	that	4
asshole	who	4
asshole	and	3
asshole	in	3
asshole	of	3
assign	blame	3
assigned	to	43
assigned	the	11
assigned	a	9
assigned	me	8
assignment	in	6
assignment	is	6
assignment	to	4
assignment	for	3
assignment	yet	3
assignments	and	5
assimilate	the	4
assist	you	31
assist	me	15
assist	us	11
assist	him	6
assist	the	5
assist	with	5
assistance	of	13
assistance	to	13
assistance	from	7
assistance	i	5
assistance	in	4
assistance	is	3
assistant	to	8
assistant	is	7
assistant	manager	7
assistant	at	5
assistant	professor	5
assistant	for	4
assistants	were	3
assisted	by	7
assisted	her	5
assisted	suicide	4
assisted	him	3
assisted	the	3
assisted	their	3
assisting	with	3
associate	with	34
associate	professor	5
associate	it	4
associate	the	4
associated	with	106
associated	in	3
associates	with	3
association	of	18
association	with	8
association	has	7
association	is	5
association	to	5
association	for	4
assortment	of	8
assume	that	174
assume	you	45
assume	the	12
assumed	that	84
assumed	you	20
assumed	the	19
assumed	it	14
assumed	he	10
assumed	to	10
assumes	that	3
assumes	the	3
assuming	that	18
assuming	you	5
assuming	it	4
assuming	the	4
assumption	that	17
assumption	is	5
assumptions	about	8
assumptions	were	4
assumptions	are	3
assurance	of	4
assurance	that	3
assure	you	109
assure	the	3
assured	me	19
assured	that	14
assured	us	6
assured	her	5
assured	him	5
asteroid	belt	13
asteroid	to	6
asteroid	that	4
asteroid	is	3
asteroid	or	3
asteroid	will	3
asteroids	and	11
asteroids	are	10
asthma	attack	8
asthma	attacks	7
asthma	and	5
asthma	or	3
astonished	by	14
astonished	at	12
astonished	to	8
astonished	us	8
astonished	me	3
astonished	that	3
astonishing	how	3
astral	projection	4
astral	body	3
astray	in	3
astrology	is	3
astronaut	is	5
astronaut	was	4
astronaut	from	3
astronaut	in	3
astronaut	when	3
astronauts	to	11
astronauts	on	9
astronauts	are	7
astronauts	from	7
astronauts	were	5
astronauts	in	4
astronomer	and	4
astronomer	edwin	3
astronomers	have	15
astronomers	believe	7
astronomers	say	7
astronomers	think	7
astronomers	are	6
astronomers	use	5
astronomical	union	4
astronomical	unit	3
astronomy	and	15
astronomy	is	14
astronomy	in	5
astronomy	maybe	5
astronomy	or	4
astronomy	that	4
asylum	in	12
asylum	seekers	10
asylum	to	5
asylum	for	4
asylum	claims	3
at	the	13645
at	a	2649
at	all	2636
at	home	2560
at	least	1665
at	that	1390
ate	a	299
ate	the	250
ate	all	84
ate	lunch	81
ate	some	77
ate	it	67
atheist	but	4
atheist	is	3
athena	is	5
athens	in	5
athens	is	3
athlete	in	7
athlete	to	4
athlete	is	3
athletes	are	9
athletes	to	9
athletes	from	8
athletes	have	7
athletes	and	6
athletes	who	5
athletic	meet	15
athletic	meeting	8
athletic	and	3
athletic	career	3
athletic	events	3
atlanta	georgia	5
atlanta	and	3
atlantic	ocean	53
atlantic	coast	13
atlantic	and	5
atlantic	in	4
atlantic	on	3
atlantic	with	3
atlantis	is	3
atlas	mountains	12
atlas	is	6
atlas	national	4
atlas	of	3
atm	is	3
atm	near	3
atmosphere	is	35
atmosphere	of	34
atmosphere	and	28
atmosphere	in	26
atmosphere	was	12
atmosphere	at	8
atmospheric	pressure	15
atmospheric	administration	6
atom	is	4
atom	bomb	3
atom	bombs	3
atomic	number	51
atomic	bomb	27
atomic	energy	18
atomic	power	4
atomic	age	3
atomic	bombs	3
atoms	are	9
atoms	and	8
atoms	in	8
atoms	that	3
atone	for	10
atop	the	16
atop	a	9
atop	its	4
atrocities	committed	6
atrocities	in	6
atrocities	were	3
attach	the	8
attach	a	7
attach	your	4
attach	it	3
attach	themselves	3
attach	this	3
attached	to	134
attached	the	17
attached	a	11
attached	is	6
attached	great	4
attached	my	3
attachment	to	17
attack	on	39
attack	and	29
attack	the	21
attack	was	19
attack	people	15
attacked	by	130
attacked	the	70
attacked	him	24
attacked	me	17
attacked	and	14
attacker	was	4
attackers	were	5
attacking	the	11
attacking	him	6
attacking	people	5
attacking	layla	4
attacking	me	4
attacking	their	3
attacks	on	14
attacks	against	9
attacks	and	8
attacks	of	8
attacks	are	7
attacks	by	5
attained	his	5
attained	the	5
attained	their	5
attained	a	4
attained	its	4
attempt	to	167
attempt	at	25
attempt	was	9
attempt	on	6
attempt	the	6
attempt	by	5
attempted	to	174
attempted	murder	12
attempted	suicide	11
attempted	the	3
attempting	to	55
attempting	the	3
attempts	to	62
attempts	at	19
attempts	failed	6
attempts	were	5
attempts	the	3
attenborough	is	3
attend	the	220
attend	to	56
attend	a	37
attend	that	28
attend	this	20
attend	your	18
attendance	is	14
attendance	at	6
attended	the	136
attended	a	64
attended	his	13
attended	an	11
attended	by	10
attended	college	10
attending	the	48
attending	a	13
attending	school	7
attending	physician	4
attending	this	4
attending	such	3
attends	the	6
attends	primary	5
attends	state	3
attention	to	610
attention	of	43
attention	on	38
attention	in	37
attention	from	26
attention	was	24
attentive	to	10
attentive	in	4
attest	to	7
attic	door	22
attic	is	12
attic	was	11
attic	and	7
attic	to	6
attire	for	4
attire	was	3
attitude	towards	26
attitude	toward	17
attitude	is	16
attitude	of	16
attitude	to	15
attitude	that	10
attitudes	are	5
attitudes	of	3
attitudes	toward	3
attorney	general	7
attorney	is	4
attorney	to	4
attorney	has	3
attorney	one	3
attract	foreign	27
attract	attention	18
attract	more	18
attract	the	17
attract	a	15
attract	customers	7
attracted	to	216
attracted	by	23
attracted	the	22
attracted	a	10
attracted	me	6
attracted	many	4
attracting	more	5
attraction	to	16
attraction	in	10
attraction	for	8
attraction	is	7
attraction	of	5
attraction	at	4
attractions	in	4
attractive	to	16
attractive	woman	15
attractive	in	11
attractive	man	8
attractive	and	7
attractive	but	7
attracts	a	11
attracts	many	6
attracts	more	4
attracts	thousands	3
attracts	tourists	3
attracts	you	3
attribute	of	5
attributed	to	30
attributed	his	7
attributed	the	6
attributed	her	4
attributes	of	8
attributes	his	6
attributes	to	4
au	prince	7
au	pair	4
auction	for	6
auction	off	3
auctioned	off	4
audacity	to	7
audacity	of	3
audience	was	25
audience	applauded	13
audience	is	13
audience	were	13
audience	at	12
audience	in	9
audiences	around	4
audio	files	12
audio	and	4
audio	in	3
audition	for	9
audition	tomorrow	4
audition	and	3
audition	today	3
auditioned	for	9
auditioning	for	4
auditorium	is	5
august	of	21
august	is	14
august	th	14
august	the	12
august	and	5
august	september	5
augustine	was	3
augusto	is	3
auld	lang	3
aunt	is	30
aunt	and	18
aunt	has	14
aunt	who	12
aunt	in	10
aunt	was	10
aunts	on	3
aura	of	9
austin	texas	3
australia	for	349
australia	next	298
australia	with	167
australia	is	150
australia	last	127
australia	in	96
australian	outback	13
australian	aboriginal	10
australian	embassy	5
australian	open	5
australian	researchers	5
australians	are	11
austria	is	16
austria	and	9
austria	to	8
austria	for	3
austria	you	3
austrian	and	3
austrian	passport	3
authentic	pretzel	5
authentic	chinese	3
authenticity	of	8
authenticity	is	4
author	of	91
author	is	29
author	has	9
author	to	6
author	who	5
author	was	4
authorised	to	4
authorities	are	23
authorities	have	15
authorities	in	15
authorities	say	10
authorities	to	10
authorities	had	5
authority	to	37
authority	on	24
authority	of	22
authority	in	15
authority	and	8
authority	over	8
authorization	to	3
authorize	that	3
authorized	to	22
authorized	the	7
authorized	you	3
authors	of	10
authors	is	4
authors	like	3
authors	translate	3
autism	is	5
autism	than	3
autistic	people	6
autistic	children	3
auto	industry	6
auto	mechanic	4
auto	destruct	3
auto	shop	3
auto	tune	3
autobiography	of	4
automatic	translation	4
automatic	doors	3
automatically	turned	3
automatically	when	3
automobile	accident	9
automobile	industry	5
automobile	has	4
automobile	is	4
automobile	was	3
automotive	industry	5
autonomous	car	3
autonomous	regions	3
autonomous	republic	3
autonomy	to	5
autonomy	of	3
autopsy	report	4
autopsy	on	3
autopsy	was	3
autopsy	will	3
autumn	is	38
autumn	the	21
autumn	leaves	18
autumn	wind	12
autumn	and	10
autumn	comes	7
auxiliary	language	25
auxiliary	verb	7
auxiliary	languages	6
avail	yourself	10
avail	himself	3
availability	of	13
available	in	79
available	for	63
available	to	59
available	at	26
available	on	25
available	online	13
avalanche	was	3
ave	maria	3
avenge	his	6
avenge	the	6
avenged	his	7
avenue	in	7
avenue	to	7
avenue	of	5
avenue	is	4
avenues	for	3
average	of	22
average	person	18
average	height	17
average	temperature	16
average	life	11
average	temperatures	9
aversion	to	7
aversion	toward	4
avert	an	4
aviation	industry	4
avid	reader	9
avid	readers	4
aviv	is	3
aviv	to	3
avocado	is	15
avocado	in	4
avocado	on	3
avocado	shake	3
avocado	to	3
avoid	the	92
avoid	a	35
avoid	being	34
avoid	using	30
avoid	making	29
avoid	it	28
avoided	the	32
avoided	that	12
avoided	talking	8
avoided	by	5
avoided	at	4
avoided	if	4
avoiding	me	22
avoiding	him	10
avoiding	the	9
avoiding	her	6
avoiding	them	4
avoiding	you	4
avoids	attachment	4
avoids	me	4
avoids	texting	4
avoids	that	4
avoids	the	4
avoids	getting	3
aw	lem	3
aw	man	3
await	your	5
await	a	4
await	you	4
await	the	3
awaited	him	11
awaited	the	8
awaited	her	5
awaited	his	3
awaited	us	3
awaiting	the	14
awaiting	trial	8
awaiting	his	5
awaiting	your	5
awaiting	us	4
awaiting	orders	3
awaits	you	10
awaits	us	7
awaits	me	5
awaits	them	4
awaits	him	3
awake	all	27
awake	for	25
awake	and	17
awake	at	17
awake	when	11
awake	until	10
awaken	the	3
awakened	by	19
awakens	the	6
award	for	23
award	winning	11
award	in	4
award	at	3
award	by	3
award	that	3
awarded	the	18
awarded	a	16
awarded	to	6
awarded	her	3
awarded	in	3
awards	and	7
awards	for	5
awards	ceremony	4
aware	of	471
aware	that	140
aware	i	15
aware	the	8
aware	you	5
aware	this	3
awareness	of	20
awareness	about	9
awareness	and	3
awareness	is	3
awareness	that	3
away	from	1831
away	with	346
away	the	193
away	in	161
away	and	136
away	by	119
awe	inspiring	9
awe	of	7
awe	and	4
awe	at	3
awesome	to	5
awesome	job	4
awesome	time	4
awesome	at	3
awesome	is	3
awesome	right	3
awful	lot	17
awful	thing	10
awful	things	10
awful	day	8
awful	about	7
awful	to	6
awfully	quiet	8
awfully	sorry	8
awfully	hot	7
awfully	cold	5
awfully	glad	5
awfully	long	4
awkward	silence	10
awkward	situation	9
awkward	in	7
awkward	and	6
awkward	around	6
awkward	to	5
awkwardly	on	3
awoke	to	29
awoke	and	7
awoke	the	7
awoke	in	6
awoke	this	4
awoke	with	4
ax	to	7
axe	to	9
axe	and	4
axe	in	3
axe	is	3
axis	is	5
axis	and	4
axis	in	3
ay	and	3
azul	is	3
babe	in	3
babies	are	24
babies	in	10
babies	and	7
babies	were	7
babies	to	6
babies	cry	5
baby	is	171
baby	was	88
baby	in	80
baby	to	48
baby	goats	43
baby	has	31
babylon	space	3
babylon	was	3
babysit	his	6
babysit	my	6
babysit	the	5
babysit	for	4
babysit	your	3
babysitter	for	11
babysitter	on	3
babysitting	his	3
bachelor	party	6
bachelor	of	4
bachelor	too	4
bachelor	life	3
back	to	3832
back	in	913
back	home	643
back	on	498
back	from	449
back	and	342
backbone	of	10
backdrop	of	7
backdrop	for	4
backed	away	31
backed	up	29
backed	by	16
backed	out	13
backed	off	10
backed	into	9
backfire	on	3
backfired	on	6
background	and	11
background	of	10
background	noise	9
background	check	8
background	is	7
background	music	5
backing	out	7
backing	up	5
backing	of	4
backing	away	3
backing	group	3
backpack	on	14
backpack	and	12
backpack	is	10
backpack	was	9
backpack	at	6
backpack	in	5
backs	on	15
backs	of	4
backs	to	4
backs	are	3
backup	plan	20
backup	tokens	10
backup	token	4
backup	phone	3
backward	and	7
backward	in	4
backward	to	3
backwards	to	10
backwards	and	8
backwards	in	3
backwards	please	3
backyard	is	11
backyard	and	6
backyard	was	6
backyard	with	6
backyard	for	4
backyard	of	4
bacon	and	19
bacon	is	8
bacon	club	5
bacon	for	5
bacon	on	4
bacon	lettuce	3
bacteria	are	15
bacteria	and	14
bacteria	that	13
bacteria	in	10
bacteria	can	6
bacteria	on	5
bacterial	infection	6
bacterial	infections	6
bacterial	growth	5
bad	for	284
bad	news	164
bad	weather	164
bad	idea	142
bad	at	134
bad	mood	119
badge	of	7
badge	on	5
badge	number	3
badly	injured	26
badly	in	18
badly	damaged	15
badly	hurt	14
badly	at	12
badly	that	9
badminton	is	7
badminton	and	4
badminton	on	3
badminton	with	3
baffled	by	4
bag	of	119
bag	and	68
bag	is	60
bag	on	44
bag	was	38
bag	in	30
baggage	is	8
baggage	claim	6
baggage	for	6
baggage	to	6
baggage	on	5
baggage	with	4
baghdad	is	3
bags	of	32
bags	and	31
bags	in	24
bags	are	19
bags	to	13
bags	on	10
bail	out	5
bail	is	4
bail	was	3
bailed	on	4
bailed	out	3
bait	on	4
bait	and	3
bait	to	3
bake	a	35
bake	bread	15
bake	in	7
bake	cakes	6
bake	cookies	5
bake	some	5
baked	a	67
baked	some	29
baked	bread	24
baked	cookies	17
baked	this	10
baked	in	8
baker	street	16
baker	is	9
baker	has	4
baker	in	4
baker	decorated	3
baker	had	3
bakery	is	19
bakery	in	6
bakery	and	5
bakery	to	4
bakery	has	3
baking	soda	22
baking	bread	12
baking	powder	11
baking	a	9
baking	in	8
baking	sheet	6
balance	of	30
balance	and	24
balance	between	22
balance	in	15
balance	is	15
balance	on	9
balanced	diet	25
balanced	on	6
balanced	the	5
balanced	and	4
balanced	meals	3
balancing	work	4
balcony	railing	19
balcony	to	9
balcony	in	8
balcony	of	8
balcony	into	6
balcony	was	6
bald	head	9
bald	eagle	5
bald	eagles	5
bald	guy	4
bald	headed	4
bald	spot	4
bale	of	3
bales	of	3
bali	indonesia	4
bali	is	4
bali	in	3
balkan	peninsula	4
ball	with	53
ball	is	52
ball	to	45
ball	and	30
ball	of	28
ball	in	26
ballast	water	3
ballet	dancer	12
ballet	company	4
ballet	at	3
ballet	class	3
ballet	is	3
ballet	team	3
ballistic	missiles	4
ballistic	missile	3
ballistic	when	3
balloon	is	13
balloon	and	7
balloon	burst	5
balloon	fight	5
balloon	popped	5
balloon	was	4
balloons	for	5
balloons	are	4
ballot	box	3
ballots	for	3
ballots	took	3
ballroom	dancing	4
balls	are	19
balls	and	9
balls	in	8
balls	of	7
balls	from	5
balls	off	5
baltic	sea	13
baltic	coast	3
baltimore	maryland	6
bamboo	grove	10
bamboo	is	6
bamboo	shoots	3
ban	the	22
ban	on	19
ban	ki	6
ban	all	5
ban	that	3
ban	was	3
banana	is	16
banana	and	8
banana	peel	6
banana	for	5
banana	by	4
banana	pie	4
bananas	are	27
bananas	and	10
bananas	cost	6
bananas	do	4
bananas	in	3
band	aid	28
band	of	27
band	is	23
band	played	14
band	has	9
band	together	8
bandage	on	12
bandage	the	4
bandage	your	3
bandaged	his	5
bandaged	the	4
bandaged	it	3
bandaged	up	3
bandages	on	4
bands	of	7
bands	in	5
bands	that	3
bands	were	3
bane	of	4
bang	on	14
bang	for	7
bang	in	5
bang	is	5
bang	theory	4
bang	out	3
banged	on	16
banged	the	10
banged	my	9
banged	his	7
banged	her	3
banging	on	44
banging	his	5
banging	my	4
banging	at	3
bangkok	is	4
bangladesh	is	56
bangladesh	bank	33
bangladesh	has	20
bangladesh	and	7
bangladesh	are	7
bangladesh	will	4
bangs	on	3
banish	the	3
banished	from	15
banished	to	5
banished	her	4
banjo	player	9
banjo	if	3
bank	account	72
bank	is	50
bank	of	45
bank	and	34
bank	to	28
bank	was	27
banker	in	3
banking	system	10
banking	and	5
banking	account	4
banking	elite	4
banking	is	4
banking	on	3
bankrupt	the	4
bankruptcy	is	3
banks	are	27
banks	of	18
banks	and	10
banks	will	7
banks	in	6
banks	open	5
banned	from	50
banned	in	30
banned	the	10
banned	books	5
banned	by	5
banned	me	4
banner	of	4
banner	on	3
banners	in	3
banning	the	8
banning	of	3
banning	plastic	3
banquet	was	7
banquet	and	3
banquet	of	3
baptism	of	4
baptist	protestant	6
baptist	church	3
baptize	with	3
baptized	by	4
baptized	in	4
baptized	a	3
bar	and	32
bar	is	32
bar	to	19
bar	in	18
bar	with	18
bar	of	16
barack	obama	37
barb	on	3
barbaric	practice	3
barbecue	is	5
barbecue	at	4
barbecue	party	4
barbecue	sauce	4
barbecue	in	3
barbecue	restaurant	3
barbed	wire	17
barber	shop	4
barber	needs	3
barbie	doll	3
barcelona	is	9
bare	hands	47
bare	feet	13
bare	of	10
bare	minimum	8
bare	and	7
bare	necessities	5
barefoot	on	12
barefoot	in	8
barefoot	over	5
barely	had	28
barely	see	23
barely	touched	18
barely	hear	17
barely	knew	15
barely	speak	14
bargain	with	9
bargain	sale	6
bargain	is	5
bargain	at	4
bargain	price	3
bargain	to	3
bargained	for	10
bargained	with	4
barge	in	9
barged	in	16
barged	into	8
barging	in	4
barista	at	6
bark	at	29
bark	of	18
bark	and	11
bark	to	7
bark	but	5
bark	is	5
barking	at	41
barking	and	14
barking	in	14
barking	up	12
barking	all	11
barking	like	10
barks	at	21
barks	a	5
barks	all	4
barks	in	4
barks	for	3
barley	and	9
barley	is	6
barley	from	4
barley	tea	4
barn	door	16
barn	was	9
barn	is	8
barn	and	4
barn	owl	4
barn	but	3
barometer	is	4
baroque	music	3
barrage	of	10
barred	from	16
barred	the	3
barrel	of	13
barrel	for	4
barrel	is	3
barrel	roll	3
barrels	of	7
barrels	are	3
barrels	per	3
barren	and	6
barren	desert	5
barren	fields	3
barricade	the	4
barricaded	the	12
barricaded	himself	6
barricaded	herself	5
barrier	reef	22
barrier	to	13
barrier	between	9
barrier	for	5
barrier	against	3
barrier	that	3
barriers	to	10
barriers	and	5
barriers	between	4
barriers	that	4
barriers	were	3
bars	of	13
bars	and	11
bars	are	7
bars	for	6
bars	in	5
bars	now	3
bartender	for	5
bartender	his	4
bartender	asks	3
base	of	39
base	in	17
base	and	13
base	camp	11
base	on	10
base	is	8
baseball	game	67
baseball	team	43
baseball	bat	39
baseball	player	34
baseball	is	30
baseball	games	18
based	on	463
based	in	53
based	upon	10
based	violence	8
based	creole	5
based	economy	5
basement	door	25
basement	was	19
basement	is	16
basement	of	16
basement	to	11
basement	for	9
bases	in	8
bashing	islam	3
basic	needs	15
basic	human	8
basic	unit	8
basic	idea	6
basic	principles	6
basically	a	18
basically	the	8
basically	i	4
basically	it	4
basically	good	3
basically	my	3
basics	of	9
basin	mixer	5
basin	in	3
basing	his	4
basing	your	4
basis	of	73
basis	for	27
basis	in	8
basis	on	4
basis	with	4
basis	to	3
bask	in	6
basket	of	22
basket	weaving	16
basket	is	13
basket	full	12
basket	was	10
basket	and	9
basketball	team	64
basketball	game	34
basketball	player	25
basketball	is	17
basketball	and	14
basketball	coach	13
baskets	with	7
baskets	are	4
baskets	of	3
basking	in	14
basque	is	9
basque	language	5
basque	country	4
bass	guitar	12
bass	player	8
bass	and	5
bass	in	4
bass	drum	3
bass	not	3
bastard	child	4
bastard	like	4
bastille	day	4
bat	in	12
bat	and	10
bat	is	8
bat	with	7
bat	was	6
bat	an	5
batch	of	15
bath	every	33
bath	and	28
bath	tray	26
bath	tub	26
bath	in	23
bath	mat	19
bathe	in	23
bathe	the	7
bathe	your	3
bathed	in	34
bathed	the	9
bathing	suit	42
bathing	in	15
bathing	cap	8
bathing	suits	6
bathroom	and	43
bathroom	is	43
bathroom	door	33
bathroom	was	19
bathroom	floor	16
bathroom	for	15
bathrooms	as	4
bathrooms	in	4
bathtub	and	6
bathtub	with	4
batman	is	5
bats	are	17
bats	and	6
bats	in	4
bats	use	3
bats	were	3
bats	with	3
batter	had	3
batteries	are	26
batteries	for	7
batteries	in	6
batteries	is	4
batteries	can	3
batteries	that	3
battery	is	51
battery	was	13
battery	in	12
battery	life	12
battery	has	10
battery	died	9
batting	an	4
batting	average	3
battle	of	62
battle	was	21
battle	against	18
battle	for	13
battle	is	12
battle	to	11
battled	his	3
battles	between	4
battles	in	4
battles	that	4
battles	against	3
battling	cancer	5
battling	the	4
battling	a	3
bavarian	and	3
bawling	his	3
bay	of	16
bay	and	8
bay	is	8
bay	windows	6
bay	window	5
bay	in	4
bayonet	light	3
bb	gun	11
bc	i	8
bc	and	7
bc	there	5
bc	from	4
bc	is	4
be	a	5024
be	able	3125
be	in	1668
be	the	1478
be	here	1472
be	there	1125
beach	is	45
beach	with	42
beach	and	31
beach	was	30
beach	today	28
beach	in	25
beaches	are	20
beaches	in	18
beaches	of	15
beaches	and	10
beacon	of	12
beacon	for	4
beads	of	10
beads	on	5
beak	and	4
beak	is	4
beam	of	19
beam	in	3
beam	me	3
beam	to	3
beamed	with	5
beaming	with	7
beams	of	10
beams	and	7
beams	are	3
beams	from	3
beams	that	3
bean	soup	4
bean	when	3
beanie	is	4
beans	are	20
beans	in	19
beans	and	14
beans	for	12
beans	to	9
beans	with	7
bear	the	72
bear	to	46
bear	in	42
bear	is	39
bear	it	30
bear	fruit	23
beard	and	15
beard	is	9
beard	was	7
beard	day	4
beard	to	3
bearded	man	9
bearded	men	3
bearer	of	7
bearing	the	8
bearing	and	5
bearing	on	5
bearing	fruit	4
bearing	gifts	3
bears	are	38
bears	in	16
bears	can	15
bears	a	14
bears	the	10
bears	and	7
beast	and	11
beast	in	7
beast	is	6
beast	of	5
beast	or	3
beast	that	3
beasts	of	17
beasts	and	15
beasts	are	5
beasts	in	4
beasts	that	4
beat	the	109
beat	him	77
beat	me	75
beat	them	52
beat	you	51
beaten	up	40
beaten	by	24
beaten	path	13
beaten	to	12
beaten	with	10
beaten	track	9
beating	around	22
beating	the	17
beating	his	13
beating	fast	12
beating	so	12
beating	against	8
beatles	song	3
beats	me	12
beats	a	9
beats	the	7
beats	all	4
beats	faster	4
beats	fast	3
beauties	of	11
beautiful	woman	147
beautiful	and	127
beautiful	than	88
beautiful	as	84
beautiful	girl	83
beautiful	in	82
beautifully	dressed	5
beautifully	arranged	3
beautifully	illustrated	3
beautifully	in	3
beauty	of	133
beauty	is	88
beauty	and	55
beauty	in	47
beauty	that	17
beauty	contest	13
beaver	dam	3
beavers	are	5
beavers	and	3
became	a	939
became	the	170
became	an	154
became	more	112
became	very	93
became	friends	54
because	of	1713
because	i	1139
because	he	756
because	it	604
because	they	483
because	the	403
beck	and	3
become	a	1346
become	an	227
become	the	143
become	more	99
become	of	92
become	very	54
becomes	a	79
becomes	the	23
becomes	more	15
becomes	an	12
becomes	you	9
becomes	solid	6
becoming	a	202
becoming	more	87
becoming	an	34
becoming	increasingly	27
becoming	the	18
becoming	too	12
bed	early	174
bed	and	143
bed	with	88
bed	at	81
bed	is	77
bed	for	69
bedrock	of	16
bedroom	is	30
bedroom	door	28
bedroom	window	25
bedroom	and	24
bedroom	apartment	14
bedroom	was	14
bedrooms	are	8
bedrooms	and	7
bedrooms	in	4
beds	are	11
beds	in	8
beds	available	5
beds	and	4
beds	of	3
beds	when	3
bedside	table	13
bedside	for	3
bedside	lamp	3
bedtime	story	13
bedtime	is	5
bedtime	stories	3
bee	stings	10
bee	sting	8
bee	is	7
bee	flew	6
bee	has	4
bee	line	4
beech	trees	4
beech	family	3
beech	oak	3
beech	tree	3
beef	is	21
beef	and	13
beef	stew	9
beef	with	9
beef	in	6
beef	or	6
been	a	1246
been	to	1089
been	in	651
been	here	444
been	waiting	436
been	able	378
beer	is	62
beer	in	57
beer	and	43
beer	for	27
beer	on	25
beer	please	24
beers	and	8
beers	in	4
beers	did	3
beers	out	3
beers	please	3
bees	are	37
bees	and	13
bees	make	6
bees	have	5
bees	can	4
bees	sting	4
beethoven	was	12
beethoven	is	3
beethoven	lived	3
beetle	was	14
beetle	is	5
beetle	can	4
beetle	larvae	4
beetle	in	3
beetles	are	25
beetles	can	7
beetles	have	6
beetles	love	6
beetles	in	5
beetles	that	5
befall	you	3
before	the	901
before	you	806
before	i	649
before	he	367
before	it	272
before	we	263
beforehand	that	5
befriend	the	3
befriended	a	5
beg	you	48
beg	your	25
beg	for	20
beg	to	12
beg	of	10
beg	me	8
began	to	1428
began	in	85
began	his	43
began	a	42
began	the	32
began	with	28
beggar	is	5
beggar	was	4
begged	me	34
begged	for	31
begged	his	13
begged	layla	13
begged	the	12
begging	for	35
begging	you	20
begging	linda	13
begging	him	3
begging	to	3
begin	to	135
begin	with	83
begin	the	38
begin	at	37
begin	in	24
begin	a	16
beginner	but	15
beginner	in	9
beginner	at	7
beginners	to	4
beginners	are	3
beginners	but	3
beginners	can	3
beginning	to	336
beginning	of	264
beginning	and	15
beginning	is	15
beginning	in	13
beginning	i	8
beginnings	in	5
beginnings	of	5
begins	to	58
begins	at	52
begins	with	49
begins	in	41
begins	on	26
begins	when	11
begs	me	6
begun	to	104
begun	a	13
begun	yet	8
begun	in	6
begun	when	6
begun	studying	5
behalf	of	79
behave	like	57
behave	yourself	34
behave	in	12
behave	well	12
behave	as	10
behave	himself	10
behaved	like	17
behaved	as	14
behaved	badly	8
behaved	in	7
behaved	well	5
behaves	like	20
behaves	well	6
behaves	as	5
behaves	in	5
behaves	badly	4
behaves	that	3
behaving	like	26
behaving	oddly	5
behaving	as	4
behaving	very	4
behaving	in	3
behaving	that	3
behavior	is	71
behavior	of	30
behavior	was	25
behavior	and	9
behavior	in	9
behavior	to	8
behavioral	therapy	4
behaviour	is	40
behaviour	was	15
behaviour	of	10
behaviour	and	4
behaviour	in	4
behaviour	really	4
behind	the	733
behind	him	252
behind	a	142
behind	me	113
behind	her	108
behind	his	96
behold	the	29
behold	i	23
behold	a	10
behold	he	6
behold	and	5
behold	this	4
beige	shorts	4
beijing	is	12
beijing	to	5
beijing	and	4
beijing	has	4
beijing	in	4
beijing	university	3
being	a	561
being	so	198
being	in	149
being	the	135
being	late	120
being	able	104
beings	are	48
beings	have	12
beings	and	7
beings	in	6
beings	that	6
beings	who	6
belay	that	4
belgian	chocolates	5
belgian	and	3
belgium	is	9
belgium	and	5
belgium	to	4
belgium	in	3
belgium	was	3
belief	in	61
belief	that	48
belief	is	16
belief	system	6
belief	and	5
belief	systems	5
beliefs	and	11
beliefs	are	7
beliefs	of	6
beliefs	on	6
beliefs	about	5
beliefs	in	5
believe	that	1258
believe	in	992
believe	it	432
believe	you	381
believe	me	229
believe	what	184
believed	that	229
believed	in	167
believed	to	82
believed	it	52
believed	him	35
believed	the	35
believer	in	16
believer	of	5
believes	in	166
believes	that	122
believes	he	16
believes	me	15
believes	the	15
believes	what	12
believing	in	39
believing	that	31
believing	it	12
believing	what	6
believing	him	4
believing	this	4
bell	rang	47
bell	rings	15
bell	peppers	13
bell	and	10
bell	ring	9
bell	is	7
bells	ringing	7
bells	of	6
bells	and	5
bells	ring	5
bells	are	4
bells	started	3
belly	button	160
belly	is	10
belly	and	3
belly	buttons	3
belly	dancer	3
belong	to	405
belong	here	35
belong	in	29
belong	with	8
belong	there	7
belong	together	5
belonged	to	99
belonged	in	4
belonged	there	3
belonging	to	29
belongings	and	12
belongings	in	9
belongings	were	9
belongings	on	5
belongings	to	5
belongings	for	4
belongs	to	442
belongs	in	10
belongs	here	5
belongs	only	3
beloved	by	9
beloved	is	7
beloved	son	7
beloved	friend	6
beloved	algeria	5
beloved	dog	4
below	the	117
below	zero	37
below	freezing	17
below	average	9
below	sea	7
below	you	7
belt	is	27
belt	and	24
belt	in	15
belt	with	13
belt	for	8
belt	on	8
belts	and	4
belts	are	3
belts	to	3
ben	and	5
ben	was	5
ben	if	3
bench	and	23
bench	in	21
bench	with	12
bench	over	8
bench	next	7
bench	is	5
benches	are	4
benches	in	4
benches	and	3
bend	your	17
bend	over	14
bend	the	12
bend	down	7
bend	in	7
bend	to	5
bending	over	6
bending	your	3
bends	in	4
bends	over	4
bends	right	3
bends	the	3
beneath	the	82
beneath	my	10
beneath	a	9
beneath	your	9
beneath	it	7
beneath	him	6
beneficial	to	17
beneficial	for	13
beneficiary	of	7
benefit	from	44
benefit	of	44
benefit	to	13
benefit	you	10
benefit	the	8
benefit	us	4
benefited	from	13
benefits	of	44
benefits	from	18
benefits	and	10
benefits	to	10
benefits	for	9
benefits	are	7
benevolence	of	4
benign	and	5
benjamin	franklin	6
benjamin	is	3
benny	goes	3
bent	over	35
bent	down	31
bent	on	14
bent	to	11
bent	his	8
bent	out	5
bereaved	of	5
bergen	is	3
bering	land	3
bering	strait	3
berlin	wall	33
berlin	is	18
berlin	and	9
berlin	to	6
berlin	in	4
berlin	germany	3
berman	reports	3
bermuda	triangle	12
bernie	sanders	11
bernie	is	3
berries	are	14
berries	and	12
berries	from	6
berries	in	6
berries	of	5
berries	to	4
beseech	thee	13
beseech	you	6
beside	the	78
beside	him	42
beside	me	38
beside	her	36
beside	himself	24
beside	herself	20
besides	the	24
besides	being	12
besides	me	12
besides	english	11
besides	i	9
besides	that	7
besieged	by	5
besieged	territory	5
besieged	the	3
best	friend	472
best	to	429
best	way	283
best	of	263
best	friends	147
best	for	135
bestowed	a	6
bestowed	upon	6
bet	you	81
bet	that	37
bet	i	31
bet	on	31
bet	he	11
beta	and	3
beta	version	3
betel	nuts	3
beth	is	6
beth	was	6
beth	told	3
bethlehem	in	3
betray	you	32
betray	me	15
betray	his	11
betray	my	8
betray	the	8
betray	him	5
betrayal	of	7
betrayal	and	4
betrayal	left	3
betrayal	was	3
betrayed	me	25
betrayed	his	21
betrayed	us	21
betrayed	by	17
betrayed	him	14
betrayed	the	14
betrays	his	4
betrothed	to	3
better	than	1690
better	to	494
better	not	309
better	if	249
better	at	228
better	go	179
betting	on	7
betting	man	3
betty	is	9
betty	killed	9
betty	has	5
betty	but	4
betty	was	3
between	the	743
between	us	224
between	a	188
between	and	157
between	them	147
between	two	125
beverages	in	4
beverages	do	3
beverly	hills	4
beware	of	62
beware	the	9
beware	lest	3
bewildered	by	4
beyond	the	143
beyond	my	52
beyond	our	37
beyond	description	29
beyond	me	21
beyond	his	20
bias	against	4
bias	and	3
bias	in	3
biased	against	5
biased	towards	3
bible	is	25
bible	in	9
bible	and	8
bible	has	7
bible	says	5
bible	study	5
biblical	hebrew	5
biblical	times	4
biceps	are	5
bicycle	is	63
bicycle	to	42
bicycle	for	33
bicycle	in	21
bicycle	was	17
bicycle	has	15
bicycles	are	11
bicycles	to	6
bicycles	and	5
bicycles	for	3
bicycles	in	3
bicycles	is	3
bid	to	12
bid	farewell	6
bid	you	5
bid	her	4
bid	me	3
bid	the	3
bidding	them	4
bids	the	4
bieber	is	3
big	deal	184
big	mistake	101
big	problem	88
big	and	86
big	as	78
big	city	77
bigfoot	is	4
bigfoot	exists	3
bigger	than	243
bigger	and	31
bigger	problems	18
bigger	one	16
bigger	house	15
bigger	problem	12
biggest	problem	41
biggest	mistake	27
biggest	city	17
biggest	problems	13
biggest	country	8
biggest	fear	8
bike	to	70
bike	is	41
bike	and	36
bike	ride	30
bike	on	20
bike	was	20
bikes	and	6
bikes	to	6
bikes	are	4
bikes	in	3
biking	to	5
biking	in	4
biking	or	3
biking	trails	3
bilal	is	4
bill	is	47
bill	was	47
bill	gates	30
bill	please	26
bill	and	22
bill	for	17
billed	to	3
billiard	ball	5
billion	people	48
billion	years	47
billion	dollars	34
billion	in	16
billion	yen	10
billion	dollar	9
billionaire	class	5
billionaire	is	3
billionaires	are	4
billionaires	in	4
billions	of	123
billions	in	12
billions	more	3
bills	are	13
bills	on	13
bills	to	11
bills	and	9
bills	this	8
bills	that	6
billy	goat	63
billy	made	5
billy	is	4
bin	laden	6
bin	for	5
bin	is	5
bin	not	5
bin	lorry	4
binary	and	7
binary	number	3
binary	star	3
binary	system	3
bind	books	3
binding	agreement	3
binding	on	3
binds	the	3
binge	drinking	8
binge	watch	6
binge	eating	5
binge	watching	4
binoculars	and	4
binoculars	for	4
binoculars	to	4
binoculars	in	3
bins	out	12
bins	have	4
bins	on	3
bio	markers	3
biography	is	6
biography	of	5
biological	father	16
biological	sex	6
biological	mother	5
biological	parents	5
biological	weapon	5
biological	process	4
biology	and	11
biology	is	11
biology	can	10
biology	has	10
biology	class	7
biology	exam	7
bipolar	disorder	7
birch	trees	15
birch	tree	11
birch	and	4
birch	bark	3
bird	is	101
bird	in	47
bird	feeder	27
bird	flew	24
bird	was	24
bird	of	21
birds	are	119
birds	and	76
birds	in	51
birds	fly	44
birds	have	33
birds	were	31
birth	to	150
birth	of	34
birth	and	24
birth	control	23
birth	certificate	22
birth	is	19
birthday	party	176
birthday	is	97
birthday	present	81
birthday	cake	59
birthday	was	28
birthday	today	19
birthdays	are	4
birthplace	of	9
birthplace	is	3
births	in	3
biscuit	barrel	4
biscuits	are	9
biscuits	in	6
biscuits	and	5
biscuits	as	4
biscuits	on	3
biscuits	with	3
bisexual	and	5
bisexual	woman	3
bishop	and	4
bishop	that	4
bishop	a	3
bishop	in	3
bishop	is	3
bishop	to	3
bishops	who	3
bison	is	6
bison	are	3
bison	in	3
bit	of	609
bit	more	188
bit	longer	103
bit	too	85
bit	about	51
bit	me	51
bitch	is	5
bitch	to	4
bitch	about	3
bitch	and	3
bitch	in	3
bitch	on	3
bitcoin	is	9
bitcoin	and	4
bite	you	46
bite	to	36
bite	of	27
bite	your	18
bite	the	15
bite	me	14
bites	you	7
bites	the	5
bites	all	3
bites	and	3
bites	his	3
bites	in	3
biting	your	7
biting	his	6
biting	my	6
biting	her	4
biting	its	3
biting	today	3
bits	of	28
bits	and	8
bitten	by	114
bitten	anyone	4
bitten	me	4
bitten	on	4
bitten	in	3
bitten	off	3
bitter	end	11
bitter	cold	9
bitter	tears	7
bitter	but	6
bitter	disappointment	6
bitter	taste	6
bitterly	cold	16
bitterly	at	4
bitterness	in	5
bitterness	and	4
bitterness	of	4
bizarre	and	5
bizarre	feeling	3
black	and	195
black	cat	73
black	hair	72
black	tea	62
black	hole	59
black	holes	40
blackberry	juice	6
blackbird	is	4
blackboard	and	4
blackboard	is	4
blackboard	was	3
blacked	out	29
blackened	with	3
blackmail	me	4
blackmailed	by	3
blackmailing	me	5
blackmailing	you	3
blackness	of	5
blackpool	is	3
blacks	and	3
blacks	are	3
blacksmith	was	3
bladder	is	5
bladder	was	3
blade	of	6
blade	is	5
blade	to	5
blade	was	5
blade	in	3
blades	of	7
blades	on	4
blades	are	3
blades	for	3
blah	blah	9
blame	for	102
blame	you	82
blame	me	68
blame	on	36
blame	him	35
blame	yourself	31
blamed	for	35
blamed	the	28
blamed	him	14
blamed	it	14
blamed	himself	11
blamed	me	11
blames	his	8
blames	the	8
blames	others	5
blames	himself	4
blames	you	4
blaming	him	10
blaming	you	10
blaming	me	8
blaming	others	8
blaming	each	6
blaming	your	5
blanc	is	6
blank	stare	5
blank	canvas	4
blank	slate	4
blank	when	4
blank	expression	3
blank	space	3
blanket	is	16
blanket	over	16
blanket	of	11
blanket	and	8
blanket	on	6
blanket	in	5
blankets	and	8
blankets	were	5
blankets	on	4
blankets	are	3
blankets	for	3
blankets	in	3
blare	of	3
blast	of	9
blast	and	3
blasted	off	4
blasted	by	3
blasted	with	3
blasting	music	4
blatant	lie	3
blaze	of	6
blazing	with	6
blazing	fire	3
blazing	hot	3
blazing	red	3
bleach	to	5
bleach	his	4
bleach	is	4
bleached	his	6
bleached	her	3
bleating	of	4
bled	to	6
bled	for	3
bleed	to	4
bleed	from	3
bleed	when	3
bleeding	from	20
bleeding	heart	5
bleeding	to	5
bleeding	again	4
bleeding	heavily	4
blend	of	23
blend	in	14
blend	into	6
blend	with	5
blend	the	4
blended	in	5
blended	into	3
blender	and	4
blending	peoples	3
bless	you	40
bless	thee	13
bless	me	9
bless	the	8
bless	us	7
bless	my	4
blessed	are	33
blessed	with	32
blessed	be	18
blessed	is	13
blessed	the	10
blessed	to	10
blessing	to	13
blessing	of	9
blessing	and	8
blessing	in	7
blessing	is	5
blessing	for	4
blessings	of	19
blessings	be	4
blessings	not	3
blew	up	57
blew	the	34
blew	out	29
blew	his	22
blew	my	15
blew	in	12
blind	eye	28
blind	man	27
blind	in	25
blind	to	21
blind	date	18
blind	and	16
blinded	by	28
blinded	me	7
blinded	him	6
blindfold	off	3
blindly	and	5
blindly	follow	3
blindness	and	4
blindness	is	3
blinds	were	9
blinds	to	5
blinds	and	3
blinds	you	3
blindsided	by	3
blink	of	28
blink	at	3
blinked	in	3
blinking	into	3
blinking	on	3
blister	on	8
blistering	cold	3
blisters	on	12
blizzard	is	4
blob	of	3
block	of	30
block	the	24
block	away	10
block	and	7
block	out	6
block	it	5
blockade	on	3
blocked	the	43
blocked	by	38
blocked	layla	15
blocked	in	8
blocked	off	7
blocking	the	43
blocking	my	10
blocking	traffic	7
blocking	layla	4
blocking	our	4
blocking	out	3
blocks	away	22
blocks	of	18
blocks	from	17
blocks	the	8
blocks	and	7
blocks	take	6
blog	post	11
blog	about	9
blog	in	5
blog	entry	4
blog	every	4
blog	is	4
bloke	he	3
blond	hair	26
blond	and	5
blond	haired	5
blonde	hair	32
blonde	girl	11
blonde	and	5
blonde	woman	5
blonde	too	4
blonde	is	3
blondes	are	3
blood	pressure	127
blood	on	64
blood	is	48
blood	in	46
blood	and	32
blood	of	30
blooded	animals	5
blooded	murder	3
bloodshed	in	4
bloodstream	and	3
bloody	hell	9
bloody	nose	7
bloody	mess	5
bloody	war	5
bloody	civil	4
bloody	door	3
bloom	in	45
bloom	of	5
bloom	now	3
bloom	so	3
bloom	soon	3
bloom	the	3
bloomed	in	8
blooming	in	10
blooming	flowers	7
blooming	with	4
blooming	and	3
blooms	in	6
blooms	and	3
blossom	and	5
blossom	is	5
blossom	trees	5
blossom	in	3
blossom	viewing	3
blossomed	into	4
blossomed	and	3
blossoms	are	15
blossoms	have	5
blossoms	in	5
blossoms	were	5
blossoms	will	4
blossoms	and	3
blot	on	3
blouse	is	12
blouse	and	10
blow	to	36
blow	your	30
blow	up	23
blow	out	15
blow	it	14
blow	the	14
blowing	from	17
blowing	a	15
blowing	in	15
blowing	hard	8
blowing	the	7
blowing	my	6
blown	off	29
blown	away	19
blown	down	9
blown	up	9
blown	a	6
blown	out	5
blows	the	8
blows	over	6
blows	my	4
blows	and	3
blows	through	3
blows	to	3
bludgeoned	to	5
bludgeoned	her	4
blue	eyes	109
blue	sky	71
blue	and	69
blue	dress	41
blue	shirt	38
blue	one	31
blueberries	are	5
blueberries	in	3
blueberry	juice	11
blueberry	muffins	11
blueberry	tea	6
blueberry	jam	3
blueberry	muffin	3
blueprint	for	3
blueprint	of	3
blues	and	3
bluff	a	3
blurred	vision	6
blurred	out	4
blurt	out	4
blush	to	3
boar	is	6
boar	with	3
board	the	63
board	games	25
board	of	24
board	with	24
board	is	19
board	and	18
boarded	the	56
boarded	up	14
boarded	a	13
boarding	school	25
boarding	pass	20
boarding	the	12
boarding	gate	3
boarding	house	3
boarding	schools	3
boards	are	6
boards	and	4
boards	were	4
boards	to	3
boars	have	3
boast	of	10
boast	about	8
boasted	of	8
boasted	about	4
boasted	that	3
boat	was	45
boat	is	41
boat	to	20
boat	and	17
boat	on	16
boat	in	14
boats	are	11
boats	and	10
boats	on	9
boats	were	8
boats	to	4
boats	for	3
bob	is	23
bob	was	18
bob	and	9
bob	has	9
bob	will	8
bob	can	6
bobby	fischer	4
bodies	of	32
bodies	are	20
bodies	in	16
bodies	were	16
bodies	and	8
bodies	to	7
bodily	harm	5
body	was	212
body	is	119
body	of	100
body	and	89
body	in	78
body	to	41
bogged	down	14
boil	the	24
boil	water	11
boil	an	8
boil	it	6
boil	for	4
boil	this	4
boiled	eggs	21
boiled	egg	17
boiled	the	11
boiled	over	9
boiled	an	6
boiled	potatoes	6
boiler	room	5
boiling	water	47
boiling	point	13
boiling	hot	7
boiling	the	5
boiling	with	4
boiling	over	3
boils	at	17
boils	down	5
bold	as	7
bold	and	5
bold	ideas	4
bold	man	4
bold	of	4
bold	plan	4
boldly	go	4
bolivia	is	3
bolivian	and	3
bollywood	movies	7
bolt	from	15
bolt	is	13
bolt	of	9
bolt	upright	3
bolted	from	8
bolted	out	8
bolted	the	4
bolted	away	3
bolted	inside	3
bolts	of	7
bolts	are	5
bomb	on	20
bomb	exploded	16
bomb	was	16
bomb	is	13
bomb	in	7
bomb	went	6
bombarded	by	9
bombarded	with	7
bombed	the	6
bombed	during	5
bombed	by	4
bombed	a	3
bomber	downtown	3
bombing	of	6
bombing	in	3
bombs	on	13
bombs	are	7
bombs	and	6
bombs	fell	4
bombs	in	3
bon	festival	3
bon	voyage	3
bonaparte	was	3
bond	with	30
bond	is	13
bond	of	12
bond	between	7
bond	was	5
bond	issue	3
bondage	and	3
bonded	with	5
bonding	with	7
bonds	of	9
bonds	are	5
bonds	in	4
bonds	that	4
bonds	with	3
bone	in	18
bone	marrow	18
bone	to	12
bone	of	8
bone	and	7
bone	chilling	6
bones	in	24
bones	of	14
bones	and	10
bones	to	7
bones	about	5
bones	that	5
bonus	was	3
bony	fish	5
boob	job	3
boobs	are	6
booby	traps	3
book	is	758
book	in	242
book	about	231
book	to	183
book	on	182
book	that	160
bookcase	without	8
bookcase	is	4
bookcase	by	3
booked	a	49
booked	it	21
booked	for	8
booked	the	8
booked	up	8
booked	an	6
booker	prize	5
booking	it	3
booklet	is	3
books	are	224
books	in	215
books	on	140
books	to	128
books	that	92
books	as	90
bookshelf	is	3
bookshop	in	5
bookshop	is	4
bookshop	near	3
bookshop	on	3
bookshop	this	3
bookstore	in	14
bookstore	and	8
bookstore	on	7
bookstore	is	6
bookstore	across	4
bookstore	for	3
boom	in	7
booming	economy	3
boost	its	14
boost	your	11
boost	the	10
boost	economic	3
boost	his	3
boost	their	3
booster	jab	4
boot	of	6
boot	is	5
boot	marks	4
boot	prints	4
boot	camp	3
boot	up	3
booth	at	4
booth	in	3
booths	are	3
boots	are	24
boots	on	21
boots	and	14
boots	off	13
boots	in	5
boots	were	5
booze	and	3
border	with	49
border	between	24
border	is	13
border	of	9
border	on	8
border	to	7
borderline	personality	8
borders	with	37
borders	of	11
borders	the	11
borders	on	10
borders	and	9
borders	were	5
bore	a	22
bore	the	21
bore	you	19
bore	me	16
bore	his	5
bore	no	5
bored	with	37
bored	and	17
bored	of	17
bored	to	13
bored	me	12
bored	at	11
boredom	is	13
boredom	of	3
bores	me	18
boring	and	18
boring	to	18
boring	that	10
boring	as	9
boring	for	9
boring	you	9
boris	was	167
boris	is	36
boris	saw	33
boris	and	29
boris	has	26
boris	heard	25
born	in	865
born	and	140
born	on	134
born	to	111
born	with	70
born	into	50
borne	away	5
borne	diseases	4
borne	by	3
borne	illness	3
borne	in	3
borne	on	3
borrow	your	172
borrow	her	142
borrow	his	80
borrow	my	47
borrow	money	42
borrow	a	41
borrowed	a	49
borrowed	from	40
borrowed	money	37
borrowed	the	21
borrowed	it	19
borrowed	some	14
borrowing	money	12
borrowing	from	4
borrowing	your	3
bosnia	and	4
bosnian	and	3
bosom	and	6
bosom	of	5
boss	is	114
boss	was	35
boss	has	29
boss	for	27
boss	in	19
boss	of	17
bosses	are	5
bossy	as	4
boston	for	373
boston	with	331
boston	next	326
boston	is	209
boston	last	189
boston	by	131
botanical	garden	26
botanical	gardens	5
botany	is	4
botched	the	3
both	of	656
both	the	131
both	sides	125
both	know	87
both	my	72
both	in	66
bother	you	148
bother	me	114
bother	to	53
bother	him	33
bother	her	23
bother	with	18
bothered	by	28
bothered	to	20
bothered	me	19
bothered	him	13
bothered	her	8
bothered	you	8
bothering	you	76
bothering	me	57
bothering	him	13
bothering	us	13
bothering	her	12
bothering	anyone	6
bothers	me	58
bothers	you	14
bothers	him	7
bothers	her	4
bothers	them	3
bottle	of	392
bottle	is	28
bottle	in	19
bottle	opener	19
bottle	with	15
bottle	was	12
bottled	water	20
bottled	the	4
bottled	up	4
bottles	of	90
bottles	are	15
bottles	in	10
bottles	and	6
bottles	at	5
bottles	or	4
bottom	of	259
bottom	line	17
bottom	bunk	10
bottom	and	5
bottom	drawer	5
bottom	shelf	5
bottomless	pit	8
bought	a	1430
bought	this	286
bought	some	218
bought	the	202
bought	it	153
bought	me	123
boulder	and	3
bounce	back	11
bounce	off	5
bounced	off	9
bounced	up	5
bounced	on	4
bounces	off	5
bouncing	on	6
bouncing	back	3
bound	to	143
bound	for	40
bound	by	20
bound	up	14
bound	her	5
bound	him	5
boundaries	on	14
boundaries	and	9
boundaries	of	9
boundaries	between	6
boundaries	to	4
boundaries	with	4
boundary	between	11
boundary	of	5
boundless	optimism	5
bounds	of	9
bounty	hunter	5
bouquet	of	53
bouquet	from	5
bouquet	to	5
bouquet	for	4
bouquet	in	4
bouquet	with	4
bourgeois	society	3
boutique	is	4
boutique	hotel	3
boutique	was	3
bouts	of	6
bow	to	16
bow	and	15
bow	down	13
bow	tie	8
bow	before	5
bow	in	5
bowed	down	23
bowed	to	19
bowed	his	8
bowed	and	4
bowed	when	4
bowed	out	3
bowel	movements	5
bowel	movement	3
bowels	and	3
bowels	of	3
bowing	is	3
bowing	to	3
bowl	of	54
bowl	is	17
bowl	and	9
bowl	from	5
bowl	on	4
bowl	was	4
bowling	alley	10
bowling	with	6
bowling	ball	3
bowls	of	13
bowls	and	4
bowls	for	3
bows	and	8
bows	to	3
box	of	135
box	is	127
box	was	46
box	in	39
box	and	33
box	to	25
boxed	lunches	3
boxer	was	5
boxer	shorts	3
boxers	are	3
boxes	are	27
boxes	of	19
boxes	in	18
boxes	and	11
boxes	were	7
boxes	to	6
boxing	match	7
boxing	day	4
boxing	and	3
boxing	champion	3
boy	is	225
boy	was	139
boy	in	95
boy	and	77
boy	who	76
boy	has	61
boycott	lasted	3
boycott	of	3
boyfriend	is	82
boyfriend	was	29
boyfriend	and	25
boyfriend	at	13
boyfriend	or	10
boyfriend	to	10
boys	are	125
boys	and	80
boys	were	61
boys	in	43
boys	to	20
boys	who	17
bra	is	8
bra	on	4
brace	for	7
brace	is	6
brace	yourselves	6
brace	yourself	4
bracelet	for	10
bracelet	is	7
bracelet	on	6
bracelet	belonged	3
bracelet	was	3
braces	for	5
braces	off	5
braces	on	4
braces	are	3
braces	to	3
brad	pitt	6
brag	about	17
brag	but	10
bragged	about	19
bragging	about	11
bragging	to	3
braid	your	4
brain	is	74
brain	and	19
brain	to	17
brain	was	10
brain	surgery	9
brain	tumor	9
brains	out	17
brains	to	13
brains	of	12
brains	and	7
brains	are	7
brains	in	6
brainwashed	by	6
brake	lights	5
brake	on	5
brake	pedal	4
brakes	are	6
brakes	and	3
brakes	first	3
brakes	on	3
branch	of	69
branch	is	13
branch	in	9
branch	with	9
branch	and	6
branch	to	6
branches	of	18
branches	in	9
branches	were	9
branches	snapping	8
branches	are	7
branches	and	6
brand	new	102
brand	of	34
brand	name	10
brand	is	9
brand	do	4
brand	and	3
branded	a	5
branded	clothes	3
brands	of	4
brandy	is	10
brandy	in	5
bras	lia	7
brass	band	9
brass	and	4
brass	monkeys	4
brave	man	22
brave	and	20
brave	people	15
brave	enough	12
brave	face	8
brave	of	7
bravely	against	3
bravely	but	3
braver	than	5
bravery	and	7
bravery	is	6
bravery	but	3
bravery	to	3
bravest	of	4
brazil	is	71
brazil	and	14
brazil	has	8
brazil	was	8
brazil	in	7
brazil	the	6
brazilian	and	11
brazilian	state	11
brazilian	portuguese	10
brazilian	flag	4
brazilian	music	4
brazilian	team	4
brazilians	are	3
brazilians	live	3
breach	of	13
breach	the	4
breached	the	3
bread	and	143
bread	is	114
bread	with	51
bread	in	46
bread	for	35
bread	was	30
breadth	of	12
breadth	and	5
break	the	178
break	up	146
break	your	53
break	in	52
break	a	51
break	down	44
breakdown	in	4
breakdown	of	4
breakdown	and	3
breaker	that	3
breakfast	at	67
breakfast	in	58
breakfast	is	40
breakfast	for	28
breakfast	with	28
breakfast	every	24
breaking	the	54
breaking	up	42
breaking	point	21
breaking	down	19
breaking	it	16
breaking	out	16
breaks	down	18
breaks	out	15
breaks	his	14
breaks	the	12
breaks	my	11
breaks	into	7
breakthrough	in	6
breakup	of	5
breast	cancer	29
breast	and	10
breast	feeding	10
breast	of	10
breast	fed	8
breast	milk	8
breasts	in	7
breasts	and	4
breasts	are	4
breath	of	41
breath	and	38
breath	away	14
breath	for	11
breath	in	10
breath	when	8
breathe	in	18
breathe	the	16
breathe	deeply	14
breathe	a	12
breathe	and	10
breathe	through	8
breathed	a	29
breathed	in	17
breathed	deeply	12
breathed	his	10
breathed	new	3
breathes	and	3
breathes	with	3
breathing	heavily	15
breathing	a	8
breathing	down	8
breathing	in	8
breathing	is	7
breathing	and	6
breaths	and	3
breathtaking	landscapes	4
bred	in	8
bred	for	3
breed	of	17
breed	in	6
breed	sheep	6
breed	is	5
breed	cattle	3
breeding	season	29
breeding	ground	20
breeding	grounds	14
breeding	is	3
breeds	cattle	4
breeds	sheep	4
breeds	contempt	3
breeds	more	3
breeds	of	3
breeze	is	10
breeze	was	10
breeze	blew	5
breeze	carried	5
breeze	and	4
breeze	here	4
breezy	outside	3
brethren	and	20
brethren	to	4
brew	coffee	4
brewed	coffee	5
brewed	a	4
brewed	tea	4
brewed	some	3
brewing	beer	3
brian	is	5
brian	left	4
brian	bought	3
bribe	me	5
bribe	the	3
bribed	the	9
bribes	from	3
brick	wall	18
brick	by	7
brick	and	6
brick	building	5
brick	through	3
bricks	and	3
bride	and	20
bride	was	10
bride	is	8
bride	of	3
bridge	is	100
bridge	was	42
bridge	and	19
bridge	will	19
bridge	to	17
bridge	in	16
bridges	in	10
bridges	and	7
bridges	between	5
bridges	are	4
bridges	to	4
bridges	across	3
brief	and	9
brief	explanation	7
brief	moment	7
brief	as	4
brief	period	4
brief	he	3
briefcase	is	5
briefcase	in	3
briefcase	on	3
briefcase	was	3
briefly	to	6
briefly	and	4
briefly	explain	4
briefly	before	3
briefly	introduce	3
briefly	what	3
brigade	arrived	3
briggs	is	3
bright	red	50
bright	and	49
bright	future	32
bright	side	21
bright	as	16
bright	colors	14
brighten	the	10
brighten	up	9
brighter	than	20
brighter	future	5
brighter	and	4
brighter	for	4
brighter	in	4
brightest	star	8
brightest	girl	4
brightest	in	4
brightest	student	3
brightly	colored	11
brightly	lit	11
brightly	in	9
brightly	and	4
brightly	as	4
brightly	coloured	4
brightness	of	11
brightness	on	4
brilliant	idea	29
brilliant	and	6
brilliant	future	6
brilliant	in	4
brilliant	plan	4
brilliant	scholar	3
brim	with	11
brim	of	3
bring	me	271
bring	the	179
bring	your	162
bring	a	148
bring	you	130
bring	it	111
bringing	the	30
bringing	up	19
bringing	a	12
bringing	me	12
bringing	in	9
bringing	your	8
brings	you	40
brings	me	37
brings	back	22
brings	a	21
brings	us	19
brings	the	18
brink	of	49
brisk	pace	3
britain	and	18
britain	is	15
britain	was	8
britain	the	7
britain	are	6
britain	in	6
british	english	24
british	people	21
british	and	19
british	columbia	17
british	empire	14
british	colony	13
britney	spears	7
broad	daylight	22
broad	shoulders	15
broad	minded	4
broad	based	3
broad	river	3
broadcast	live	14
broadcast	on	7
broadcast	the	6
broadcast	in	5
broadcast	every	4
broadcast	from	4
broadcasting	and	3
broaden	my	3
broaden	our	3
broaden	your	3
broccoli	is	10
broccoli	and	7
broke	the	356
broke	out	197
broke	into	178
broke	down	169
broke	up	164
broke	his	153
broken	into	49
broken	down	43
broken	the	43
broken	up	31
broken	by	29
broken	leg	29
bronze	age	10
bronze	medal	6
bronze	statue	6
bronze	and	3
bronze	in	3
brooding	over	4
brooklyn	new	4
broom	and	10
broom	in	8
broom	to	7
broom	handle	6
broom	for	3
broom	is	3
broth	is	3
brother	is	353
brother	and	136
brother	in	127
brother	has	77
brother	was	67
brother	to	54
brotherhood	of	4
brotherhood	and	3
brotherhood	with	3
brothers	and	87
brothers	are	55
brothers	were	21
brothers	or	16
brothers	is	13
brothers	have	12
brought	a	187
brought	the	184
brought	up	157
brought	you	135
brought	me	126
brought	to	116
brow	of	4
brow	and	3
brown	hair	42
brown	eyes	37
brown	is	31
brown	and	21
brown	rice	17
brown	shoes	14
browne	a	4
brownie	points	3
brownies	for	6
browse	the	11
browse	through	4
browse	sentences	3
browsing	the	6
browsing	through	4
browsing	history	3
browsing	is	3
bruce	lee	4
bruce	was	4
bruise	on	22
bruised	and	4
bruised	up	3
bruises	on	14
bruises	all	10
brunette	and	4
bruno	was	165
bruno	heard	38
bruno	is	34
bruno	started	26
bruno	got	23
bruno	tried	22
brunt	of	10
brush	your	83
brush	my	57
brush	up	34
brush	his	16
brush	their	12
brush	to	9
brushed	the	32
brushed	his	29
brushed	her	15
brushed	my	12
brushed	your	11
brushed	against	10
brushes	his	13
brushes	her	6
brushing	his	17
brushing	your	17
brushing	my	14
brushing	her	12
brushing	the	4
brushing	their	3
brussels	is	4
brussels	sprouts	4
brutal	murder	6
brutal	and	5
brutal	economic	3
brutally	murdered	20
brutally	attacked	4
brutally	honest	3
brutally	killed	3
brute	force	11
bubble	tea	21
bubble	bath	12
bubble	burst	9
bubble	green	7
bubble	gum	4
bubble	up	3
bubbles	with	4
bubbles	and	3
bubbles	in	3
bubbles	that	3
bucharest	is	4
buck	was	8
buck	could	4
buck	stops	3
buck	to	3
bucket	of	39
bucket	list	18
bucket	with	13
bucket	is	7
bucket	to	7
bucket	was	6
buckets	of	5
buckets	with	4
buckets	were	3
buckingham	palace	13
buckle	up	10
buckle	your	7
buckle	down	6
bucks	for	5
bucks	an	3
bucks	from	3
bucks	that	3
budapest	is	5
buddha	and	5
buddha	is	3
buddha	nature	3
buddha	of	3
buddha	said	3
buddha	statues	3
buddhism	and	16
buddhism	is	14
buddhism	in	4
buddhism	but	3
buddhism	was	3
buddhist	temple	15
buddhist	monk	9
buddhist	monks	6
buddhist	temples	6
buddhist	and	4
buddhists	believe	10
buddhists	are	3
buddhists	try	3
buddy	is	3
budge	up	7
budget	is	19
budget	deficit	13
budget	for	12
budget	cuts	9
budget	was	7
budget	by	4
buds	are	6
buds	on	5
buenos	aires	22
buffalo	buffalo	14
buffalo	is	4
buffalo	new	4
buffalo	can	3
bug	in	14
bug	is	9
bug	spray	8
bug	me	6
bug	was	6
bug	or	4
bugged	me	3
bugger	off	3
bugging	me	22
bugging	you	4
buggy	are	3
bugs	are	8
bugs	and	5
bugs	bunny	4
bugs	said	3
bugs	were	3
bugs	with	3
build	a	342
build	the	57
build	up	42
build	your	26
build	this	25
build	stores	22
building	is	185
building	a	170
building	was	90
building	in	70
building	has	49
building	the	45
buildings	in	50
buildings	are	33
buildings	were	27
buildings	and	21
buildings	have	11
buildings	of	8
builds	a	7
builds	the	5
builds	bridges	3
builds	on	3
buildup	of	7
built	a	272
built	in	164
built	on	77
built	this	55
built	the	48
built	by	45
bulb	is	13
bulb	in	11
bulb	was	3
bulbs	in	8
bulbs	are	7
bulbs	have	4
bulbs	and	3
bulbs	can	3
bulgaria	is	7
bulgarian	is	6
bulgarian	and	4
bulge	in	5
bulk	of	14
bull	by	14
bull	in	6
bull	is	6
bull	giraffes	5
bull	giraffe	4
bull	to	4
bulldozer	was	3
bullet	holes	8
bullet	proof	7
bullet	hit	6
bullet	penetrated	6
bullet	in	5
bullet	went	5
bulletin	board	6
bulletin	for	3
bulletproof	glass	5
bulletproof	vest	4
bullets	and	6
bullets	left	4
bullets	at	3
bullets	to	3
bullied	in	12
bullied	at	10
bullied	by	8
bullied	a	5
bullied	for	5
bullied	me	3
bullies	targeted	4
bullshit	me	6
bully	me	5
bully	in	4
bully	at	3
bully	people	3
bullying	is	10
bullying	layla	6
bullying	me	5
bullying	at	4
bullying	him	4
bullying	in	4
bum	a	6
bummed	out	7
bump	into	16
bump	on	7
bump	the	3
bump	your	3
bumped	into	80
bumped	my	3
bumper	to	6
bumper	cars	3
bumping	into	6
bumps	and	3
bumpy	ride	3
bumpy	road	3
bun	in	10
bun	with	9
bun	for	8
bunch	of	345
bunch	for	3
bundle	of	26
bundle	up	4
bundle	on	3
bung	it	3
bungee	jumping	13
bunk	off	11
bunk	bed	4
bunk	beds	4
bunk	building	3
bunk	or	3
bunks	off	3
bunnies	are	6
bunny	is	7
bunny	and	3
buns	with	11
buns	for	8
buns	and	4
buns	in	4
buns	are	3
burden	to	29
burden	of	28
burden	on	19
burden	for	9
burden	that	8
burden	you	7
burdened	by	3
bureau	of	15
bureaucracy	is	8
bureaucracy	and	3
bureaucratic	red	4
bureaucrats	are	4
burger	king	7
burger	was	6
burger	joint	5
burger	patty	4
burger	with	4
burger	place	3
burgers	are	3
burglar	broke	23
burglar	was	6
burglar	came	4
burglar	gained	4
burglar	got	4
burglar	in	4
burglars	broke	5
burial	site	5
burial	mound	4
buried	in	88
buried	the	28
buried	her	17
buried	his	16
buried	him	13
buried	under	13
buries	his	3
burn	the	36
burn	your	17
burn	all	16
burn	in	16
burn	down	14
burn	yourself	13
burned	down	68
burned	the	50
burned	out	32
burned	to	26
burned	my	24
burned	all	20
burning	the	28
burning	copies	23
burning	house	19
burning	in	19
burning	with	19
burning	building	13
burns	a	6
burns	all	5
burns	as	5
burns	easily	5
burns	my	5
burns	the	4
burnt	down	26
burnt	the	22
burnt	out	16
burnt	to	14
burnt	my	13
burnt	a	8
burp	after	5
burritos	are	6
burrows	for	3
burst	into	187
burst	out	101
burst	in	19
burst	open	12
burst	forth	9
burst	of	8
bursting	with	18
bursting	into	10
bursting	in	3
bursts	of	4
bursts	are	3
bury	the	18
bury	their	14
bury	us	11
bury	it	8
bury	you	7
bury	me	6
burying	place	4
burying	the	4
burying	her	3
bus	stop	260
bus	to	156
bus	is	94
bus	was	89
bus	driver	69
bus	and	65
buses	are	20
buses	in	16
buses	run	16
buses	leave	7
buses	go	5
buses	to	5
bush	is	29
bush	and	24
bush	administration	9
bush	was	6
bush	in	5
bushes	and	13
bushes	in	7
bushes	have	3
bushes	to	3
bushes	were	3
bushy	tails	5
bushy	tail	4
bushy	tailed	4
bushy	beard	3
busier	than	24
busier	today	4
busiest	day	5
busiest	airport	3
business	is	121
business	in	120
business	with	69
business	to	64
business	trip	60
business	and	47
businesses	are	23
businesses	and	16
businesses	to	16
businesses	in	12
businesses	that	7
businesses	with	6
businessman	who	4
businessman	but	3
businessman	is	3
businessmen	in	3
busting	my	7
bustle	of	11
bustling	with	5
bustling	about	4
bustling	city	4
busy	with	93
busy	to	90
busy	today	84
busy	as	76
busy	now	74
busy	right	70
but	i	3803
but	he	1247
but	it	1151
but	the	1150
but	not	714
but	she	657
butcher	shop	11
butcher	knife	8
butcher	is	4
butler	and	3
butler	announced	3
butt	in	18
butt	of	10
butt	off	10
butt	naked	7
butt	out	7
butt	on	5
butter	and	64
butter	is	32
butter	on	28
butter	in	17
butter	sandwich	16
butter	sandwiches	8
buttered	toast	13
buttered	bread	3
buttered	popcorn	3
butterflies	are	20
butterflies	in	17
butterflies	and	9
butterflies	have	4
butterflies	fly	3
butterflies	with	3
butterfly	is	21
butterfly	in	8
butterfly	knots	7
butterfly	has	6
butterfly	or	5
butterfly	collection	4
butting	heads	4
button	piercing	58
button	to	43
button	on	39
button	and	27
button	pierced	25
button	ring	21
buttoned	up	7
buttons	on	7
buttons	are	5
buttons	onto	3
butts	in	4
butts	and	3
butts	on	3
buy	a	1465
buy	that	438
buy	some	405
buy	it	366
buy	this	329
buy	the	312
buyer	for	14
buyers	have	3
buying	a	201
buying	it	54
buying	that	29
buying	the	28
buying	this	24
buying	my	22
buys	a	14
buys	the	8
buys	and	5
buys	them	4
buys	these	4
buys	this	3
buzz	off	10
buzz	of	4
buzzed	with	8
buzzed	around	3
buzzer	and	3
buzzing	sound	12
buzzing	of	8
buzzing	noise	7
buzzing	in	5
buzzing	around	4
buzzing	with	4
by	the	5587
by	a	2080
by	myself	849
by	himself	811
by	his	722
by	yourself	680
bye	to	18
bye	and	7
bye	bye	4
bye	for	3
bye	see	3
bygones	be	10
bypass	the	7
byzantine	empire	6
cab	driver	32
cab	to	13
cab	for	5
cab	in	4
cab	is	4
cab	home	3
cabbage	and	6
cabbage	soup	5
cabbage	is	3
cabbage	onions	3
cabin	was	32
cabin	in	30
cabin	had	16
cabin	gustavo	15
cabin	and	12
cabin	for	12
cabinet	is	8
cabinet	of	6
cabinet	for	5
cabinet	minister	4
cabinet	to	4
cabinet	will	3
cabinets	and	3
cable	car	10
cable	is	10
cable	to	7
cable	in	4
cable	tv	4
cable	was	4
cables	are	9
cables	can	3
cables	were	3
cache	of	5
cactus	and	5
cactus	in	5
cadaver	dog	6
caesar	was	20
caesar	and	4
caesar	what	3
cafe	i	25
cafe	in	14
cafe	to	10
cafe	where	10
cafe	is	9
cafe	on	7
cafes	in	3
cafeteria	is	9
cafeteria	food	7
cafeteria	to	4
cafeteria	was	4
cafeteria	together	3
caffeine	is	9
caffeine	in	5
cage	and	9
cage	for	7
cage	is	7
cage	at	5
cage	the	4
cage	with	4
caged	bird	5
cahoots	with	4
cain	was	5
cain	said	3
cain	where	3
cairo	to	31
cairo	and	15
cairo	egypt	14
cairo	for	14
cairo	with	12
cairo	in	6
cake	for	85
cake	is	85
cake	and	61
cake	with	52
cake	was	30
cake	in	24
cakes	and	13
cakes	are	12
cakes	in	6
cakes	for	5
cakes	of	5
cakes	with	5
calcium	is	5
calcium	and	3
calculate	the	37
calculate	how	6
calculate	this	3
calculate	your	3
calculated	the	16
calculated	that	9
calculated	to	6
calculating	the	4
calculation	of	5
calculation	is	3
calculations	are	3
calculations	in	3
calculator	on	5
calculator	is	4
calculator	during	3
calculator	i	3
calculator	to	3
calculus	was	4
calculus	and	3
calculus	is	3
calcutta	india	3
calendar	on	15
calendar	is	7
calendar	and	4
calendar	the	4
calendar	for	3
calendar	of	3
calf	and	6
calf	is	6
calf	muscle	5
calf	has	3
calf	which	3
calf	with	3
california	is	20
california	and	10
california	to	9
california	in	6
california	was	6
california	los	5
call	me	836
call	the	516
call	you	486
call	him	325
call	a	243
call	it	194
called	the	745
called	a	349
called	me	237
called	his	177
called	him	150
called	for	141
caller	id	3
calligraphy	is	5
calling	me	115
calling	the	81
calling	you	73
calling	for	63
calling	him	44
calling	her	41
calls	for	86
calls	me	40
calls	the	20
calls	to	19
calls	him	18
calls	on	18
calm	down	206
calm	and	70
calm	in	18
calm	the	16
calm	of	10
calmed	down	58
calmer	now	4
calming	effect	5
calming	to	3
calmly	poured	4
calmly	swimming	4
calmly	and	3
calmly	to	3
calms	me	7
calms	the	4
calories	are	5
calories	a	4
calories	do	3
calories	in	3
calories	than	3
calves	and	7
cambodia	and	4
cambodia	is	4
cambridge	university	3
came	to	2062
came	back	641
came	out	498
came	in	431
came	from	389
came	up	380
camel	is	17
camel	can	5
camel	milk	5
camel	was	5
camel	in	4
camel	to	4
camels	are	24
camels	and	9
camels	have	5
camels	can	4
camels	in	3
camera	is	41
camera	for	28
camera	on	27
camera	with	24
camera	to	23
camera	was	23
cameras	in	11
cameras	are	10
cameras	and	7
cameras	all	6
cameras	everywhere	6
cameras	is	4
camouflage	vietnamese	3
camp	site	31
camp	in	26
camp	and	20
camp	for	17
camp	was	14
camp	here	12
campaign	to	25
campaign	against	13
campaign	for	11
campaign	was	9
campaign	in	7
campaign	is	7
campaigns	for	4
campaigns	in	3
camped	in	40
camped	here	11
camped	on	9
camped	at	7
camped	near	6
camped	there	5
camper	is	3
campers	were	6
campers	in	5
campfire	and	8
campfire	going	4
campfire	to	4
campfire	was	4
campfire	is	3
campfire	roasting	3
camping	trip	116
camping	in	66
camping	with	56
camping	gear	24
camping	trips	14
camping	spot	11
camps	in	6
camps	are	5
camps	often	4
camps	for	3
campsite	was	7
campsite	in	5
campsite	to	5
campsite	before	4
campsite	and	3
campsite	is	3
campus	police	13
campus	is	7
campus	and	4
campus	in	4
campus	apartment	3
campus	to	3
can	you	5818
can	i	3576
can	be	2952
can	do	2783
can	we	1279
can	see	915
canaan	and	11
canada	is	50
canada	and	49
canada	to	17
canada	for	14
canada	are	13
canada	has	10
canadian	friends	14
canadian	embassy	12
canadian	citizen	11
canadian	and	10
canadian	too	10
canadian	here	9
canadians	are	15
canadians	were	12
canadians	here	11
canadians	do	9
canadians	in	5
canal	connects	6
canal	in	5
canal	authority	4
canal	is	4
canal	was	4
canal	links	3
canals	of	4
canals	and	3
canary	islands	8
canary	is	4
cancel	the	74
cancel	my	37
cancel	culture	25
cancel	our	22
cancel	your	14
cancel	that	9
canceled	the	33
canceled	because	24
canceled	due	23
canceled	his	15
canceled	everything	9
canceled	my	9
canceling	the	7
cancellation	of	4
cancelled	the	25
cancelled	because	19
cancelled	due	10
cancelled	his	8
cancelled	at	3
cancelled	my	3
cancelling	the	6
cancer	is	21
cancer	and	18
cancer	in	15
cancer	of	12
cancer	research	9
cancer	has	7
cancers	and	3
candid	with	7
candid	opinion	3
candidate	for	21
candidate	is	7
candidate	made	3
candidate	to	3
candidates	for	11
candidates	are	7
candidates	in	4
candidates	were	4
candies	to	5
candle	to	14
candle	at	7
candle	on	7
candle	went	7
candle	lit	6
candle	and	5
candles	in	32
candles	on	24
candles	were	14
candles	and	12
candles	are	5
candles	burned	3
candy	from	22
candy	is	17
candy	and	14
candy	for	14
candy	bar	9
candy	to	9
cane	is	4
cane	and	3
cane	sugar	3
cannabis	is	6
canned	food	12
canned	fish	4
canned	beans	3
canned	goods	3
cannibals	here	4
cannon	fodder	7
cannon	fire	3
cannons	at	3
cannot	be	504
cannot	do	89
cannot	help	75
cannot	have	71
cannot	see	56
cannot	afford	52
canoe	for	4
canoe	to	4
canopy	of	4
canopy	was	3
cans	of	23
cans	on	6
cans	and	5
cans	in	4
cans	are	3
cans	were	3
canst	not	3
canteen	is	7
canteen	was	6
canteen	with	5
canteen	full	3
cantonese	and	5
cantonese	as	4
cantonese	for	4
cantonese	in	4
cantonese	but	3
canvas	and	4
canvas	with	3
canyon	is	5
canyons	and	3
cap	on	25
cap	and	18
cap	is	9
cap	back	7
cap	off	6
cap	belongs	5
capabilities	of	5
capability	to	5
capable	of	396
capable	and	3
capacity	of	40
capacity	to	36
capacity	for	22
capacity	is	5
capacity	and	3
cape	town	10
cape	cod	5
cape	verde	3
capital	of	732
capital	is	81
capital	city	78
capital	letters	19
capital	and	18
capital	to	17
capitalism	is	29
capitalism	has	6
capitalism	and	4
capitalism	are	3
capitalism	was	3
capitalist	country	5
capitals	of	8
capitol	building	3
cappuccino	machine	6
capricorn	is	3
caps	in	3
captain	of	56
captain	is	19
captain	was	10
captain	ordered	7
captain	jackson	6
captain	in	4
captivated	by	21
captivated	the	6
captivated	me	3
captive	to	4
capture	the	30
capture	of	11
capture	a	8
capture	that	5
capture	their	4
capture	them	4
captured	the	34
captured	by	25
captured	a	16
captured	and	15
captured	my	8
captured	on	7
captures	the	8
capturing	the	11
car	is	604
car	was	266
car	and	231
car	in	209
car	to	174
car	accident	130
caramel	ice	5
caravan	was	4
caravan	of	3
carbon	dioxide	98
carbon	footprint	23
carbon	emissions	14
carbon	monoxide	11
carbon	atoms	4
carbon	pollution	4
carcass	of	5
card	for	39
card	to	37
card	tricks	17
card	is	16
card	has	15
card	was	15
cardboard	boxes	20
cardboard	box	15
cardboard	is	7
cardboard	to	3
cardiac	arrest	11
cardiac	arrhythmia	3
cardinal	directions	5
cardinal	points	3
cards	are	26
cards	with	22
cards	on	20
cards	to	18
cards	and	16
cards	is	13
care	of	1771
care	about	537
care	for	235
care	what	235
care	if	123
care	to	102
cared	about	70
cared	for	67
cared	a	6
cared	so	5
cared	much	3
cared	that	3
career	in	42
career	as	32
career	is	14
career	and	13
career	was	13
career	at	7
careers	of	3
carefree	life	4
careful	not	232
careful	with	113
careful	when	106
careful	in	58
careful	of	48
careful	about	45
carefully	to	51
carefully	before	30
carefully	and	21
carefully	as	13
carefully	so	9
carefully	about	8
careless	of	41
careless	about	11
careless	in	10
careless	mistake	8
careless	and	7
careless	mistakes	6
carelessness	is	5
carelessness	any	3
carelessness	resulted	3
cares	about	108
cares	what	38
cares	for	20
cares	a	7
cares	much	3
cares	of	3
caressed	her	5
caressed	his	3
caressed	my	3
caresses	the	5
caresses	of	3
caretaker	of	4
cargo	ship	8
cargo	ships	5
cargo	from	4
cargo	was	4
cargo	to	3
caribbean	and	6
caribbean	sea	3
caribou	can	3
caring	for	24
caring	about	14
caring	what	6
caring	and	4
caring	person	4
caring	father	3
carl	was	4
carlos	is	186
carlos	was	84
carlos	has	50
carlos	and	30
carlos	got	20
carlos	took	14
carnegie	hall	6
carnivorous	plants	6
carnivorous	animal	4
carnivorous	plant	3
carnivorous	species	3
carol	has	4
carol	is	4
carol	and	3
carol	was	3
carolina	and	3
carolina	has	3
carolina	to	3
caroline	in	5
caroline	became	3
carp	and	5
carp	in	5
carp	is	5
carp	which	3
carpenter	to	7
carpenter	by	5
carpenter	is	4
carpenter	for	3
carpenters	make	4
carpet	is	25
carpet	for	12
carpet	in	6
carpet	to	5
carpet	was	5
carpet	by	4
carpets	are	7
carpets	in	3
carpool	with	3
carriage	and	6
carriage	drawn	5
carriage	door	4
carriage	of	4
carriage	is	3
carriage	the	3
carriages	and	4
carriages	are	4
carriages	were	3
carried	out	155
carried	the	102
carried	away	93
carried	on	74
carried	a	54
carried	by	21
carrier	of	7
carrier	is	4
carriers	of	9
carries	a	46
carries	the	41
carries	his	8
carries	on	6
carries	out	6
carries	her	5
carrot	and	6
carrot	is	5
carrot	juice	3
carrot	or	3
carrot	sticks	3
carrots	are	18
carrots	and	12
carrots	in	7
carrots	at	5
carrots	cost	4
carrots	so	3
carry	out	153
carry	the	104
carry	on	88
carry	a	53
carry	this	53
carry	your	51
carrying	a	110
carrying	out	44
carrying	the	27
carrying	an	11
carrying	her	11
carrying	his	9
cars	are	80
cars	and	62
cars	in	49
cars	on	30
cars	were	24
cars	have	19
cart	before	15
cart	was	4
cart	is	3
cart	with	3
carthage	and	5
carthage	was	5
carthage	must	4
carton	of	15
cartoon	character	8
cartoon	characters	4
cartoon	is	3
cartoon	network	3
cartoons	on	3
cartridge	in	4
cartridges	and	3
carts	and	3
carve	a	5
carve	out	5
carve	the	3
carved	into	12
carved	a	10
carved	his	10
carved	from	6
carved	their	6
carved	and	5
carving	knife	3
case	of	228
case	you	67
case	with	56
case	it	51
case	i	47
case	is	46
cases	of	64
cases	in	16
cases	where	13
cases	are	12
cases	the	10
cases	and	8
cash	register	45
cash	on	26
cash	in	24
cash	machine	21
cash	to	15
cash	this	11
cashed	in	4
cashier	at	8
cashier	was	3
cashmere	sweater	5
casinos	in	3
casket	was	3
cass	review	3
cassandra	in	3
cassette	player	6
cassette	in	3
cassette	tape	3
cassette	tapes	3
cassini	spacecraft	4
cast	a	62
cast	the	12
cast	out	10
cast	in	9
cast	iron	9
cast	it	9
casting	a	8
casting	director	4
casting	pearls	3
castle	is	57
castle	in	30
castle	was	28
castle	on	14
castle	has	7
castle	stands	7
castles	in	20
castles	are	5
castles	and	3
castles	of	3
castrated	male	3
casts	a	7
casual	conversation	7
casual	observer	5
casualties	are	5
casualties	have	5
casualties	were	5
casualty	of	3
cat	is	437
cat	was	103
cat	in	87
cat	and	76
cat	has	56
cat	on	41
catalan	and	4
catalog	of	3
catalogue	of	3
catastrophe	for	3
catastrophic	consequences	3
catch	the	361
catch	up	228
catch	a	212
catch	you	61
catch	me	46
catch	him	45
catches	the	12
catches	colds	5
catches	fire	5
catches	cold	4
catches	mice	4
catches	on	4
catching	up	24
catching	a	23
catching	the	22
catching	cold	7
catching	fish	7
catching	on	5
catchy	tune	6
catchy	melody	3
catchy	slogan	3
catchy	song	3
categories	of	4
categories	those	3
category	of	14
category	hurricane	7
category	is	3
cater	to	12
caterpillar	will	5
caterpillar	is	3
caterpillars	are	3
caterpillars	have	3
cathedral	is	10
cathedral	of	9
cathedral	was	8
cathedral	in	7
cathedral	dates	4
cathedral	has	3
catherine	is	4
catholic	church	76
catholic	and	8
catholic	priests	6
catholic	priest	5
catholic	school	5
catholic	university	5
catholics	are	4
cats	are	187
cats	and	86
cats	have	59
cats	can	23
cats	like	21
cattle	and	29
cattle	are	10
cattle	in	6
cattle	were	6
cattle	on	5
cattle	the	3
caught	a	249
caught	the	220
caught	in	190
caught	up	123
caught	sight	67
caught	him	65
cauliflower	and	4
cause	of	298
cause	a	40
cause	you	40
cause	for	39
cause	the	31
cause	problems	26
caused	by	219
caused	the	156
caused	a	127
caused	this	37
caused	you	31
caused	him	29
causes	of	57
causes	a	28
causes	the	19
causes	that	8
causes	me	7
causes	him	5
causing	the	46
causing	a	19
causing	this	13
causing	her	12
causing	an	10
causing	it	9
caution	and	5
caution	to	4
caution	as	3
caution	is	3
caution	when	3
cautious	when	15
cautious	with	14
cautious	about	9
cautious	of	8
cautious	and	6
cautiously	optimistic	7
cautiously	peeked	4
cautiously	approached	3
cautiously	entered	3
cautiously	in	3
cave	in	12
cave	is	12
cave	to	12
cave	was	8
cave	of	6
cave	and	5
caved	in	9
caves	and	7
caves	are	5
caves	in	5
caves	of	3
caviar	is	5
cavity	filled	4
cawing	loudly	5
cayenne	pepper	3
cc	by	9
cctv	footage	4
cctv	cameras	3
cd	player	21
cd	is	12
cd	costs	5
cd	on	4
cd	belongs	3
cds	by	6
cds	in	5
cds	as	3
cds	to	3
cds	with	3
cease	to	44
cease	fire	7
cease	and	5
cease	your	4
ceased	to	26
ceased	and	4
ceasefire	in	4
ceases	to	20
cedar	and	3
ceiling	of	13
ceiling	is	7
ceiling	and	6
ceiling	fan	5
ceiling	in	5
ceiling	was	5
ceilings	and	4
ceilings	are	3
celebrate	christmas	52
celebrate	the	49
celebrate	your	23
celebrate	his	21
celebrate	my	14
celebrate	their	12
celebrated	his	25
celebrated	in	25
celebrated	on	24
celebrated	their	15
celebrated	the	13
celebrated	with	12
celebrates	the	8
celebrates	its	7
celebrates	her	5
celebrates	christmas	3
celebrates	his	3
celebrating	the	14
celebrating	his	9
celebrating	our	7
celebrating	a	6
celebrating	their	5
celebrating	its	4
celebration	of	14
celebration	in	6
celebration	is	6
celebrations	the	3
celebrations	were	3
celebrities	are	6
celebrities	in	3
celebrity	is	6
celebrity	was	4
celebrity	and	3
celery	and	3
celestial	bodies	14
celestial	objects	7
celestial	body	4
celestial	object	3
celine	dion	4
cell	phone	142
cell	phones	36
cell	in	8
cell	is	7
cell	was	7
cell	division	6
cellar	is	11
cellar	and	8
cellar	door	7
cellar	was	5
cellmate	because	3
cello	and	5
cello	was	5
cellphone	and	8
cellphone	is	6
cellphone	to	6
cellphone	in	4
cellphone	rang	4
cellphone	while	3
cellphones	and	6
cells	are	16
cells	of	10
cells	and	8
cells	in	8
cells	to	8
cells	have	7
cellular	phone	3
celsius	in	10
celsius	and	6
celsius	above	4
celsius	to	4
celsius	of	3
celsius	the	3
celtic	music	6
celtic	languages	5
cement	and	5
cement	is	5
cement	to	4
cement	floor	3
cemeteries	are	3
cemetery	by	5
cemetery	is	5
cemetery	at	3
cemetery	in	3
cemetery	was	3
censor	the	3
censorship	is	4
censorship	and	3
census	bureau	3
census	is	3
census	was	3
cent	of	25
cent	more	5
centauri	is	6
centauri	bb	4
centauri	the	4
center	of	271
center	for	40
center	in	36
center	is	18
center	has	10
center	on	9
centered	on	12
centered	person	8
centered	around	5
centered	people	4
centerpiece	of	6
centerpiece	that	4
centerpiece	for	3
centerpiece	was	3
centers	for	19
centers	of	10
centers	in	8
centers	and	5
centimeters	tall	12
centimeters	long	7
centimeters	deep	3
centimeters	of	3
centimeters	taller	3
centimeters	to	3
centimetres	wide	4
centimetres	of	3
centimetres	tall	3
centimetres	taller	3
centipede	in	13
centipede	bite	8
centipede	is	8
centipede	twisted	6
central	europe	28
central	park	24
central	bank	21
central	algiers	17
central	asia	17
central	america	12
centre	of	111
centre	for	9
centre	and	5
centre	is	5
centre	open	5
centre	with	4
cents	a	5
cents	per	4
cents	in	3
centuries	ago	24
centuries	of	21
centuries	old	12
centuries	and	10
centuries	before	10
centuries	later	5
century	the	34
century	ago	23
century	ad	18
century	and	15
century	old	13
century	a	11
ceo	of	21
ceo	is	6
ceo	was	3
cereal	box	7
cereal	for	5
cereal	and	3
cereal	has	3
cereal	is	3
cereal	was	3
ceremonies	and	3
ceremony	was	17
ceremony	will	12
ceremony	of	10
ceremony	for	7
ceremony	is	7
ceremony	took	5
certain	that	183
certain	of	36
certain	to	32
certain	things	30
certain	extent	23
certain	i	22
certainly	not	62
certainly	a	33
certainly	hope	19
certainly	have	17
certainty	that	12
certainty	of	3
certificate	of	7
certificate	is	4
certificate	as	3
certificate	with	3
cervical	cancer	9
cervical	vertebrae	3
cesar	chavez	5
ch	i	3
cha	cha	4
chad	is	5
chai	tea	5
chain	of	31
chain	is	15
chain	saw	11
chain	mail	6
chain	reaction	6
chain	up	5
chained	up	9
chained	to	6
chained	themselves	3
chains	of	10
chains	for	7
chair	is	75
chair	and	45
chair	in	21
chair	to	20
chair	with	16
chair	was	13
chairman	of	39
chairman	called	3
chairs	are	24
chairs	in	23
chairs	and	9
chairs	next	9
chairs	were	9
chairs	for	8
chalk	and	5
chalk	from	3
chalk	that	3
challenge	for	25
challenge	of	20
challenge	to	20
challenge	the	16
challenge	you	14
challenge	is	13
challenged	the	7
challenged	him	6
challenged	me	5
challenged	us	5
challenged	her	4
challenged	to	4
challenger	exploded	3
challenges	of	19
challenges	that	15
challenges	in	12
challenges	with	10
challenges	are	9
challenges	for	8
challenging	for	10
challenging	and	7
challenging	but	7
challenging	to	7
challenging	the	5
challenging	than	4
chamber	of	8
chamber	at	4
chamber	and	3
chamber	in	3
chamber	music	3
chamber	where	3
chambers	of	3
chameleon	can	3
chamomile	tea	6
champagne	and	4
champagne	for	4
champagne	is	4
champagne	to	4
champagne	from	3
champagne	with	3
champion	of	17
champion	and	4
champion	magnus	4
champion	in	3
champion	was	3
champions	of	5
champions	league	4
champions	this	3
championship	in	6
championship	will	6
championship	but	4
championship	game	4
championship	for	3
championship	of	3
championships	in	5
chan	is	3
chance	to	729
chance	of	243
chance	that	175
chance	i	42
chance	in	27
chance	for	26
chancellor	angela	18
chancellor	of	6
chancellor	is	4
chances	of	60
chances	are	49
chances	to	25
chances	that	15
chances	in	8
chances	for	5
chandelier	in	6
chandelier	fell	4
change	the	459
change	your	275
change	my	218
change	in	161
change	his	152
change	that	131
changed	the	209
changed	his	177
changed	my	130
changed	a	105
changed	your	71
changed	in	65
changer	for	4
changes	in	110
changes	to	34
changes	are	26
changes	the	22
changes	his	19
changes	that	15
changing	the	77
changing	my	18
changing	in	17
changing	his	16
changing	a	10
changing	room	9
channel	on	10
channel	is	9
channel	for	7
channel	was	7
channel	to	6
channel	in	5
channels	of	4
channels	in	3
chanting	something	7
chaos	in	18
chaos	is	9
chaos	and	8
chaos	of	6
chaos	that	4
chaos	for	3
chaotic	and	4
chapel	is	4
chapel	on	3
chapter	of	31
chapter	in	15
chapter	five	14
chapter	is	8
chapter	three	6
chapter	for	3
chapters	and	6
chapters	of	6
chapters	in	5
chapters	before	3
chapters	were	3
character	of	44
character	in	38
character	is	37
character	and	20
character	to	10
character	for	9
characteristic	of	43
characteristic	is	4
characteristics	of	25
characteristics	that	3
characters	are	26
characters	in	25
characters	and	13
characters	that	7
characters	of	6
characters	very	4
charge	of	193
charge	my	31
charge	for	28
charge	here	25
charge	you	14
charge	to	12
charged	with	104
charged	me	24
charged	particles	14
charged	at	11
charged	the	8
charged	for	7
charger	for	7
charger	is	5
charger	in	4
charges	against	17
charges	were	14
charges	of	12
charges	for	6
charges	have	6
charges	in	6
charging	at	4
charging	me	4
charging	the	3
chariot	and	4
chariot	drawn	3
chariots	and	11
charisma	was	8
charisma	made	6
charisma	helped	3
charismatic	leader	4
charismatic	and	3
charitable	cause	3
charity	is	11
charity	event	8
charity	shop	5
charity	work	4
charity	from	3
charity	to	3
charles	is	10
charles	de	5
charles	darwin	4
charles	i	4
charles	iii	4
charlie	chaplin	7
charlie	is	4
charlie	kirby	4
charlie	kirk	3
charlie	sloane	3
charm	of	14
charm	and	11
charm	is	5
charm	for	4
charm	at	3
charm	that	3
charmed	by	14
charmed	life	6
charmed	with	4
charming	and	15
charming	girl	8
charming	smile	8
charming	young	8
charming	little	7
charming	than	6
charms	of	5
charms	and	4
charms	to	3
chart	of	4
chart	in	3
chart	to	3
charter	a	3
charter	flight	3
chartered	a	5
charts	and	3
chase	after	21
chase	the	20
chase	it	8
chase	a	5
chase	mice	5
chased	the	46
chased	after	34
chased	by	31
chased	him	9
chases	a	4
chases	the	4
chases	two	3
chasing	after	30
chasing	him	18
chasing	the	17
chasing	a	16
chasing	me	11
chasm	between	3
chat	with	73
chat	room	11
chat	on	6
chat	about	5
chat	and	5
chat	but	5
chatted	with	25
chatted	for	9
chatted	about	8
chatted	in	4
chatted	all	3
chatted	on	3
chatter	about	5
chattering	and	3
chatting	with	42
chatting	and	10
chatting	on	9
chatting	in	8
chatting	to	7
chatting	away	6
cheap	to	32
cheap	but	21
cheap	hotel	20
cheap	in	19
cheap	and	18
cheap	as	12
cheaper	than	74
cheaper	to	25
cheaper	one	22
cheaper	in	8
cheaper	and	7
cheaper	if	6
cheapest	one	7
cheapest	of	4
cheapest	place	4
cheapest	way	3
cheat	on	63
cheat	me	10
cheat	sheets	6
cheat	us	6
cheat	you	6
cheat	in	5
cheated	on	133
cheated	in	12
cheated	me	7
cheated	her	3
cheated	out	3
cheated	the	3
cheating	on	207
cheating	in	8
cheating	is	5
cheating	with	5
cheating	and	3
cheating	during	3
cheats	on	9
check	the	192
check	on	135
check	out	121
check	your	110
check	in	65
check	my	63
checkbook	in	3
checked	the	206
checked	his	76
checked	out	34
checked	on	27
checked	my	24
checked	in	22
checkered	jacket	3
checkers	is	6
checkers	with	6
checkers	are	5
checking	the	29
checking	his	16
checking	out	12
checking	for	9
checking	account	8
checking	on	8
checkmate	in	3
checkout	area	5
checkout	line	4
checks	and	8
checks	his	7
checks	are	5
checks	the	5
checks	in	4
checks	with	4
cheddar	cheese	3
cheek	and	8
cheek	to	5
cheek	against	4
cheek	when	3
cheek	with	3
cheeks	were	22
cheeks	and	8
cheeks	are	6
cheeks	turned	4
cheer	up	33
cheer	me	19
cheer	you	19
cheer	her	12
cheer	him	12
cheered	for	15
cheered	him	9
cheered	up	7
cheered	as	6
cheered	me	6
cheered	the	6
cheerful	and	15
cheerful	person	5
cheerful	heart	3
cheerful	people	3
cheerful	personality	3
cheerful	woman	3
cheering	for	7
cheering	and	6
cheering	me	3
cheers	and	5
cheers	for	3
cheers	her	3
cheers	me	3
cheese	and	62
cheese	is	56
cheese	on	34
cheese	for	28
cheese	in	19
cheese	with	11
cheeseburgers	at	4
cheesecake	is	5
cheetah	is	8
cheetah	and	3
chef	is	9
chef	in	4
chef	at	3
chef	came	3
chef	made	3
chef	that	3
chefs	are	3
chemical	element	31
chemical	reaction	14
chemical	reactions	10
chemical	composition	7
chemical	elements	7
chemical	symbol	7
chemicals	that	11
chemicals	to	9
chemicals	in	7
chemicals	are	5
chemicals	or	5
chemicals	and	4
chemist	is	3
chemist	who	3
chemistry	is	14
chemistry	at	9
chemistry	and	8
chemistry	class	8
chemistry	between	7
chemistry	teacher	5
chen	is	6
cherish	the	16
cherish	and	5
cherish	this	4
cherish	our	3
cherished	the	7
cherished	dream	3
cherished	dreams	3
cherries	are	10
cherries	and	3
cherries	anymore	3
cherries	have	3
cherry	blossoms	53
cherry	trees	48
cherry	tree	34
cherry	blossom	22
cherry	juice	10
cherry	pie	6
chesapeake	bay	16
chess	player	47
chess	is	42
chess	players	36
chess	with	27
chess	championship	20
chest	and	22
chest	is	13
chest	pain	12
chest	but	7
chest	in	7
chest	of	7
chestnut	tree	6
chestnut	brown	3
chests	and	3
chew	your	15
chew	on	13
chew	it	5
chew	the	5
chew	gum	4
chew	with	4
chewed	on	15
chewed	up	8
chewed	the	5
chewed	tobacco	5
chewing	gum	32
chewing	on	14
chewing	his	4
chewing	so	3
chewing	the	3
chews	on	4
chi	minh	13
chi	in	5
chicago	by	15
chicago	is	9
chicago	and	4
chicago	for	4
chicago	in	4
chicago	next	4
chick	is	11
chick	has	4
chick	in	3
chicken	is	35
chicken	parmesan	22
chicken	soup	22
chicken	was	19
chicken	and	17
chicken	in	15
chickened	out	11
chickens	are	17
chickens	before	9
chickens	and	8
chickens	in	8
chickens	have	6
chickens	were	5
chicks	are	5
chicks	dig	3
chief	of	28
chief	executive	11
chief	said	8
chief	butler	5
chief	events	4
chief	was	4
chiefs	and	5
chiefs	of	3
chieftain	of	3
child	is	214
child	was	115
child	i	96
child	in	64
child	has	55
child	to	54
childhood	in	26
childhood	i	17
childhood	friend	15
childhood	was	14
childhood	friends	13
childhood	is	11
childish	things	6
childish	and	4
children	are	592
children	to	426
children	were	257
children	in	164
children	of	160
children	and	142
chile	and	5
chile	is	5
chilean	and	4
chilean	spanish	3
chilean	wine	3
chili	peppers	7
chili	pepper	3
chill	out	10
chill	with	9
chill	of	7
chill	ran	6
chill	in	5
chill	run	3
chilled	to	7
chilled	the	4
chilled	and	3
chilled	me	3
chilli	peppers	3
chilling	in	13
chilling	with	9
chilling	at	8
chills	down	3
chilly	in	8
chilly	autumn	5
chilly	night	5
chilly	outside	5
chilly	this	5
chilly	today	5
chimney	is	9
chimney	and	6
chimney	sweep	5
chimneys	and	3
chimpanzee	is	4
chimpanzees	are	6
chimpanzees	and	4
chimpanzees	can	3
chimps	are	4
chin	up	14
chin	and	12
chin	is	4
chin	on	4
chin	upon	4
chin	was	3
china	is	159
china	and	85
china	has	58
china	will	42
china	are	31
china	in	21
chinese	food	133
chinese	and	52
chinese	characters	50
chinese	is	44
chinese	people	38
chinese	restaurant	38
chip	in	39
chip	cookies	9
chip	off	9
chip	on	9
chip	cookie	7
chip	is	7
chipped	a	4
chipped	the	4
chipped	and	3
chips	are	29
chips	and	17
chips	with	14
chips	in	13
chips	please	7
chips	on	4
chirp	and	4
chirping	in	6
chirping	of	4
chit	chat	10
chit	chatting	3
chivalry	is	3
chloe	and	9
chloe	cole	5
chloe	who	4
chloe	came	3
chloe	to	3
chloe	were	3
chlorine	and	4
chocolate	cake	62
chocolate	ice	31
chocolate	is	31
chocolate	and	28
chocolate	chip	18
chocolate	bar	15
chocolates	and	4
chocolates	are	4
chocolates	in	4
chocolates	to	4
chocolates	for	3
chocolates	on	3
choice	but	194
choice	of	66
choice	is	29
choice	to	25
choice	for	24
choice	in	13
choices	are	17
choices	and	6
choices	that	6
choices	to	6
choices	i	4
choir	practice	10
choir	of	4
choke	him	5
choked	on	17
choked	with	8
choked	up	6
choked	him	4
choked	the	3
choked	to	3
choking	on	5
choking	me	4
cholesterol	levels	4
cholesterol	foods	3
cholesterol	is	3
cholesterol	level	3
cholesterol	lowering	3
choose	to	103
choose	a	92
choose	the	76
choose	between	56
choose	your	45
choose	one	31
chooses	to	8
chooses	the	6
choosing	to	12
choosing	a	11
choosing	the	8
choosing	between	5
choosing	not	5
choosing	friends	4
chop	the	20
chop	wood	16
chop	chop	6
chop	down	5
chop	them	3
chopin	was	7
chopin	for	3
chopped	down	20
chopped	the	17
chopped	off	16
chopped	some	9
chopped	a	6
chopping	the	14
chopping	wood	9
chopping	board	5
chopping	onions	3
chopping	vegetables	3
chopsticks	in	5
chopsticks	and	4
chopsticks	home	3
chord	progression	12
chord	is	3
chores	to	10
chores	on	5
chores	that	4
chores	around	3
chores	do	3
chorus	of	14
chose	to	163
chose	the	62
chose	a	51
chose	not	32
chose	this	22
chose	me	11
chosen	to	38
chosen	a	22
chosen	the	19
chosen	as	14
chosen	by	9
chosen	for	9
chris	the	7
chris	is	5
chris	got	4
chris	to	4
chris	and	3
chris	that	3
christ	is	21
christ	was	12
christ	and	7
christ	in	6
christ	the	5
christ	of	4
christian	and	19
christian	but	9
christian	or	9
christian	religion	9
christian	family	8
christian	faith	5
christianity	is	29
christianity	and	15
christianity	are	8
christianity	has	7
christianity	in	5
christianity	islam	5
christians	and	18
christians	are	9
christians	in	6
christians	think	6
christians	believe	5
christians	were	4
christmas	is	118
christmas	tree	118
christmas	day	67
christmas	eve	62
christmas	present	54
christmas	presents	52
christopher	columbus	79
chromosome	pair	3
chronic	diseases	4
chronic	pain	3
chronicle	of	5
chubby	girls	5
chubby	and	4
chubby	kid	3
chubby	side	3
chuck	norris	50
chuck	it	9
chuck	if	4
chuck	wood	4
chunk	of	15
chunks	of	8
church	is	66
church	on	62
church	every	34
church	was	29
church	and	25
church	with	24
churches	in	17
churches	and	6
churches	are	5
churches	have	3
churches	were	3
churchill	was	5
churn	milk	3
churning	out	3
cia	agent	5
cia	is	4
cia	to	3
cicadas	are	11
cicadas	is	3
cicero	was	6
cider	is	3
cigar	in	6
cigarette	smoke	20
cigarette	butts	18
cigarette	out	14
cigarette	and	12
cigarette	in	12
cigarette	on	8
cigarettes	and	10
cigarettes	are	10
cigarettes	a	9
cigarettes	do	8
cigarettes	in	8
cigarettes	on	5
cincinnati	zoo	3
cinder	maid	3
cinderella	and	3
cinema	with	25
cinema	is	15
cinema	tonight	15
cinema	to	9
cinema	tomorrow	9
cinema	or	8
cinnamon	in	6
cinnamon	to	5
cinnamon	rolls	4
cinnamon	and	3
cinnamon	passion	3
circle	of	44
circle	around	9
circle	in	9
circle	on	9
circle	is	8
circle	the	7
circled	the	10
circled	around	3
circled	in	3
circled	over	3
circles	and	4
circles	the	4
circles	for	3
circles	on	3
circles	under	3
circling	the	11
circling	around	7
circuit	breaker	5
circuit	breakers	3
circuit	is	3
circuit	tester	3
circular	in	5
circulated	the	3
circulating	the	3
circulation	of	9
circulation	is	5
circulation	and	3
circumcised	and	5
circumcised	the	3
circumcision	is	8
circumference	of	9
circumference	is	4
circumstances	i	12
circumstances	are	10
circumstances	of	10
circumstances	were	9
circumstances	in	7
circumstances	will	6
circumstantial	evidence	3
circus	with	6
circus	is	4
circus	parade	4
circus	has	3
cite	your	4
cited	in	4
cited	the	4
cited	as	3
cities	in	102
cities	are	40
cities	and	36
cities	of	25
cities	have	21
cities	like	10
citizen	of	56
citizen	has	7
citizen	but	3
citizen	in	3
citizen	science	3
citizens	are	31
citizens	of	31
citizens	to	22
citizens	and	10
citizens	have	10
citizens	in	9
citizenship	in	5
citizenship	and	3
citizenship	is	3
citizenship	to	3
citrus	fruits	8
citrus	fruit	3
city	of	343
city	is	270
city	in	235
city	was	112
city	centre	94
city	and	83
civic	duty	11
civic	minded	3
civil	war	132
civil	rights	32
civil	servant	7
civil	society	7
civil	service	6
civil	unrest	6
civilian	population	6
civilian	clothes	4
civilian	life	4
civilians	were	16
civilians	in	7
civilians	to	4
civilians	with	3
civilization	is	16
civilization	has	7
civilization	in	7
civilization	was	6
civilization	and	5
civilization	of	5
civilizations	in	3
civilizations	of	3
civilizations	that	3
civilized	people	7
civilized	nations	6
civilized	society	5
civilized	countries	4
civilized	man	4
civilized	world	4
clad	in	13
claim	that	93
claim	to	62
claim	they	30
claim	is	17
claim	the	9
claimed	that	109
claimed	he	43
claimed	to	36
claimed	they	17
claimed	she	16
claimed	the	15
claiming	that	9
claiming	to	4
claiming	his	3
claiming	it	3
claims	that	68
claims	to	46
claims	he	38
claims	she	26
claims	are	13
clair	de	3
clam	temple	20
clammy	handshake	3
clan	of	4
clang	of	3
clap	your	5
clap	for	4
clap	of	3
clap	with	3
clapped	excitedly	10
clapped	his	5
clapped	their	4
clapping	their	3
clara	is	4
clara	asked	3
clarification	on	3
clarify	that	12
clarify	the	6
clarify	a	5
clarify	something	5
clarify	what	5
clarify	your	4
clarinet	when	5
clarinet	all	3
clarinet	very	3
clarity	in	8
clarity	of	7
clarity	and	6
clarity	that	4
clarity	is	3
clash	with	11
clash	of	6
clash	a	3
clashes	with	8
class	is	120
class	in	48
class	today	45
class	and	44
class	president	40
class	was	40
classes	in	46
classes	are	35
classes	today	21
classes	at	19
classes	start	19
classes	do	16
classic	lemonade	13
classic	car	5
classic	case	5
classic	rock	5
classic	black	4
classic	example	3
classical	music	132
classical	literature	6
classical	education	4
classical	poetry	4
classical	japanese	3
classification	of	10
classified	as	23
classified	information	6
classified	documents	4
classified	ad	3
classmate	in	6
classmate	of	6
classmate	from	3
classmates	are	12
classmates	in	7
classmates	and	4
classmates	made	4
classmates	were	4
classmates	on	3
classroom	is	15
classroom	and	14
classroom	was	11
classroom	after	9
classroom	with	9
classroom	to	6
classrooms	and	3
clatter	of	3
claude	monet	3
claudio	was	175
claudio	heard	32
claudio	had	31
claudio	got	28
claudio	went	25
claus	is	14
claus	lives	4
claus	but	3
claus	to	3
claus	was	3
clause	is	4
clause	was	3
claws	and	3
clay	and	5
clay	into	3
clean	the	350
clean	up	258
clean	your	133
clean	and	91
clean	my	74
clean	it	67
cleaned	the	178
cleaned	up	77
cleaned	his	51
cleaned	your	35
cleaned	my	17
cleaned	her	16
cleaner	than	16
cleaner	to	10
cleaner	and	8
cleaner	is	8
cleaner	in	7
cleaner	bag	4
cleanest	cities	5
cleaning	the	127
cleaning	up	57
cleaning	my	32
cleaning	his	27
cleaning	out	16
cleaning	your	13
cleanliness	is	7
cleanliness	and	4
cleanliness	of	4
cleans	his	17
cleans	the	14
cleans	up	8
cleanse	the	3
cleansed	from	3
cleansed	in	3
cleansed	the	3
cleansing	of	3
clear	that	169
clear	the	83
clear	up	83
clear	to	68
clear	and	54
clear	what	35
clearance	sale	4
cleared	the	55
cleared	up	28
cleared	his	17
cleared	out	13
cleared	of	9
cleared	my	7
clearer	now	4
clearer	than	4
clearer	with	3
clearing	up	18
clearing	the	11
clearing	out	6
clearing	was	6
clearing	of	4
clearing	that	4
clearly	and	22
clearly	the	20
clearly	not	17
clearly	a	15
clearly	as	13
clearly	that	13
clears	up	11
clears	the	6
clench	your	5
clenched	his	5
clenched	fist	3
clenched	her	3
clenched	my	3
cleopatra	was	5
cleopatra	became	3
clerk	at	6
clerk	in	5
clerk	said	5
clever	as	14
clever	boy	14
clever	than	13
clever	and	11
clever	but	10
clever	enough	10
cleverer	than	21
click	on	67
click	here	29
click	the	26
click	to	7
click	with	6
click	ok	4
clicked	on	26
clicked	the	13
clicking	on	8
clicks	and	3
client	is	14
client	has	6
client	arrived	5
client	wants	4
client	a	3
client	of	3
clients	to	6
clients	are	5
clients	at	4
clients	in	4
clients	who	4
cliff	overlooking	4
cliff	or	3
cliff	with	3
cliffs	and	3
climate	change	333
climate	is	43
climate	here	38
climate	of	29
climate	in	17
climate	and	12
climb	the	69
climb	that	35
climb	up	34
climb	a	30
climb	trees	30
climb	mt	19
climbed	the	81
climbed	up	61
climbed	a	35
climbed	into	31
climbed	mt	31
climbed	to	28
climbers	were	6
climbing	the	31
climbing	a	13
climbing	trees	12
climbing	up	12
climbing	onto	9
climbing	mountains	6
climbs	up	5
climbs	to	4
climbs	trees	4
climbs	the	3
cling	to	21
cling	film	4
clinging	to	17
clinic	is	9
clinic	to	5
clinic	was	5
clinic	in	4
clinic	for	3
clinic	with	3
clinical	trials	6
clinical	trial	5
clinical	psychologist	3
clinics	has	3
clinking	together	3
clint	eastwood	3
clinton	was	5
clinton	and	4
clinton	denied	4
clip	to	4
clip	graveyard	3
clip	is	3
clip	on	3
clip	the	3
clipped	the	6
clipped	his	5
clippers	to	4
clippers	in	3
clitoris	is	3
cloak	and	10
cloak	of	3
cloaked	in	3
clock	is	73
clock	on	22
clock	has	19
clock	in	17
clock	was	14
clock	struck	13
clocked	in	12
clocked	out	6
clocks	are	5
clocks	will	4
clocks	digital	3
clocks	have	3
clocks	in	3
clockwise	or	9
clockwise	will	3
clog	the	5
clogged	with	8
clogged	up	6
clogged	drain	4
clogged	again	3
clone	of	8
cloning	of	6
cloning	is	3
close	to	843
close	the	446
close	your	98
close	friends	76
close	by	53
close	friend	38
closed	the	279
closed	his	72
closed	on	63
closed	for	47
closed	her	36
closed	today	34
closely	related	78
closely	with	9
closely	behind	8
closely	linked	7
closely	to	7
closely	at	6
closer	to	331
closer	look	62
closer	and	56
closer	than	23
closer	attention	10
closer	together	9
closes	at	21
closes	the	9
closes	another	4
closes	her	3
closes	in	3
closest	to	44
closest	friend	13
closest	friends	13
closest	planet	11
closest	thing	10
closest	living	6
closet	door	23
closet	is	19
closet	and	14
closet	was	7
closet	for	6
closet	to	6
closing	the	46
closing	in	21
closing	doors	9
closing	up	8
closing	time	7
closing	ceremony	6
closure	of	13
closure	was	3
cloth	is	17
cloth	to	13
cloth	or	6
cloth	napkins	5
cloth	with	5
cloth	feels	4
clothed	in	16
clothes	are	94
clothes	and	81
clothes	on	80
clothes	in	75
clothes	were	55
clothes	for	52
clothing	and	23
clothing	is	16
clothing	store	15
clothing	in	9
clothing	of	7
clothing	was	5
cloud	of	32
cloud	in	21
cloud	is	17
cloud	looks	9
cloud	nine	9
cloud	that	7
clouded	over	5
clouded	his	3
clouded	my	3
clouds	are	45
clouds	of	22
clouds	were	22
clouds	in	20
clouds	and	19
clouds	that	9
cloudy	and	13
cloudy	today	9
cloudy	all	8
cloudy	tomorrow	8
cloudy	day	7
cloudy	with	7
clover	and	5
clown	at	4
clown	is	4
clown	character	3
clown	moves	3
clowning	around	3
clowns	are	5
clowns	began	3
clowns	have	3
club	is	30
club	in	22
club	was	16
club	for	13
club	has	13
club	members	12
clubbing	with	4
clubs	are	11
clubs	and	7
clubs	in	5
clubs	that	4
clubs	for	3
clubs	to	3
clue	what	27
clue	about	14
clue	who	9
clue	how	8
clue	as	6
clue	where	6
clueless	about	3
clues	to	5
clump	of	6
clumsy	and	6
clumsy	as	4
clumsy	man	3
clung	to	35
clung	together	4
cluster	of	13
cluster	bombs	3
clusters	of	8
clusters	and	4
clutch	at	3
clutches	of	3
clutching	a	7
clutching	his	5
clutching	each	3
clutching	her	3
clutter	free	8
clutter	in	5
clutter	and	3
clutter	on	3
cm	and	3
co	workers	131
co	worker	68
co	author	10
co	op	9
co	operation	7
co	emissions	6
coach	is	20
coach	gave	7
coach	was	7
coach	and	6
coach	for	6
coach	made	5
coaches	mina	3
coaches	of	3
coaching	the	3
coal	is	10
coal	in	8
coal	mine	8
coal	and	7
coal	mines	5
coal	mining	5
coalition	of	6
coalition	that	4
coalition	government	3
coalition	is	3
coalition	talks	3
coalition	with	3
coals	to	3
coarse	in	3
coast	of	86
coast	guard	20
coast	and	12
coast	is	11
coast	to	10
coast	was	4
coastal	areas	15
coastal	cities	6
coastal	city	6
coastal	and	5
coastal	communities	5
coastal	town	5
coaster	to	4
coaster	ride	3
coasters	for	3
coasters	to	3
coastline	along	3
coat	on	61
coat	and	59
coat	is	57
coat	of	39
coat	in	22
coat	off	19
coated	with	13
coated	in	5
coated	the	4
coating	of	5
coating	the	4
coats	and	14
coats	on	10
coats	from	8
coats	of	8
coats	are	5
coats	were	4
cobwebs	are	3
coca	cola	48
coca	leaves	4
cocaine	in	7
cocaine	is	6
cocaine	and	3
cocaine	he	3
cocaine	was	3
cock	is	8
cock	a	7
cock	and	6
cock	in	5
cock	crows	4
cock	crowing	3
cocked	his	5
cocked	the	4
cocked	and	3
cockpit	of	3
cockroach	is	6
cockroach	on	6
cockroach	with	4
cockroach	in	3
cockroaches	in	7
cockroaches	are	5
cocks	all	3
cocktail	party	12
cocktail	waitress	4
cocktail	is	3
cocktail	parties	3
cocktail	to	3
cocktail	with	3
cocktails	at	4
cocktails	taste	3
coconut	trees	13
coconut	milk	11
coconut	water	7
coconut	shells	6
coconut	with	6
coconut	tree	5
cod	is	4
cod	liver	3
code	of	22
code	is	18
code	for	15
code	switching	15
code	was	8
code	and	6
coded	message	3
codes	and	3
coerced	into	4
coexist	with	6
coexist	peacefully	4
coexist	in	3
coffee	is	142
coffee	with	120
coffee	shop	113
coffee	and	89
coffee	in	71
coffee	on	51
coffees	please	6
coffees	with	3
coffin	was	4
coffin	for	3
cog	in	3
cognitive	science	5
cognitive	abilities	3
cognitive	ability	3
cognitive	behavioral	3
cognitive	development	3
coin	is	16
coin	in	9
coin	toss	8
coin	collection	5
coin	was	5
coin	into	4
coincide	with	8
coincidence	that	7
coincidence	too	4
coincidences	are	4
coincidences	happen	3
coined	the	5
coined	by	3
coins	in	17
coins	are	13
coins	and	7
coins	away	6
coins	from	4
coins	she	3
coke	and	9
coke	in	5
coke	please	5
coke	or	4
coke	for	3
coke	to	3
cola	drink	6
cola	at	5
cola	is	5
cola	and	4
cola	contains	3
cola	to	3
cold	in	160
cold	and	159
cold	water	117
cold	weather	106
cold	to	84
cold	outside	78
colder	than	33
colder	and	11
colder	in	10
colder	it	8
colder	today	7
colder	day	6
coldest	winter	8
coldest	day	3
coldest	in	3
coldest	place	3
coldest	season	3
colds	easily	6
colds	are	4
colds	in	4
colds	and	3
cole	is	3
collaborate	with	17
collaborate	on	7
collaborate	and	5
collaborate	to	4
collaborating	with	9
collaboration	with	7
collaboration	and	4
collaboration	between	4
collaboration	is	3
collapse	of	25
collapse	in	7
collapse	at	6
collapse	disorder	4
collapse	by	3
collapsed	in	26
collapsed	on	23
collapsed	under	12
collapsed	into	10
collapsed	to	9
collapsed	and	7
collar	on	18
collar	is	16
collar	and	10
collar	of	5
collar	workers	5
collar	for	4
collars	on	4
collateral	damage	7
colleague	who	24
colleague	carlos	13
colleague	was	7
colleague	and	6
colleague	to	6
colleague	of	5
colleagues	to	7
colleagues	are	6
colleagues	at	6
colleagues	a	4
colleagues	from	4
colleagues	were	4
collect	the	23
collect	stamps	14
collect	and	11
collect	information	10
collect	call	8
collect	my	8
collected	the	18
collected	his	12
collected	in	12
collected	by	11
collected	stamps	11
collected	a	10
collecting	stamps	19
collecting	data	9
collecting	old	8
collecting	insects	7
collecting	money	6
collecting	the	5
collection	of	149
collection	is	20
collection	to	7
collection	includes	5
collection	was	5
collection	with	4
collections	of	4
collective	punishment	6
collective	farm	5
collective	action	4
collective	civilized	4
collective	bargaining	3
collector	of	4
collectors	and	3
collectors	put	3
collects	stamps	3
college	student	48
college	students	48
college	in	42
college	and	24
college	to	23
college	degree	18
colleges	and	17
colleges	are	3
collide	with	9
collided	with	30
collided	head	6
colliding	with	4
collision	course	9
collision	with	8
cologne	cathedral	4
colombia	is	7
colombia	and	3
colombian	and	3
colon	cancer	11
colonel	ashton	5
colonel	and	3
colonel	collins	3
colonel	ross	3
colonial	buildings	6
colonial	powers	6
colonial	authorities	4
colonial	period	4
colonial	era	3
colonial	france	3
colonies	in	10
colonies	of	7
colonies	on	6
colonies	have	3
colonies	was	3
colonists	in	3
colony	of	15
colony	on	10
colony	in	7
colony	for	5
colony	is	5
colony	was	5
color	of	130
color	is	124
color	are	29
color	and	27
color	to	21
color	in	20
colorado	river	4
colorado	and	3
colorado	in	3
colored	pencils	8
colored	glasses	7
colored	clothes	5
colored	dress	4
colored	paper	4
colored	the	4
colorful	flowers	10
colorful	houses	4
colorful	and	3
colorful	birds	3
coloring	book	3
coloring	books	3
coloring	is	3
colors	of	48
colors	and	31
colors	are	19
colors	in	15
colors	do	7
colors	from	6
colossal	failure	3
colossal	spider	3
colour	is	67
colour	of	45
colour	are	14
colour	print	12
colour	do	9
colour	and	8
coloured	the	3
colourful	easter	5
colourful	dress	3
colours	are	12
colours	and	10
colours	of	9
colours	do	7
colours	clash	4
colours	the	3
columbia	and	3
columbus	once	23
columbus	day	9
columbus	discovered	9
columbus	was	8
columbus	did	4
columbus	in	3
column	of	7
column	in	5
column	is	4
columns	and	4
columns	of	4
coma	and	9
coma	for	7
comb	your	11
comb	my	5
comb	over	4
combat	the	16
combat	climate	6
combat	boots	4
combat	between	3
combed	her	7
combed	and	3
combed	the	3
combination	of	66
combination	to	14
combination	is	8
combination	lock	4
combination	for	3
combinations	of	7
combine	to	6
combine	all	3
combine	the	3
combine	them	3
combine	with	3
combined	with	24
combined	the	6
combined	to	5
combined	their	3
combines	the	3
combing	her	10
combustion	engines	4
combustion	of	4
come	to	2305
come	back	1365
come	here	799
come	from	724
come	in	612
come	on	604
comedy	in	6
comedy	club	5
comedy	is	5
comedy	show	4
comedy	movie	3
comedy	to	3
comes	from	474
comes	to	440
comes	back	103
comes	in	81
comes	out	78
comes	here	72
comet	has	4
comet	is	4
comet	siding	4
comet	was	4
comet	will	4
comet	in	3
cometh	to	3
comets	are	11
comets	and	5
comets	in	4
comets	have	3
comets	orbit	3
comets	that	3
comfort	zone	30
comfort	and	19
comfort	her	17
comfort	in	17
comfort	of	12
comfort	food	10
comfortable	with	77
comfortable	in	40
comfortable	here	30
comfortable	to	22
comfortable	and	19
comfortable	talking	17
comfortably	in	5
comfortably	on	3
comforted	her	8
comforted	him	6
comforted	me	5
comforted	the	5
comforted	martha	3
comforting	thought	6
comforting	than	3
comforting	words	3
comforts	of	6
comforts	her	3
comic	book	90
comic	books	55
comic	bookstore	3
comic	strip	3
comics	and	4
comics	from	3
coming	to	599
coming	from	383
coming	back	370
coming	out	131
coming	home	128
coming	up	121
comma	is	14
comma	here	5
comma	before	4
comma	in	4
comma	missing	3
command	of	50
command	center	6
command	you	6
command	module	5
command	for	4
command	the	4
commanded	him	12
commanded	the	12
commanded	us	6
commanded	his	5
commanded	me	5
commanded	them	5
commander	of	15
commander	in	6
commanding	officer	5
commanding	the	3
commandment	of	5
commandment	to	3
commandments	and	4
commands	a	24
commands	the	7
commands	to	4
commands	respect	3
commemorate	the	12
commend	the	3
comment	on	80
comment	was	15
comment	section	10
comment	about	7
comment	is	7
comment	and	6
commentary	on	3
commented	on	15
commented	a	3
commenting	on	13
comments	on	34
comments	about	20
comments	are	17
comments	were	13
comments	and	10
comments	to	9
commerce	and	3
commercial	and	7
commercial	fishing	6
commercial	drive	5
commercial	fish	5
commercial	for	5
commercial	use	5
commission	of	5
commission	has	4
commission	a	3
commission	estimates	3
commissioned	officers	3
commissioner	for	8
commit	suicide	79
commit	the	15
commit	a	13
commit	crimes	12
commit	to	12
commit	murder	5
commitment	to	63
commitment	and	7
commitment	of	4
commitment	that	3
commitments	to	4
commits	a	4
commits	adultery	3
committed	to	93
committed	suicide	76
committed	a	41
committed	by	29
committed	the	28
committed	an	17
committee	is	18
committee	of	14
committee	was	11
committee	to	10
committee	consists	9
committee	has	9
committing	suicide	8
committing	a	6
committing	the	6
committing	to	6
committing	murder	4
commodity	prices	8
commodity	in	4
common	sense	135
common	in	105
common	with	69
common	to	39
common	language	31
common	for	28
commonly	used	38
commonly	known	16
commonly	called	9
commonly	referred	5
commonly	eaten	4
commonly	seen	4
commonwealth	of	4
commotion	in	4
commotion	outside	4
commotion	about	3
commotion	all	3
commotion	and	3
commotion	going	3
commune	in	7
communicate	with	116
communicate	in	39
communicate	and	9
communicate	the	8
communicate	effectively	6
communicated	with	22
communicated	in	5
communicated	through	3
communicating	with	26
communicating	in	6
communication	is	42
communication	with	25
communication	between	17
communication	and	14
communication	skills	8
communication	in	7
communications	commission	6
communications	and	3
communications	to	3
communicator	who	3
communism	is	29
communism	was	6
communism	will	6
communism	and	5
communism	has	5
communism	in	4
communist	party	24
communist	country	7
communist	government	3
communist	is	3
communists	should	3
communities	and	17
communities	of	11
communities	in	9
communities	to	7
communities	that	6
communities	around	4
community	in	28
community	is	27
community	of	24
community	and	21
community	service	17
community	center	11
commute	to	13
commute	from	3
compact	edition	8
compact	and	7
compact	car	3
companies	are	55
companies	that	22
companies	have	19
companies	and	16
companies	in	15
companies	to	14
companion	for	8
companion	in	5
companion	of	5
companion	to	4
companion	was	4
companion	will	4
companions	were	5
companions	and	3
companions	who	3
companionship	and	3
company	is	195
company	has	105
company	in	74
company	was	56
company	of	42
company	to	40
comparable	to	16
comparative	religion	3
compare	the	32
compare	yourself	20
compare	your	17
compare	me	13
compare	with	10
compare	it	9
compared	to	219
compared	with	74
compared	the	14
compared	his	5
compared	my	4
compared	this	3
compares	to	5
comparing	apples	5
comparing	it	4
comparing	yourself	4
comparing	them	3
comparing	themselves	3
comparison	with	19
comparison	to	18
comparison	is	8
comparison	between	4
comparison	of	3
compartment	door	3
compass	and	9
compass	for	6
compass	is	4
compass	points	4
compass	with	3
compassion	for	23
compassion	is	13
compassion	and	7
compassion	to	3
compassion	towards	3
compassionate	person	4
compatible	with	30
compel	you	4
compelled	to	59
compelled	us	4
compelled	by	3
compelled	me	3
compelling	evidence	3
compelling	story	3
compensate	for	13
compensate	you	5
compensated	for	6
compensation	for	9
compensation	is	3
compensation	money	3
compete	with	56
compete	in	31
compete	for	13
compete	against	5
compete	to	4
competed	in	19
competed	with	12
competed	for	3
competent	person	7
competent	and	4
competent	to	3
competing	with	13
competing	for	9
competing	in	6
competing	against	3
competition	is	39
competition	in	15
competition	was	12
competition	and	11
competition	for	10
competition	with	7
competitions	the	3
competitive	in	7
competitive	and	5
competitive	sports	5
competitive	person	3
competitive	price	3
competitor	in	3
competitors	in	8
competitors	are	4
compile	a	4
compiled	the	5
compiled	in	4
compiled	a	3
compiled	by	3
complain	about	143
complain	to	20
complain	of	16
complain	a	8
complain	so	8
complain	that	6
complained	about	129
complained	of	28
complained	that	27
complained	to	26
complaining	about	103
complaining	of	24
complaining	and	19
complaining	that	13
complaining	all	10
complaining	to	9
complains	about	34
complains	of	6
complains	and	3
complaint	about	6
complaint	with	6
complaint	against	5
complaint	is	5
complaint	to	5
complaint	was	4
complaints	about	16
complaints	from	12
complaints	are	5
complaints	so	5
complaints	have	4
complaints	of	3
complement	each	5
complement	of	4
complement	to	3
complete	the	76
complete	this	22
complete	and	21
complete	idiot	20
complete	silence	13
complete	waste	13
completed	the	63
completed	his	27
completed	by	18
completed	in	18
completed	a	10
completed	this	9
completely	different	139
completely	out	42
completely	empty	39
completely	forgot	38
completely	lost	38
completely	wrong	34
completing	the	8
completing	a	6
completing	this	6
completing	your	6
completing	his	5
completion	of	13
complex	and	20
complex	than	9
complex	numbers	8
complex	system	7
complex	that	7
complex	problem	6
complexion	and	3
complexion	was	3
complexity	of	14
compliance	with	9
complicate	matters	6
complicate	my	4
complicate	the	3
complicate	things	3
complicated	than	50
complicated	for	21
complicated	to	20
complicated	as	12
complicated	situation	10
complicated	problem	9
complicit	in	5
compliment	or	6
compliment	is	4
compliment	her	3
compliment	to	3
complimentary	tickets	3
complimented	her	13
complimented	mina	8
complimented	him	3
compliments	to	12
compliments	her	6
compliments	and	3
compliments	on	3
comply	with	27
component	of	16
component	in	3
components	of	10
components	that	4
components	can	3
compose	a	5
compose	himself	3
compose	music	3
composed	of	83
composed	by	14
composed	a	12
composed	the	7
composed	entirely	3
composer	of	13
composer	and	7
composer	is	3
composer	who	3
composers	of	3
composers	who	3
composing	a	4
composition	is	27
composition	of	12
composition	was	8
composition	has	6
composition	corrected	5
composition	leaves	5
compost	bin	4
compost	pile	3
compound	is	4
compound	of	4
compound	word	4
compound	are	3
compound	words	3
compounds	that	7
compounds	are	5
compounds	in	3
comprehend	the	10
comprehend	what	7
comprehend	it	4
comprehend	how	3
comprehend	why	3
comprehension	and	4
comprehension	of	4
comprehension	skills	4
comprehension	is	3
comprehensive	and	5
comprehensive	answer	3
comprehensive	knowledge	3
comprehensive	list	3
compress	to	3
compressed	air	3
compressed	into	3
compression	and	3
compromise	on	10
compromise	with	10
compromise	is	7
compromise	between	4
compromise	was	4
compromise	to	3
compromised	by	4
compulsive	liar	7
compulsive	disorder	5
compulsive	gambler	4
compulsory	for	5
compulsory	education	3
compulsory	in	3
compulsory	military	3
compute	the	3
computer	is	174
computer	to	43
computer	science	40
computer	has	36
computer	on	35
computer	games	30
computers	are	40
computers	to	18
computers	and	13
computers	can	12
computers	on	10
computers	have	9
computing	is	3
computing	nothing	3
computing	power	3
comrade	stalin	3
comrades	and	3
comrades	brought	3
con	artist	11
con	man	4
con	artists	3
conceal	the	19
conceal	his	9
conceal	her	5
conceal	it	4
conceal	their	3
conceal	your	3
concealed	his	11
concealed	the	10
concealed	in	5
concealed	by	3
concealed	her	3
concealing	the	5
concealing	a	4
concealing	information	3
concede	that	6
concede	the	3
conceive	of	10
conceive	and	4
conceive	it	4
conceived	and	16
conceived	a	5
conceived	as	5
conceived	is	5
conceived	by	4
conceived	in	4
concentrate	on	75
concentrate	in	10
concentrate	with	5
concentrate	more	4
concentrate	when	3
concentrate	your	3
concentrated	on	17
concentrated	in	9
concentrated	my	4
concentrating	on	12
concentration	of	18
concentration	camp	11
concentration	and	7
concentration	camps	6
concept	of	98
concept	is	12
concept	that	6
concept	to	6
concept	and	5
concept	in	4
conception	of	14
conception	to	4
concepts	of	10
concepts	and	3
concepts	are	3
concepts	for	3
concern	you	23
concern	me	22
concern	is	20
concern	for	18
concern	of	12
concerned	about	225
concerned	with	62
concerned	i	21
concerned	for	20
concerned	that	16
concerned	the	7
concerning	the	27
concerning	this	8
concerning	his	5
concerning	to	3
concerns	the	18
concerns	about	16
concerns	me	11
concerns	you	11
concerns	of	7
concerns	us	6
concert	was	69
concert	hall	32
concert	with	32
concert	is	30
concert	in	23
concert	will	23
concerts	in	9
concerts	are	5
concerts	and	4
concerts	as	3
concerts	for	3
concerts	have	3
conclude	that	12
conclude	from	4
concluded	that	36
concluded	the	5
concluded	his	4
concluded	by	3
concludes	that	4
conclusion	that	46
conclusion	is	11
conclusion	as	5
conclusion	of	4
conclusion	from	3
conclusion	was	3
conclusions	are	6
conclusions	can	3
conclusions	from	3
conclusions	were	3
concocted	by	4
concorde	was	3
concrete	and	8
concrete	example	7
concrete	jungle	6
concrete	block	4
concrete	floor	4
concrete	proof	4
condemn	the	12
condemn	a	3
condemn	and	3
condemn	you	3
condemned	to	20
condemned	the	12
condemned	as	4
condemned	for	4
condemned	by	3
condensed	milk	8
condescending	behavior	3
condescending	to	3
condition	is	41
condition	that	34
condition	of	27
condition	and	13
condition	was	13
condition	in	10
conditioned	room	3
conditioner	is	22
conditioner	in	7
conditioner	on	7
conditioner	off	3
conditioner	to	3
conditioning	in	9
conditioning	is	4
conditioning	on	3
conditions	are	40
conditions	in	25
conditions	for	23
conditions	of	18
conditions	and	16
conditions	that	14
condo	in	7
condo	complex	3
condolences	to	8
condolences	on	4
condom	in	5
condom	during	4
condoms	in	6
condoms	are	3
condoms	on	3
condone	this	4
condone	the	3
condone	violence	3
conduct	is	15
conduct	a	11
conduct	of	10
conduct	electricity	9
conduct	the	6
conducted	a	26
conducted	by	14
conducted	in	13
conducted	the	11
conducted	an	7
conducted	on	4
conducting	a	7
conducting	an	5
conducting	research	4
conducting	the	3
conductor	of	7
conductor	and	3
cone	and	3
cones	and	5
coney	barrett	3
confederate	flag	29
confederate	states	4
confer	with	6
confer	a	3
conference	room	42
conference	in	28
conference	is	21
conference	was	18
conference	will	12
conference	on	11
conferences	and	3
confess	that	20
confess	to	14
confess	my	8
confess	i	6
confess	everything	5
confess	his	5
confessed	to	75
confessed	his	29
confessed	that	29
confessed	everything	18
confessed	their	4
confessed	my	3
confessing	to	3
confession	to	7
confession	of	5
confession	that	4
confession	was	3
confidant	of	3
confide	in	24
confided	in	11
confidence	in	126
confidence	and	33
confidence	is	17
confidence	to	16
confidence	that	13
confidence	of	8
confident	in	38
confident	that	34
confident	of	22
confident	about	18
confident	and	10
confident	now	6
confidential	information	6
confidently	in	3
configuration	of	4
confined	to	28
confined	in	8
confined	him	4
confines	of	7
confirm	that	27
confirm	the	21
confirm	your	14
confirm	this	13
confirm	my	12
confirm	nor	10
confirmation	of	7
confirmation	email	3
confirmed	that	40
confirmed	the	20
confirmed	by	14
confirmed	it	8
confirmed	his	7
confirmed	cases	5
confirming	the	5
confirming	my	3
confirms	the	6
confiscate	your	4
conflict	between	33
conflict	with	25
conflict	in	22
conflict	is	17
conflict	and	14
conflict	of	6
conflicting	information	3
conflicts	with	8
conflicts	in	6
conflicts	and	4
conflicts	are	4
conflicts	can	4
conform	to	25
confront	the	19
confront	him	11
confront	layla	10
confront	that	8
confront	them	8
confront	her	7
confrontation	with	5
confrontation	between	4
confronted	with	32
confronted	the	14
confronted	layla	9
confronted	mina	8
confronted	by	5
confronting	the	5
confronting	him	3
confucius	said	6
confuse	me	18
confuse	the	13
confuse	them	5
confuse	him	4
confuse	a	3
confuse	layla	3
confused	with	36
confused	by	30
confused	as	19
confused	about	17
confused	and	17
confused	me	13
confuses	me	9
confusing	me	11
confusing	to	8
confusing	for	7
confusing	at	6
confusing	and	5
confusing	time	4
confusion	and	10
confusion	of	9
confusion	in	7
confusion	is	4
confusion	on	4
confusion	between	3
congo	is	8
congo	basin	3
congratulate	you	46
congratulate	him	10
congratulate	me	7
congratulate	them	6
congratulate	her	4
congratulated	him	15
congratulated	her	9
congratulated	me	6
congratulated	the	4
congratulated	them	4
congratulating	you	3
congratulations	on	47
congratulations	to	21
congratulations	are	9
congratulations	you	4
congratulations	for	3
congregation	was	6
congress	of	14
congress	and	12
congress	to	11
congress	passed	9
congress	in	7
congress	is	7
conjunction	with	8
conjunction	is	3
conjure	up	4
conjured	up	3
connect	with	40
connect	to	20
connect	the	19
connect	me	5
connect	my	3
connect	your	3
connected	to	110
connected	with	37
connected	by	21
connected	the	16
connected	in	6
connected	and	5
connecting	flight	11
connecting	with	7
connecting	a	4
connecting	to	3
connection	with	51
connection	to	48
connection	between	31
connection	is	25
connection	was	8
connection	that	7
connections	with	9
connections	in	6
connections	and	5
connections	to	5
connections	between	4
connections	are	3
connects	the	24
connects	us	8
connects	to	7
connects	with	4
connects	tokyo	3
connie	nielsen	3
connoisseur	of	4
conquer	the	21
conquer	any	3
conquer	her	3
conquer	your	3
conquered	the	15
conquered	by	7
conquered	earth	3
conquering	the	5
conquers	all	8
conquest	of	13
cons	of	12
conscience	is	31
conscience	and	10
conscience	was	6
conscience	be	5
conscience	of	5
conscience	does	4
conscious	of	46
conscious	and	7
conscious	that	7
conscious	about	5
conscious	beings	4
conscious	decision	4
consciously	or	3
consciousness	is	23
consciousness	and	12
consciousness	in	10
consciousness	of	9
consciousness	that	6
consciousness	which	3
consecutive	days	7
consecutive	years	6
consecutive	year	4
consecutive	life	3
consecutive	times	3
consensus	on	10
consensus	based	3
consent	to	26
consent	is	9
consent	of	7
consent	and	4
consented	to	25
consequence	of	40
consequence	to	3
consequences	of	65
consequences	for	23
consequences	are	8
consequences	on	7
consequences	were	6
consequences	will	5
consequently	the	4
conservation	of	15
conservation	area	7
conservation	and	5
conservation	groups	4
conservation	group	3
conservation	is	3
conservative	party	7
conservative	and	5
conservative	family	5
conservative	in	5
conservative	is	5
conservatives	are	6
conservatives	and	3
conserve	our	6
conserve	water	6
conserve	energy	5
conserve	your	3
consider	the	115
consider	it	77
consider	yourself	66
consider	that	61
consider	myself	57
consider	this	48
considerable	amount	12
considerable	sum	8
considerable	damage	7
considerable	progress	4
considerable	expense	3
considerable	number	3
considerably	more	6
considerably	better	3
considerably	compared	3
considerably	higher	3
considerably	in	3
considerably	increased	3
considerate	of	22
considerate	as	3
consideration	the	13
consideration	is	6
consideration	of	6
consideration	for	5
consideration	we	5
consideration	i	4
considered	a	126
considered	to	78
considered	the	73
considered	an	37
considered	that	35
considered	as	30
considering	the	24
considering	doing	11
considering	it	10
considering	that	10
considering	going	9
considering	how	8
considers	himself	25
considers	the	13
considers	herself	9
considers	him	5
considers	this	5
considers	his	3
consist	of	41
consist	only	5
consisted	of	25
consisted	in	3
consistency	is	5
consistency	of	3
consistent	with	27
consistent	in	3
consists	of	241
consists	in	21
consists	mainly	7
consists	not	5
consists	mostly	4
console	her	10
console	or	8
console	him	4
consolidate	its	4
consolidate	the	3
consolidated	his	3
consort	with	5
consortium	of	3
conspicuous	consumption	4
conspicuous	in	4
conspicuous	by	3
conspiracies	do	3
conspiracy	theories	29
conspiracy	theory	18
conspiracy	to	14
conspiracy	and	6
conspiracy	of	6
conspiracy	theorists	5
conspire	against	3
conspired	to	5
conspired	with	5
conspired	against	4
conspiring	against	5
conspiring	to	5
conspiring	together	3
constant	fear	10
constant	need	9
constant	danger	7
constant	source	7
constant	companion	6
constant	efforts	6
constantine	was	3
constantly	on	16
constantly	changing	15
constantly	in	14
constantly	looking	14
constantly	being	8
constantly	getting	6
constellation	of	4
constellations	can	3
constellations	do	3
constellations	in	3
constitute	a	10
constitute	the	9
constitutes	a	19
constitutes	the	3
constitution	and	11
constitution	of	11
constitution	was	11
constitution	is	9
constitution	for	3
constitution	the	3
constitutional	monarchy	4
constitutional	crisis	3
constitutional	law	3
constraints	of	4
construct	a	11
construct	new	3
constructed	language	18
constructed	languages	14
constructed	in	13
constructed	a	10
constructed	the	4
constructing	a	7
constructing	an	4
construction	of	68
construction	site	49
construction	worker	20
construction	is	18
construction	workers	13
construction	work	12
constructive	feedback	9
constructive	criticism	6
consulate	in	4
consult	a	45
consult	the	20
consult	with	18
consult	your	12
consult	an	9
consult	my	7
consultation	with	9
consulted	with	12
consulted	a	7
consulted	my	6
consulted	me	5
consulted	him	4
consulted	the	3
consulting	me	6
consulting	detective	4
consulting	firm	4
consulting	a	3
consume	a	8
consume	all	6
consume	less	6
consume	alcohol	4
consume	me	3
consume	sugar	3
consumed	by	27
consumed	in	12
consumed	the	12
consumed	with	7
consumed	a	4
consumed	her	3
consumer	confidence	7
consumer	goods	6
consumer	of	5
consumer	society	4
consumer	electronics	3
consumer	price	3
consumers	are	8
consumers	and	5
consumers	of	4
consumers	to	3
consumers	will	3
consumes	a	9
consumes	the	3
consuming	him	3
consuming	task	3
consumption	of	31
consumption	tax	11
consumption	is	10
consumption	and	4
consumption	in	4
contact	with	244
contact	you	56
contact	me	53
contact	us	46
contact	him	33
contact	the	33
contacted	the	50
contacted	me	12
contacted	by	9
contacted	us	7
contacted	my	6
contacting	you	6
contacts	and	5
contacts	in	4
contacts	between	3
contagious	disease	11
contagious	diseases	5
contagious	than	3
contagious	virus	3
contain	the	32
contain	a	30
contain	any	10
contain	his	10
contain	many	6
contain	my	6
contained	in	24
contained	a	12
contained	the	8
contained	within	5
contained	many	3
contained	nothing	3
container	of	9
container	is	7
container	ship	3
containers	to	8
containers	and	6
containers	in	4
containers	of	4
containers	from	3
containers	were	3
containing	a	12
containing	the	9
containing	two	3
contains	a	50
contains	the	36
contains	many	21
contains	all	10
contains	more	8
contains	no	7
contaminated	by	7
contaminated	water	7
contaminated	with	7
contaminated	food	3
contemplate	the	8
contemplating	the	9
contemplation	of	3
contemporary	art	9
contemporary	of	7
contemporary	music	6
contemporary	literature	5
contemporary	authors	3
contempt	for	13
contempt	and	5
contend	with	8
content	with	61
content	of	28
content	is	24
content	to	12
content	the	8
content	on	7
contented	with	5
contents	of	34
contents	are	4
contents	were	4
contents	is	3
contest	and	6
contest	in	6
contest	is	6
contest	the	5
contest	with	5
contest	was	4
context	of	11
context	is	9
context	and	7
context	i	3
context	to	3
context	where	3
continent	is	17
continent	of	11
continent	in	7
continent	and	5
continent	has	5
continent	on	4
continental	breakfast	3
continental	congress	3
continental	drift	3
continental	united	3
continents	are	5
contingency	plan	9
continually	on	3
continuation	of	15
continue	to	332
continue	doing	47
continue	the	36
continue	this	33
continue	working	30
continue	his	23
continued	to	503
continued	his	66
continued	walking	33
continued	on	23
continued	their	19
continued	for	18
continues	to	194
continues	in	5
continues	its	5
continues	on	4
continues	with	4
continues	today	3
continuing	to	36
continuing	his	9
continuing	their	4
continuing	the	3
continuous	improvement	4
continuous	process	3
contract	is	19
contract	with	17
contract	was	13
contract	carefully	8
contract	in	7
contracted	a	15
contracted	chlamydia	10
contracted	the	7
contracted	an	4
contracting	the	7
contraction	of	5
contractions	are	4
contracts	to	6
contracts	with	4
contradict	each	6
contradict	me	6
contradict	the	5
contradict	myself	4
contradict	themselves	4
contradict	you	4
contradiction	here	4
contradiction	in	4
contradiction	is	4
contradiction	between	3
contradictions	in	4
contradictory	and	3
contrary	to	69
contrary	i	15
contrary	he	6
contrary	she	5
contrary	is	4
contrast	to	27
contrast	between	12
contrast	with	6
contrast	the	4
contribute	to	127
contribute	in	7
contribute	more	7
contribute	a	5
contribute	sentences	5
contribute	towards	3
contributed	to	43
contributed	much	6
contributed	a	5
contributed	greatly	5
contributed	by	3
contributing	to	33
contributing	sentences	5
contributing	factor	3
contribution	to	31
contribution	of	4
contribution	in	3
contribution	is	3
contributions	to	28
contributions	of	6
contributions	are	5
contributions	from	3
control	of	166
control	over	73
control	the	72
control	his	56
control	and	41
control	your	32
controlled	by	61
controlled	the	14
controlled	mina	8
controlled	flight	5
controlled	his	4
controlled	and	3
controller	is	3
controlling	the	15
controlling	his	7
controlling	your	6
controlling	and	4
controlling	my	4
controlling	person	3
controls	the	24
controls	everything	5
controls	his	5
controls	on	3
controversial	subject	5
controversial	topic	4
controversial	sentences	3
controversy	in	5
controversy	is	3
convenience	store	77
convenience	stores	8
convenience	of	7
convenient	for	75
convenient	to	24
convenient	and	7
convenient	place	6
convenient	time	5
convenient	but	4
conveniently	located	5
convention	center	6
convention	on	6
convention	was	6
convention	centers	3
convention	is	3
convention	voted	3
conventional	wisdom	6
conventional	methods	3
conversation	with	116
conversation	was	36
conversation	is	28
conversation	in	27
conversation	about	18
conversation	at	10
conversations	with	22
conversations	in	10
conversations	about	5
conversations	and	3
conversations	are	3
converse	with	6
converse	about	3
converse	in	3
conversing	with	6
conversing	in	5
conversion	to	70
conversion	therapy	12
conversion	of	3
convert	to	154
convert	the	10
convert	her	5
convert	layla	4
convert	me	4
convert	his	3
converted	to	288
converted	into	16
converted	from	10
converted	the	7
converted	it	3
converted	my	3
converting	to	30
converts	to	6
convey	the	21
convey	my	14
convey	meaning	4
convey	a	3
convey	his	3
convey	how	3
conveyed	the	7
conveyed	a	4
conveyor	belt	7
convict	him	4
convicted	of	57
convicted	and	6
convicted	for	6
convicted	felon	4
convicted	on	4
conviction	that	16
conviction	is	6
conviction	for	5
conviction	of	4
conviction	was	3
convictions	are	5
convictions	of	4
convince	him	76
convince	me	51
convince	her	42
convince	you	29
convince	them	26
convinced	that	172
convinced	of	43
convinced	me	37
convinced	i	26
convinced	layla	14
convincing	him	9
convincing	argument	4
convincing	people	4
convincing	but	3
convincing	her	3
coo	bunny	4
cook	for	75
cook	dinner	52
cook	the	33
cook	it	20
cook	this	19
cook	something	18
cookbook	was	4
cooked	a	36
cooked	dinner	34
cooked	the	32
cooked	for	16
cooked	to	12
cooked	in	10
cookie	is	79
cookie	a	13
cookie	was	11
cookie	jar	9
cookie	to	8
cookie	has	7
cookies	are	33
cookies	for	29
cookies	and	16
cookies	in	11
cookies	to	11
cookies	on	7
cooking	is	28
cooking	dinner	27
cooking	in	26
cooking	for	23
cooking	something	22
cooking	and	16
cooks	for	13
cooks	well	8
cooks	the	6
cooks	every	5
cooks	dinner	4
cooks	in	4
cool	and	39
cool	down	39
cool	with	23
cool	to	18
cool	breeze	15
cool	off	15
cooled	down	14
cooled	off	5
cooled	the	4
cooler	than	17
cooler	and	5
cooler	tomorrow	3
cooler	waters	3
coolest	guy	3
cooling	off	6
cooling	systems	5
cooling	down	4
cooling	by	3
cooling	his	3
cools	down	4
cools	the	4
cooped	up	16
cooper	is	4
cooperate	with	20
cooperate	to	4
cooperate	in	3
cooperated	with	13
cooperated	to	3
cooperating	with	8
cooperation	in	15
cooperation	and	12
cooperation	with	11
cooperation	between	6
cooperation	is	5
cooperation	of	3
coordinated	effort	4
coordinated	with	3
coordinating	this	3
coordination	is	4
coordination	of	4
coordinator	of	3
cop	was	7
cop	and	4
cop	a	3
cop	car	3
cop	out	3
cop	to	3
cope	with	140
cope	without	4
copenhagen	is	7
copernicus	studied	5
copernicus	was	3
copied	the	12
copied	his	6
copied	a	4
copied	and	4
copied	from	4
copied	to	4
copies	of	95
copies	and	3
copies	are	3
copies	made	3
coping	with	22
coping	mechanisms	5
coping	strategies	3
copper	is	8
copper	and	6
copper	river	4
copper	castle	3
cops	are	30
cops	were	28
cops	to	22
cops	on	19
cops	and	9
copy	of	176
copy	this	14
copy	the	12
copy	my	8
copy	and	7
copy	it	7
copying	his	5
copying	my	4
copying	on	4
copying	the	4
copying	from	3
copying	your	3
copyright	laws	7
copyright	tip	5
copyright	is	3
copyright	law	3
coral	reefs	28
coral	reef	12
coral	and	4
corals	are	7
corals	can	3
cord	to	6
cord	is	4
cord	and	3
cord	with	3
core	of	19
core	and	11
core	is	5
core	values	3
cork	is	4
corkscrew	to	4
corn	is	21
corn	and	14
corn	in	12
corn	on	10
corn	or	6
corn	syrup	6
cornell	university	7
corner	of	179
corner	and	36
corner	is	10
corner	convenience	9
corner	store	8
corner	to	7
cornered	by	5
cornered	the	3
corners	of	36
corners	and	6
corners	when	3
cornerstone	of	13
cornwall	is	5
corona	and	5
coronary	artery	4
coronation	was	3
corporal	punishment	10
corporate	interests	8
corporate	ladder	8
corporate	tax	4
corporate	america	3
corporate	earnings	3
corporate	greed	3
corporation	is	8
corporations	are	11
corporations	and	3
corporations	in	3
corporations	is	3
corps	of	6
corpse	was	7
corpse	is	6
corpse	of	6
corpse	in	5
corpus	is	12
corpus	of	8
corpus	would	4
corpus	are	3
corral	the	3
correct	answer	59
correct	the	39
correct	it	28
correct	but	25
correct	my	25
correct	them	20
corrected	it	17
corrected	the	13
corrected	by	10
corrected	that	10
corrected	me	4
corrected	all	3
correcting	my	9
correcting	the	7
correcting	this	3
correction	fluid	4
correction	to	3
correctional	facility	3
correctional	officer	3
correctly	and	8
correctly	is	5
correctly	he	4
correctly	that	4
correctly	you	4
correctly	i	3
correlation	between	5
correlation	does	3
correspond	with	23
correspond	to	22
correspondent	in	3
corresponding	to	7
corresponding	with	6
corresponding	increase	3
corresponds	to	19
corresponds	with	6
corridor	and	5
corridor	was	5
corridor	is	3
corridors	of	5
corrupt	officials	27
corrupt	and	14
corrupt	politicians	12
corrupt	government	5
corrupt	people	5
corrupt	but	4
corrupted	by	5
corrupted	the	3
corruption	is	25
corruption	in	17
corruption	and	14
corruption	scandal	9
corruption	of	7
corruption	has	6
cosmetic	surgery	6
cosmetics	and	3
cosmic	rays	5
cosmic	web	5
cosmic	radiation	4
cosmopolitan	city	4
cosmos	is	3
cosmos	to	3
cosmos	was	3
cost	of	212
cost	me	130
cost	you	124
cost	to	99
cost	a	90
cost	us	54
costa	rica	21
costa	rican	5
costing	more	3
costing	you	3
costly	and	4
costly	for	3
costly	than	3
costly	to	3
costs	a	58
costs	more	29
costs	nothing	20
costs	of	18
costs	less	17
costs	are	15
costume	for	13
costume	party	9
costume	and	6
costume	is	5
costume	of	4
costume	this	4
costumes	and	5
costumes	for	3
cosy	atmosphere	6
cosy	here	3
cottage	cheese	13
cottage	in	13
cottage	had	4
cottage	is	4
cottage	on	4
cottage	was	4
cotton	candy	18
cotton	is	6
cotton	shirt	5
cotton	and	4
cotton	or	3
cotton	socks	3
couch	in	18
couch	and	17
couch	is	12
couch	potato	11
couch	to	9
couch	with	7
couches	and	3
cougar	is	3
cough	syrup	11
cough	medicine	9
cough	is	7
cough	or	7
cough	and	6
cough	drops	6
coughed	up	4
coughing	and	9
coughing	up	7
coughing	all	5
coughing	or	5
coughing	nonstop	3
coughs	and	3
coughs	sneezes	3
could	you	2680
could	be	1313
could	do	1265
could	have	1079
could	not	957
could	i	549
coulda	been	3
council	of	11
council	is	10
council	estate	6
council	has	6
council	the	4
council	was	4
counsel	is	3
counseling	to	3
counselor	at	3
count	on	230
count	to	78
count	the	39
count	your	27
count	me	25
count	in	18
counted	the	28
counted	on	22
counted	to	14
counted	his	10
counted	them	9
counted	as	5
countenance	and	4
countenance	is	3
counter	and	12
counter	to	10
counter	for	7
counter	the	5
counter	by	4
counter	was	4
counterfeit	money	3
counties	have	3
counties	in	3
counting	on	85
counting	the	16
counting	sheep	8
counting	down	4
counting	his	3
counting	your	3
countless	times	11
countless	stars	9
countless	hours	6
countless	lives	5
countless	thousands	3
countries	in	102
countries	are	81
countries	have	75
countries	that	42
countries	of	37
countries	and	34
country	is	297
country	in	239
country	to	114
country	has	112
country	and	109
country	of	93
countryside	is	15
countryside	to	7
countryside	with	5
countryside	and	4
countryside	than	4
countryside	of	3
counts	for	21
counts	in	8
counts	of	7
counts	on	7
counts	is	5
counts	the	5
county	jail	7
county	fair	5
county	has	4
county	and	3
coup	attempt	8
coup	in	6
coup	tat	3
coup	to	3
coup	was	3
couple	of	790
couple	more	25
couple	in	17
couple	is	15
couple	hours	14
couple	minutes	14
coupled	with	7
couples	in	5
couples	to	5
couples	and	4
courage	to	207
courage	and	50
courage	is	24
courage	in	11
courage	of	9
courage	grows	4
courageous	enough	4
courageous	people	3
course	i	197
course	of	172
course	you	59
course	not	41
course	it	30
course	he	26
courses	in	14
courses	are	9
courses	at	4
courses	for	4
courses	to	4
courses	that	3
court	of	28
court	and	15
court	to	13
court	has	11
court	case	8
court	is	8
courteous	to	4
courtesy	of	12
courtesy	visit	6
courts	and	4
courts	are	4
courts	in	4
courts	have	3
courtyard	is	5
courtyard	in	3
courtyard	of	3
couscous	is	42
couscous	with	26
couscous	in	15
couscous	and	12
couscous	at	8
couscous	recipe	7
cousin	is	48
cousin	who	15
cousin	of	11
cousin	and	9
cousin	has	7
cousin	in	7
cousins	live	10
cousins	and	8
cousins	are	6
cousins	in	5
cousins	were	4
cousins	do	3
covenant	between	5
covenant	with	5
covenant	which	4
coventry	is	3
cover	the	71
cover	up	51
cover	your	41
cover	of	33
cover	for	23
cover	his	20
coverage	is	4
coverage	for	3
coverage	to	3
covered	with	311
covered	in	261
covered	the	88
covered	by	63
covered	his	47
covered	her	30
covering	the	24
covering	his	12
covering	of	12
covering	up	8
covering	your	7
covering	for	4
covers	the	17
covers	of	7
covers	an	6
covers	and	6
covers	her	6
covers	all	4
coveted	his	5
cow	is	24
cow	and	12
cow	in	6
cow	for	4
cow	has	4
coward	to	6
coward	is	5
coward	that	3
cowardly	and	3
cowboy	hat	9
cowboy	boots	7
cowboys	and	3
coworker	at	5
cows	are	46
cows	and	22
cows	in	17
cows	give	10
cows	were	8
cows	come	7
coy	about	3
coyotes	are	7
coyotes	and	4
coyotes	have	4
coyotes	in	3
coyotes	killed	3
cozy	and	6
cozy	place	6
cozy	atmosphere	4
cozy	here	4
cozy	in	4
cozy	feel	3
cr	me	8
crab	is	7
crabs	and	8
crabs	are	7
crabs	have	3
crack	in	71
crack	of	24
crack	the	17
crack	a	13
crack	is	13
crack	at	8
cracked	the	18
cracked	open	17
cracked	up	14
cracked	windshield	12
cracked	his	9
cracked	a	8
crackers	and	4
crackers	are	3
cracking	down	7
cracking	up	7
cracking	your	4
crackling	fire	3
cracks	in	29
cracks	me	5
cracks	and	4
cracks	with	3
cradle	of	12
cradle	to	5
cradle	is	4
craft	a	3
craft	of	3
craft	on	3
crafted	a	6
crafted	by	4
crafts	and	3
craigslist	again	3
cram	school	9
crammed	with	5
crammed	in	3
cramp	in	10
cramp	and	3
cranberry	juice	9
cranberry	sauce	4
crane	is	5
crane	fly	4
crane	she	4
crane	to	3
cranes	so	3
crank	up	3
crap	out	20
crap	about	8
crap	i	4
crap	is	3
crap	to	3
crapped	his	3
crash	at	14
crash	in	10
crash	site	7
crash	was	7
crash	on	6
crash	barrier	5
crashed	into	76
crashed	his	17
crashed	in	14
crashed	and	12
crashed	on	9
crashed	to	8
crashes	in	3
crashing	down	12
crashing	into	5
crashing	against	4
crashing	on	4
crate	is	3
crater	in	3
crater	on	3
craters	have	3
craters	in	3
crave	a	3
crave	for	3
craving	for	12
craving	a	3
craving	to	3
crawl	into	8
crawl	out	3
crawl	through	3
crawl	up	3
crawled	out	29
crawled	into	22
crawled	under	10
crawled	back	7
crawled	to	7
crawled	on	5
crawling	with	19
crawling	on	15
crawling	across	10
crawling	up	9
crawling	out	5
crawling	towards	5
crawls	along	3
craze	is	4
crazier	than	7
crazier	things	3
craziest	thing	12
crazy	about	106
crazy	to	60
crazy	but	32
crazy	for	22
crazy	person	17
crazy	as	16
creak	open	6
creaking	sound	3
cream	in	47
cream	and	33
cream	is	32
cream	for	31
cream	with	19
cream	or	17
creams	please	5
create	a	213
create	the	39
create	an	33
create	new	20
create	it	13
create	more	13
created	a	172
created	by	84
created	the	67
created	an	28
created	in	25
created	to	17
creates	a	38
creates	the	11
creates	an	8
creates	its	4
creates	beauty	3
creates	new	3
creating	a	61
creating	the	12
creating	new	8
creating	an	7
creating	your	7
creating	problems	6
creation	of	58
creation	and	7
creation	or	4
creation	in	3
creative	commons	8
creative	person	8
creative	and	6
creative	people	6
creative	than	6
creativity	and	15
creativity	is	14
creativity	to	7
creativity	in	5
creativity	knows	3
creativity	of	3
creator	of	32
creator	god	3
creator	that	3
creators	of	6
creature	was	51
creature	had	30
creature	in	22
creature	of	16
creature	is	9
creature	to	9
creatures	of	13
creatures	that	10
creatures	are	9
creatures	and	7
creatures	were	7
creatures	in	5
credibility	of	5
credible	evidence	4
credit	card	217
credit	cards	61
credit	for	36
credit	is	13
credit	to	12
credit	where	7
credited	with	13
credited	for	4
credits	to	3
creed	yes	5
creek	without	4
creek	in	3
creek	was	3
creep	into	3
creep	up	3
creep	upon	3
creeped	out	33
creeped	me	5
creeping	things	5
creeping	around	4
creeping	up	4
creeping	me	3
creeps	me	5
creepy	and	5
creepy	guy	5
creepy	stories	5
creepy	as	4
creepy	in	4
creepy	looking	4
creole	spanish	13
creole	language	4
creole	languages	3
crept	into	10
crept	out	9
crept	up	8
crept	through	4
crept	under	4
crept	along	3
crescent	moon	8
crescent	shaped	5
crest	of	4
crest	was	3
crete	is	5
crew	members	22
crew	is	12
crew	was	11
crew	to	8
crew	of	7
crew	were	7
cricket	is	9
cricket	bat	4
cricket	match	4
cricket	and	3
crickets	chirping	3
cried	out	49
cried	for	39
cried	in	30
cried	all	26
cried	when	26
cried	a	23
cries	when	13
cries	of	9
cries	for	7
cries	and	5
cries	out	5
cries	he	3
crime	scene	63
crime	is	31
crime	in	26
crime	rate	26
crime	against	23
crime	was	23
crimea	is	5
crimea	and	4
crimea	in	4
crimes	against	32
crimes	and	19
crimes	in	17
crimes	of	15
crimes	committed	11
crimes	are	8
criminal	record	17
criminal	is	16
criminal	was	16
criminal	activities	9
criminal	and	9
criminal	to	8
criminals	is	9
criminals	are	8
criminals	in	7
criminals	and	5
criminals	should	5
criminals	who	4
crimson	and	3
crippled	by	10
crippled	mina	9
crises	and	4
crisis	is	47
crisis	in	32
crisis	has	20
crisis	of	15
crisis	and	10
crisis	could	8
crisp	and	9
crisp	air	4
crisps	are	5
crispy	chicken	4
criteria	of	3
critic	of	9
critic	is	4
critical	of	28
critical	condition	23
critical	thinking	15
critical	to	11
critical	role	6
critical	moment	5
critically	endangered	13
critically	about	3
critically	important	3
critically	think	3
criticise	me	4
criticise	than	3
criticise	you	3
criticism	of	26
criticism	is	14
criticism	from	11
criticism	and	8
criticism	for	5
criticism	was	5
criticize	the	16
criticize	me	15
criticize	islam	8
criticize	my	7
criticize	saudi	6
criticize	him	5
criticized	the	23
criticized	for	21
criticized	by	7
criticized	her	5
criticized	him	5
criticized	when	3
criticizing	me	9
criticizing	the	7
criticizing	israel	4
criticizing	you	4
critics	say	14
critics	of	7
critics	are	6
critics	have	5
critics	who	3
critique	of	10
croaking	frog	4
croatia	is	9
croatian	ancestry	7
croatian	descent	7
crocodile	is	7
crocodile	tears	6
crocodile	tore	4
crocodile	ate	3
crocodile	in	3
crocodiles	are	13
crocodiles	and	4
crocodiles	can	4
crocodiles	in	3
croissant	is	3
croissants	and	3
crook	of	5
crooked	teeth	3
crop	in	12
crop	is	10
crop	was	8
crop	of	7
crop	this	7
crop	yields	6
crops	and	16
crops	in	11
crops	are	9
crops	on	5
crops	that	5
crops	were	5
cross	the	304
cross	this	35
cross	your	30
cross	that	29
cross	a	21
cross	my	15
crossed	the	229
crossed	my	33
crossed	a	29
crossed	his	18
crossed	over	11
crossed	her	9
crosses	the	23
crosses	my	4
crossing	the	181
crossing	a	15
crossing	this	7
crossing	that	4
crossing	of	3
crossing	on	3
crossroads	in	3
crossword	puzzles	11
crossword	puzzle	9
crouching	down	3
crouching	over	3
crow	and	7
crow	is	7
crow	perched	4
crow	was	4
crow	flew	3
crowd	of	60
crowd	was	24
crowd	is	16
crowd	gathered	13
crowd	at	10
crowd	cheered	9
crowded	with	34
crowded	in	20
crowded	that	15
crowded	here	12
crowded	bus	11
crowded	on	9
crowding	me	3
crowds	of	10
crowds	and	3
crowing	of	3
crown	of	13
crown	on	8
crown	prince	8
crown	was	7
crown	is	6
crown	and	4
crowned	with	12
crowned	parrots	5
crowned	the	3
crowning	glory	4
crowning	achievement	3
crows	are	10
crows	and	4
crucial	for	27
crucial	to	19
crucial	role	16
crucial	in	13
crucial	that	6
crude	oil	25
crude	but	4
crude	and	3
crude	jokes	3
cruel	to	49
cruel	and	18
cruel	remarks	12
cruel	thing	9
cruel	man	7
cruel	world	7
cruelty	to	14
cruelty	is	6
cruelty	of	4
cruelty	that	3
cruise	ship	20
cruise	to	8
cruise	ships	6
cruise	control	5
cruise	missiles	3
cruises	are	3
crumble	cheese	4
crumbled	the	4
crumbled	to	4
crumbled	into	3
crumbs	on	7
crumbs	into	4
crumbs	from	3
crumbs	off	3
crumbs	or	3
crumpled	the	3
crunch	of	7
crunching	noise	3
crunching	outside	3
crusade	against	4
crush	on	163
crush	the	8
crush	them	6
crush	for	4
crushed	the	28
crushed	by	16
crushed	his	5
crushed	to	4
crushed	it	3
crushed	my	3
crushing	on	6
crushing	down	3
crust	of	7
crust	is	5
crusty	bread	3
crutches	for	3
cry	when	34
cry	in	28
cry	for	26
cry	of	24
cry	at	18
cry	on	15
crying	in	47
crying	out	35
crying	and	34
crying	for	33
crying	again	19
crying	like	18
crystal	clear	31
crystal	ball	12
crystal	chandelier	5
cub	is	3
cuba	is	10
cuba	and	5
cuba	the	3
cuban	cigar	3
cuban	citizen	3
cube	is	6
cube	has	4
cube	have	3
cube	trays	3
cubes	in	7
cubic	meters	5
cubs	are	7
cubs	played	3
cucumber	is	7
cucumber	salad	3
cucumbers	and	8
cucumbers	are	4
cuddle	my	6
cuddle	with	4
cuddle	you	3
cuddling	with	6
cuddling	my	5
cuddling	on	3
cuddly	toy	4
cuddly	toys	3
cuff	of	3
cuffed	behind	4
cuisine	is	17
cuisine	and	4
cuisine	but	3
cuisine	has	3
cuisine	of	3
cuisine	or	3
culinary	school	4
culinary	arts	3
culinary	delight	3
culmination	of	7
culprit	is	4
cult	leader	9
cult	of	6
cult	following	4
cult	but	3
cult	classic	3
cultivate	the	7
cultivate	your	5
cultivate	a	4
cultivated	in	11
cultural	heritage	46
cultural	and	20
cultural	differences	12
cultural	exchange	10
cultural	superiority	10
culturally	jewish	4
culturally	hindu	3
culturally	very	3
culture	and	66
culture	is	60
culture	of	41
culture	in	21
culture	has	19
culture	to	17
cultured	man	5
cultures	and	26
cultures	of	17
cultures	are	6
cultures	in	6
cultures	have	3
cultures	the	3
cum	in	5
cum	socks	3
cunning	and	10
cunning	than	5
cunning	plan	4
cunningham	saw	3
cup	of	777
cup	is	40
cup	and	20
cup	on	12
cup	in	11
cup	will	11
cupboard	is	7
cupboard	and	3
cupcakes	are	4
cupcakes	for	3
cupcakes	to	3
cups	of	84
cups	are	11
cups	in	7
cups	on	6
cups	and	5
cups	down	4
curator	of	3
curb	the	7
curb	inflation	3
curb	next	3
curb	your	3
cure	for	66
cure	you	9
cure	him	7
cure	the	6
cure	your	6
cure	a	5
cured	by	6
cured	him	6
cured	of	5
cured	her	3
cured	my	3
cures	all	3
curfew	was	3
curie	was	3
curing	the	3
curiosity	and	10
curiosity	is	10
curiosity	was	10
curiosity	has	8
curiosity	got	7
curiosity	killed	6
curious	about	83
curious	to	41
curious	and	15
curious	as	11
curious	how	5
curious	of	5
curl	up	7
curl	of	3
curled	up	32
curled	around	3
curly	hair	33
curly	haired	3
curly	kale	3
currency	is	25
currency	of	13
currency	reserves	8
currency	in	7
currency	exchange	6
currency	the	6
current	situation	30
current	is	14
current	political	11
current	president	10
current	of	9
current	and	8
currently	in	32
currently	working	23
currently	the	22
currently	living	19
currently	live	10
currently	on	10
currents	in	4
currents	are	3
currents	on	3
curriculum	is	4
curriculum	of	3
curry	and	12
curry	rice	9
curry	with	7
curry	favor	6
curry	is	6
curry	last	6
curse	the	9
curse	on	7
curse	of	6
curse	words	5
curse	in	4
curse	word	4
cursed	be	6
cursed	the	6
cursed	at	5
cursed	by	5
cursed	with	5
cursed	in	3
cursing	at	8
cursing	in	4
cursing	has	3
cursing	is	3
curtain	on	8
curtain	was	5
curtain	is	4
curtain	caught	3
curtain	for	3
curtain	to	3
curtains	were	13
curtains	and	12
curtains	are	11
curtains	please	7
curtains	for	6
curtains	today	5
curve	of	11
curve	the	3
curve	with	3
curves	of	5
curves	gently	3
cushion	and	3
cushion	the	3
cushions	on	5
cushions	and	3
cushions	are	3
custard	and	5
custody	of	38
custody	battle	4
custody	for	3
custody	in	3
custom	is	17
custom	of	14
custom	made	12
custom	to	10
custom	in	8
custom	has	5
customary	to	19
customary	for	7
customary	in	3
customer	service	53
customer	is	13
customer	in	11
customer	at	7
customer	and	6
customer	to	4
customers	in	29
customers	are	20
customers	and	10
customers	have	8
customers	to	8
customers	who	6
customs	of	12
customs	are	11
customs	and	9
customs	vary	6
customs	declaration	4
customs	officers	4
cut	the	356
cut	down	203
cut	off	184
cut	his	85
cut	out	73
cut	my	70
cute	and	34
cute	little	24
cute	girl	22
cute	in	21
cute	when	16
cute	couple	14
cuter	than	11
cutest	girl	9
cutest	baby	4
cutest	boy	4
cutest	girls	3
cutest	kids	3
cutest	thing	3
cutie	pie	3
cutlery	is	6
cuts	the	7
cuts	through	6
cuts	for	5
cuts	in	5
cuts	of	5
cuts	well	5
cutting	the	34
cutting	board	29
cutting	down	13
cutting	edge	13
cutting	off	13
cutting	up	13
cv	is	3
cycle	of	27
cycle	to	14
cycle	is	10
cycle	and	5
cycle	on	5
cycle	lanes	4
cycles	of	3
cycles	to	3
cycling	is	11
cycling	or	6
cycling	to	6
cycling	down	4
cycling	even	4
cycling	in	4
cylinder	lock	3
cynical	remarks	4
cynical	about	3
cynical	and	3
cynicism	and	3
cypress	trees	6
cyprus	is	9
cyprus	and	4
cyrus	is	3
czech	republic	26
czech	and	11
da	vinci	18
da	buddhism	3
da	silva	3
dad	is	143
dad	was	49
dad	and	35
dad	in	31
dad	to	29
dad	has	25
daddy	is	5
daddy	i	4
daddy	are	3
daddy	was	3
dads	are	3
daft	idea	4
daft	to	4
daggers	at	4
daily	life	82
daily	basis	26
daily	routine	23
daily	bread	21
daily	lives	13
daily	exercise	8
dainty	feet	3
dairy	products	13
dairy	cows	7
dairy	farm	5
dairy	farmer	5
dairy	farmers	5
dairy	cattle	3
daisies	and	3
daisies	are	3
daisy	for	3
dalai	lama	4
dali	was	3
dam	in	6
dam	will	5
dam	is	4
dam	to	4
dam	project	3
dam	was	3
damage	to	101
damage	the	35
damage	is	17
damage	was	17
damage	caused	13
damage	your	13
damaged	by	27
damaged	the	22
damaged	in	16
damaged	his	13
damaged	during	8
damaged	or	8
damages	are	3
damages	in	3
damages	the	3
damages	to	3
damages	your	3
damaging	the	10
damaging	to	4
damaging	our	3
damaging	your	3
damascus	is	8
dame	cathedral	7
damn	it	30
damn	about	29
damn	thing	10
damn	you	10
damn	what	9
damn	i	8
damned	if	12
damning	evidence	5
damp	and	7
damp	in	6
damp	cloth	5
damper	on	3
dams	and	3
dan	was	181
dan	is	69
dan	and	65
dan	had	51
dan	anderson	40
dance	with	132
dance	floor	35
dance	to	18
dance	in	17
dance	the	16
dance	moves	13
danced	with	52
danced	in	39
danced	to	17
danced	all	11
danced	until	11
danced	on	10
dancers	are	8
dancers	and	4
dancers	were	4
dances	well	9
dances	and	5
dances	with	5
dances	alone	4
dances	as	4
dances	in	4
dancing	with	60
dancing	in	48
dancing	on	29
dancing	to	27
dancing	at	19
dancing	is	18
dandelion	is	4
dane	french	18
dane	in	5
dang	me	5
dang	it	3
danger	of	97
danger	to	47
danger	is	20
danger	in	13
danger	and	10
danger	here	8
dangerous	to	230
dangerous	for	69
dangerous	than	31
dangerous	and	29
dangerous	situation	24
dangerous	thing	20
dangerously	close	6
dangerously	low	3
dangers	of	26
dangers	are	4
dangers	that	3
daniel	was	156
daniel	is	43
daniel	and	35
daniel	has	35
daniel	asked	24
danish	and	5
danish	is	3
danish	pronunciation	3
danish	territory	3
danube	is	5
danube	and	4
dare	you	175
dare	to	112
dare	say	23
dare	not	21
dare	do	13
dare	ask	7
dared	to	67
dared	not	22
dared	take	3
dares	to	17
daring	to	8
daring	and	3
daring	that	3
dario	is	3
darius	and	3
dark	and	105
dark	in	46
dark	clouds	38
dark	room	37
dark	to	37
dark	side	35
darken	the	4
darkened	the	7
darkened	and	6
darker	and	20
darker	than	8
darker	the	3
darkest	hour	4
darkest	just	4
darkest	moments	4
darkest	night	4
darkest	of	3
darkest	secret	3
darkness	of	18
darkness	and	17
darkness	is	8
darkness	to	7
darkness	was	7
darkness	in	6
darling	you	3
darn	it	5
darn	good	4
darth	vader	3
darwin	changed	4
darwin	with	3
dash	of	9
dash	for	4
dash	to	4
dash	away	3
dashed	out	7
dashed	to	6
dashed	off	4
dashed	the	4
dashed	into	3
dashing	in	3
data	is	50
data	from	41
data	to	28
data	on	22
data	and	16
data	in	12
database	of	10
database	is	7
database	contains	3
date	with	97
date	was	55
date	of	54
date	for	41
date	palm	40
date	is	27
dated	a	26
dated	for	10
dated	her	7
dated	layla	7
dated	in	6
dated	anyone	5
dates	back	31
dates	are	26
dates	from	17
dates	and	11
dates	to	11
dates	on	8
dating	a	97
dating	for	25
dating	him	23
dating	her	22
dating	someone	21
daughter	is	174
daughter	of	82
daughter	to	81
daughter	in	64
daughter	was	60
daughter	has	51
daughters	and	22
daughters	of	20
daughters	are	19
daughters	to	13
daughters	were	12
daughters	in	10
daunting	task	5
dave	chappelle	4
david	was	154
david	is	61
david	and	48
david	has	44
david	had	29
david	wanted	28
davis	was	5
dawkins	is	5
dawn	of	19
dawn	to	16
dawn	and	9
dawn	is	8
dawn	in	6
dawn	this	5
dawned	on	14
dawned	upon	4
day	of	474
day	and	318
day	is	285
day	in	270
day	i	262
day	after	251
daybreak	the	4
daybreak	by	3
daybreak	he	3
daybreak	i	3
daydreaming	about	6
daydreaming	again	4
daylight	savings	5
daylight	hours	3
daylight	when	3
daylights	out	19
days	ago	226
days	of	199
days	are	138
days	in	133
days	to	123
days	and	83
dazed	and	7
dazzle	us	3
dazzled	by	13
dazzled	me	3
dazzling	light	3
de	janeiro	49
de	sac	25
de	la	18
de	facto	14
de	france	12
dea	officer	3
deactivate	my	4
deactivated	the	3
dead	body	82
dead	in	72
dead	end	48
dead	and	44
dead	for	43
dead	to	31
deadline	is	26
deadline	was	8
deadline	for	6
deadline	to	6
deadline	you	3
deadly	threat	13
deadly	sins	12
deadly	disease	9
deadly	virus	9
deadly	poison	5
deadly	to	4
deaf	and	21
deaf	ear	17
deaf	ears	14
deaf	in	10
deaf	people	10
deaf	as	9
deafening	cry	3
deafening	roar	3
deal	with	792
deal	of	132
deal	to	40
deal	is	31
deal	out	26
deal	about	22
dealer	is	3
dealership	in	3
dealership	to	3
dealing	with	218
dealing	in	5
dealing	drugs	3
dealings	with	6
deals	with	60
deals	in	19
deals	the	3
dealt	with	103
dealt	a	5
dealt	out	3
dealt	the	3
dean	of	4
dear	to	36
dear	friend	28
dear	watson	14
dear	friends	11
dear	me	11
dear	little	10
dearest	friends	5
dearly	for	7
death	of	224
death	is	216
death	was	86
death	penalty	81
death	in	72
death	and	65
deathly	afraid	4
deathly	silence	3
deaths	from	12
deaths	of	9
deaths	are	8
deaths	in	7
deaths	is	6
deaths	and	5
debate	in	13
debate	on	13
debate	about	11
debate	is	11
debate	over	11
debate	was	8
debated	the	6
debated	by	3
debated	on	3
debated	topic	3
debated	whether	3
debating	whether	5
debit	card	18
debit	cards	3
debris	from	14
debris	in	8
debris	flying	5
debris	of	5
debris	and	4
debris	that	4
debt	to	22
debt	and	10
debt	is	10
debt	crisis	8
debt	for	8
debt	has	6
debts	amount	9
debts	as	4
debts	of	4
debts	to	4
debut	album	5
debut	in	3
decade	ago	14
decade	of	10
decade	and	6
decade	is	5
decade	or	5
decade	in	4
decades	of	26
decades	ago	22
decades	the	10
decades	in	7
decades	now	6
decades	to	6
decaf	coffee	3
decapitated	body	5
decapitated	and	3
decapitated	the	3
decay	of	4
deceased	father	6
deceased	was	5
deceased	for	4
deceased	person	4
deceive	you	22
deceive	me	14
deceive	the	8
deceive	him	4
deceive	us	4
deceive	yourself	4
deceived	by	26
deceived	me	14
deceived	us	8
deceived	him	7
deceived	her	6
deceived	you	5
deceiving	me	6
deceiving	others	6
deceiving	the	4
deceiving	yourself	4
december	th	25
december	is	23
december	of	23
december	the	13
december	and	6
december	in	6
decency	to	9
decent	job	10
decent	human	8
decent	man	8
decent	clothes	7
decent	people	7
decent	person	7
decently	good	3
decide	to	143
decide	what	87
decide	whether	59
decide	that	30
decide	which	30
decide	on	28
decided	to	2588
decided	not	276
decided	that	131
decided	on	65
decided	what	55
decided	he	48
decides	to	11
decides	for	5
decides	what	4
decides	who	3
deciding	what	20
deciding	to	11
deciding	whether	8
deciding	on	4
deciding	which	4
decimal	point	5
decimal	places	4
decimated	by	4
decimated	the	3
decipher	the	5
decipher	this	3
decipher	what	3
decision	to	173
decision	was	65
decision	is	46
decision	making	30
decision	for	22
decision	has	20
decisions	to	15
decisions	in	14
decisions	are	13
decisions	that	12
decisions	for	11
decisions	and	8
decisive	victory	5
decisive	advantage	3
deck	of	18
deck	in	5
deck	and	3
deck	is	3
decked	out	5
decker	bus	6
decker	buses	4
declaration	of	23
declaration	on	5
declaration	and	3
declare	a	7
declare	it	6
declare	that	6
declare	my	5
declare	the	5
declare	war	4
declared	a	30
declared	that	25
declared	war	21
declared	the	19
declared	independence	18
declared	its	14
declares	that	4
declaring	war	6
declaring	bankruptcy	4
declaring	that	4
decline	in	30
decline	the	11
decline	of	10
decline	and	5
decline	her	4
decline	his	4
declined	to	25
declined	the	22
declined	by	6
declined	in	6
declined	my	4
declined	that	4
declining	in	4
decode	the	4
decode	this	3
decoded	the	3
decor	in	4
decorate	the	21
decorate	your	6
decorate	for	5
decorate	his	5
decorate	my	5
decorate	their	3
decorated	the	85
decorated	with	40
decorated	it	10
decorated	his	8
decorated	for	5
decorated	her	4
decorating	the	19
decorating	their	6
decorating	her	3
decorations	in	3
decorations	were	3
decrease	in	21
decrease	the	7
decrease	your	5
decreased	in	8
decreased	by	4
decreased	to	3
decreasing	in	7
decree	of	4
decree	on	3
decreed	that	7
dedicate	this	11
dedicate	my	6
dedicate	to	4
dedicated	to	77
dedicated	his	25
dedicated	a	10
dedicated	her	8
dedicated	himself	7
dedication	to	28
dedication	and	12
deduce	from	4
deed	is	9
deed	goes	4
deed	of	4
deed	every	3
deed	in	3
deed	which	3
deeds	of	15
deeds	are	10
deeds	and	7
deeds	not	3
deemed	it	5
deemed	to	3
deep	in	94
deep	breath	60
deep	into	56
deep	down	52
deep	and	45
deep	sleep	37
deeper	into	51
deeper	than	22
deeper	and	14
deeper	in	12
deeper	understanding	7
deeper	meaning	5
deepest	lake	8
deepest	part	8
deepest	in	7
deepest	here	5
deepest	at	4
deepest	condolences	4
deeply	in	35
deeply	moved	21
deeply	affected	11
deeply	religious	11
deeply	about	9
deeply	and	9
deer	in	22
deer	are	12
deer	is	11
deer	and	10
deer	population	6
deer	to	6
default	on	4
defeat	the	26
defeat	me	9
defeat	them	8
defeat	of	7
defeat	you	7
defeated	the	34
defeated	in	17
defeated	by	16
defeated	his	6
defeated	them	6
defeated	our	5
defeats	the	3
defect	in	6
defected	to	3
defects	in	4
defects	and	3
defence	of	7
defence	is	3
defend	himself	42
defend	the	42
defend	themselves	31
defend	myself	24
defend	herself	21
defend	ourselves	20
defendant	was	8
defendant	is	5
defendant	to	4
defendant	will	4
defendants	claimed	3
defended	his	13
defended	himself	10
defended	the	8
defended	their	5
defended	herself	4
defended	by	3
defender	of	5
defenders	of	4
defending	him	10
defending	the	8
defending	her	7
defending	their	5
defending	herself	4
defending	them	3
defense	attorney	14
defense	is	13
defense	against	11
defense	and	10
defense	of	8
defense	system	5
defensive	position	4
defer	to	4
defiance	of	6
defiant	attitude	4
deficit	is	8
deficit	has	4
deficit	will	3
defied	the	4
define	the	14
define	a	8
define	wealth	6
define	happiness	5
define	our	5
define	life	4
defined	as	27
defined	by	18
defined	in	6
defined	alternative	4
defined	a	3
defined	and	3
defines	the	4
defines	a	3
defining	moment	4
definite	answer	10
definite	article	8
definite	yes	3
definitely	not	87
definitely	a	52
definitely	going	37
definitely	be	33
definitely	do	26
definition	of	43
definition	is	9
definition	in	5
definition	video	4
definition	to	3
definitive	answer	4
defuse	the	9
defy	you	6
defy	the	5
defy	me	4
defying	the	3
degenerate	into	4
degradation	of	5
degradation	and	4
degradation	is	4
degrading	to	3
degree	in	84
degree	of	53
degree	murder	32
degree	celsius	7
degree	angle	6
degree	burns	6
degrees	celsius	99
degrees	below	18
degrees	fahrenheit	18
degrees	in	14
degrees	of	11
degrees	centigrade	9
deities	of	3
deja	vu	7
delay	the	14
delay	in	9
delay	was	7
delay	of	5
delay	it	4
delay	my	4
delayed	by	19
delayed	for	15
delayed	the	14
delayed	because	13
delayed	due	10
delayed	on	9
delaying	the	6
delays	in	6
delays	the	4
delegates	voted	7
delegates	from	5
delegates	were	3
delegation	of	3
delegation	to	3
delete	this	34
delete	the	18
delete	it	13
delete	my	9
delete	that	7
delete	his	6
deleted	the	47
deleted	his	14
deleted	all	12
deleted	a	7
deleted	from	7
deleted	it	7
delhi	on	3
deliberate	on	4
deliberate	in	3
delicacy	of	4
delicacy	in	3
delicate	and	10
delicate	question	9
delicate	situation	9
delicate	as	5
delicate	skin	5
delicate	matter	4
delicious	food	23
delicious	meal	23
delicious	and	17
delicious	but	10
delicious	cake	10
delicious	meals	8
delight	in	14
delight	to	5
delight	as	4
delight	of	4
delight	he	3
delight	the	3
delighted	to	60
delighted	with	22
delighted	at	17
delighted	by	6
delighted	if	6
delighted	about	5
delightful	to	6
delightful	and	3
delightful	experience	3
delights	in	6
delights	of	4
delirium	of	3
deliver	the	31
deliver	it	16
deliver	us	11
deliver	this	9
deliver	a	8
deliver	that	6
delivered	to	42
delivered	the	35
delivered	a	27
delivered	by	8
delivered	his	8
delivered	them	6
delivering	a	4
delivering	pizzas	3
delivers	the	5
delivers	a	3
delivery	of	12
delivery	driver	8
delivery	for	8
delivery	man	8
delivery	boy	6
delivery	service	4
delta	has	4
delta	is	4
delta	and	3
delta	the	3
deluge	of	5
delusion	is	5
delusion	that	3
delusions	of	3
demand	for	62
demand	that	28
demand	a	19
demand	is	15
demand	to	13
demand	an	12
demanded	that	53
demanded	a	23
demanded	to	21
demanded	the	14
demanded	an	11
demanded	more	7
demanding	job	4
demanding	of	4
demanding	their	4
demanding	more	3
demanding	shorter	3
demanding	the	3
demands	are	11
demands	that	10
demands	a	9
demands	of	8
demands	and	6
demands	for	5
demeanor	changed	3
demise	of	6
democracy	is	75
democracy	and	16
democracy	in	13
democracy	the	7
democracy	to	6
democracy	will	6
democratic	republic	34
democratic	party	27
democratic	country	18
democratic	state	8
democratic	transition	8
democratic	society	7
democrats	and	3
democrats	are	3
democrats	who	3
demolish	the	8
demolished	the	9
demolished	in	3
demolition	of	5
demon	realm	7
demon	king	5
demon	to	5
demon	in	4
demon	was	3
demonic	voice	3
demons	in	6
demons	and	4
demons	are	4
demonstrate	that	11
demonstrate	the	11
demonstrate	it	7
demonstrate	a	3
demonstrate	how	3
demonstrate	this	3
demonstrated	how	8
demonstrated	that	8
demonstrated	against	7
demonstrated	his	7
demonstrated	the	7
demonstrated	to	7
demonstrates	a	8
demonstrates	that	6
demonstrates	the	4
demonstrating	against	3
demonstration	of	6
demonstration	in	4
demonstration	is	3
demonstrators	in	3
demoted	you	5
demoted	to	3
den	of	6
den	to	3
denial	of	16
denial	about	4
denial	is	4
denial	would	3
denied	that	96
denied	the	39
denied	having	35
denied	it	26
denied	he	25
denied	she	17
denies	that	15
denies	he	8
denies	she	8
denies	having	6
denies	the	4
denmark	is	14
denmark	and	7
denmark	has	6
denmark	are	4
dennis	i	3
denominator	of	4
denounce	the	5
denounce	terrorism	3
denounced	the	7
dense	forest	17
dense	fog	11
dense	that	7
dense	and	6
dense	jungle	4
dense	vegetation	4
density	of	12
density	in	7
density	and	3
density	is	3
dent	in	4
dental	floss	5
dental	records	4
dental	treatment	4
dental	assistant	3
dentist	in	13
dentist	appointment	12
dentist	told	10
dentist	to	7
dentist	every	6
dentist	pulled	6
dentists	tooth	3
deny	that	69
deny	the	47
deny	it	39
deny	they	10
deny	this	9
deny	your	5
denying	that	21
denying	it	12
denying	the	11
depart	from	16
depart	for	7
depart	at	4
depart	in	4
departed	from	17
departed	for	7
departed	in	3
departed	to	3
departing	from	6
departing	for	3
department	store	79
department	of	77
department	is	15
department	and	8
department	stores	8
department	has	6
departments	and	7
departs	at	12
departs	from	5
departs	in	4
departure	from	12
departure	is	7
departure	was	6
departure	because	4
departure	by	4
departure	time	4
depend	on	186
depend	upon	12
depend	entirely	4
depend	too	4
dependable	person	4
depended	on	41
dependence	on	17
dependence	is	4
dependent	on	142
dependent	upon	6
depending	on	95
depends	on	338
depends	upon	15
depends	entirely	8
depends	largely	4
depends	only	4
depends	what	4
depicted	as	9
depicted	in	9
depicted	a	4
depicted	with	4
depleted	uranium	5
deployed	to	5
deployed	in	4
deployment	of	4
deportation	of	3
deported	to	7
deported	from	5
deposed	in	4
deposit	of	8
deposit	box	7
deposit	at	5
deposit	it	4
deposit	on	4
deposit	the	3
deposited	the	9
deposited	in	6
deposited	a	4
deposited	money	3
deposits	in	5
depp	heard	3
depp	is	3
depravity	is	3
depress	me	3
depressed	and	8
depressed	by	7
depressed	for	6
depressed	about	5
depressed	after	5
depressed	over	5
depressing	to	15
depressing	thought	5
depressing	prospect	4
depressing	and	3
depressing	place	3
depression	and	24
depression	is	11
depression	was	9
depression	in	7
depression	of	5
depression	for	4
deprive	me	3
deprive	the	3
deprive	you	3
deprived	of	34
deprived	him	10
deprived	the	6
deprived	us	5
deprived	her	4
deprived	me	4
depth	of	55
depth	and	12
depth	is	5
depth	because	3
depth	in	3
depths	of	48
depths	and	3
depths	below	3
deputy	director	7
deputy	mayor	3
derailed	and	3
deranged	person	3
derivative	of	7
derivative	works	4
derivatives	of	3
derive	from	8
derive	great	3
derive	pleasure	3
derive	the	3
derived	from	76
derived	words	4
des	moines	4
descend	from	13
descend	into	5
descend	the	3
descendant	of	15
descendants	of	23
descended	from	53
descended	the	8
descended	into	7
descended	on	7
descended	to	4
descended	upon	3
descending	on	3
descends	from	6
descends	to	3
descent	and	4
descent	from	4
descent	friend	3
descent	is	3
descent	of	3
descent	to	3
describe	the	77
describe	it	38
describe	your	28
describe	what	20
describe	how	19
describe	a	14
described	as	70
described	the	65
described	in	22
described	by	12
described	his	7
described	what	7
describes	the	26
describes	a	6
describes	himself	5
describes	his	5
describes	how	4
describing	the	7
describing	a	5
description	of	46
description	has	3
description	in	3
descriptions	of	14
descriptions	can	3
desert	is	26
desert	island	20
desert	and	14
desert	areas	14
desert	in	10
desert	with	8
deserted	island	20
deserted	road	8
deserted	his	7
deserted	by	6
deserted	her	4
deserted	their	3
deserts	of	7
deserve	to	140
deserve	a	58
deserve	it	51
deserve	this	41
deserve	that	36
deserve	the	27
deserved	to	24
deserved	it	23
deserved	the	13
deserved	that	10
deserved	what	7
deserved	better	5
deserves	to	60
deserves	a	44
deserves	the	22
deserves	it	11
deserves	better	8
deserves	that	8
deserving	of	7
design	and	20
design	is	20
design	of	19
design	a	11
design	on	6
design	was	6
designated	as	9
designated	driver	7
designated	place	5
designated	spot	5
designated	for	4
designated	the	4
designed	to	111
designed	for	32
designed	a	19
designed	by	17
designed	the	16
designed	this	8
designer	clothes	4
designer	shoes	4
designer	for	3
designers	are	3
designers	can	3
designing	a	6
designing	the	3
designs	are	10
designs	and	5
designs	in	5
designs	on	4
designs	for	3
designs	of	3
desirable	to	7
desirable	that	5
desirable	man	4
desire	to	251
desire	for	48
desire	is	16
desire	of	14
desire	and	7
desire	you	6
desired	to	12
desired	by	4
desired	a	3
desired	and	3
desires	to	24
desires	and	9
desires	peace	7
desires	of	5
desires	are	3
desires	but	3
desist	from	4
desk	is	57
desk	and	31
desk	in	21
desk	by	18
desk	drawer	15
desk	to	15
desks	in	6
desks	are	4
desks	working	3
desktop	publishing	3
desktop	wallpaper	3
desolate	and	3
despair	and	10
despair	in	8
despair	of	6
despair	i	3
despair	is	3
desperate	to	64
desperate	for	23
desperate	need	16
desperate	measures	5
desperate	now	4
desperate	things	4
desperately	need	14
desperately	trying	14
desperately	wanted	8
desperately	needed	7
desperately	to	7
desperately	want	6
despicable	human	9
despicable	person	4
despise	him	10
despise	a	9
despise	you	8
despise	her	7
despise	me	7
despise	the	6
despised	him	18
despised	her	17
despised	in	5
despised	the	5
despised	by	4
despises	him	10
despises	her	8
despises	people	3
despises	the	3
despite	the	176
despite	being	52
despite	his	51
despite	all	35
despite	everything	23
despite	their	21
dessert	is	10
dessert	with	10
dessert	i	6
dessert	was	6
dessert	today	4
desserts	and	4
desserts	are	3
destination	for	26
destination	is	18
destination	in	13
destination	was	4
destination	by	3
destination	of	3
destinations	for	4
destinations	in	4
destined	to	36
destined	for	18
destined	never	3
destiny	is	9
destiny	to	7
destiny	has	6
destiny	of	5
destiny	and	4
destiny	in	4
destitute	of	4
destroy	the	76
destroy	it	25
destroy	you	13
destroy	a	11
destroy	everything	10
destroy	them	10
destroyed	the	86
destroyed	by	77
destroyed	in	33
destroyed	everything	16
destroyed	his	15
destroyed	it	15
destroyer	of	6
destroying	the	23
destroying	this	7
destroying	your	6
destroying	my	5
destroying	afghanistan	4
destroying	our	4
destroys	the	8
destroys	everything	3
destroys	my	3
destruct	in	4
destruct	sequence	3
destruction	of	40
destruction	in	6
destruction	and	4
destruction	that	3
destructive	force	4
destructive	criticism	3
destructive	of	3
destructive	power	3
destructive	than	3
detached	from	18
detached	himself	4
detached	house	3
detachment	from	4
detail	and	10
detail	of	10
detail	about	7
detail	how	7
detail	as	5
detail	later	5
detailed	explanation	10
detailed	information	8
detailed	and	6
detailed	description	6
detailed	report	6
detailed	instructions	4
detailing	the	4
details	of	58
details	about	26
details	later	14
details	to	13
details	were	11
details	are	8
detain	you	3
detained	for	8
detained	by	7
detained	at	4
detained	in	4
detained	him	3
detect	the	9
detect	a	6
detect	and	5
detect	an	4
detect	any	3
detect	anything	3
detected	in	19
detected	a	9
detected	by	6
detected	the	6
detected	gravitational	3
detecting	and	3
detection	is	3
detection	of	3
detective	stories	21
detective	dan	19
detective	story	10
detective	novels	7
detective	and	6
detective	to	6
detectives	are	4
detectives	were	4
detectives	found	3
detector	test	4
detention	for	5
deter	me	4
detergent	to	5
detergent	by	3
detergent	is	3
deterioration	of	6
determination	to	22
determination	and	16
determination	of	11
determination	is	7
determination	referendum	5
determination	in	4
determine	the	49
determine	what	22
determine	whether	17
determine	if	8
determine	its	8
determine	which	7
determined	to	232
determined	by	32
determined	that	17
determined	not	9
determined	never	3
determines	the	8
determines	your	4
determines	our	3
determining	the	11
detest	her	3
detest	him	3
detest	the	3
detonated	the	12
detour	to	9
detroit	is	3
devastated	by	22
devastated	the	7
devastated	when	5
devastating	earthquake	4
devastating	loss	4
devastating	and	3
devastating	as	3
devastating	consequences	3
devastating	floods	3
develop	a	68
develop	its	57
develop	the	23
develop	new	19
develop	their	12
develop	in	10
developed	a	122
developed	by	29
developed	country	29
developed	countries	20
developed	the	19
developed	an	17
developer	of	3
developers	are	4
developers	and	3
developers	have	3
developing	countries	41
developing	a	22
developing	world	17
developing	country	13
developing	the	9
developing	its	8
development	of	147
development	and	35
development	in	28
development	is	11
development	goals	10
development	projects	7
developments	in	10
develops	the	4
develops	new	3
deviate	from	6
deviation	from	5
device	is	25
device	that	9
device	for	8
device	to	8
device	with	5
devices	and	5
devices	are	5
devices	in	4
devices	such	4
devices	that	3
devices	with	3
devil	is	24
devil	and	20
devil	in	11
devil	take	8
devil	are	5
devil	you	5
devils	are	5
devious	plan	3
devise	a	3
devised	a	29
devised	an	3
devised	to	3
devoid	of	42
devote	my	6
devote	all	5
devote	a	3
devote	his	3
devote	themselves	3
devoted	to	58
devoted	himself	22
devoted	his	14
devoted	her	9
devoted	herself	9
devoted	a	8
devotees	of	3
devotion	to	14
devour	the	5
devour	you	3
devoured	the	30
devoured	by	15
devoured	him	6
devoured	and	4
devoured	his	4
devoured	them	3
devouring	the	5
devout	muslim	11
devout	catholic	5
dew	drops	4
dew	on	4
dew	and	3
dew	in	3
diabetes	and	9
diabetes	is	8
diabetes	from	4
diabetes	has	3
diagnosed	with	84
diagnosed	as	7
diagnosis	of	4
diagnosis	and	3
diagnosis	to	3
diagram	to	3
dial	the	5
dial	up	4
dial	for	3
dialect	of	34
dialect	is	18
dialect	with	7
dialect	and	5
dialect	are	5
dialect	in	5
dialed	the	30
dialed	a	3
dialed	is	3
dialogue	and	8
dialogue	in	7
dialogue	with	7
dialogue	between	6
dialogue	is	6
dialogue	of	3
diameter	of	13
diameter	and	8
diameter	is	8
diamond	ring	41
diamond	is	24
diamond	in	9
diamond	necklace	6
diamond	rings	5
diamond	was	5
diamonds	are	14
diamonds	in	4
diana	and	5
diana	wants	3
diana	with	3
diaper	on	4
diapers	for	3
diarrhea	after	3
diarrhea	is	3
diarrhea	of	3
diary	in	35
diary	every	21
diary	for	11
diary	is	9
diary	yesterday	6
diary	when	5
dice	with	8
dice	the	6
dice	to	4
dice	are	3
dick	is	7
dick	was	4
dick	died	3
dick	licking	3
dick	tried	3
dictate	your	3
dictated	by	5
dictated	the	3
dictates	that	4
dictator	is	5
dictator	had	4
dictator	but	3
dictator	has	3
dictatorship	of	8
dictatorship	and	7
dictatorship	but	4
dictatorship	is	4
dictatorship	means	3
dictionary	is	94
dictionary	to	26
dictionary	for	19
dictionary	has	17
dictionary	on	16
dictionary	that	14
did	you	14082
did	that	2331
did	not	2208
did	it	1142
did	he	1034
did	she	911
didst	thou	6
die	in	114
die	of	70
die	for	65
die	than	56
die	if	38
die	from	35
died	in	409
died	of	200
died	a	107
died	from	96
died	when	82
died	at	63
diego	was	186
diego	started	35
diego	got	34
diego	had	26
diego	walked	26
dies	but	9
dies	down	7
dies	in	7
dies	out	6
dies	for	5
dies	without	5
diesel	cars	4
diesel	engine	4
diesel	fuel	3
diet	is	38
diet	cola	22
diet	for	17
diet	and	16
diet	of	11
diet	will	9
diets	and	4
diets	are	3
differ	from	49
differ	in	17
differ	with	7
differ	greatly	5
differ	by	4
differ	between	3
difference	between	512
difference	in	63
difference	to	44
difference	is	39
difference	does	16
difference	whether	16
differences	between	52
differences	in	29
differences	and	9
differences	are	9
differences	can	8
differences	were	6
different	from	394
different	things	89
different	ways	72
different	languages	63
different	types	53
different	kinds	48
differential	equations	5
differentiate	between	13
differently	from	17
differently	than	15
differently	now	8
differently	when	7
differently	about	6
differently	according	5
difficult	to	1255
difficult	for	350
difficult	than	88
difficult	language	77
difficult	as	56
difficult	time	51
difficulties	in	15
difficulties	to	9
difficulties	are	7
difficulties	with	7
difficulties	of	6
difficulties	that	6
difficulty	in	53
difficulty	finding	14
difficulty	of	14
difficulty	breathing	13
difficulty	doing	8
difficulty	understanding	8
dig	a	30
dig	up	15
dig	in	12
dig	it	7
dig	the	7
dig	deep	6
digest	of	3
digestive	system	9
digestive	tract	7
digestive	systems	3
digging	a	19
digging	in	5
digging	the	5
digging	up	5
digging	his	4
digging	your	4
digit	number	8
digit	is	3
digital	camera	14
digital	age	10
digital	world	6
digital	clocks	5
digital	data	4
digital	technology	4
digits	of	3
dignity	and	24
dignity	of	19
dignity	in	4
dignity	is	4
dignity	as	3
dignity	to	3
digs	a	3
dildo	stop	3
diligence	is	15
diligence	and	5
diligent	in	9
diligent	student	9
diligent	than	7
diligent	and	5
diligent	as	4
diligent	of	3
dill	pickles	5
dill	and	3
dim	light	6
dim	the	5
dim	and	4
dim	sum	3
dima	said	7
dima	replied	6
dima	asked	5
dime	a	3
dimension	of	9
dimension	to	5
dimensional	space	4
dimensions	of	11
dimensions	and	6
dimensions	are	4
diminish	the	5
diminish	his	3
din	of	4
dinars	for	14
dinars	to	11
dinars	in	10
dinars	a	3
dinars	as	3
dinars	from	3
dine	with	10
dine	at	6
dine	out	6
dine	in	4
dined	in	6
diner	has	5
diner	is	5
diner	to	5
diner	are	4
diner	makes	4
ding	dong	16
ding	ding	3
dining	room	109
dining	table	24
dining	hall	13
dining	car	8
dining	area	7
dining	out	6
dinner	with	167
dinner	tonight	110
dinner	at	90
dinner	for	78
dinner	is	46
dinner	together	45
dinosaur	was	6
dinosaur	bones	5
dinosaur	is	5
dinosaur	that	5
dinosaur	in	3
dinosaur	juice	3
dinosaurs	and	9
dinosaurs	are	9
dinosaurs	had	4
dinosaurs	once	4
dinosaurs	have	3
dinosaurs	in	3
dioxide	is	12
dioxide	and	9
dioxide	emissions	9
dioxide	in	8
dioxide	from	6
dioxide	the	4
dip	into	5
dip	my	4
dip	a	3
dip	in	3
diploma	in	5
diploma	on	4
diplomacy	and	13
diplomacy	is	5
diplomas	on	4
diplomat	is	5
diplomat	in	4
diplomatic	relations	40
diplomatic	passport	27
diplomatic	effort	20
diplomatic	ties	20
diplomatic	protocol	14
diplomatic	crisis	12
diplomats	are	4
diplomats	from	3
diplomats	to	3
dipped	the	10
dipped	his	8
dipped	into	7
dipped	in	5
dipped	it	5
dipped	her	4
dipping	sauce	4
dire	need	10
dire	straits	8
dire	consequences	3
direct	sunlight	40
direct	investment	17
direct	order	9
direct	me	8
direct	flight	7
direct	access	6
directed	at	21
directed	the	9
directed	to	8
directed	by	6
directed	his	4
directed	toward	4
directing	the	3
direction	of	88
direction	is	18
direction	to	18
direction	he	12
direction	and	10
direction	in	10
directions	to	18
directions	and	5
directions	are	5
directions	in	5
directions	but	4
directions	from	4
directly	to	59
directly	into	35
directly	at	32
directly	from	25
directly	in	19
directly	behind	11
director	of	90
director	and	11
director	for	11
director	is	10
director	general	9
director	to	5
directors	of	3
directs	the	5
dirt	road	30
dirt	path	15
dirt	off	12
dirt	and	8
dirt	on	8
dirt	from	7
dirty	dishes	34
dirty	and	29
dirty	clothes	21
dirty	hands	20
dirty	jokes	17
dirty	laundry	17
disability	or	3
disable	two	3
disabled	people	15
disabled	the	10
disabled	and	8
disabled	man	4
disabled	but	3
disadvantage	of	6
disadvantage	to	6
disadvantage	in	4
disagree	with	123
disagree	on	11
disagreed	with	31
disagreed	on	4
disagreement	with	5
disagreement	between	3
disagreements	can	4
disagreements	are	3
disagreements	between	3
disagrees	with	14
disappear	from	12
disappear	into	10
disappear	in	6
disappear	and	5
disappear	for	5
disappear	like	4
disappearance	of	24
disappearance	was	3
disappeared	into	68
disappeared	from	43
disappeared	in	38
disappeared	without	20
disappeared	and	14
disappeared	behind	14
disappearing	in	6
disappearing	from	5
disappearing	into	5
disappoint	you	29
disappoint	me	23
disappoint	her	8
disappoint	him	8
disappoint	his	7
disappoint	my	7
disappointed	in	60
disappointed	with	47
disappointed	if	31
disappointed	that	28
disappointed	at	27
disappointed	to	19
disappointing	to	5
disappointment	to	16
disappointment	was	7
disappointment	for	4
disappointment	at	3
disappointment	i	3
disappointment	she	3
disappointments	in	4
disapprove	of	11
disaster	for	10
disaster	relief	6
disaster	if	5
disaster	is	5
disaster	area	4
disaster	zone	4
disasters	such	5
disasters	and	3
disasters	are	3
disasters	in	3
disasters	that	3
disastrous	consequences	7
disastrous	and	4
disc	jockey	4
disc	brakes	3
disc	golf	3
disc	is	3
discard	the	5
discarded	the	6
discarded	items	3
discern	the	3
discern	what	3
discharge	from	7
discharged	from	26
discharged	his	4
discharged	soon	3
disciple	of	6
disciplinary	action	4
discipline	is	8
discipline	of	7
discipline	and	4
discipline	the	3
discipline	your	3
disclose	the	9
disclose	any	5
disclose	my	4
disclose	that	4
disclosed	his	3
disclosed	that	3
disclosed	the	3
disclosure	agreement	3
disco	music	6
disconnect	from	5
disconnected	from	13
disconnected	the	3
discontent	among	3
discontent	with	3
discord	server	6
discount	on	10
discount	if	9
discount	coupon	7
discount	of	7
discount	the	6
discount	can	5
discounts	are	3
discounts	every	3
discourage	you	9
discourage	him	5
discourage	her	4
discourage	them	4
discourage	foreign	3
discourage	us	3
discouraged	by	8
discouraged	him	6
discouraged	me	6
discouraged	to	5
discouraged	because	4
discouraged	from	4
discourse	is	3
discourse	was	3
discourse	with	3
discover	the	30
discover	that	17
discover	a	10
discover	new	10
discover	something	10
discover	what	6
discovered	a	133
discovered	that	109
discovered	the	83
discovered	in	57
discovered	by	35
discovered	an	20
discoveries	in	4
discoveries	that	3
discovering	new	8
discovering	the	5
discovering	a	3
discovering	that	3
discovers	the	4
discovery	of	57
discovery	that	7
discovery	was	7
discovery	and	6
discovery	has	5
discovery	will	4
discredit	the	3
discreet	of	3
discrepancy	between	3
discretion	is	8
discretion	of	3
discriminate	against	11
discrimination	and	10
discrimination	against	8
discrimination	in	7
discrimination	on	5
discrimination	is	4
discuss	this	122
discuss	the	106
discuss	it	69
discuss	that	45
discuss	with	31
discuss	a	14
discussed	the	77
discussed	this	26
discussed	that	23
discussed	it	18
discussed	what	9
discussed	in	8
discussing	the	26
discussing	this	26
discussing	that	15
discussing	it	7
discussing	what	5
discussing	their	3
discussion	about	27
discussion	with	13
discussion	is	12
discussion	of	11
discussion	was	10
discussion	on	7
discussions	about	12
discussions	are	6
discussions	on	6
discussions	were	6
discussions	with	6
discussions	in	4
disdain	for	7
disdain	to	4
disease	is	50
disease	and	41
disease	that	30
disease	control	18
disease	has	14
disease	of	14
diseases	are	12
diseases	such	11
diseases	like	9
diseases	and	7
diseases	including	6
diseases	that	6
disgrace	to	15
disgrace	on	3
disgruntled	employee	4
disguise	of	4
disguise	yourself	4
disguised	himself	17
disguised	as	13
disguised	herself	10
disguised	myself	4
disguised	his	3
disguised	themselves	3
disgust	me	9
disgust	and	4
disgust	you	4
disgusted	by	24
disgusted	with	22
disgusting	thing	8
disgusting	and	5
disgusting	arrogance	3
disgusting	guy	3
disgusting	smell	3
disgusting	stuff	3
disgusts	me	15
dish	is	26
dish	of	22
dish	you	11
dish	for	9
dish	that	9
dish	with	9
dishes	in	38
dishes	and	21
dishes	are	21
dishes	on	12
dishes	after	11
dishes	for	10
dishonest	people	7
dishonest	to	3
dishonest	with	3
dishonored	the	3
dishwasher	is	5
dishwasher	works	3
disillusioned	with	12
disinfect	the	3
disk	of	6
disk	in	3
disk	space	3
disks	and	3
dislike	him	10
dislike	the	10
dislike	about	7
dislike	you	7
dislike	her	6
dislike	it	6
disliked	by	11
disliked	the	5
disliked	her	3
disliked	that	3
dislikes	the	5
dislikes	me	3
dislikes	mina	3
dislikes	you	3
dislocated	my	12
dislocated	his	7
disloyal	to	5
dismal	failure	3
dismantle	the	6
dismembered	the	3
dismiss	the	8
dismissed	the	12
dismissed	from	10
dismissed	as	7
dismissed	for	6
dismissed	by	5
dismissed	his	5
disney	movie	4
disney	cartoon	3
disney	character	3
disney	movies	3
disney	world	3
disneyland	for	4
disneyland	was	4
disneyland	with	4
disneyland	from	3
disobey	me	7
disobey	my	4
disobey	the	4
disobeying	the	5
disorder	is	6
disorder	and	5
disorder	in	5
disorder	that	4
disorder	has	3
disowned	by	3
dispatched	to	5
dispense	with	15
disperse	the	7
dispersed	the	4
displaced	by	5
displaced	from	3
displacement	of	3
display	of	18
display	in	8
display	the	8
display	at	7
display	a	5
display	on	5
displayed	a	7
displayed	in	7
displayed	by	5
displayed	his	5
displayed	an	4
displayed	the	4
displaying	a	4
displays	of	8
displeased	with	10
displeased	at	4
displeased	i	3
disposable	chopsticks	6
disposable	income	4
disposal	is	4
disposal	for	3
disposal	of	3
dispose	of	66
disposed	of	25
disposed	to	6
disposing	of	8
dispute	that	7
dispute	between	6
dispute	over	5
dispute	once	3
dispute	was	3
dispute	with	3
disputes	are	6
disputes	over	4
disputes	that	4
disputes	with	4
disputes	and	3
disputes	between	3
disqualified	from	4
disregard	for	17
disregard	the	6
disregard	this	4
disregard	of	3
disregard	what	3
disrespect	me	6
disrespect	for	3
disrespected	his	3
disrespected	the	3
disrespectful	to	14
disrespectful	and	3
disrespecting	mina	9
disrespecting	his	4
disrupt	the	10
disrupted	the	9
disrupted	by	4
disrupting	the	7
disruption	to	6
dissatisfied	with	27
dissatisfied	customers	3
dissect	frogs	3
dissent	and	3
dissent	from	3
dissertation	is	3
dissolve	the	8
dissolve	in	3
dissolved	in	11
dissolved	into	4
dissolved	oxygen	3
dissolves	in	7
dissolves	into	3
dissuade	him	7
dissuade	her	3
dissuade	my	3
distance	from	81
distance	between	57
distance	of	29
distance	the	25
distance	and	16
distance	away	13
distant	from	10
distant	memory	10
distant	relative	8
distant	relatives	8
distant	and	7
distant	stars	6
distantly	related	7
distilled	water	9
distinct	from	17
distinct	sound	4
distinct	language	3
distinct	languages	3
distinct	political	3
distinct	smell	3
distinction	between	20
distinction	is	5
distinction	from	4
distinction	that	3
distinction	to	3
distinctive	artistic	3
distinctive	of	3
distinctly	remember	3
distinguish	between	42
distinguish	the	14
distinguish	good	12
distinguish	a	7
distinguish	right	6
distinguish	one	5
distinguished	by	11
distinguished	from	7
distinguished	himself	4
distorted	my	4
distorted	by	3
distorted	on	3
distortion	of	5
distortion	in	3
distract	the	18
distract	me	12
distract	her	5
distract	him	5
distract	himself	5
distract	you	5
distracted	by	27
distracted	the	13
distracted	and	7
distracted	from	4
distraction	to	4
distraction	from	3
distress	signal	8
distress	call	3
distress	to	3
distress	was	3
distribute	the	6
distribute	food	3
distributed	the	6
distributed	to	6
distributed	among	4
distributed	denial	4
distributed	in	4
distributed	throughout	3
distribution	of	26
distribution	and	3
distribution	in	3
distribution	network	3
district	of	21
district	is	16
district	attorney	11
district	in	9
district	are	3
districts	in	6
districts	and	3
distrust	of	4
distrust	and	3
distrust	anything	3
disturb	you	24
disturb	the	20
disturb	me	19
disturb	her	13
disturb	them	9
disturb	him	6
disturbed	by	16
disturbed	in	13
disturbed	the	10
disturbed	mina	9
disturbed	and	5
disturbed	individual	5
disturbing	you	21
disturbing	the	10
disturbing	me	5
disturbing	him	3
disturbing	my	3
disturbs	me	3
disturbs	the	3
ditch	is	7
ditch	effort	6
ditch	this	4
ditch	on	3
ditch	school	3
ditched	the	5
ditched	me	4
dive	into	13
dive	in	7
dive	when	6
dive	off	5
dive	to	4
dive	bar	3
dived	into	20
dived	to	3
divers	colours	8
divers	found	4
diverse	country	7
diverse	and	6
diverse	economy	4
diverse	range	4
diverse	wildlife	4
diverse	nations	3
diversity	of	34
diversity	is	15
diversity	and	13
diversity	in	12
diversity	a	9
diversity	as	4
diverted	the	4
diverted	to	3
divide	the	35
divide	and	10
divide	it	10
divide	by	8
divide	this	8
divide	people	4
divided	into	121
divided	by	45
divided	the	45
divided	on	11
divided	his	5
divided	in	4
divides	the	13
divides	that	3
divides	them	3
divides	us	3
dividing	the	5
dividing	a	3
dividing	line	3
divine	and	5
divine	comedy	4
divine	intervention	4
divine	right	4
divine	messages	3
divine	word	3
diving	board	4
diving	into	4
diving	and	3
diving	in	3
diving	instructor	3
division	of	20
division	and	8
division	in	4
division	is	3
divisions	of	3
divorce	is	18
divorce	was	12
divorce	papers	8
divorce	layla	7
divorce	her	6
divorced	him	12
divorced	his	9
divorced	her	8
divorced	from	7
divorced	for	6
divorced	when	5
diwali	is	4
dizzy	and	21
dizzy	when	8
dizzy	spells	4
dizzy	or	3
dizzy	right	3
dmitri	was	153
dmitri	is	35
dmitri	and	33
dmitri	has	26
dmitri	had	22
dmitri	went	22
dna	is	22
dna	test	17
dna	evidence	5
dna	was	5
dna	as	4
dna	testing	4
do	you	28897
do	that	23454
do	it	4180
do	not	2711
do	this	2633
do	i	1783
dobson	unit	5
docile	and	3
docked	in	3
doctor	told	102
doctor	is	83
doctor	advised	67
doctor	said	62
doctor	in	45
doctor	and	43
doctorate	in	8
doctorate	at	3
doctorate	is	3
doctors	and	34
doctors	are	28
doctors	say	21
doctors	were	18
doctors	in	13
doctors	to	12
doctrine	of	8
doctrine	that	3
document	is	17
document	to	14
document	into	13
document	that	12
document	was	12
document	without	8
documentaries	and	4
documentaries	on	3
documentary	about	16
documentary	is	10
documentary	on	9
documentary	film	6
documentary	was	5
documentation	for	3
documentation	is	3
documented	those	9
documenting	the	3
documents	in	20
documents	were	16
documents	are	15
documents	to	14
documents	that	9
documents	for	8
dodge	the	11
dodge	bullets	3
dodged	the	8
dodged	a	6
dodged	it	3
dodging	the	5
dodo	is	3
doer	of	3
does	not	1805
does	it	1025
does	the	895
does	this	789
does	that	729
does	he	695
dog	is	617
dog	was	293
dog	to	139
dog	in	136
dog	has	92
dog	and	74
doggy	bag	7
doghouse	is	4
doghouse	by	3
doghouse	for	3
dogma	of	3
dogs	are	154
dogs	and	59
dogs	have	39
dogs	in	39
dogs	were	36
dogs	to	35
doing	that	4220
doing	this	1077
doing	it	468
doing	the	269
doing	what	227
doing	something	224
doll	is	14
doll	for	10
doll	in	10
doll	was	9
doll	on	5
doll	that	5
dollar	bill	35
dollar	is	17
dollar	bills	12
dollar	store	8
dollar	a	6
dollar	to	5
dollars	in	90
dollars	for	87
dollars	to	60
dollars	a	53
dollars	on	38
dollars	from	33
dolls	are	7
dolls	and	5
dolls	that	5
dolls	in	3
dolls	when	3
dolphin	is	11
dolphins	are	28
dolphins	and	10
dolphins	have	6
dolphins	can	4
domain	of	10
domain	name	8
domain	song	6
domain	and	3
dome	of	10
dome	shaped	3
domestic	violence	17
domestic	cats	7
domestic	market	7
domestic	product	7
domestic	affairs	5
domestic	and	5
dominance	in	7
dominance	of	7
dominant	in	4
dominant	hand	3
dominant	language	3
dominate	the	11
dominate	you	3
dominated	by	36
dominated	the	13
dominates	the	10
domination	of	7
dominican	republic	6
dominion	over	6
domino	effect	8
don	quixote	11
don	jos	4
don	the	4
don	and	3
don	was	3
donald	was	139
donald	trump	129
donald	is	50
donald	had	27
donald	and	26
donald	has	26
donate	money	13
donate	blood	10
donate	a	7
donate	to	7
donate	your	6
donate	it	4
donated	the	14
donated	a	9
donated	blood	9
donated	his	8
donated	to	7
donated	money	5
donating	your	9
donating	some	8
donating	blood	7
donating	money	4
donation	to	7
donations	are	8
donations	to	6
donations	for	4
donations	from	4
done	that	1555
done	it	420
done	this	312
done	with	215
done	anything	182
done	to	161
dong	ditch	5
dong	ditching	4
dong	is	3
donkey	is	15
donkey	to	6
donkey	was	5
donkey	and	4
donkey	has	4
donkey	in	3
donkeys	are	6
donkeys	will	3
donor	to	4
donor	was	4
donor	has	3
donors	to	6
donut	and	4
donut	shop	3
donuts	for	4
donuts	in	4
donuts	because	3
doodle	doo	6
doomed	to	37
door	open	301
door	and	285
door	to	274
door	was	245
door	is	194
door	for	137
doorbell	rang	21
doorbell	ring	8
doorbell	and	5
doorknob	to	3
doormat	and	5
doors	are	42
doors	and	34
doors	were	30
doors	of	24
doors	open	23
doors	to	18
doorstep	of	4
doorway	and	4
doorway	to	3
dorm	room	18
dorm	building	3
dorm	by	3
dose	of	28
dose	is	3
doses	of	11
dost	thou	14
dot	in	3
doth	the	9
doth	not	3
dotted	with	8
dotted	line	6
double	check	31
double	the	29
double	life	20
double	room	20
double	standard	13
double	what	13
doubled	in	13
doubled	since	6
doubled	over	4
doubled	down	3
doubled	the	3
doubled	up	3
doubling	the	4
doubt	that	224
doubt	it	49
doubt	about	44
doubt	the	42
doubt	if	41
doubt	in	20
doubted	you	14
doubted	that	10
doubted	his	5
doubted	it	4
doubted	me	4
doubted	the	4
doubtful	whether	26
doubtful	about	6
doubtful	that	5
doubting	me	3
doubting	the	3
doubts	about	56
doubts	that	12
doubts	his	5
doubts	regarding	5
doubts	and	4
doubts	but	3
dough	is	10
dough	into	8
dough	for	4
dough	in	4
dough	to	4
dough	rise	3
douglas	adams	3
dov	is	3
dove	into	26
dove	is	10
dove	of	4
dove	and	3
dove	down	3
dove	the	3
doves	are	5
doves	and	3
doves	on	3
dow	jones	6
down	the	1577
down	to	644
down	on	536
down	and	435
down	in	303
down	a	278
downed	the	9
downed	a	3
downfall	of	8
downhill	from	4
downhill	all	3
download	the	16
download	it	12
download	this	9
download	a	7
download	that	5
download	will	5
downloaded	the	28
downloaded	a	10
downloaded	that	7
downloading	the	3
downright	diabolical	3
downright	scared	3
downs	but	3
downs	of	3
downside	of	6
downside	to	3
downstairs	to	30
downstairs	and	8
downstairs	for	7
downstairs	in	7
downstairs	with	5
downstairs	who	4
downstream	from	3
downtown	to	15
downtown	boston	10
downtown	algiers	8
downtown	from	7
downtown	area	6
downtown	yesterday	6
downward	spiral	8
downward	to	5
doze	off	8
dozed	off	44
dozed	on	3
dozen	eggs	29
dozen	of	15
dozen	people	12
dozen	times	6
dozen	donuts	5
dozen	is	4
dozens	of	138
dozens	more	3
dracula	in	3
draft	of	14
draft	in	5
draft	beer	4
draft	is	3
drafted	into	3
drag	show	19
drag	shows	18
drag	queen	11
drag	the	9
drag	you	9
drag	on	7
dragged	her	22
dragged	the	19
dragged	into	15
dragged	on	15
dragged	him	10
dragging	her	7
dragging	a	6
dragging	on	6
dragging	his	5
dragging	your	4
dragging	you	3
dragon	quest	19
dragon	is	18
dragon	and	7
dragon	ball	7
dragon	fruit	5
dragon	was	5
dragonfly	was	5
dragons	are	12
dragons	have	4
dragons	and	3
dragons	tomorrow	3
drain	the	18
drain	is	13
drain	cleaner	6
drain	in	6
drain	on	3
drain	plug	3
drained	the	16
drained	from	5
drained	of	4
drained	his	3
draining	the	5
draining	away	3
drama	queen	19
drama	in	7
drama	at	5
drama	club	5
drama	was	5
drama	and	4
dramatic	and	3
dramatic	changes	3
dramatic	increase	3
dramatic	turn	3
dramatically	as	4
drank	a	159
drank	the	68
drank	some	51
drank	too	45
drank	water	30
drank	beer	26
draped	in	6
draped	with	4
draped	over	3
drastic	measures	9
drastic	action	4
drastic	changes	4
drastic	change	3
drastically	lower	3
draught	beer	5
draught	coming	3
draught	here	3
draught	in	3
draw	a	83
draw	the	37
draw	your	23
draw	attention	21
draw	me	21
draw	this	15
drawer	is	11
drawer	and	6
drawer	for	4
drawer	has	3
drawer	if	3
drawer	to	3
drawers	and	5
drawers	are	4
drawing	a	26
drawing	to	20
drawing	room	14
drawing	near	12
drawing	attention	10
drawing	on	8
drawings	of	9
drawings	in	3
drawings	on	3
drawn	to	57
drawn	by	23
drawn	from	12
drawn	up	11
drawn	out	8
drawn	a	6
draws	near	7
draws	his	4
draws	in	3
draws	on	3
draws	thousands	3
draws	to	3
dread	of	9
dread	being	3
dread	the	3
dreaded	having	4
dreadful	that	3
dreadful	things	3
dreadful	weather	3
dreading	the	7
dreading	this	6
dream	is	272
dream	of	185
dream	about	94
dream	that	48
dream	come	40
dream	last	36
dreamed	of	130
dreamed	about	44
dreamed	that	40
dreamed	i	16
dreamed	a	11
dreamed	it	9
dreaming	about	39
dreaming	of	35
dreaming	and	6
dreaming	that	5
dreaming	a	4
dreaming	the	3
dreams	of	80
dreams	are	41
dreams	come	32
dreams	and	21
dreams	can	21
dreams	in	16
dreamt	of	45
dreamt	about	32
dreamt	that	17
dreamt	i	15
dreamt	you	7
dreamt	a	6
drenched	in	10
drenched	to	6
drenched	with	6
dress	is	192
dress	for	63
dress	was	59
dress	up	43
dress	in	40
dress	looks	39
dressed	in	163
dressed	up	101
dressed	like	89
dressed	as	44
dressed	and	23
dressed	for	18
dresser	drawer	5
dresser	and	3
dresser	in	3
dresses	are	19
dresses	in	8
dresses	and	6
dresses	like	6
dresses	very	4
dresses	were	4
dressing	room	33
dressing	up	13
dressing	gown	12
dressing	gowns	8
dressing	on	6
dressing	rooms	4
drew	a	82
drew	the	34
drew	this	23
drew	his	22
drew	up	20
drew	near	12
dribble	a	3
dried	up	32
dried	his	17
dried	out	16
dried	her	15
dried	figs	13
dried	myself	9
dries	up	9
drift	apart	12
drift	away	4
drift	of	4
drift	off	4
drifted	off	12
drifted	apart	10
drifted	away	6
drifted	into	5
drifted	about	3
drifted	the	3
drifting	apart	5
drifting	off	5
drifting	away	4
drifting	in	3
drill	to	5
drill	into	4
drill	the	4
drill	and	3
drilled	a	6
drink	a	205
drink	coffee	165
drink	beer	102
drink	and	94
drink	the	94
drink	some	85
drinking	water	117
drinking	a	61
drinking	coffee	56
drinking	tea	47
drinking	wine	46
drinking	with	41
drinks	a	33
drinks	and	23
drinks	are	23
drinks	coffee	22
drinks	water	19
drinks	the	17
dripping	from	8
dripping	with	6
dripping	down	4
dripping	on	3
drive	a	223
drive	to	141
drive	you	112
drive	me	77
drive	in	58
drive	on	53
driven	by	59
driven	a	30
driven	to	22
driven	away	8
driven	out	8
driven	into	6
driver	was	37
driver	is	34
driver	to	25
driver	of	16
driver	in	12
driver	who	12
drivers	are	21
drivers	in	9
drivers	must	8
drivers	should	8
drivers	make	5
drives	a	53
drives	me	31
drives	the	12
drives	in	8
drives	to	8
drives	very	8
driveway	and	5
driveway	is	3
driving	a	98
driving	licence	85
driving	me	83
driving	on	66
driving	test	63
driving	in	58
drones	to	7
drones	are	4
drones	and	3
drooling	over	9
drop	in	107
drop	by	92
drop	of	88
drop	the	71
drop	it	36
drop	me	30
droplets	of	5
dropped	the	102
dropped	his	84
dropped	out	80
dropped	a	47
dropped	by	41
dropped	my	34
dropping	out	8
dropping	in	6
dropping	off	6
dropping	by	4
dropping	the	4
dropping	to	4
droppings	on	7
droppings	off	3
drops	of	29
drops	in	9
drops	to	6
drops	and	4
drops	were	4
drought	in	11
drought	and	10
drought	is	5
drought	did	4
drought	resistant	4
drought	tolerant	4
drove	to	162
drove	away	83
drove	a	75
drove	off	75
drove	the	65
drove	back	40
drown	in	17
drown	out	7
drown	himself	6
drown	herself	3
drown	them	3
drowned	in	57
drowned	and	4
drowned	out	4
drowned	the	4
drowned	by	3
drowning	in	26
drowning	child	7
drowning	man	6
drowning	and	4
drowning	boy	4
drowsy	after	5
drowsy	driving	3
drowsy	whenever	3
drug	addict	33
drug	dealer	21
drug	is	18
drug	addiction	16
drug	use	13
drug	dealers	12
drugged	layla	3
drugged	me	3
drugs	in	28
drugs	are	27
drugs	and	23
drugs	to	13
drugs	on	11
drugs	for	10
drugstore	and	5
drugstore	is	3
drum	set	10
drum	is	5
drum	and	4
drum	up	4
drummer	is	6
drumming	on	4
drumming	of	3
drums	in	4
drunk	and	44
drunk	to	34
drunk	that	32
drunk	as	26
drunk	at	19
drunk	in	16
drunken	driving	16
drunken	man	7
drunkenness	is	4
drunks	and	4
dry	and	36
dry	your	22
dry	season	20
dry	the	19
dry	leaves	18
dry	land	15
dryer	and	3
drying	up	11
drying	his	5
drying	the	5
drying	clothes	4
drying	rack	4
drying	her	3
du	jour	5
du	soleil	3
dual	citizenship	7
dual	personality	3
dubai	is	4
dubbed	in	14
dubbed	the	8
dubbed	movies	3
dublin	is	10
duchess	of	6
duck	and	14
duck	is	8
duck	soup	5
duck	face	4
duck	in	4
duck	on	4
ducked	down	10
duckling	can	3
ducks	are	5
ducks	in	5
ducks	on	5
ducks	around	4
ducks	but	3
ducks	with	3
duct	tape	16
dude	you	6
dude	is	4
dude	are	3
dude	was	3
due	to	877
due	in	14
due	course	12
due	respect	12
due	tomorrow	10
due	next	8
dues	are	4
duet	together	3
duet	with	3
duffel	bag	14
dug	a	64
dug	up	20
dug	out	9
dug	in	8
dug	into	7
dug	through	6
duke	of	8
duke	university	6
duke	and	3
dull	and	16
dull	ache	4
dull	moment	4
dull	place	4
dull	that	4
dull	boy	3
dumb	as	25
dumb	and	9
dumb	question	8
dumb	people	7
dumb	thing	7
dumb	with	6
dumber	than	9
dumbest	thing	8
dump	truck	9
dump	in	4
dump	me	4
dump	that	4
dump	her	3
dump	is	3
dumped	me	17
dumped	the	15
dumped	him	14
dumped	by	10
dumped	her	6
dumped	in	5
dumping	you	4
dumping	the	3
dumplings	are	4
dumplings	in	4
dune	i	3
dune	to	3
dunes	of	3
dung	beetles	115
dung	beetle	58
dung	ball	30
dung	balls	11
dung	to	4
dung	was	3
dunno	if	3
duped	by	3
duplicate	key	8
duplicate	sentence	4
duplicate	sentences	3
durable	and	8
duration	of	20
during	the	1689
during	a	147
during	my	115
during	his	110
during	their	52
during	this	48
durst	not	4
dusk	is	6
dusk	the	4
dusk	in	3
dust	and	35
dust	off	21
dust	in	19
dust	the	17
dust	on	12
dusted	the	5
dusting	the	3
dusty	and	4
dutch	has	10
dutch	is	8
dutch	people	8
dutch	and	6
dutch	in	6
dutch	to	6
duties	of	4
duties	that	4
duties	are	3
duties	as	3
duties	at	3
duties	with	3
duty	to	93
duty	today	22
duty	is	20
duty	of	19
duty	at	16
duty	and	13
dvd	player	16
dvd	about	5
dvd	players	4
dvds	about	6
dvds	anymore	5
dwarf	planet	39
dwarf	star	7
dwarf	and	3
dwarf	stars	3
dwarf	who	3
dwarfs	are	3
dwarves	are	4
dwell	on	23
dwell	in	19
dwell	with	6
dwell	together	4
dwellers	in	3
dwelling	on	9
dwelling	in	5
dwelling	is	5
dwells	in	11
dye	my	12
dye	his	10
dye	their	10
dye	your	10
dye	her	9
dye	in	3
dyed	his	21
dyed	her	19
dyed	my	8
dyed	black	6
dyed	their	6
dyed	your	4
dying	to	92
dying	of	45
dying	for	36
dying	out	27
dying	is	17
dying	from	15
dynamic	economy	5
dynamic	and	4
dynamics	of	5
dynamics	and	3
dynamics	can	3
dynamo	lamp	3
dynasty	that	4
dynasty	and	3
dysfunctional	relationship	3
each	other	3293
each	of	240
each	day	141
each	year	133
each	one	81
eager	to	186
eager	for	20
eager	beaver	3
eagerly	awaiting	7
eagerly	await	5
eagerly	waiting	4
eagerly	awaited	3
eagerly	for	3
eagerly	sought	3
eagle	is	25
eagle	has	7
eagle	flies	5
eagle	was	5
eagle	and	4
eagle	eyes	4
eagles	have	6
eagles	and	5
eagles	are	3
ear	to	32
ear	and	24
ear	for	13
ear	is	12
ear	infections	6
ear	pierced	6
earl	grey	32
earl	of	3
earlier	than	135
earlier	this	70
earlier	in	34
earlier	i	29
earlier	today	28
earlier	you	17
earliest	convenience	5
earliest	known	5
earliest	in	4
earliest	childhood	3
earliest	memory	3
early	in	248
early	to	156
early	today	153
early	tomorrow	115
early	this	90
early	as	55
earn	a	67
earn	money	43
earn	more	20
earn	enough	15
earn	some	12
earn	it	10
earned	a	32
earned	him	23
earned	money	18
earned	it	15
earned	the	9
earned	his	7
earning	a	14
earning	money	10
earning	it	3
earning	more	3
earns	a	20
earns	his	11
earns	more	9
earns	money	8
earns	her	7
earns	three	5
earrings	are	5
earrings	but	3
ears	and	33
ears	are	28
ears	of	19
ears	in	16
ears	pierced	15
ears	to	15
earth	is	292
earth	and	142
earth	was	78
earth	are	49
earth	did	45
earth	to	36
earthquake	in	33
earthquake	was	13
earthquake	occurred	12
earthquake	caused	11
earthquake	hit	11
earthquake	the	11
earthquakes	in	10
earthquakes	and	6
earthquakes	are	6
earthquakes	happen	6
earthquakes	can	3
earthquakes	lately	3
ease	the	23
ease	in	16
ease	with	14
ease	of	9
ease	my	7
ease	up	6
eased	his	3
eased	my	3
eased	the	3
easier	to	282
easier	than	139
easier	for	76
easier	way	37
easier	said	24
easier	if	14
easiest	way	28
easiest	language	13
easiest	to	12
easiest	thing	9
easiest	person	4
easily	be	24
easily	get	16
easily	distracted	13
easily	have	13
easily	and	12
easily	as	12
easing	the	3
east	and	64
east	of	62
east	indian	38
east	asia	32
east	is	26
east	coast	21
easter	is	17
easter	egg	13
easter	eggs	13
easter	bunny	12
easter	island	5
easter	sunday	4
eastern	europe	25
eastern	part	17
eastern	european	12
eastern	and	10
eastern	australia	7
eastern	countries	6
easy	to	1307
easy	for	306
easy	as	91
easy	but	57
easy	on	47
easy	way	44
eat	a	316
eat	the	286
eat	it	246
eat	meat	187
eat	that	182
eat	lunch	181
eaten	anything	82
eaten	by	60
eaten	a	46
eaten	at	46
eaten	the	39
eaten	all	38
eating	a	172
eating	the	106
eating	lunch	58
eating	dinner	49
eating	too	45
eating	at	44
eats	a	39
eats	the	22
eats	breakfast	17
eats	lunch	17
eats	bread	14
eats	at	13
eavesdrop	on	9
eavesdropping	on	5
ebola	virus	8
ebola	outbreak	5
ebola	and	3
ebola	is	3
echo	of	18
echo	was	4
echo	chamber	3
echoed	through	25
echoed	in	7
echoed	with	3
echoes	of	6
echoing	from	3
echoing	in	3
eclipse	of	8
eclipse	will	8
eclipse	can	4
eclipse	is	3
eclipse	that	3
eclipse	yesterday	3
ecological	disaster	5
ecological	footprint	4
ecological	damage	3
ecology	is	5
ecology	of	4
ecology	and	3
economic	growth	121
economic	crisis	100
economic	development	36
economic	reforms	32
economic	and	30
economical	and	3
economically	independent	8
economically	and	5
economics	at	13
economics	is	9
economics	and	6
economics	from	3
economics	of	3
economics	or	3
economies	in	9
economies	of	6
economies	like	5
economies	and	3
economist	and	3
economy	is	167
economy	has	44
economy	in	31
economy	of	31
economy	and	23
economy	to	21
ecosystem	is	30
ecosystem	that	7
ecosystem	for	4
ecosystem	in	4
ecosystem	of	4
ecosystem	and	3
ecstasy	is	3
ecuador	is	4
eden	to	4
eden	and	3
eden	was	3
edgar	degas	5
edge	of	226
edge	on	6
edge	and	5
edge	to	4
edge	over	3
edge	recently	3
edges	of	15
edible	plants	6
edible	and	5
edible	mushroom	5
edible	but	4
edible	flowers	4
edible	fruit	4
edinburgh	is	3
edison	invented	11
edison	was	5
edison	in	3
edit	the	5
edit	it	4
edit	your	4
edit	tab	3
edited	the	17
edited	and	3
editing	software	3
edition	of	35
edition	is	11
editions	of	3
editor	in	9
editor	and	6
editor	of	4
editor	for	3
editorial	office	3
edo	period	6
eduardo	is	3
educate	yourself	6
educate	her	4
educate	our	4
educate	the	4
educate	their	4
educate	children	3
educated	people	24
educated	in	18
educated	and	15
educated	at	9
educated	population	8
educated	man	7
educating	his	3
educating	the	3
education	is	98
education	and	42
education	in	29
education	system	28
education	of	17
education	to	12
educational	system	21
educational	background	6
educational	and	5
educational	programs	4
educational	books	3
educational	standards	3
edward	island	7
edward	is	3
edwin	hubble	5
eel	in	4
eels	are	3
eels	in	3
eerie	feeling	6
eerie	silence	6
effect	on	101
effect	of	53
effect	that	15
effect	in	11
effect	is	10
effect	from	6
effective	way	27
effective	against	15
effective	in	15
effective	than	12
effective	communication	11
effective	and	10
effectively	in	4
effectively	with	4
effectiveness	of	14
effectiveness	in	5
effectiveness	and	4
effects	of	135
effects	on	30
effects	are	11
effects	and	7
effects	in	6
effects	that	6
efficiency	of	11
efficiency	and	7
efficiency	is	4
efficiency	in	3
efficient	and	12
efficient	way	5
efficient	than	4
efficient	as	3
efficient	means	3
efficiently	and	3
effort	to	204
effort	and	30
effort	into	22
effort	in	20
effort	is	15
effort	for	10
efforts	to	132
efforts	were	33
efforts	of	23
efforts	are	21
efforts	have	18
efforts	will	17
egg	is	30
egg	for	14
egg	whites	14
egg	on	10
egg	yolk	9
eggplant	and	3
eggplant	is	3
eggplant	was	3
eggs	are	66
eggs	in	64
eggs	and	57
eggs	for	51
eggs	at	18
eggs	with	15
ego	is	5
ego	in	3
egypt	and	52
egypt	is	28
egypt	for	20
egypt	to	19
egypt	with	16
egypt	in	15
egyptian	restaurant	11
egyptian	accent	5
egyptian	and	5
egyptian	border	5
egyptian	girl	5
egyptian	music	5
egyptians	and	7
egyptians	shall	6
egyptians	believed	4
egyptians	to	4
egyptians	are	3
egyptians	worshipped	3
eiffel	tower	45
eight	years	78
eight	hours	73
eight	in	37
eight	hundred	26
eight	thirty	25
eighteen	years	28
eighteen	and	5
eighteen	months	5
eighteen	i	3
eighteen	yet	3
eighth	of	9
eighth	grade	8
eighth	floor	7
eighth	month	5
eighth	century	4
eighty	years	31
eighty	percent	18
eighty	one	12
eighty	seven	9
eighty	nine	7
eighty	five	6
eileen	collins	3
einstein	was	14
einstein	has	3
einstein	is	3
eisenhower	was	3
either	of	103
either	you	51
either	way	44
either	a	38
either	side	33
either	one	23
el	salvador	10
el	ni	4
el	nino	4
elaborate	on	8
elaborate	a	4
elbow	when	7
elbow	hurts	5
elbow	grease	4
elbow	is	3
elbow	or	3
elbow	to	3
elbows	on	8
elbows	off	3
elder	brother	36
elder	sister	18
elder	son	8
elder	brothers	5
elder	daughter	3
elder	remained	3
elderly	people	30
elderly	woman	22
elderly	man	18
elderly	and	14
elderly	lady	11
elderly	couple	10
elders	of	8
elders	and	5
elders	have	3
eldest	daughter	15
eldest	son	15
eldest	brother	6
eldest	of	4
eldest	child	3
eldest	sister	3
elect	a	9
elect	him	4
elect	its	3
elect	the	3
elected	president	43
elected	to	29
elected	him	21
elected	as	17
elected	a	16
elected	mayor	15
election	is	20
election	of	17
election	was	16
election	results	14
election	in	12
election	will	7
elections	are	16
elections	in	16
elections	and	7
elections	for	6
elections	were	6
elections	take	5
electoral	system	4
electoral	votes	4
electoral	process	3
electric	cars	26
electric	car	21
electric	vehicles	17
electric	guitar	15
electric	current	9
electric	shock	9
electrical	engineering	9
electrical	charge	6
electrical	engineer	5
electrical	equipment	4
electrical	impulses	4
electrical	tape	4
electrician	in	3
electrician	to	3
electricity	is	18
electricity	and	17
electricity	bill	15
electricity	from	10
electricity	was	10
electricity	in	9
electromagnetic	spectrum	8
electromagnetic	radiation	7
electromagnetic	waves	6
electron	is	5
electronic	devices	11
electronic	music	8
electronic	components	7
electronic	device	4
electronic	computer	3
electronic	computers	3
electronics	and	6
electronics	store	4
electrons	and	7
electrons	are	3
electrons	have	3
electrons	in	3
electrons	orbit	3
elegance	and	6
elegance	that	5
elegance	of	3
elegance	to	3
elegant	and	9
elegant	dress	4
elegant	solution	4
elegant	gesture	3
elegant	most	3
element	with	39
element	of	31
element	in	16
element	symbol	11
element	is	7
element	when	4
elementary	school	87
elementary	and	6
elementary	schools	4
elements	of	28
elements	in	12
elements	are	11
elements	earth	5
elements	that	5
elements	to	5
elena	is	4
elephant	is	39
elephant	in	15
elephant	seals	9
elephant	was	9
elephant	and	6
elephant	has	5
elephants	are	47
elephants	have	14
elephants	and	6
elephants	can	5
elephants	in	5
elevate	the	6
elevate	your	5
elevated	levels	5
elevated	to	4
elevation	comes	6
elevation	is	5
elevation	requires	5
elevation	of	3
elevator	is	30
elevator	in	15
elevator	to	12
elevator	and	11
elevator	doors	11
elevators	are	7
elevators	in	4
eleven	years	13
eleven	in	7
eleven	at	5
eleven	players	5
eleven	times	5
eleventh	hour	5
eleventh	month	3
elf	in	6
elias	was	170
elias	is	35
elias	had	28
elias	has	27
elias	will	19
eligible	for	20
eligible	to	10
elijah	muhammad	5
eliminate	the	19
eliminate	all	4
eliminate	me	3
eliminated	the	8
eliminated	from	5
eliminated	by	3
eliminated	in	3
eliminating	the	9
elimination	of	9
elimination	diet	3
elite	is	4
elite	soldiers	4
elite	of	3
elizabeth	ii	5
elizabeth	i	4
elizabeth	taylor	3
ellie	heath	3
eloped	with	7
else	to	354
else	is	175
else	do	132
else	i	124
else	in	123
else	you	87
elsewhere	in	22
elsewhere	and	4
elsewhere	the	3
elsewhere	to	3
elude	the	4
elves	are	8
elves	live	4
elves	have	3
elvis	presley	10
elvis	is	3
email	address	71
email	from	24
email	to	23
email	you	13
email	me	11
email	is	9
emailed	you	5
emails	from	3
emails	to	3
emanating	from	10
emancipation	of	3
embark	on	18
embarked	on	29
embarrass	you	17
embarrass	me	13
embarrass	him	7
embarrass	layla	6
embarrass	her	5
embarrass	yourself	5
embarrassed	to	48
embarrassed	by	21
embarrassed	about	19
embarrassed	when	13
embarrassed	for	9
embarrassed	in	9
embarrassing	me	8
embarrassing	situation	7
embarrassing	to	5
embarrassing	thing	4
embarrassing	yourself	4
embarrassing	moment	3
embarrassment	to	6
embarrassment	when	3
embassy	in	28
embassy	is	5
embedded	in	13
embedded	with	3
embers	of	5
embers	the	3
emblem	of	5
embodiment	of	13
embrace	the	24
embrace	islam	11
embrace	my	10
embrace	your	7
embrace	new	5
embrace	of	4
embraced	islam	27
embraced	her	10
embraced	the	10
embraced	his	8
embraced	and	5
embraced	each	5
embraces	all	3
embraces	and	3
embracing	the	6
embracing	islam	4
embracing	different	3
embroidered	her	3
embroidered	with	3
emerald	green	4
emerge	from	14
emerge	in	7
emerged	from	68
emerged	as	11
emerged	in	9
emerged	and	7
emerged	that	4
emergence	of	14
emergency	room	33
emergency	exit	18
emergency	call	11
emergency	landing	8
emergency	situation	8
emergency	services	7
emerges	from	4
emerging	market	8
emerging	from	7
emerging	economies	6
emerging	economy	5
emerging	as	4
emerging	country	3
emi	danced	3
emigrate	to	14
emigrated	to	14
emigrated	from	3
emilia	is	4
emily	is	48
emily	has	13
emily	will	9
emily	wants	5
emily	and	4
emily	ate	3
emissary	from	3
emission	of	5
emissions	by	14
emissions	from	9
emissions	of	8
emissions	are	7
emissions	and	4
emissions	in	4
emit	a	4
emits	a	3
emma	to	12
emma	was	6
emma	for	5
emma	is	5
emma	that	4
emma	with	4
emotion	and	9
emotion	in	5
emotion	as	3
emotion	it	3
emotion	that	3
emotional	affair	13
emotional	and	12
emotional	support	9
emotional	connection	8
emotional	state	8
emotional	intelligence	7
emotionally	abusive	7
emotionally	drained	7
emotionally	detached	6
emotionally	and	4
emotionally	unavailable	4
emotionally	unstable	3
emotions	and	14
emotions	are	8
emotions	to	7
emotions	that	5
emotions	were	4
emotions	with	4
empathy	and	11
empathy	for	8
empathy	is	8
empathy	towards	7
empathy	problem	3
emperor	of	13
emperor	is	7
emperor	and	4
emperor	has	4
emperor	to	4
emperor	who	4
emphasis	on	34
emphasis	of	4
emphasize	that	10
emphasize	the	7
emphasize	this	5
empire	was	19
empire	in	13
empire	and	12
empire	of	8
empire	is	6
empire	state	4
empirical	data	3
employ	a	6
employ	him	6
employ	the	6
employ	me	3
employ	of	3
employed	in	26
employed	by	8
employed	him	7
employed	a	5
employed	as	5
employed	at	4
employee	who	23
employee	carlos	12
employee	of	8
employee	is	7
employee	at	6
employee	was	4
employees	are	22
employees	to	17
employees	who	13
employees	were	10
employees	have	8
employees	of	8
employer	at	6
employer	and	3
employer	was	3
employers	and	3
employers	are	3
employing	class	4
employment	in	6
employment	and	5
employment	contract	5
employment	for	4
employment	is	3
employment	to	3
employs	a	6
employs	people	4
employs	thousands	4
empress	tree	8
emptied	the	21
emptied	his	13
emptied	out	4
emptied	her	3
emptied	their	3
empties	the	7
emptiness	inside	5
empty	stomach	37
empty	handed	33
empty	and	28
empty	the	27
empty	your	15
empty	for	13
emptying	the	5
emulate	the	3
en	route	14
en	suite	4
enable	the	8
enable	us	6
enable	them	5
enable	it	4
enable	two	4
enable	you	3
enabled	him	21
enabled	me	7
enabled	the	6
enabled	us	5
enabled	by	3
enabled	her	3
enables	us	13
enables	me	6
enables	him	5
enables	a	4
enables	you	3
enacted	in	4
enchanted	by	9
enchanted	forest	4
enchanted	me	4
enchantment	to	3
enclosed	in	7
enclosed	instruction	6
enclosed	with	5
enclosed	a	3
enclosed	by	3
enclosed	instructions	3
enclosure	for	9
enclosure	is	6
enclosure	at	4
enclosure	and	3
encounter	with	27
encounter	any	8
encounter	a	6
encounter	in	6
encounter	many	4
encounter	them	3
encountered	a	22
encountered	any	7
encountered	in	7
encountered	an	6
encountered	the	6
encountered	many	4
encounters	and	4
encounters	with	3
encourage	you	23
encourage	the	17
encourage	him	11
encourage	others	10
encourage	them	9
encourage	people	8
encouraged	me	27
encouraged	to	25
encouraged	her	16
encouraged	by	13
encouraged	the	13
encouraged	his	8
encouragement	i	8
encouragement	and	4
encourages	her	13
encourages	me	7
encourages	others	7
encourages	his	5
encourages	people	3
encourages	us	3
encouraging	me	3
encouraging	others	3
encouraging	their	3
encouraging	them	3
encouraging	to	3
encouraging	words	3
encyclopedia	that	5
encyclopedia	is	4
encyclopedia	of	3
end	of	1375
end	up	342
end	to	150
end	in	92
end	the	67
end	his	43
endangered	species	36
endangered	animals	10
endangered	in	4
endangered	and	3
endangering	the	5
endeavor	to	9
endeavors	to	4
endeavour	to	7
ended	up	603
ended	in	99
ended	the	45
ended	at	28
ended	his	27
ended	with	24
ending	in	14
ending	of	12
ending	the	12
ending	was	12
ending	up	10
ending	is	6
endings	and	4
endless	possibilities	10
endless	loop	4
endless	cycle	3
endless	supply	3
endless	war	3
endlessly	and	3
endorse	this	4
endorsement	of	5
endowed	with	23
endowed	by	3
endowed	me	3
ends	meet	80
ends	up	40
ends	in	32
ends	with	23
ends	of	22
ends	today	20
endurance	is	3
endurance	to	3
endure	the	14
endure	a	7
endure	for	6
endure	it	5
endure	this	5
endure	life	3
endured	the	8
endured	a	7
endured	many	6
endured	sacrifices	4
endured	years	3
enduring	power	4
enduring	pain	3
enemies	of	36
enemies	are	20
enemies	for	10
enemies	and	9
enemies	but	9
enemies	in	9
enemy	of	57
enemy	is	54
enemy	to	13
enemy	and	10
enemy	attacked	10
enemy	troops	9
energetic	and	7
energetic	particles	4
energetic	as	3
energetic	man	3
energies	and	3
energies	are	3
energies	on	3
energy	to	83
energy	and	54
energy	is	45
energy	in	32
energy	for	23
energy	from	20
enforce	the	9
enforce	their	4
enforcement	of	5
enforcement	agencies	4
enforcement	agency	3
enforcement	officials	3
enforcement	to	3
engage	in	97
engage	with	15
engaged	in	117
engaged	to	42
engaged	with	9
engaged	and	5
engaged	once	5
engaged	the	5
engagement	ring	21
engagement	to	12
engagement	party	6
engagement	of	5
engagement	in	4
engagement	with	4
engaging	in	28
engaging	with	4
engaging	and	3
engine	is	36
engine	running	12
engine	was	12
engine	and	11
engine	of	10
engine	has	9
engineer	and	8
engineer	at	5
engineer	in	5
engineer	for	4
engineer	i	4
engineer	is	3
engineered	the	3
engineering	and	10
engineering	at	5
engineering	student	5
engineering	to	5
engineering	work	4
engineering	of	3
engineers	and	11
engineers	to	7
engineers	are	5
engines	are	8
engines	of	4
engines	and	3
england	is	30
england	and	28
england	in	20
england	was	11
england	the	10
england	this	10
english	is	419
english	and	207
english	teacher	133
english	language	123
english	in	91
english	but	74
englishman	and	3
englishman	would	3
englishmen	are	3
engraved	on	7
engraved	with	5
engraved	in	4
engulfed	in	13
engulfed	the	4
engulfed	by	3
enhance	the	25
enhance	its	6
enhance	his	3
enhance	your	3
enigma	to	4
enjoy	the	299
enjoy	doing	183
enjoy	your	125
enjoy	it	116
enjoy	this	71
enjoy	watching	58
enjoyable	to	8
enjoyable	time	6
enjoyable	than	4
enjoyable	activities	3
enjoyable	evening	3
enjoyed	the	323
enjoyed	a	61
enjoyed	it	52
enjoyed	doing	48
enjoyed	myself	35
enjoyed	his	30
enjoying	the	81
enjoying	himself	36
enjoying	themselves	33
enjoying	herself	30
enjoying	yourself	28
enjoying	this	23
enjoyment	of	15
enjoyment	in	4
enjoys	the	22
enjoys	doing	17
enjoys	playing	15
enjoys	a	14
enjoys	his	13
enjoys	going	9
enlarge	the	6
enlarged	the	5
enlarged	prostate	4
enlighten	me	4
enlighten	us	4
enlightened	by	3
enlightening	the	5
enlightenment	and	3
enlightenment	is	3
enlightenment	was	3
enlisted	in	10
enlisted	personnel	3
enormous	amount	10
enormous	mansion	9
enormous	amounts	6
enormous	house	4
enormous	spider	4
enormous	fortune	3
enough	to	1275
enough	money	612
enough	for	395
enough	time	370
enough	of	171
enough	food	146
enraged	by	3
enrich	your	4
enrich	our	3
enrich	the	3
enriched	by	4
enriched	the	3
enrico	found	7
enrico	was	5
enrico	continued	3
enroll	in	9
enrolled	in	20
enrolled	at	6
enrolled	him	4
enrolled	on	4
enslaved	people	4
ensure	that	54
ensure	the	18
ensure	a	6
ensure	my	6
ensure	their	5
ensure	you	5
ensured	that	4
ensures	that	8
ensures	the	7
ensures	they	3
ensuring	that	9
ensuring	the	5
ensuring	they	4
entangled	in	7
entangled	with	5
enter	the	257
enter	a	59
enter	your	33
enter	into	19
enter	that	14
enter	here	13
entered	the	585
entered	a	41
entered	into	35
entered	his	22
entered	through	16
entered	my	14
entering	the	86
entering	a	30
entering	into	5
entering	its	4
entering	my	4
entering	that	4
enters	the	22
enters	a	5
entertain	the	12
entertain	you	8
entertain	him	3
entertain	their	3
entertained	the	7
entertained	us	7
entertained	by	5
entertaining	the	4
entertainment	for	5
entertainment	is	5
entertainment	of	4
entertainment	and	3
entertainment	company	3
entertainment	industry	3
enthusiasm	for	16
enthusiasm	and	11
enthusiasm	to	6
enthusiasm	of	5
enthusiasm	is	4
enthusiasm	was	4
enthusiast	of	3
enthusiastic	about	17
enthusiastic	applause	3
enthusiastic	is	3
entice	her	3
entire	life	123
entire	day	51
entire	world	48
entire	time	47
entire	family	30
entire	house	23
entirely	on	28
entirely	different	24
entirely	of	16
entirely	in	15
entirely	sure	15
entirely	to	14
entirety	of	11
entitled	to	99
entitled	the	3
entity	that	4
entrance	to	53
entrance	of	50
entrance	examination	37
entrance	exam	26
entrance	is	13
entrance	fee	10
entrances	and	3
entreat	you	4
entrepreneur	who	4
entrepreneurs	are	3
entrepreneurs	have	3
entries	are	4
entries	for	4
entries	in	4
entrust	the	3
entrusted	with	6
entrusted	my	4
entrusted	the	4
entrusted	to	4
entrusted	her	3
entry	is	11
entry	to	11
entry	in	8
entry	level	8
entry	into	6
entry	ticket	4
envelope	to	15
envelope	and	14
envelope	with	7
envelope	full	5
envelope	is	5
envelope	open	4
envied	her	5
envied	him	4
envied	and	3
envied	than	3
envied	the	3
envious	of	32
environment	for	29
environment	and	21
environment	is	17
environment	in	11
environment	that	9
environment	was	9
environmental	protection	23
environmental	problems	15
environmental	pollution	12
environmental	consequences	11
environmental	and	10
environmental	groups	10
environments	and	6
environments	in	3
envision	a	11
envision	that	4
envision	the	3
envy	you	32
envy	your	20
envy	of	15
envy	is	11
envy	the	11
envy	him	8
epic	ended	4
epic	fail	3
epic	of	3
epicenter	of	8
epidemic	in	7
epidemic	of	6
epidemic	has	5
epidemic	is	4
epileptic	seizures	3
episode	of	22
episode	is	7
episode	was	4
episode	from	3
episodes	of	17
epitome	of	15
epstein	was	3
equal	to	121
equal	rights	22
equal	and	13
equal	in	13
equal	before	10
equal	pay	9
equality	and	19
equality	of	16
equality	in	6
equality	for	4
equality	fraternity	4
equality	is	4
equally	important	6
equally	and	3
equally	bad	3
equally	for	3
equally	matched	3
equally	true	3
equals	the	8
equals	four	7
equals	one	6
equals	eight	4
equals	three	4
equals	two	4
equation	has	3
equation	is	3
equations	are	3
equator	the	5
equator	divides	4
equator	for	3
equilibrium	is	3
equilibrium	with	3
equipment	and	15
equipment	is	15
equipment	in	13
equipment	to	10
equipment	from	9
equipment	for	7
equipped	with	66
equipped	to	9
equipped	for	6
equivalent	to	45
equivalent	of	29
equivalent	in	8
er	well	3
era	of	35
era	in	9
era	is	8
era	when	8
era	the	6
era	algeria	5
eradicate	the	6
eradicate	corruption	3
eradicate	poverty	3
erase	the	13
erase	it	5
erase	markers	3
erased	the	7
erased	from	4
erased	my	4
eraser	is	3
ere	he	4
ere	long	3
ere	the	3
erect	a	5
erected	a	11
erected	in	11
erected	to	4
erected	by	3
eric	adams	3
erich	von	5
erosion	and	7
erosion	of	7
err	is	20
err	on	6
errand	boy	5
errand	for	5
errand	to	3
errands	for	9
errands	to	8
erratic	behavior	4
erratic	and	3
error	in	29
error	is	12
error	of	11
error	message	10
error	and	8
error	has	8
errors	in	31
errors	and	10
errors	are	5
errors	but	5
errors	is	4
errors	if	3
erupted	in	21
erupted	into	7
erupted	monday	3
erupted	suddenly	3
erupted	with	3
eruption	of	6
escalate	the	4
escalated	into	4
escalated	quickly	3
escalated	to	3
escalation	of	4
escape	from	118
escape	the	62
escape	death	11
escape	this	11
escape	to	11
escape	with	11
escaped	from	103
escaped	the	35
escaped	being	13
escaped	to	13
escaped	through	12
escaped	with	11
escapes	me	8
escapes	from	6
escapes	him	5
escapes	us	5
escapes	you	3
escaping	from	12
escaping	to	5
escort	you	10
escort	service	4
escorted	out	8
escorted	to	7
especially	in	63
especially	when	38
especially	for	27
especially	if	25
especially	the	21
especially	on	13
espionage	thrives	4
espionage	in	3
espionage	is	3
essay	is	23
essay	about	8
essay	to	8
essay	was	8
essay	in	7
essay	on	7
essays	in	3
essays	were	3
essence	of	52
essence	is	5
essence	a	3
essential	for	102
essential	to	78
essential	in	24
essential	that	21
essential	part	13
essential	oils	7
essentially	a	12
essentially	correct	3
essentials	of	4
essentials	and	3
establish	a	31
establish	the	15
establish	his	5
establish	my	5
establish	justice	3
establish	some	3
established	in	38
established	a	33
established	the	21
established	by	11
established	to	9
established	his	7
establishing	a	8
establishing	the	4
establishing	an	3
establishment	of	19
estate	agent	12
estate	to	8
estate	in	7
estate	market	5
estate	prices	5
estate	is	4
esteem	and	8
esteem	issues	4
esteem	has	3
esteemed	for	3
esther	is	28
esther	has	9
estimate	the	12
estimate	that	10
estimate	of	7
estimate	how	6
estimate	for	4
estimated	that	30
estimated	to	17
estimated	the	12
estimated	at	11
estimated	million	11
estimated	percent	4
estimates	that	18
estimates	the	3
estimation	of	5
estonia	is	5
estonia	has	3
estranged	from	3
et	cetera	7
et	al	3
etched	in	7
etched	into	4
eternal	life	17
eternal	youth	8
eternal	love	6
eternal	is	4
eternal	and	3
eternal	flame	3
eternally	grateful	6
eternity	is	7
eternity	to	6
ethic	is	3
ethical	to	8
ethical	for	3
ethical	problems	3
ethics	of	4
ethics	and	3
ethics	are	3
ethics	is	3
ethiopia	is	8
ethiopia	in	4
ethnic	groups	31
ethnic	cleansing	13
ethnic	group	13
ethnic	and	10
ethnic	minorities	8
ethnic	identity	4
eu	has	7
eu	and	6
eu	in	5
eu	citizens	4
eu	member	4
eu	will	4
eulogy	at	3
euphemism	for	6
euro	is	9
euro	as	6
euro	coins	5
europa	is	9
europe	and	77
europe	is	58
europe	has	20
europe	to	20
europe	the	17
europe	for	15
european	union	179
european	countries	39
european	parliament	23
european	languages	18
european	language	16
european	and	15
europeans	are	10
europeans	and	4
europeans	have	4
europeans	can	3
europeans	want	3
euros	in	16
euros	a	14
euros	for	11
euros	per	9
euros	to	9
euros	please	5
eva	is	6
evacuate	the	17
evacuate	immediately	4
evacuate	to	4
evacuated	from	9
evacuated	to	4
evacuated	because	3
evacuated	by	3
evacuation	drill	3
evade	the	6
evaluate	the	9
evaluate	my	4
evaluate	his	3
evaluate	in	3
evaluation	of	4
evasive	answer	3
eve	of	16
eve	and	12
eve	with	12
eve	in	11
eve	is	10
eve	were	4
even	if	783
even	though	721
even	know	502
even	the	338
even	a	318
even	more	261
evening	i	40
evening	at	35
evening	and	33
evening	the	27
evening	of	20
evening	we	19
evenings	at	3
evenings	in	3
evenings	of	3
evenings	we	3
evenly	between	3
evenly	distributed	3
event	is	30
event	starts	28
event	was	28
event	of	26
event	in	25
event	that	23
events	and	27
events	in	26
events	of	22
events	are	17
events	that	17
events	have	14
eventually	be	19
eventually	got	19
eventually	the	16
eventually	he	15
eventually	found	14
eventually	get	14
ever	seen	588
ever	been	530
ever	had	230
ever	do	195
ever	done	190
ever	since	189
everest	is	26
everest	in	4
evergreen	tree	3
evergreen	trees	3
every	day	2686
every	morning	500
every	time	444
every	year	387
every	night	238
every	single	213
everybody	was	139
everybody	is	138
everybody	knows	122
everybody	else	104
everybody	has	75
everybody	in	73
everyday	life	44
everyday	lives	8
everyday	occurrence	6
everyday	use	5
everyday	activities	4
everyday	speech	4
everyone	is	456
everyone	was	344
everyone	has	295
everyone	else	265
everyone	in	261
everyone	knows	227
everything	is	665
everything	i	523
everything	that	444
everything	you	377
everything	in	301
everything	was	270
everywhere	in	71
everywhere	but	27
everywhere	for	22
everywhere	and	19
everywhere	you	16
everywhere	he	12
evicted	from	16
evidence	that	86
evidence	of	81
evidence	to	49
evidence	is	32
evidence	for	19
evidence	was	16
evident	that	28
evident	in	17
evident	from	10
evident	to	8
evident	whether	3
evidently	a	4
evil	is	30
evil	spirits	30
evil	eye	17
evil	in	15
evil	of	15
evil	spirit	14
evils	of	8
evils	that	4
evils	choose	3
evoke	a	5
evoke	the	4
evolution	of	30
evolution	is	13
evolution	has	3
evolutionary	psychology	5
evolve	in	6
evolve	with	6
evolve	from	5
evolve	into	3
evolve	over	3
evolve	to	3
evolved	from	21
evolved	into	9
evolved	to	7
evolved	over	4
evolved	in	3
evolved	since	3
evolving	field	3
ewing	is	4
ex	wife	59
ex	husband	44
ex	girlfriend	39
ex	boyfriend	32
ex	con	10
ex	wives	10
exact	same	46
exact	opposite	28
exact	date	15
exact	time	15
exact	words	14
exact	science	11
exactly	what	601
exactly	the	149
exactly	how	97
exactly	where	81
exactly	like	71
exactly	do	68
exaggerate	the	8
exaggerated	his	4
exaggerated	the	4
exaggerating	a	6
exaggeration	to	14
exam	is	37
exam	was	34
exam	results	24
exam	tomorrow	20
exam	in	15
exam	but	14
examination	of	13
examination	in	12
examination	was	11
examination	is	8
examination	for	6
examination	papers	6
examine	the	43
examine	you	7
examine	a	6
examine	it	6
examine	that	5
examine	your	4
examined	the	63
examined	by	17
examined	it	11
examined	his	9
examined	her	4
examined	my	4
examining	the	10
example	of	173
example	sentences	87
example	to	23
example	the	22
example	for	21
example	sentence	21
examples	of	69
examples	in	15
examples	to	9
examples	are	7
examples	can	4
examples	and	3
exams	are	17
exams	in	13
exams	do	5
exams	this	5
exams	and	4
exams	at	4
excavated	the	3
excavation	site	5
exceed	the	15
exceed	his	4
exceed	expectations	3
exceed	one	3
exceeded	the	10
exceeded	my	6
exceeded	all	4
exceeded	expectations	3
exceeded	in	3
exceeding	the	5
exceeding	great	4
exceeding	angry	3
exceeding	expectations	3
exceedingly	and	7
exceedingly	well	3
exceeds	the	3
excel	in	12
excel	at	5
excellence	in	4
excellency	mr	3
excellent	idea	16
excellent	job	11
excellent	student	9
excellent	at	8
excellent	teacher	8
excellent	work	8
except	for	161
except	me	57
except	the	55
except	you	34
except	that	32
except	in	23
exception	of	28
exception	to	9
exception	for	7
exception	is	4
exception	in	3
exception	was	3
exceptionally	well	6
exceptionally	beautiful	4
exceptionally	good	4
exceptionally	cold	3
exceptionally	high	3
exceptionally	strong	3
exceptions	to	3
excess	of	17
excess	is	6
excess	water	6
excess	brings	3
excessive	force	8
excessive	drinking	4
excessive	use	4
excessive	amounts	3
exchange	for	30
exchange	rate	28
exchange	of	20
exchange	this	17
exchange	student	14
exchange	students	11
exchanged	a	9
exchanged	glances	7
exchanged	numbers	6
exchanged	their	6
exchanged	seats	5
exchanged	phone	4
exchanges	are	3
exchanges	in	3
excite	me	5
excited	about	146
excited	to	118
excited	by	23
excited	for	23
excited	that	17
excited	and	15
excitement	in	14
excitement	and	13
excitement	to	7
excitement	as	6
excitement	of	6
excitement	was	6
excites	you	5
excites	him	3
excites	me	3
exciting	to	19
exciting	game	14
exciting	story	8
exciting	news	7
exciting	than	7
exciting	book	6
exclamation	mark	16
exclamation	marks	6
exclamation	point	6
exclamation	of	3
exclude	the	6
excluded	from	15
exclusion	of	4
exclusion	and	3
exclusive	to	5
exclusive	and	3
exclusive	of	3
exclusive	relationship	3
exclusively	for	9
exclusively	in	7
exclusively	on	5
exclusively	to	4
excruciating	pain	4
excursion	to	7
excursion	will	4
excuse	me	574
excuse	for	73
excuse	us	41
excuse	to	33
excuse	my	17
excuse	what	7
excused	from	29
excused	himself	25
excused	herself	7
excused	myself	7
excused	themselves	5
excused	me	3
excuses	for	22
excuses	to	9
excuses	are	6
execute	the	9
execute	a	3
execute	his	3
executed	the	8
executed	for	6
executed	by	4
executed	in	4
executed	at	3
executed	on	3
execution	of	11
execution	was	5
execution	by	4
execution	is	3
executioner	is	3
executive	director	10
executive	officer	6
executive	order	6
executive	departments	5
executive	of	4
executive	orders	4
exempt	from	13
exempt	in	3
exercise	is	45
exercise	every	30
exercise	more	18
exercise	for	16
exercise	and	12
exercise	can	11
exercises	for	14
exercises	to	8
exercises	in	7
exercises	are	5
exercises	every	5
exercising	regularly	3
exercising	with	3
exert	yourself	6
exhale	slowly	3
exhaust	gases	3
exhaust	pipe	3
exhausted	from	31
exhausted	and	20
exhausted	after	15
exhausted	by	12
exhausted	when	10
exhausted	to	8
exhausting	for	4
exhausting	to	4
exhibit	at	15
exhibit	was	8
exhibit	of	4
exhibit	will	4
exhibit	a	3
exhibit	in	3
exhibited	a	3
exhibited	in	3
exhibition	is	14
exhibition	was	10
exhibition	of	8
exhibition	in	7
exhibition	will	7
exhibition	at	4
exhibits	in	4
exile	in	10
exiled	to	7
exiled	from	4
exist	in	97
exist	without	51
exist	and	17
exist	to	16
exist	on	15
exist	as	12
existed	in	15
existed	for	9
existed	before	6
existed	between	5
existed	on	4
existed	a	3
existence	of	128
existence	is	29
existence	and	8
existence	in	8
existence	to	5
existence	as	4
existential	threat	8
existential	crisis	7
existing	conditions	4
existing	condition	3
existing	in	3
existing	system	3
exists	in	34
exists	a	12
exists	only	12
exists	but	8
exists	for	8
exists	on	8
exit	door	16
exit	is	15
exit	from	8
exit	the	8
exit	of	6
exit	strategy	6
exited	the	42
exited	through	6
exited	his	3
exits	are	4
exits	on	3
exits	the	3
exodus	of	3
exotic	dancer	7
exotic	plants	4
exotic	beauty	3
exotic	birds	3
exotic	pet	3
exotic	plant	3
expand	its	19
expand	the	13
expand	your	9
expand	our	7
expand	their	7
expand	on	5
expanded	the	9
expanded	into	4
expanded	his	3
expanded	their	3
expanding	the	5
expanding	its	4
expanding	at	3
expands	as	3
expanse	of	8
expansion	of	27
expansion	and	4
expansion	is	4
expect	to	279
expect	me	159
expect	you	113
expect	that	91
expect	the	54
expect	him	53
expectancy	in	4
expectancy	has	3
expectation	of	13
expectations	of	14
expectations	are	11
expectations	were	6
expectations	and	4
expectations	for	4
expectations	he	4
expected	to	384
expected	it	82
expected	that	47
expected	this	44
expected	you	43
expected	the	25
expecting	a	77
expecting	to	60
expecting	you	50
expecting	that	43
expecting	something	25
expecting	this	25
expects	to	12
expects	me	10
expects	a	9
expects	that	6
expects	nothing	5
expects	you	4
expedite	the	3
expedition	to	10
expedition	was	4
expelled	from	50
expelled	for	6
expelled	the	5
expelled	him	3
expense	of	43
expense	is	6
expense	for	4
expense	and	3
expense	was	3
expenses	are	10
expenses	for	7
expenses	in	4
expenses	paid	4
expenses	and	3
expenses	down	3
expensive	than	102
expensive	to	68
expensive	in	46
expensive	for	31
expensive	but	30
expensive	car	26
experience	in	84
experience	is	54
experience	of	53
experience	with	47
experience	for	43
experience	that	31
experienced	a	45
experienced	the	23
experienced	that	18
experienced	in	16
experienced	anything	15
experienced	than	15
experiences	and	17
experiences	in	15
experiences	of	13
experiences	with	10
experiences	that	8
experiences	during	7
experiencing	a	28
experiencing	the	7
experiencing	any	6
experiencing	an	5
experiencing	some	4
experiencing	right	3
experiment	was	25
experiment	in	12
experiment	with	11
experiment	is	9
experiment	and	6
experiment	to	6
experimental	drug	4
experimental	plane	3
experimental	results	3
experimentation	is	4
experimented	with	12
experimented	on	5
experimenting	with	31
experimenting	on	4
experiments	in	9
experiments	on	8
experiments	have	5
experiments	were	5
experiments	with	5
experiments	are	4
expert	in	60
expert	on	25
expert	at	24
expert	is	5
expert	with	5
expert	driver	3
expertise	in	7
experts	say	79
experts	in	20
experts	have	15
experts	are	13
experts	and	9
experts	believe	8
expiration	date	10
expiration	dates	3
expire	in	4
expired	items	4
expired	or	4
expired	food	3
expired	on	3
expires	on	11
expires	in	6
expires	at	4
expires	next	3
explain	it	275
explain	to	159
explain	the	136
explain	that	118
explain	this	109
explain	everything	79
explained	the	149
explained	to	89
explained	it	63
explained	everything	48
explained	that	47
explained	why	30
explaining	to	22
explaining	the	19
explaining	that	16
explaining	it	12
explaining	things	10
explaining	why	7
explains	the	18
explains	why	13
explains	that	11
explains	everything	6
explains	a	5
explains	things	5
explanation	for	69
explanation	is	40
explanation	of	26
explanation	was	23
explanation	about	11
explanation	and	8
explanations	are	6
explanations	for	6
explode	in	5
explode	with	5
exploded	in	19
exploded	with	15
exploded	and	9
exploded	on	7
exploded	at	5
exploded	over	5
exploding	stars	3
exploit	its	8
exploit	the	6
exploit	and	3
exploit	his	3
exploit	it	3
exploit	their	3
exploitation	of	13
exploitation	by	3
exploited	by	3
exploiting	the	3
exploration	of	14
exploration	and	7
exploration	agency	3
exploration	has	3
explore	the	103
explore	new	17
explore	that	13
explore	and	10
explore	an	7
explore	different	7
explored	the	81
explored	a	5
explored	every	4
explored	new	4
explored	abandoned	3
explored	different	3
explorers	began	3
explorers	made	3
exploring	the	47
exploring	new	8
exploring	different	4
exploring	mars	4
exploring	that	4
exploring	an	3
explosion	of	19
explosion	in	11
explosion	was	10
explosion	that	7
explosion	killed	6
explosion	occurred	6
explosions	in	6
explosions	and	4
explosive	diarrhea	7
explosive	device	3
explosive	growth	3
explosive	material	3
explosive	mixture	3
explosive	temper	3
export	more	12
export	of	12
export	its	7
export	to	6
export	oriented	4
export	markets	3
exports	to	14
exports	are	8
exports	have	6
exports	of	5
exports	and	4
exports	oil	4
expose	the	15
expose	them	7
expose	her	3
expose	his	3
expose	myself	3
exposed	to	91
exposed	the	9
exposed	his	8
exposed	mina	8
exposed	himself	7
exposed	her	5
exposing	the	9
exposure	to	44
express	my	66
express	myself	42
express	themselves	37
express	your	28
express	train	26
express	it	24
expressed	his	52
expressed	in	28
expressed	as	14
expressed	their	13
expressed	her	11
expressed	by	10
expresses	himself	8
expresses	the	8
expresses	herself	4
expresses	his	4
expresses	a	3
expresses	joy	3
expressing	my	9
expressing	his	7
expressing	yourself	6
expressing	the	5
expressing	their	4
expressing	your	4
expression	of	63
expression	is	29
expression	on	22
expression	in	14
expression	was	13
expression	for	8
expressions	of	8
expressions	in	7
expressions	and	5
expressions	that	5
expressions	are	4
expressions	to	3
expressive	eyes	3
expulsion	from	3
extend	the	19
extend	my	11
extend	our	9
extend	your	7
extend	a	6
extend	to	5
extended	his	17
extended	family	13
extended	a	10
extended	period	10
extended	to	8
extended	her	6
extending	his	4
extending	the	4
extending	from	3
extends	to	6
extends	from	5
extends	over	3
extends	up	3
extension	of	14
extension	cord	9
extension	lead	7
extension	in	3
extension	is	3
extension	school	3
extensive	damage	8
extensive	knowledge	5
extensive	experience	3
extensive	reforms	3
extensive	research	3
extent	of	30
extent	that	15
extent	to	7
extent	the	5
extent	do	4
extent	possible	4
extenuating	circumstances	3
exterior	of	7
exterminate	the	3
exterminated	by	3
extermination	camp	3
extermination	of	3
external	debt	7
external	hard	5
external	world	5
external	sources	4
external	appearance	3
external	threats	3
extinct	in	15
extinct	animals	4
extinct	by	4
extinct	a	3
extinct	species	3
extinction	of	13
extinction	and	4
extinction	is	4
extinction	event	3
extinguish	the	17
extinguished	the	10
extinguished	by	4
extra	money	24
extra	time	22
extra	for	14
extra	room	11
extra	careful	9
extra	large	9
extract	the	8
extract	from	4
extract	a	3
extract	to	3
extracted	from	16
extracted	the	5
extracted	a	3
extraction	is	4
extracurricular	activities	7
extraordinarily	difficult	3
extraordinarily	good	3
extraordinarily	handsome	3
extraordinary	grades	6
extraordinary	talent	5
extraordinary	case	4
extraordinary	life	4
extraordinary	woman	4
extraordinary	things	3
extraterrestrial	life	4
extraterrestrials	were	3
extraterrestrials	would	3
extravagant	lifestyle	5
extreme	weather	28
extreme	poverty	19
extreme	heat	12
extreme	temperatures	10
extreme	cold	9
extreme	measures	7
extremely	important	38
extremely	difficult	36
extremely	dangerous	31
extremely	aggressive	25
extremely	hard	24
extremely	busy	23
extremes	in	4
extremes	of	4
extremes	to	3
extremists	are	7
extremists	want	5
extremists	and	4
extremists	who	4
extremists	that	3
eye	on	209
eye	contact	78
eye	to	51
eye	for	46
eye	is	34
eye	out	34
eyebrows	are	4
eyed	beans	29
eyed	and	5
eyed	man	5
eyed	cat	3
eyed	look	3
eyed	monster	3
eyelid	is	3
eyes	and	267
eyes	are	178
eyes	were	160
eyes	of	104
eyes	closed	74
eyes	on	73
eyesight	is	11
eyesight	has	4
eyesight	in	4
eyesight	of	3
eyewitness	is	4
fa	ade	8
fable	of	5
fable	the	4
fabric	is	12
fabric	of	12
fabric	was	5
fabric	with	5
fabulous	day	6
fabulous	view	3
facade	of	4
face	of	211
face	was	171
face	to	138
face	the	134
face	and	110
face	with	103
facebook	account	41
facebook	page	36
facebook	and	20
facebook	is	19
facebook	profile	11
facebook	post	8
faced	with	62
faced	a	31
faced	the	23
faced	by	15
faced	worse	9
faced	an	8
faces	the	28
faces	at	20
faces	of	19
faces	and	10
faces	many	9
faces	south	9
facial	hair	9
facial	expressions	7
facial	features	7
facial	expression	6
facial	recognition	4
facial	structure	3
facilitate	the	5
facilitate	their	3
facilities	and	7
facilities	are	6
facilities	for	3
facilities	that	3
facility	is	7
facility	for	6
facility	in	6
facility	and	5
facility	on	3
facility	with	3
facing	the	59
facing	a	49
facing	many	13
facing	away	9
facing	an	8
facing	us	6
fact	that	390
fact	is	79
fact	i	75
fact	he	49
fact	the	29
fact	it	28
faction	of	6
factor	in	21
factor	of	10
factor	that	8
factor	for	7
factor	to	4
factories	are	8
factories	in	7
factories	and	6
factories	have	3
factories	on	3
factories	were	3
factors	that	10
factors	are	7
factors	for	7
factors	to	7
factors	in	6
factors	including	6
factory	is	25
factory	in	21
factory	was	16
factory	has	13
factory	produces	10
facts	are	36
facts	and	21
facts	about	13
facts	to	11
facts	in	8
facts	before	6
factual	information	3
faculty	of	9
faculty	for	7
faculty	to	4
fade	away	14
fade	in	4
fade	but	3
faded	away	24
faded	into	7
faded	and	4
faded	from	4
faded	out	4
faded	in	3
fades	away	7
fail	to	92
fail	the	32
fail	this	17
fail	in	14
fail	again	11
fail	me	10
failed	to	222
failed	the	116
failed	in	42
failed	his	27
failed	again	13
failed	because	13
failing	to	22
failing	the	8
failing	at	4
failing	grade	3
fails	to	43
fails	the	4
fails	us	3
failure	is	44
failure	to	29
failure	in	21
failure	of	20
failure	on	8
failure	was	8
failures	and	4
failures	are	4
failures	to	3
faint	of	5
faint	smile	5
faint	and	4
faint	hearted	4
faint	light	3
fainted	but	10
fainted	from	10
fainted	when	9
fainted	in	8
fainted	at	4
fainted	because	3
faintest	idea	17
fair	to	54
fair	and	42
fair	share	28
fair	at	10
fair	in	10
fair	with	10
fairest	of	3
fairies	are	3
fairly	well	63
fairly	certain	42
fairly	good	29
fairly	busy	9
fairly	large	9
fairly	sure	9
fairness	in	3
fairs	and	5
fairy	tale	64
fairy	tales	59
fairy	who	5
fairy	is	3
fairy	said	3
faith	in	202
faith	is	30
faith	and	21
faith	that	12
faith	of	8
faith	with	4
faithful	to	51
faithful	friend	5
faithful	animal	4
faithful	dog	4
faithful	servant	4
faithful	than	4
fake	news	46
fake	id	11
fake	account	8
fake	it	8
fake	name	8
fake	nails	5
faked	it	10
faked	his	9
faked	her	7
faked	an	5
faked	a	4
faking	it	10
faking	her	4
falcon	is	7
falcon	has	4
fall	asleep	234
fall	in	165
fall	into	93
fall	of	48
fall	down	47
fall	for	47
fallen	in	96
fallen	asleep	45
fallen	into	38
fallen	tree	24
fallen	off	22
fallen	leaves	20
falling	in	75
falling	asleep	70
falling	apart	41
falling	for	33
falling	into	30
falling	from	25
fallout	shelter	3
falls	on	55
falls	in	22
falls	into	13
falls	asleep	10
falls	to	10
falls	from	9
false	information	15
false	alarm	13
false	and	9
false	friends	9
false	rumors	9
false	sense	8
falsely	accused	8
falsely	convicted	3
falsified	by	3
falsified	his	3
fame	and	13
fame	is	11
fame	as	7
fame	he	4
fame	the	4
fame	was	4
famed	for	5
familiar	with	272
familiar	to	66
familiar	face	8
familiar	voice	8
familiar	but	5
familiar	faces	5
familiarity	with	3
families	and	22
families	in	22
families	are	21
families	of	15
families	live	14
families	have	12
family	is	256
family	and	132
family	to	112
family	in	110
family	was	90
family	has	77
famine	in	7
famine	was	6
famine	is	4
famine	the	3
famous	for	185
famous	as	26
famous	actor	25
famous	singer	24
famous	actress	21
famous	people	21
fan	of	194
fan	on	14
fan	is	13
fan	the	8
fan	fiction	4
fan	letters	4
fancied	that	7
fancied	she	3
fancies	himself	4
fancy	going	27
fancy	a	23
fancy	restaurant	18
fancy	to	13
fancy	that	9
fancy	for	7
fanny	pack	3
fans	of	18
fans	were	10
fans	with	10
fans	may	9
fans	waiting	9
fans	in	7
fantasies	with	6
fantasies	about	4
fantasize	about	6
fantasizing	about	9
fantastic	idea	8
fantastic	job	8
fantastic	if	7
fantastic	person	7
fantastic	view	4
fantastic	time	3
fantasy	and	9
fantasy	world	9
fantasy	is	8
fantasy	book	7
fantasy	genre	7
fantasy	football	6
far	from	685
far	as	506
far	away	456
far	is	135
far	more	121
far	too	97
faraway	place	4
faraway	planet	4
faraway	lands	3
fare	is	4
fare	thee	4
fare	to	4
fares	will	8
farewell	party	30
farewell	to	21
farewell	and	5
farewell	my	3
farid	and	25
farid	were	25
farid	to	21
farid	was	21
farid	in	13
farid	is	11
farm	in	56
farm	is	16
farm	to	13
farm	and	10
farm	was	10
farm	animals	8
farmer	in	9
farmer	who	9
farmer	was	7
farmer	and	6
farmer	is	5
farmer	like	5
farmers	are	23
farmers	in	21
farmers	and	10
farmers	have	8
farmers	market	8
farmers	need	7
farming	is	6
farming	practices	6
farming	and	4
farms	in	9
farms	are	7
farms	and	5
fart	in	9
fart	on	4
fart	and	3
farted	in	9
farted	again	3
farther	away	10
farther	from	9
farther	than	8
farther	on	6
farther	and	5
farther	into	5
farting	in	3
farts	in	4
fascinated	by	105
fascinated	with	19
fascinated	me	12
fascinated	and	3
fascinates	me	19
fascinates	you	3
fascinating	to	12
fascinating	city	9
fascinating	story	9
fascinating	and	7
fascinating	book	5
fascinating	language	5
fascination	with	9
fascism	is	12
fascist	dictatorship	5
fascist	leader	4
fascist	regime	4
fascist	has	3
fascist	minority	3
fascists	are	7
fascists	in	3
fashion	designer	19
fashion	is	12
fashion	and	10
fashion	in	7
fashion	sense	7
fashion	model	6
fashionable	to	6
fashionable	clothes	4
fashionable	at	3
fashionable	is	3
fashioned	way	7
fashioned	but	5
fashioned	a	4
fashioned	expression	4
fashioned	ideas	3
fashions	are	4
fashions	change	3
fast	as	358
fast	food	102
fast	asleep	45
fast	enough	41
fast	and	36
fast	for	30
fasten	your	48
fasten	the	6
fasten	his	5
fasten	their	5
fasten	my	3
fastened	her	6
fastened	the	6
fastened	his	4
fastened	their	3
fastened	with	3
faster	than	290
faster	and	26
faster	to	15
faster	if	14
faster	by	10
faster	on	10
fastest	growing	31
fastest	way	23
fastest	runner	15
fastest	in	12
fastest	of	7
fastest	train	5
fasting	during	7
fasting	and	3
fasting	mimicking	3
fasting	today	3
fat	and	42
fat	in	18
fat	as	16
fat	people	15
fat	man	13
fat	but	10
fatal	to	11
fatal	mistake	9
fatal	accident	5
fatal	disease	4
fatal	blow	3
fatal	day	3
fatalities	in	6
fatality	rate	3
fatally	shot	5
fatally	wounded	4
fate	of	38
fate	is	21
fate	has	13
fate	was	11
fate	and	9
fate	to	6
fated	to	4
fates	are	6
father	is	703
father	was	307
father	and	180
father	in	123
father	of	122
father	has	118
fathered	by	3
fathers	are	10
fathers	and	9
fathers	in	5
fathers	were	5
fathers	who	4
fathers	the	3
fathom	it	3
fatigue	and	8
fatigue	is	4
fatigue	in	3
fats	are	3
fatter	and	4
fatter	than	4
fatter	since	3
fatty	acids	11
fatty	foods	5
faucet	in	12
faucet	is	12
faucet	for	10
faucet	with	7
faucet	and	5
faucet	handle	4
fault	with	65
fault	that	38
fault	is	29
fault	of	14
fault	in	12
fault	for	10
faults	but	12
faults	he	5
faults	in	4
faults	on	4
faults	are	3
faults	by	3
fauna	and	4
fauna	of	3
favor	of	159
favor	and	30
favor	to	18
favor	with	16
favor	the	8
favor	by	5
favorable	for	5
favorable	answer	4
favorable	wind	3
favored	a	3
favored	by	3
favored	our	3
favorite	color	62
favorite	kind	51
favorite	thing	49
favorite	song	45
favorite	way	45
favorite	subject	40
favors	the	7
favour	of	34
favour	in	9
favour	to	8
favour	and	7
favour	please	4
favour	from	3
favourable	to	3
favoured	by	4
favoured	and	3
favourite	colour	34
favourite	subject	25
favourite	book	20
favourite	song	16
favourite	tv	15
favourite	food	14
favourites	are	3
fawn	at	4
fax	machine	5
fax	from	4
fax	this	4
fax	me	3
fax	number	3
fax	the	3
faxed	a	3
fbi	agent	13
fbi	agents	5
fbi	and	3
fbi	had	3
fbi	have	3
fbi	was	3
fear	of	247
fear	that	66
fear	the	59
fear	is	55
fear	and	48
fear	in	29
feared	the	22
feared	for	16
feared	that	15
feared	his	3
feared	public	3
feared	she	3
fearful	of	7
fearful	and	3
fearing	man	4
fearing	they	4
fearing	it	3
fearing	that	3
fearing	the	3
fearing	to	3
fears	the	15
fears	of	13
fears	that	11
fears	and	10
fears	are	9
fears	for	6
feasible	with	4
feast	on	13
feast	of	10
feast	for	8
feast	was	7
feast	all	5
feast	to	5
feat	of	3
feather	in	11
feather	collection	3
feathers	are	12
feathers	and	5
feats	of	4
feature	of	31
feature	in	7
feature	is	7
feature	on	7
feature	that	5
feature	a	3
featured	in	15
featured	on	8
featured	a	4
features	of	28
features	that	10
features	the	10
features	a	9
features	are	8
features	in	7
featuring	a	7
featuring	the	3
february	of	41
february	th	23
february	is	13
february	and	11
february	the	8
february	at	7
feces	on	4
fed	up	206
fed	the	120
fed	his	27
fed	my	11
fed	her	10
fed	by	9
federal	government	31
federal	reserve	11
federal	state	9
federal	law	8
federal	republic	8
federal	prison	6
federation	of	6
federation	is	3
fee	for	11
fee	is	8
fee	to	8
fee	of	4
fee	was	4
fee	but	3
feed	the	197
feed	my	71
feed	on	58
feed	your	41
feed	his	26
feed	him	18
feedback	on	9
feedback	from	6
feedback	is	6
feedback	and	5
feedback	to	5
feedback	about	4
feeder	for	4
feeder	with	4
feeding	the	28
feeding	my	18
feeding	on	14
feeding	his	7
feeding	pigeons	5
feeding	their	3
feeds	the	19
feeds	his	12
feeds	on	10
feeds	her	3
feeds	me	3
feeds	our	3
feel	like	1458
feel	the	268
feel	a	256
feel	better	229
feel	that	211
feel	very	210
feeling	that	184
feeling	well	98
feeling	a	96
feeling	of	89
feeling	better	75
feeling	very	64
feelings	for	151
feelings	of	70
feelings	and	34
feelings	are	34
feelings	to	21
feelings	towards	16
feels	like	208
feels	good	51
feels	a	40
feels	so	37
feels	that	25
feels	the	25
fees	are	11
fees	and	5
fees	to	3
feet	and	68
feet	are	56
feet	away	46
feet	in	39
feet	tall	37
feet	were	30
felix	was	183
felix	heard	35
felix	is	29
felix	saw	28
felix	had	27
fell	asleep	449
fell	in	362
fell	into	238
fell	off	186
fell	on	138
fell	down	137
fellow	is	11
fellow	he	7
fellow	human	7
fellow	in	7
fellow	americans	6
fellow	who	6
fellows	are	3
fellows	that	3
fellowship	of	5
fellowship	and	3
felt	like	548
felt	a	330
felt	the	219
felt	that	177
felt	so	174
felt	very	162
female	students	21
female	and	15
female	co	13
female	friends	13
female	giraffe	12
female	voice	8
females	are	4
females	to	3
feminine	in	7
feminine	name	4
feminine	or	4
feminine	women	4
femininity	is	4
feminism	is	6
femoral	artery	3
fence	tomorrow	20
fence	around	15
fence	and	12
fence	in	11
fence	is	11
fence	was	10
fences	make	3
fencing	champion	3
fend	for	24
fend	off	9
fender	bender	4
feng	shui	3
feral	cats	7
fermented	milk	3
ferrari	is	3
ferret	is	3
ferris	wheel	31
ferry	to	8
ferry	has	3
ferry	is	3
fertile	lands	5
fertile	land	4
fertile	soil	4
fertile	country	3
fertile	ground	3
fertile	imagination	3
fertility	and	6
fertility	clinic	3
fertility	goddess	3
fertility	rate	3
fertilizer	and	5
fertilizer	for	4
fertilizer	to	3
fester	in	3
festival	is	25
festival	of	19
festival	in	16
festival	was	14
festival	will	6
festival	the	4
festivals	in	6
festivals	and	5
festivals	are	3
festive	mood	3
festivities	were	3
fetal	position	5
fetch	the	15
fetch	me	14
fetch	it	10
fetch	some	9
fetch	a	6
fetch	with	6
fetched	a	7
fetched	but	6
fetched	the	5
fetus	is	6
feud	between	5
feudal	japan	3
fever	and	26
fever	is	13
fever	so	11
fever	has	10
fever	of	8
fever	medicine	5
few	days	564
few	minutes	409
few	years	296
few	people	285
few	months	200
few	more	196
fewer	than	33
fewer	people	21
fewer	and	20
fewer	mistakes	9
fewer	children	8
fewer	students	5
fi	franchise	11
fi	in	11
fi	is	9
fi	movies	8
fi	shows	8
fi	password	7
fiancee	is	9
fiber	of	8
fiber	optic	8
fiber	and	3
fibre	optic	4
fiction	is	12
fiction	novels	12
fiction	and	11
fiction	book	6
fiction	movies	6
fiction	or	6
fictional	character	6
fiddle	with	4
fiddling	with	8
fide	world	15
fidel	is	3
field	of	130
field	is	49
field	and	38
field	trip	31
field	in	25
field	with	20
fields	of	37
fields	and	36
fields	in	12
fields	are	11
fields	were	7
fields	with	6
fiend	of	3
fierce	battle	10
fierce	and	9
fierce	storm	3
fierce	temper	3
fiery	red	3
fifteen	minutes	102
fifteen	years	64
fifteen	or	10
fifteen	thousand	10
fifteen	dollars	9
fifteen	people	8
fifth	floor	28
fifth	of	25
fifth	avenue	16
fifth	day	9
fifth	grade	9
fifth	largest	9
fifty	years	77
fifty	dollars	23
fifty	thousand	21
fifty	fifty	14
fifty	five	14
fifty	people	14
fig	jam	86
fig	tree	36
fig	is	26
fig	trees	15
fig	and	6
fig	latex	5
fight	with	122
fight	for	114
fight	against	70
fight	the	45
fight	back	38
fight	to	35
fighter	jet	7
fighter	jets	6
fighter	planes	4
fighter	pilot	3
fighters	and	4
fighting	for	72
fighting	the	36
fighting	a	30
fighting	with	30
fighting	in	28
fighting	against	19
fights	with	10
fights	for	9
fights	and	4
fights	are	3
fights	at	3
fights	in	3
figment	of	8
figs	are	111
figs	in	22
figs	have	15
figs	and	11
figs	from	10
figs	contain	8
figure	out	531
figure	it	86
figure	this	47
figure	in	46
figure	of	37
figure	that	32
figured	out	126
figured	that	101
figured	it	64
figured	i	21
figured	you	20
figures	are	18
figures	of	15
figures	in	13
figures	from	7
figures	and	6
figures	that	6
figuring	out	13
figuring	this	4
figuring	it	3
file	a	29
file	is	18
file	for	11
file	in	7
file	to	7
file	i	6
filed	a	26
filed	for	25
filed	an	6
filed	against	3
filed	his	3
filed	the	3
files	on	12
files	in	8
files	from	6
files	and	5
files	are	5
files	to	4
filet	mignon	3
filing	for	10
filing	cabinet	3
filipino	friend	15
filipino	and	6
filipino	family	5
filipino	i	4
filipino	friends	3
filipino	from	3
fill	out	96
fill	in	70
fill	the	58
fill	up	46
fill	this	23
fill	it	18
filled	with	425
filled	the	175
filled	out	44
filled	up	35
filled	to	18
filled	in	16
filling	out	23
filling	in	22
filling	the	7
filling	up	7
filling	with	6
filling	station	4
fills	the	21
fills	me	19
fills	my	12
fills	up	4
film	is	85
film	was	68
film	in	33
film	a	26
film	director	20
film	the	19
filmed	a	26
filmed	the	25
filmed	in	14
filmed	that	12
filmed	this	9
filmed	his	5
filming	at	14
filming	a	10
filming	the	10
filming	another	3
filming	in	3
filming	this	3
films	are	16
films	and	8
films	that	8
films	in	7
films	is	4
films	on	4
filter	is	9
filter	for	4
filter	every	3
filter	in	3
filter	of	3
filtered	through	7
filthy	rich	26
filthy	hands	10
filthy	and	8
filthy	liar	4
filthy	mouth	3
final	exam	33
final	decision	25
final	exams	17
final	score	11
final	destination	10
final	fantasy	8
finalize	the	5
finalized	the	3
finally	found	95
finally	got	87
finally	came	54
finally	arrived	53
finally	made	44
finally	reached	43
finals	in	5
finance	minister	9
finance	ministers	5
finance	the	5
finance	a	3
financed	by	5
finances	are	10
finances	and	4
finances	have	3
financial	crisis	39
financial	problems	22
financial	aid	17
financial	support	14
financial	situation	13
financial	difficulties	10
financially	dependent	8
financially	independent	6
financially	secure	3
financing	for	3
find	a	1221
find	out	986
find	the	789
find	it	626
find	him	298
find	her	295
finders	keepers	6
finding	a	84
finding	the	44
finding	fault	35
finding	it	31
finding	out	31
finding	his	18
findings	of	9
findings	from	6
findings	suggest	6
findings	are	5
findings	have	5
findings	in	5
finds	out	62
finds	this	32
finds	it	31
finds	the	18
finds	a	16
finds	that	16
fine	with	57
fine	tomorrow	49
fine	now	47
fine	day	43
fine	but	28
fine	weather	24
fined	for	17
fined	if	13
fined	him	3
fined	yen	3
finely	chop	6
finely	chopped	3
finer	things	3
fines	for	4
finest	view	5
finger	on	38
finger	at	26
finger	with	24
finger	in	21
finger	and	19
finger	is	17
fingernail	clippers	3
fingerprints	on	16
fingerprints	were	7
fingerprints	are	5
fingerprints	left	3
fingers	are	27
fingers	crossed	27
fingers	and	24
fingers	on	21
fingers	were	15
fingers	in	12
finish	this	313
finish	the	286
finish	doing	134
finish	it	123
finish	your	105
finish	my	99
finished	the	219
finished	doing	154
finished	his	145
finished	reading	136
finished	my	104
finished	eating	75
finishes	at	5
finishes	the	5
finishes	her	4
finishes	his	4
finishing	the	22
finishing	up	16
finishing	touches	14
finishing	this	11
finishing	my	10
finishing	his	8
finland	is	16
finland	and	9
finland	has	5
finland	but	4
finland	they	3
finnish	is	14
finnish	and	10
finnish	but	9
finnish	language	5
finnish	in	4
finnish	looks	4
fins	are	3
fir	tree	22
fir	trees	5
fire	in	91
fire	and	85
fire	to	74
fire	broke	65
fire	is	63
fire	was	63
firearms	in	4
fired	if	49
fired	from	45
fired	a	42
fired	for	38
fired	the	21
fired	up	19
firefighters	are	12
firefighters	arrived	5
firefighters	had	5
firefighters	were	4
firefighters	have	3
firefighters	put	3
fireflies	and	5
firemen	were	4
fireplace	to	7
fireplace	in	6
fireplace	and	4
fireplace	was	3
fires	in	19
fires	are	11
fires	and	9
fires	have	4
fires	burning	3
fires	his	3
firewood	for	9
firewood	in	4
firewood	to	4
firework	display	6
firework	show	3
fireworks	display	7
fireworks	are	6
fireworks	were	6
fireworks	and	5
fireworks	on	5
fireworks	lit	4
firing	at	8
firing	of	5
firing	line	3
firing	on	3
firing	squad	3
firing	you	3
firm	in	21
firm	is	14
firm	has	13
firm	to	7
firm	handshake	5
firm	with	5
firmly	believe	12
firmly	in	8
firmly	to	6
firmly	believes	5
firmly	on	4
firmly	refused	3
firms	are	8
firms	in	4
first	time	1649
first	thing	232
first	i	165
first	of	156
first	day	154
first	place	145
firstborn	of	12
firstborn	in	6
firstborn	child	5
firstly	i	7
fiscal	year	7
fiscal	policy	5
fish	in	134
fish	and	105
fish	is	89
fish	are	46
fish	for	42
fish	to	30
fished	in	6
fished	out	6
fished	the	3
fisherman	caught	6
fisherman	who	3
fishermen	and	4
fishermen	are	3
fishermen	have	3
fishes	in	5
fishes	of	3
fishing	with	60
fishing	in	45
fishing	by	29
fishing	boat	28
fishing	is	23
fishing	trip	19
fishy	about	4
fishy	going	4
fishy	is	3
fishy	to	3
fist	on	9
fist	and	4
fist	at	3
fists	on	7
fists	in	4
fit	in	134
fit	me	54
fit	for	51
fit	into	48
fit	you	46
fit	to	42
fitness	and	4
fitness	center	3
fitness	for	3
fitness	goals	3
fitness	instructor	3
fits	you	21
fits	me	18
fits	in	11
fits	of	10
fits	perfectly	10
fits	the	7
fitted	with	10
fitted	her	3
fitted	into	3
fitted	the	3
fitted	to	3
fitting	room	17
fitting	for	5
fitting	rooms	4
fitting	clothes	3
fitting	in	3
five	years	465
five	minutes	370
five	days	113
five	times	95
five	hundred	90
fives	and	3
fix	the	278
fix	it	221
fix	this	184
fix	that	126
fix	my	58
fix	his	51
fixated	on	16
fixed	the	151
fixed	it	38
fixed	on	21
fixed	his	19
fixed	my	15
fixed	up	12
fixes	the	5
fixes	everything	3
fixing	the	60
fixing	it	16
fixing	computers	15
fixing	his	14
fixing	a	8
fixing	up	6
fixture	at	3
fizzy	drink	3
fizzy	drinks	3
flag	is	78
flag	of	45
flag	was	18
flag	in	16
flag	has	12
flag	for	9
flagged	down	3
flags	are	8
flags	of	8
flags	were	7
flags	on	3
flags	to	3
flakes	and	3
flakes	in	3
flakes	of	3
flame	of	14
flame	and	10
flame	that	8
flame	is	6
flame	when	3
flames	of	18
flames	and	10
flames	from	6
flames	in	5
flames	are	4
flames	with	3
flamingo	is	4
flank	the	3
flannel	shirt	7
flap	their	5
flapping	its	3
flapping	their	3
flare	up	3
flash	of	22
flash	drive	19
flash	and	4
flash	cards	4
flash	flood	4
flash	floods	4
flashed	his	13
flashed	her	7
flashed	a	6
flashed	across	4
flashed	through	4
flashed	with	3
flashes	of	12
flashes	and	3
flashing	lights	8
flashing	its	4
flashlight	and	20
flashlight	to	19
flashlight	in	15
flashlight	on	15
flashlight	into	11
flashlight	is	6
flashlights	in	3
flashlights	on	3
flask	of	7
flat	tire	60
flat	is	42
flat	on	24
flat	in	23
flat	tyre	22
flat	and	16
flatmate	is	6
flats	are	3
flatten	the	6
flattened	his	3
flattened	the	3
flatter	me	8
flatter	him	4
flattered	by	4
flattered	the	3
flattery	is	3
flavor	of	23
flavor	to	13
flavor	is	9
flavor	and	6
flavored	chocolate	3
flavored	with	3
flavors	and	6
flavors	of	6
flavour	of	7
flavour	is	5
flaw	in	10
flawed	human	3
flawless	and	3
flaws	in	8
flaws	and	4
flaws	that	3
flea	market	22
flea	markets	5
flea	can	4
flea	collar	4
fled	to	43
fled	the	41
fled	from	18
fled	and	9
fled	algeria	7
fled	in	7
flee	from	20
flee	the	20
flee	to	6
flee	their	4
flee	algeria	3
fleeing	from	7
fleeing	the	3
fleeing	their	3
fleeing	to	3
fleet	of	12
fleet	and	3
fleet	the	3
fleet	was	3
fleeting	and	4
fleeting	love	4
flemish	and	3
flemish	sign	3
flesh	and	32
flesh	of	15
flesh	is	7
flesh	out	4
flesh	from	3
flesh	to	3
flew	to	58
flew	away	40
flew	into	38
flew	over	30
flew	in	29
flew	by	27
flexibility	is	4
flexibility	and	3
flexible	and	8
flexible	enough	4
flexible	work	4
flexible	as	3
flexible	in	3
flexible	schedule	3
flick	of	3
flick	on	3
flicker	of	5
flickering	flames	5
flickering	flame	3
flier	for	3
flies	with	15
flies	are	11
flies	and	10
flies	through	8
flies	to	8
flies	like	7
flight	to	61
flight	was	51
flight	is	29
flight	attendant	26
flight	from	25
flight	of	24
flights	to	23
flights	of	14
flights	were	11
flights	are	10
flights	from	10
flights	in	6
fling	with	4
flint	and	3
flint	to	3
flip	the	11
flip	a	6
flip	over	6
flip	books	4
flip	side	4
flipped	the	20
flipped	through	10
flipped	on	8
flipped	over	6
flipped	out	5
flipped	him	3
flipping	through	5
flirt	with	20
flirted	with	22
flirting	with	72
flirty	with	5
float	in	13
float	on	12
float	your	4
float	and	3
float	away	3
floated	on	8
floated	down	6
floated	in	6
floated	to	5
floated	over	4
floated	off	3
floating	in	41
floating	around	9
floating	on	9
floating	bridge	4
floating	above	3
floating	ice	3
floats	on	8
floats	your	5
floats	in	4
flock	of	45
flock	to	17
flock	and	4
flocks	and	11
flocks	of	11
flocks	to	6
flocks	for	3
flood	of	12
flood	caused	5
flood	is	5
flood	did	4
flood	victims	4
flood	was	4
flooded	the	26
flooded	with	25
flooded	in	4
flooded	after	3
flooded	and	3
flooded	by	3
flooding	in	10
flooding	the	6
flooding	back	4
flooding	of	4
flooding	as	3
flooding	by	3
floods	and	8
floods	in	7
floods	are	4
floor	is	85
floor	of	75
floor	and	62
floor	in	27
floor	was	26
floor	with	17
floorboards	in	3
floored	it	5
floored	the	4
floored	by	3
floored	his	3
floors	and	10
floors	are	9
floors	of	6
floors	in	5
floors	were	5
floors	up	4
floppy	disk	4
floppy	disks	4
floppy	drive	3
flora	and	13
flora	of	3
floral	arrangement	3
florence	is	5
florence	was	5
florence	in	3
florence	on	3
florida	is	8
florida	and	3
florida	for	3
florida	to	3
floss	is	3
floss	my	3
flour	and	29
flour	is	13
flour	with	11
flour	on	6
flour	in	5
flour	to	5
flourish	in	3
flourished	in	7
flow	of	57
flow	and	9
flow	to	9
flow	into	7
flow	is	7
flow	through	5
flowed	under	5
flowed	down	4
flowed	through	4
flowed	from	3
flower	is	101
flower	in	34
flower	shop	25
flower	of	20
flower	to	17
flower	on	13
flowering	plants	6
flowering	cactus	3
flowering	season	3
flowers	in	134
flowers	are	113
flowers	and	73
flowers	to	56
flowers	for	52
flowers	on	31
flowing	from	9
flowing	through	6
flowing	water	6
flowing	in	5
flowing	into	5
flowing	hair	3
flown	in	13
flown	to	11
flown	a	10
flown	by	4
flown	out	3
flown	the	3
flows	through	40
flows	into	24
flows	in	10
flows	like	7
flows	and	4
flows	between	4
flu	shot	12
flu	like	8
flu	and	6
flu	vaccine	6
flu	virus	6
flu	season	4
fluent	in	239
fluent	french	17
fluent	english	14
fluent	german	10
fluent	speaker	3
fluff	up	4
fluffy	and	7
fluffy	towels	3
fluid	and	7
fluid	in	5
fluid	is	3
fluid	mechanics	3
flung	open	6
flung	herself	5
flung	a	4
flung	her	3
flung	his	3
flung	the	3
fluorescent	light	3
fluorescent	lights	3
fluorescent	tubes	3
flush	the	33
flush	of	6
flush	after	5
flushed	the	10
flushed	with	10
flushed	and	3
flushed	his	3
flute	and	7
flute	in	3
flute	is	3
flute	solo	3
flute	the	3
flutter	in	4
fluttering	in	5
fly	to	94
fly	in	48
fly	away	29
fly	a	27
fly	by	23
fly	is	21
flying	to	52
flying	in	47
flying	over	30
flying	above	23
flying	around	21
flying	saucer	16
foaming	at	4
focal	point	7
focus	on	297
focus	more	10
focus	of	10
focus	your	8
focus	is	7
focus	and	6
focused	on	175
focused	his	6
focused	and	4
focuses	on	43
focusing	on	56
fodder	for	5
foes	but	4
foes	the	3
fog	is	19
fog	was	12
fog	lights	10
fog	and	9
fog	in	6
fog	made	6
foggy	today	3
fold	the	33
fold	it	10
fold	your	8
fold	up	6
fold	these	5
fold	this	4
folded	the	31
folded	his	11
folded	her	9
folded	up	8
folded	my	7
folded	their	4
folder	did	3
folder	is	3
folding	his	7
folding	the	5
folding	my	4
folding	chairs	3
folding	paper	3
folding	them	3
folds	of	5
foliage	of	5
folk	songs	17
folk	song	16
folk	music	12
folk	dance	4
folk	and	3
folk	dances	3
folklore	and	3
folklore	is	3
folks	are	6
folks	in	4
folks	have	3
folks	like	3
folks	must	3
follow	the	292
follow	me	104
follow	him	81
follow	your	78
follow	my	72
follow	you	69
followed	the	170
followed	by	89
followed	him	50
followed	me	44
followed	his	34
follower	of	9
followers	on	24
followers	of	8
followers	and	3
followers	to	3
following	the	91
following	me	78
following	day	61
following	him	56
following	a	38
following	us	38
follows	the	45
follows	me	20
follows	a	12
follows	from	11
follows	that	11
follows	layla	8
folly	to	6
folly	is	4
fond	of	234
fond	memories	11
fondly	and	3
fondness	for	9
font	is	9
food	is	295
food	and	277
food	for	197
food	in	165
food	to	117
food	was	99
foods	you	18
foods	are	16
foods	and	14
foods	that	12
foods	like	8
foods	in	6
fool	of	86
fool	me	44
fool	to	29
fool	you	19
fool	and	16
fool	than	13
fooled	by	20
fooled	again	12
fooled	me	11
fooled	him	8
fooled	them	8
fooled	her	7
fooling	around	26
fooling	anybody	8
fooling	yourself	8
fooling	anyone	5
fooling	ourselves	4
foolish	to	48
foolish	of	20
foolish	thing	15
foolish	as	12
foolish	enough	9
foolish	mistake	9
fools	of	12
fools	and	9
fools	are	4
fools	in	3
foot	of	87
foot	in	49
foot	on	49
foot	is	26
foot	to	18
foot	and	16
footage	of	16
footage	to	5
footage	from	4
football	is	60
football	team	55
football	player	48
football	game	41
football	match	35
football	players	26
footballer	is	4
foothills	of	10
foothold	in	4
footing	and	4
footing	the	4
footing	with	3
footprint	is	5
footprint	of	3
footprints	in	28
footprints	on	13
footprints	of	8
footprints	were	5
footprints	led	3
footsteps	in	20
footsteps	behind	17
footsteps	coming	17
footsteps	of	13
footsteps	approaching	12
footsteps	outside	12
footwear	is	4
for	the	10400
for	a	9665
for	you	4828
for	me	4471
for	her	2180
for	his	1841
forbade	me	5
forbade	amanda	3
forbade	him	3
forbade	his	3
forbid	you	22
forbid	that	4
forbid	any	3
forbid	the	3
forbidden	to	55
forbidden	in	28
forbidden	fruit	10
forbidden	from	7
forbidden	by	6
forbidden	here	6
forbids	eating	3
forbids	me	3
forbids	the	3
force	you	54
force	of	50
force	me	32
force	the	24
force	to	24
force	is	21
forced	to	365
forced	me	34
forced	him	26
forced	into	26
forced	the	26
forces	of	28
forces	are	21
forces	were	13
forces	to	12
forces	in	10
forces	you	10
forcibly	removed	3
forcing	you	26
forcing	me	7
forcing	it	6
forcing	them	6
forcing	thousands	4
forcing	the	3
ford	focus	19
ford	is	7
ford	was	5
forearm	and	3
forecast	for	24
forecast	says	19
forecast	is	12
forecast	said	8
forecast	the	8
forecast	it	6
forefront	of	8
forehead	and	11
forehead	with	9
forehead	is	7
forehead	against	4
forehead	was	3
foreign	language	324
foreign	languages	169
foreign	country	52
foreign	investors	41
foreign	investment	40
foreign	students	40
foreigner	and	9
foreigner	i	5
foreigner	in	5
foreigner	who	5
foreigner	speaks	4
foreigner	spoke	3
foreigners	in	12
foreigners	are	10
foreigners	to	10
foreigners	come	5
foreigners	is	5
foreigners	visit	4
foremost	the	3
forensic	pathologist	4
forensics	team	3
foresee	everything	5
foresee	the	5
foresee	this	3
foresee	what	3
foreseen	this	10
foreseen	that	4
foreseen	it	3
forest	is	62
forest	was	45
forest	and	36
forest	fire	23
forest	fires	22
forest	to	21
forests	and	28
forests	are	16
forests	of	16
forests	in	13
forests	is	5
forests	cover	4
foretold	by	3
forever	to	26
forever	and	18
forever	in	17
forever	be	9
forever	remain	6
forever	but	5
forgave	him	13
forgave	her	10
forgave	me	9
forgave	you	9
forgave	mina	8
forge	a	5
forge	ahead	3
forged	her	6
forged	his	6
forged	a	5
forged	the	5
forged	an	3
forgery	to	3
forget	to	736
forget	that	209
forget	the	182
forget	about	173
forget	it	161
forget	your	128
forgetful	of	4
forgetful	which	4
forgetful	as	3
forgets	to	20
forgets	his	5
forgets	the	5
forgets	what	4
forgets	everything	3
forgets	things	3
forgetting	to	20
forgetting	something	15
forgetting	things	10
forgetting	about	9
forgetting	that	8
forgetting	her	6
forgive	me	199
forgive	you	103
forgive	him	73
forgive	us	37
forgive	her	35
forgive	them	24
forgiven	him	14
forgiven	for	9
forgiven	you	9
forgiven	her	8
forgiven	me	7
forgiven	if	5
forgiveness	is	6
forgiveness	for	5
forgiveness	than	4
forgiveness	from	3
forgives	her	6
forgives	you	3
forgot	to	737
forgot	my	138
forgot	the	96
forgot	about	89
forgot	his	75
forgot	what	52
forgotten	to	65
forgotten	what	51
forgotten	how	46
forgotten	about	40
forgotten	your	39
forgotten	the	36
fork	is	18
fork	and	10
fork	in	6
fork	fell	4
fork	of	4
fork	users	4
forks	and	9
forks	do	4
forks	are	3
forks	for	3
forks	on	3
form	of	385
form	a	83
form	the	39
form	and	24
form	in	22
form	is	14
formal	complaint	8
formal	attire	4
formal	speech	4
formal	agreement	3
formal	instruction	3
formal	visit	3
formally	introduced	5
formally	charged	3
formally	studied	3
format	is	4
format	my	4
format	and	3
format	this	3
formation	of	34
formation	and	5
formation	in	5
formation	to	3
formed	a	64
formed	by	32
formed	in	27
formed	the	13
formed	an	11
formed	of	8
former	president	28
former	self	11
former	is	9
former	soviet	9
former	employer	8
former	teacher	6
formerly	a	5
formerly	known	3
formerly	this	3
formidable	opponent	5
forming	a	11
forming	an	5
forming	the	4
forming	on	3
forms	of	119
forms	a	17
forms	the	14
forms	are	9
forms	in	9
forms	and	7
formula	for	8
formula	is	8
formula	in	3
formula	one	3
fornication	is	3
forsake	his	3
forsake	you	3
forsaken	me	4
fort	worth	6
fort	in	3
forth	in	27
forth	to	21
forth	the	18
forth	from	17
forth	out	15
forth	a	14
fortnight	ago	7
fortnight	in	3
fortress	was	5
fortress	of	4
fortress	there	4
fortress	on	3
forts	in	3
fortunate	to	36
fortunate	that	27
fortunate	enough	8
fortunate	than	7
fortunate	in	4
fortunate	for	3
fortunately	the	22
fortunately	i	19
fortunately	he	12
fortunately	no	10
fortunately	there	8
fortunately	they	7
fortune	to	35
fortune	in	24
fortune	teller	22
fortune	and	13
fortune	has	12
fortune	is	11
fortunes	of	6
fortunes	in	3
forty	years	137
forty	minutes	74
forty	thousand	34
forty	million	31
forty	five	30
forty	feet	24
forum	is	10
forum	was	4
forum	for	3
forum	has	3
forward	to	619
forward	and	39
forward	in	24
forward	with	17
forward	a	15
forward	for	13
forwarded	the	4
forwards	and	4
forwards	to	3
fossil	fuels	44
fossil	fuel	17
fossil	is	6
fossil	energy	3
fossil	of	3
fossil	was	3
fossils	are	10
fossils	of	5
fossils	in	4
fossils	from	3
fossils	is	3
foster	care	13
foster	home	11
foster	parents	9
foster	a	7
foster	homes	5
foster	mother	4
fought	for	51
fought	a	34
fought	with	33
fought	in	31
fought	back	29
fought	the	24
foul	play	14
foul	odor	11
foul	smell	7
foul	language	5
foul	mood	4
foul	mouth	4
found	a	1228
found	the	761
found	out	582
found	in	407
found	it	407
found	that	400
foundation	of	67
foundation	for	18
foundation	in	6
foundation	the	5
foundation	is	4
foundation	which	4
foundations	of	7
founded	in	55
founded	on	30
founded	the	20
founded	by	18
founded	a	17
founded	this	7
founder	of	39
founder	and	6
founders	of	4
founders	is	3
founding	fathers	10
founding	of	6
founding	member	4
founding	members	3
fountain	pen	32
fountain	is	19
fountain	of	15
fountain	in	14
fountain	and	3
fountain	pens	3
fountains	of	4
fountains	on	4
fountains	that	4
four	years	387
four	days	153
four	months	130
four	hours	124
four	times	115
four	hundred	81
fourteen	years	66
fourteen	year	11
fourteen	and	10
fourteen	feet	10
fourteen	days	8
fourteen	months	7
fourth	floor	46
fourth	of	26
fourth	grade	21
fourth	day	19
fourth	time	14
fourth	largest	9
fowl	according	3
fowl	and	3
fox	and	16
fox	is	15
fox	news	14
fox	had	5
fox	was	5
fox	to	4
foxes	are	13
foxes	and	5
foxes	around	5
foxes	eat	4
foxes	live	4
foxes	have	3
fr	ric	6
fraction	of	28
fractions	of	4
fractions	are	3
fractured	his	6
fractured	my	6
fractured	a	3
fractured	her	3
fragile	and	11
fragile	for	3
fragile	marine	3
fragile	so	3
fragile	sticker	3
fragment	of	9
fragments	of	18
fragrance	of	11
fragrant	with	3
frame	of	20
frame	is	7
frame	and	5
frame	for	5
frame	this	4
frame	made	3
framed	the	7
framed	by	5
framework	of	12
franc	is	5
france	is	92
france	and	50
france	in	38
france	to	25
france	for	22
france	was	17
franchise	of	7
franchise	is	5
franchise	and	3
franchise	the	3
francis	has	6
francis	said	5
francis	will	4
francis	urged	3
francisco	is	8
francisco	california	5
francisco	and	3
francisco	for	3
francisco	in	3
francisco	to	3
frank	with	16
frank	and	11
frank	lloyd	7
frank	opinion	7
frank	in	6
frank	i	5
franklin	was	6
franklin	roosevelt	5
frankly	speaking	34
frankly	i	23
frantically	to	4
frantically	started	3
fraser	fir	3
fraternity	is	4
fraud	and	8
fraud	is	4
fraud	on	3
fraud	or	3
fraud	scheme	3
fraught	with	8
freak	out	31
freak	show	5
freak	shows	3
freaked	out	119
freaked	me	9
freaked	her	3
freaking	out	42
freaking	me	4
freaks	me	3
fred	is	6
fred	was	4
fred	and	3
free	to	296
free	time	269
free	of	123
free	from	111
free	and	72
free	for	50
freed	from	12
freed	the	11
freed	himself	6
freed	her	3
freed	me	3
freed	myself	3
freedom	of	151
freedom	is	71
freedom	and	57
freedom	to	55
freedom	in	28
freedom	for	18
freedoms	are	3
freedoms	set	3
freelance	journalist	3
freelance	translator	3
freely	and	15
freely	in	15
freely	around	5
freely	available	4
freely	here	3
freely	without	3
freeze	to	13
freeze	in	6
freeze	it	5
freeze	over	5
freeze	the	4
freeze	tonight	4
freezer	door	8
freezer	in	5
freezer	to	4
freezes	at	11
freezes	over	6
freezes	and	3
freezes	it	3
freezing	cold	28
freezing	temperatures	9
freezing	to	9
freezing	water	9
freezing	in	8
freezing	out	8
freight	train	10
freight	cars	3
freight	only	3
french	is	336
french	and	162
french	teacher	152
french	in	149
french	to	107
frenzy	of	4
frequencies	and	3
frequency	of	15
frequency	and	3
frequent	in	6
frequent	and	5
frequent	letter	4
frequent	than	4
frequent	absence	3
frequent	earthquakes	3
frequently	used	13
frequently	in	10
frequently	asked	6
frequently	do	5
frequently	at	4
frequently	have	4
fresh	air	176
fresh	water	64
fresh	start	40
fresh	fruit	33
fresh	and	32
fresh	from	31
freshen	up	15
fresher	than	3
freshly	baked	33
freshly	fallen	6
freshly	made	6
freshly	painted	6
freshly	cut	5
freshly	squeezed	5
freshman	year	7
freshman	in	6
freshman	at	3
freshness	of	8
freshwater	fish	13
freshwater	lake	6
freshwater	and	3
fret	about	3
freud	was	5
freudian	slip	5
friction	between	11
friday	night	33
friday	the	28
friday	prayer	19
friday	at	17
friday	to	17
friday	evening	15
fridays	i	4
fridge	is	30
fridge	door	9
fridge	and	8
fridge	was	8
fridge	to	7
fridge	for	6
fried	chicken	22
fried	food	15
fried	eggs	13
fried	rice	12
fried	fish	10
fried	the	10
friedrich	nietzsche	3
friend	of	376
friend	is	237
friend	who	124
friend	in	122
friend	to	95
friend	and	80
friendly	to	40
friendly	and	30
friendly	with	22
friendly	person	14
friendly	people	11
friendly	relations	10
friends	with	304
friends	in	230
friends	are	229
friends	and	184
friends	to	143
friends	who	129
friendship	is	87
friendship	with	26
friendship	and	13
friendship	was	11
friendship	between	8
friendship	has	8
friendships	at	9
friendships	are	8
friendships	with	6
fries	and	12
fries	with	12
fries	are	7
fries	please	4
fries	the	3
fries	without	3
fright	of	4
fright	and	3
frighten	me	11
frighten	you	10
frighten	the	6
frightened	of	23
frightened	by	15
frightened	the	15
frightened	me	14
frightened	at	12
frightened	to	12
frightening	experience	7
frightening	as	3
frightens	me	8
frigid	liquid	3
frigid	temperatures	3
fringe	of	3
fro	in	6
frog	in	17
frog	is	7
frog	legs	7
frog	that	5
frog	and	4
frogs	are	13
frogs	and	12
frogs	have	9
frogs	croaking	7
frogs	in	6
frogs	eat	4
from	the	8067
from	a	1694
from	his	1096
from	here	882
from	her	842
from	my	640
front	of	1770
front	door	243
front	yard	37
front	desk	36
front	row	29
front	gate	21
frontal	lobe	4
frost	on	11
frost	and	9
frost	is	6
frost	this	5
frost	in	4
frost	has	3
frosted	the	4
frosty	air	6
froze	in	34
froze	to	18
froze	over	11
froze	the	10
froze	up	10
froze	instantly	9
frozen	in	38
frozen	over	15
frozen	to	11
frozen	solid	9
frozen	food	8
frozen	and	7
fruit	is	80
fruit	and	70
fruit	of	45
fruit	juice	32
fruit	trees	22
fruit	do	21
fruitful	and	4
fruitful	in	3
fruits	and	52
fruits	of	37
fruits	are	25
fruits	have	11
fruits	in	9
fruits	taste	8
frustrated	with	20
frustrated	by	11
frustrated	and	6
frustrated	at	4
frustrated	i	3
frustrated	in	3
frustrating	to	11
frustrating	and	4
frustration	and	3
frustration	or	3
frustration	with	3
fry	the	11
fry	an	9
fry	them	8
fry	a	5
fry	you	5
fry	up	4
frying	pan	40
frying	the	4
frying	some	3
fu	master	3
fuck	your	58
fuck	you	47
fuck	off	30
fuck	is	29
fuck	the	22
fuck	up	20
fucked	up	57
fucked	your	8
fucked	my	7
fucked	me	6
fucked	his	4
fucked	layla	4
fucking	with	11
fucking	pissed	8
fucking	around	7
fucking	stupid	6
fucking	cunt	5
fucking	hell	5
fucks	to	3
fuel	to	20
fuel	the	12
fuel	and	10
fuel	tank	10
fuel	in	7
fuel	economy	6
fueled	by	6
fuels	are	6
fuels	the	4
fuels	and	3
fuels	my	3
fuels	such	3
fuji	is	35
fuji	from	13
fuji	in	5
fuji	last	5
fuji	could	4
fuji	three	4
fulfil	the	6
fulfil	his	4
fulfil	your	4
fulfill	your	19
fulfill	my	18
fulfill	his	12
fulfill	the	9
fulfill	our	7
fulfill	a	6
fulfilled	his	10
fulfilled	and	4
fulfilled	by	4
fulfilled	her	3
fulfilled	my	3
fulfilled	your	3
fulfilling	life	8
fulfilling	his	5
fulfilling	the	5
fulfilling	prophecy	4
fulfilling	their	3
fulfillment	in	5
fulfillment	of	3
full	of	1321
full	time	95
full	moon	75
full	stop	46
full	name	45
full	speed	42
fullest	extent	5
fullness	of	3
fully	understand	37
fully	recovered	21
fully	aware	19
fully	booked	14
fully	grown	8
fully	agree	7
fumes	from	5
fumes	of	4
fun	of	390
fun	to	247
fun	in	70
fun	at	68
fun	doing	59
fun	than	59
function	of	36
function	is	23
function	in	9
function	as	7
function	has	6
function	properly	4
functional	teams	3
functioning	as	3
functioning	of	3
functions	in	9
functions	of	9
functions	as	8
functions	that	4
fund	for	8
fund	has	6
fund	the	6
fund	to	6
fund	was	5
fund	in	4
fundamental	to	13
fundamental	rights	9
fundamental	human	8
fundamental	question	6
fundamental	difference	4
fundamental	issue	4
fundamentally	flawed	7
fundamentals	of	7
funded	by	8
funded	from	3
funding	for	11
funding	to	6
funding	the	5
funds	for	13
funds	to	11
funds	are	8
funds	from	4
funds	in	3
funds	when	3
funeral	was	12
funeral	home	10
funeral	is	8
funeral	today	6
funeral	in	5
funeral	service	4
fungi	and	4
fungi	are	3
fungus	is	5
fungus	that	4
fungus	and	3
funnel	web	5
funnel	cake	3
funnier	than	5
funniest	thing	12
funniest	person	4
funniest	joke	3
funniest	jokes	3
funniest	movie	3
funniest	movies	3
funny	at	28
funny	stories	23
funny	story	23
funny	and	19
funny	that	17
funny	thing	17
fur	coat	21
fur	is	9
fur	was	9
fur	and	7
fur	coats	6
fur	of	5
furious	with	32
furious	at	8
furious	when	7
furious	and	6
furious	that	4
furnish	a	5
furnished	the	8
furnished	flat	6
furnished	with	6
furnished	in	3
furnished	or	3
furniture	in	62
furniture	is	26
furniture	was	12
furniture	for	9
furniture	to	8
furniture	and	7
furry	but	3
furs	and	3
further	away	26
further	than	23
further	notice	22
further	down	21
further	into	20
further	to	18
furthermore	i	6
furthermore	it	3
furthermore	the	3
furthest	from	4
fury	of	7
fury	and	4
fuse	box	4
fuse	has	3
fusion	of	7
fuss	about	22
fuss	over	11
fuss	is	8
fuss	for	4
fussy	eater	11
fussy	about	5
fussy	as	4
futile	to	5
futon	was	4
future	is	105
future	of	102
future	and	32
future	generations	32
future	will	31
future	in	25
fuzzy	logic	4
fuzzy	patches	3
fyodor	was	130
fyodor	is	41
fyodor	and	39
fyodor	went	35
fyodor	has	25
ga	ga	3
gabriel	was	164
gabriel	waved	35
gabriel	is	32
gabriel	and	27
gabriel	got	26
gabriel	found	24
gadget	is	3
gaelic	football	3
gag	gift	4
gag	reflex	3
gain	weight	38
gain	from	14
gain	the	14
gain	a	10
gain	access	9
gain	his	8
gained	a	45
gained	weight	37
gained	its	18
gained	independence	15
gained	the	14
gained	power	11
gaining	weight	21
gaining	popularity	7
gaining	a	6
gaining	ground	6
gaining	strength	6
gaining	on	5
gains	the	6
gains	five	4
gains	ten	4
gains	minutes	3
gains	one	3
gains	weight	3
gait	of	4
gait	and	3
gait	is	3
galactic	center	3
galactic	society	3
galapagos	islands	10
galaxies	in	11
galaxies	are	7
galaxies	and	5
galaxies	like	3
galaxy	is	18
galaxy	and	5
galaxy	in	5
galaxy	of	4
galaxy	that	3
galaxy	was	3
gale	outside	5
gale	force	3
galileo	was	10
galileo	and	4
gall	bladder	3
galleries	in	3
gallery	of	3
gallery	was	3
gallon	of	12
gallons	of	17
gamble	at	4
gamble	paid	4
gamble	anymore	3
gamble	with	3
gambled	away	7
gambled	and	3
gambler	all	3
gambling	is	9
gambling	debts	7
gambling	addiction	3
gambling	at	3
gambling	brought	3
game	of	188
game	is	147
game	was	135
game	on	58
game	to	44
game	will	40
games	on	45
games	in	40
games	with	38
games	are	32
games	and	21
games	do	17
gaming	console	5
gaming	disorder	3
gaming	moments	3
gaming	pc	3
gamma	ray	11
gamma	rays	6
gandhi	is	3
gandhi	was	3
gang	of	12
gang	member	9
gang	members	9
gang	up	6
gang	leader	3
gang	was	3
gap	between	33
gap	in	21
gap	year	5
gap	and	4
gap	is	4
gaps	in	8
gaps	between	3
garage	door	35
garage	is	20
garage	to	12
garage	was	11
garage	into	10
garage	for	9
garbage	disposal	34
garbage	can	22
garbage	dump	16
garbage	bag	15
garbage	truck	13
garbage	out	12
garden	is	111
garden	and	56
garden	was	35
garden	in	33
garden	of	23
garden	party	21
gardener	was	6
gardener	who	4
gardener	had	3
gardener	planted	3
gardening	is	9
gardening	gloves	4
gardening	tools	3
gardens	in	12
gardens	and	8
gardens	are	8
gardens	of	8
gardens	were	4
garland	of	5
garlic	and	22
garlic	powder	21
garlic	in	11
garlic	bread	8
garlic	is	8
garlic	sauce	5
garment	in	4
garment	industry	4
garment	which	3
garments	of	6
garments	and	5
garments	he	4
garments	are	3
garnish	or	3
garter	snakes	7
gary	the	5
gas	station	158
gas	is	35
gas	to	34
gas	and	30
gas	emissions	30
gas	in	22
gases	in	10
gases	and	4
gases	are	4
gases	into	3
gases	that	3
gash	on	3
gasoline	is	18
gasoline	in	7
gasoline	prices	7
gasoline	on	5
gasoline	station	4
gasp	of	3
gasping	for	14
gate	is	37
gate	was	21
gate	of	16
gate	and	13
gate	open	12
gate	for	10
gates	of	15
gates	is	10
gates	and	8
gates	are	7
gates	to	4
gates	open	3
gateway	to	12
gather	around	9
gather	to	8
gather	your	8
gather	the	7
gather	all	6
gather	in	6
gathered	around	47
gathered	in	36
gathered	the	26
gathered	to	24
gathered	at	21
gathered	together	20
gathering	in	9
gathering	on	8
gathering	dust	5
gathering	information	5
gathering	of	5
gathering	was	5
gatherings	of	7
gatherings	and	4
gatherings	at	3
gathers	no	3
gauge	is	7
gave	me	923
gave	him	454
gave	the	340
gave	her	337
gave	up	319
gave	a	282
gawking	at	4
gay	and	33
gay	people	26
gay	but	13
gay	men	10
gay	or	10
gay	marriage	9
gays	and	3
gaza	strip	12
gaza	is	11
gaza	and	5
gaza	has	4
gaza	on	3
gaza	to	3
gaze	at	13
gaze	and	9
gaze	on	7
gaze	was	5
gaze	of	4
gaze	up	4
gazebo	in	8
gazed	at	37
gazed	into	5
gazed	on	5
gazed	upon	4
gazelle	was	17
gazelle	to	8
gazelle	in	4
gazelle	skull	3
gazelle	stopped	3
gazing	at	28
gazing	into	3
gear	and	7
gear	is	5
gear	in	4
gear	on	4
gear	to	4
gear	up	3
geared	towards	3
gearing	up	3
gee	it	10
geese	are	10
geese	and	4
geese	were	4
geese	in	3
geiger	counter	3
gem	of	4
gems	in	4
gender	neutral	25
gender	identity	14
gender	equality	11
gender	is	9
gene	that	7
gene	is	3
gene	therapy	3
general	message	16
general	public	16
general	assembly	14
general	and	13
general	of	13
general	the	11
generally	speaking	58
generally	have	14
generally	the	12
generally	a	11
generally	accepted	10
generally	very	9
generate	a	11
generate	more	8
generate	electricity	5
generate	enough	4
generated	by	23
generated	a	6
generated	from	5
generated	art	4
generated	in	4
generates	more	5
generates	a	4
generating	the	3
generation	of	51
generation	to	20
generation	in	8
generation	is	8
generation	and	6
generation	will	6
generations	of	24
generations	to	9
generations	who	7
generations	and	5
generations	will	4
generations	with	4
generator	in	3
generosity	and	6
generosity	is	6
generosity	of	4
generosity	to	3
generous	with	26
generous	person	13
generous	to	11
generous	and	8
generous	of	8
generous	offer	8
genes	are	8
genes	for	4
genes	from	4
genes	that	4
genes	into	3
genes	of	3
genesis	of	3
genetic	material	10
genetic	engineering	7
genetic	information	6
genetic	code	5
genetic	diversity	4
genetic	resources	4
genetically	modified	21
genetically	engineered	4
genetics	and	5
geneva	convention	7
geneva	conventions	3
geneva	is	3
genghis	khan	8
genie	was	3
genital	mutilation	3
genitals	and	3
genius	is	22
genius	to	14
genius	and	12
genius	in	8
genius	of	7
genius	for	6
geniuses	have	3
geniuses	make	3
genocide	is	8
genocide	against	7
genocide	of	7
genocide	and	5
genocide	that	3
genocide	was	3
genome	of	8
genome	is	4
genre	of	16
genre	and	5
genre	is	4
genre	to	3
gentle	with	28
gentle	breeze	19
gentle	and	11
gentle	when	11
gentle	touch	6
gentle	wind	5
gentleman	to	13
gentleman	is	12
gentleman	would	11
gentleman	in	10
gentleman	who	7
gentleman	and	6
gentlemen	please	10
gentlemen	and	4
gentlemen	we	4
gentlemen	who	4
gentlemen	i	3
gentlemen	welcome	3
gently	and	11
gently	in	11
gently	to	11
gently	on	7
gently	pushed	5
gently	took	4
genuine	leather	6
genuine	interest	4
genuine	love	3
genuine	rembrandt	3
genuinely	happy	9
genuinely	worried	6
genuinely	loved	5
genuinely	surprised	5
genuinely	interested	4
genuinely	thought	4
geographical	position	3
geography	and	13
geography	is	9
geography	of	8
geography	teacher	4
geography	lesson	3
geological	survey	3
geology	and	3
geometric	shapes	3
geometry	is	7
geometry	of	5
geometry	teacher	5
geometry	and	3
georg	cantor	3
george	washington	31
george	is	27
george	was	13
george	floyd	9
george	will	9
georgia	is	5
georgia	and	3
georgia	was	3
georgian	forward	4
gerald	ford	3
gerda	was	3
german	shepherd	254
german	is	75
german	and	61
german	language	31
german	shepherds	24
german	but	20
germans	are	18
germans	have	13
germans	and	5
germans	like	5
germans	were	5
germans	in	4
germany	is	86
germany	and	45
germany	was	25
germany	to	18
germany	but	16
germany	has	15
germs	can	4
germs	from	4
germs	are	3
germs	away	3
gesture	of	13
gesture	is	9
gesture	to	4
gestures	of	7
gestures	are	4
gestures	and	3
gestures	can	3
gestures	to	3
get	a	1935
get	to	1554
get	the	1254
get	out	1133
get	up	830
get	back	677
getaway	car	7
gets	up	110
gets	a	63
gets	dark	56
gets	on	51
gets	the	45
gets	angry	36
getting	a	245
getting	married	238
getting	ready	222
getting	better	144
getting	worse	122
getting	up	119
ghost	in	24
ghost	of	23
ghost	stories	14
ghost	town	11
ghost	was	10
ghost	story	8
ghosts	exist	15
ghosts	in	11
ghosts	and	8
ghosts	of	8
ghosts	are	7
giant	creature	11
giant	planet	10
giant	alien	9
giant	monster	9
giant	squid	6
giant	tortoise	6
giants	will	6
giants	and	4
giants	but	4
giants	fan	4
giants	in	3
giants	or	3
gibberish	to	4
gibraltar	is	7
giddy	with	4
gift	for	114
gift	of	52
gift	from	50
gift	to	29
gift	shop	22
gift	is	20
gifted	with	12
gifted	artist	6
gifted	her	5
gifted	in	5
gifted	me	5
gifted	him	4
gifts	for	21
gifts	from	17
gifts	to	16
gifts	in	15
gifts	and	9
gifts	of	8
gig	was	5
gig	economy	3
gigantic	house	3
gigantic	spider	3
giggling	every	3
gilbert	blythe	6
gimme	a	7
gin	and	16
ginger	and	4
ginger	ale	3
ginger	tea	3
gingerbread	house	3
ginseng	is	3
giraffe	is	49
giraffe	was	29
giraffe	has	22
giraffe	herd	20
giraffe	can	13
giraffe	and	8
giraffes	are	107
giraffes	have	52
giraffes	live	28
giraffes	can	23
giraffes	in	18
giraffes	were	11
girl	is	215
girl	in	161
girl	was	136
girl	who	122
girl	with	70
girl	i	67
girlfriend	is	122
girlfriend	was	49
girlfriend	and	24
girlfriend	to	23
girlfriend	in	19
girlfriend	has	14
girlfriends	live	4
girls	are	152
girls	in	63
girls	were	60
girls	to	37
girls	and	31
girls	like	29
girly	girl	3
gist	of	11
give	me	2256
give	you	1162
give	up	826
give	it	647
give	him	491
give	us	338
given	a	198
given	up	154
given	to	129
given	the	126
given	me	88
given	you	71
giver	of	5
gives	me	133
gives	us	68
gives	a	62
gives	you	55
gives	the	42
gives	off	24
giving	up	125
giving	me	112
giving	you	81
giving	a	66
giving	the	48
giving	him	42
glacier	has	3
glacier	moves	3
glaciers	are	13
glaciers	and	9
glaciers	in	3
glad	to	471
glad	that	292
glad	you	289
glad	i	200
glad	we	80
glades	of	3
gladiators	fought	5
gladly	agreed	12
gladly	accepted	6
gladly	do	5
gladly	help	5
gladly	give	4
gladly	pay	4
glance	at	34
glance	that	13
glance	the	8
glance	but	4
glance	it	4
glance	to	4
glanced	at	57
glanced	back	14
glanced	over	13
glanced	around	10
glanced	up	6
glanced	through	5
glances	at	5
glances	with	3
glands	in	3
glare	of	6
glaring	at	17
glass	of	480
glass	is	63
glass	and	34
glass	in	21
glass	on	21
glass	was	17
glasses	of	50
glasses	are	47
glasses	and	36
glasses	on	35
glasses	off	23
glasses	to	21
glazed	the	3
gleam	of	9
gleam	in	5
gleaming	in	5
glee	club	3
glenn	gould	3
glide	through	3
gliding	gait	3
glimmer	of	14
glimpse	of	58
glimpse	into	6
glistening	in	3
glitch	in	4
glitter	in	5
glittering	in	6
global	warming	108
global	economy	32
global	economic	15
global	climate	14
global	average	12
globe	is	8
globe	in	4
globe	to	3
gloom	of	6
gloom	and	5
gloomy	and	7
gloomy	wood	4
gloomy	as	3
gloomy	day	3
gloria	scott	4
glorified	in	3
glorious	day	4
glorious	in	3
glory	of	25
glory	to	17
glory	in	6
glory	is	5
glory	be	4
glory	days	3
glove	compartment	10
glove	off	3
glove	somewhere	3
gloves	on	26
gloves	off	22
gloves	are	16
gloves	and	11
gloves	in	10
gloves	to	8
glow	of	22
glow	in	12
glow	over	6
glow	that	3
glow	worms	3
glowing	eyes	6
glowing	in	6
glowing	red	3
glowing	with	3
glows	in	5
glows	with	4
glucose	levels	4
glue	that	9
glue	the	5
glue	stick	4
glue	and	3
glue	here	3
glue	to	3
glued	to	15
glued	the	7
glued	it	3
glued	on	3
glued	together	3
gluten	free	36
gluten	intolerant	3
gluten	wheat	3
go	to	8798
go	out	1394
go	back	1199
go	there	1160
go	home	1082
go	with	840
goal	is	138
goal	of	85
goal	in	31
goal	was	29
goal	to	12
goal	for	10
goalkeeper	was	5
goals	for	27
goals	and	20
goals	are	20
goals	in	12
goals	of	12
goat	cheese	23
goat	is	19
goat	was	11
goat	as	10
goat	to	9
goat	and	7
goats	are	30
goats	to	24
goats	and	21
goats	from	10
goats	have	7
goats	in	7
god	is	286
god	of	132
god	and	125
god	to	64
god	bless	57
god	for	56
goddard	space	3
goddess	of	32
goddess	born	5
goddess	mother	3
goddesses	always	3
godforsaken	village	3
godless	and	3
godmother	who	3
gods	and	27
gods	are	15
gods	of	14
gods	but	7
gods	in	7
gods	the	6
goes	to	618
goes	on	102
goes	out	81
goes	without	76
goes	well	73
goes	by	59
goggles	on	6
goggles	back	3
goggles	off	3
gogh	was	3
going	to	19756
going	on	1402
going	out	501
going	back	334
going	through	216
going	for	187
gold	and	55
gold	medal	43
gold	is	42
gold	in	22
gold	watch	13
gold	was	11
golden	age	17
golden	hair	11
golden	brown	10
golden	rule	10
golden	gate	7
golden	retriever	7
goldfish	are	4
goldfish	in	4
goldfish	is	3
goldman	sachs	4
golf	is	27
golf	course	22
golf	club	15
golf	with	14
golf	every	10
golfer	in	3
gone	to	512
gone	out	113
gone	there	86
gone	for	77
gone	by	72
gone	home	59
gonna	be	163
gonna	have	61
gonna	get	44
gonna	do	39
gonna	make	31
gonna	go	28
good	at	1407
good	idea	718
good	for	658
good	to	568
good	time	560
good	job	277
goodbye	to	131
goodbye	and	16
goodbye	for	5
goodbye	in	5
goodbye	kiss	5
goodbye	my	5
goodness	sake	9
goodness	and	5
goodness	knows	5
goodness	is	3
goodness	of	3
goodness	to	3
goodnight	to	10
goodnight	and	7
goodnight	kiss	7
goodnight	my	3
goods	are	35
goods	and	34
goods	from	17
goods	in	15
goods	at	14
goods	were	14
goodwill	ambassador	5
goody	goody	4
goofing	off	12
goofing	around	6
google	translate	35
google	it	11
google	is	10
google	and	9
google	has	8
google	translator	8
googled	the	8
googled	you	8
googled	me	5
googled	his	3
googled	it	3
goose	is	8
goose	chase	5
goose	bumps	4
goose	and	3
goose	that	3
gore	and	3
gorgeous	in	8
gorgeous	girl	6
gorgeous	country	4
gorgeous	hair	3
gorgeous	house	3
gorgeous	woman	3
gorilla	foundation	5
gorilla	would	3
gorillas	are	6
gosh	this	3
gospel	of	6
gossip	about	14
gossip	is	9
gossip	at	5
gossip	and	4
gossip	or	3
gossiping	about	14
gossips	about	3
got	a	2720
got	to	2109
got	the	725
got	up	548
got	out	466
got	married	408
gothic	cathedral	3
gotta	go	20
gotta	do	19
gotta	be	11
gotta	get	5
gotta	take	5
gotta	piss	4
gotten	used	71
gotten	a	66
gotten	married	38
gotten	better	26
gotten	into	22
gotten	worse	22
gouge	out	3
govern	the	10
govern	themselves	4
govern	and	3
govern	others	3
governed	by	36
governed	the	5
governing	the	5
governing	body	4
government	is	165
government	has	127
government	of	72
government	to	57
government	and	38
government	was	32
governmental	organizations	6
governmental	organization	3
governments	to	13
governments	are	12
governments	and	7
governments	in	5
governments	have	4
governments	should	4
governor	of	18
governor	is	5
governor	has	4
governor	andrew	3
governor	gavin	3
governor	was	3
gown	and	3
gown	in	3
gown	is	3
gown	of	3
gowns	and	3
gps	device	3
grab	a	97
grab	the	40
grab	my	30
grab	your	28
grab	some	18
grab	his	17
grabbed	the	131
grabbed	his	88
grabbed	a	72
grabbed	her	39
grabbed	my	31
grabbing	her	3
grace	of	22
grace	is	17
grace	and	14
grace	that	7
grace	flows	5
grace	roman	5
graced	the	3
graceful	and	7
gracefully	across	6
gracefully	in	4
gracefully	on	4
gracefully	and	3
gracious	to	5
gracious	the	4
gracious	call	3
grad	student	3
grade	on	20
grade	in	18
grade	school	9
grade	teacher	9
grade	class	7
grade	of	6
graders	are	3
grades	in	21
grades	are	13
grades	have	7
grades	up	7
grades	and	6
grades	were	6
grading	the	3
gradual	process	4
gradually	getting	17
gradually	became	8
gradually	began	8
gradually	becoming	7
gradually	came	5
gradually	as	4
graduate	from	44
graduate	school	19
graduate	student	14
graduate	this	10
graduate	next	8
graduate	students	7
graduated	from	164
graduated	high	23
graduated	with	21
graduated	in	15
graduated	last	4
graduated	he	3
graduates	are	7
graduates	have	4
graduates	in	4
graduates	who	4
graduates	earn	3
graduates	from	3
graduating	from	16
graduating	middle	9
graduating	this	8
graduating	in	3
graduation	ceremony	18
graduation	from	5
graduation	is	4
graduation	and	3
graduation	i	3
graffiti	on	5
graffiti	in	4
graffiti	is	3
graham	greene	6
graham	bell	3
grain	of	38
grain	is	6
grain	from	5
grain	in	4
grain	to	3
grains	of	10
grains	and	8
grains	are	3
gram	of	6
grammar	is	51
grammar	of	24
grammar	and	23
grammar	book	10
grammar	rules	10
grammar	which	6
grammy	award	3
grams	of	31
grams	are	3
grand	canyon	22
grand	piano	17
grand	master	12
grand	mosque	12
grand	slam	8
grand	opening	7
grandad	is	9
grandad	has	6
grandad	likes	3
grandchild	is	6
grandchild	lives	3
grandchildren	will	6
grandchildren	and	5
grandchildren	are	5
grandchildren	a	3
grandchildren	lived	3
granddaughter	is	8
granddaughter	of	4
granddaughter	just	3
grande	is	4
grandeur	of	6
grandeur	and	3
grandfather	was	88
grandfather	is	65
grandfather	died	29
grandfather	has	21
grandfather	and	17
grandfather	gave	15
grandfathers	and	3
grandfathers	from	3
grandfathers	were	3
grandma	and	14
grandma	is	12
grandma	was	12
grandma	has	10
grandma	made	8
grandma	had	7
grandmother	is	52
grandmother	was	39
grandmother	has	28
grandmother	used	17
grandmother	and	16
grandmother	died	13
grandmothers	are	6
grandmothers	and	3
grandpa	was	18
grandpa	is	13
grandpa	and	5
grandpa	always	4
grandpa	learned	4
grandpa	bought	3
grandparents	are	16
grandparents	were	15
grandparents	in	6
grandparents	live	6
grandparents	and	5
grandparents	this	5
grandson	is	10
grandson	and	6
grandson	of	6
grandson	has	5
grandson	was	5
grandson	loves	4
granite	and	3
granite	is	3
granny	is	4
grant	you	16
grant	us	11
grant	me	8
grant	that	8
grant	was	6
grant	of	5
granted	that	78
granted	the	10
granted	to	7
granted	a	6
granted	him	6
granted	his	5
granting	that	7
grape	juice	24
grape	harvest	3
grapefruit	juice	5
grapes	are	28
grapes	and	10
grapes	in	7
grapes	were	6
grapes	grow	4
grapes	to	4
graphic	designer	10
graphic	design	5
graphic	artist	4
graphics	card	7
graphics	and	3
grappling	with	8
grasp	the	28
grasp	it	9
grasp	what	9
grasp	of	8
grasp	on	6
grasp	and	3
grasped	the	10
grasped	my	5
grasped	his	4
grasped	at	3
grasping	at	5
grasping	the	4
grass	is	37
grass	and	31
grass	in	23
grass	was	18
grass	on	12
grass	with	10
grasses	and	4
grassy	field	5
grate	cheese	6
grate	the	5
grateful	for	148
grateful	to	92
grateful	if	36
grateful	that	17
grateful	i	4
grateful	you	3
gratitude	for	20
gratitude	to	13
gratitude	and	5
gratitude	in	5
gratitude	is	5
gratitude	from	3
grave	danger	18
grave	and	13
grave	for	12
grave	mistake	9
grave	of	8
grave	is	7
gravel	road	10
gravel	path	5
gravel	with	4
gravel	cost	3
gravel	roads	3
gravely	wounded	5
gravely	injured	4
graves	in	6
graves	of	5
graveyard	at	3
graveyard	shift	3
gravitational	waves	19
gravitational	pull	13
gravitational	wave	5
gravitational	and	3
gravitational	field	3
gravitational	fields	3
gravity	is	16
gravity	of	15
gravity	and	10
gravity	on	7
gravity	that	5
gravity	to	4
gray	hair	22
gray	and	13
gray	area	7
gray	eyes	6
gray	beard	5
gray	suit	5
graze	on	7
graze	i	4
graze	in	3
grazed	on	9
grazed	peacefully	6
grazed	my	5
grazed	in	4
grazing	in	18
grazing	on	7
grazing	peacefully	6
grazing	land	3
grease	the	5
grease	fire	3
grease	in	3
greasy	food	3
great	deal	221
great	time	137
great	job	69
great	idea	63
great	if	62
great	grandfather	59
greater	than	88
greater	the	21
greater	part	9
greater	risk	5
greater	danger	4
greater	in	4
greatest	of	23
greatest	strength	9
greatest	thing	9
greatest	enemy	7
greatest	gift	7
greatest	happiness	7
greatly	from	13
greatly	appreciate	11
greatly	appreciated	10
greatly	to	10
greatly	improved	7
greatly	in	5
greatness	of	12
greatness	and	3
greatness	are	3
greco	roman	3
greece	is	28
greece	and	18
greece	has	6
greece	was	4
greece	are	3
greece	to	3
greed	is	12
greed	and	5
greed	of	3
greedy	and	10
greedy	for	5
greedy	person	5
greedy	people	4
greek	and	26
greek	is	20
greek	to	18
greek	mythology	14
greek	language	10
greek	word	10
greeks	and	11
greeks	are	4
greeks	to	4
greeks	knew	3
greeks	often	3
greeks	used	3
green	tea	73
green	and	67
green	eyes	32
green	is	26
green	leaves	23
green	light	22
greene	is	6
greener	on	8
greener	than	5
greener	in	3
greenhouse	gas	45
greenhouse	gases	32
greenhouse	effect	13
greenhouse	and	3
greenhouse	emissions	3
greenland	is	10
greenland	and	4
greens	and	3
greenwich	mean	3
greet	me	14
greet	him	11
greet	the	10
greet	them	9
greet	you	8
greet	people	7
greeted	me	41
greeted	the	38
greeted	by	16
greeted	her	16
greeted	his	16
greeted	us	14
greeting	cards	5
greeting	me	4
greeting	the	3
greeting	you	3
greetings	to	15
greetings	from	10
greetings	and	7
greetings	are	3
greg	and	8
greg	the	5
greg	my	4
grenade	at	4
grenade	exploded	3
grenade	into	3
greta	downed	4
greta	garbo	3
greta	is	3
grew	up	716
grew	a	24
grew	older	24
grew	stronger	21
grew	in	14
grew	to	14
grey	tea	24
grey	hair	21
grey	sky	16
grey	and	15
grey	eyes	9
grey	suit	8
grid	of	4
grief	and	11
grief	is	7
grief	at	6
grief	in	4
grief	of	4
grief	when	4
grieve	over	5
grieve	with	3
grieved	at	3
grieved	for	3
grieved	over	3
grill	the	3
grilled	fish	6
grilled	meat	6
grilled	the	6
grilled	chicken	5
grilled	a	4
grilled	octopus	4
grilling	fish	3
grim	reaper	4
grim	when	3
grin	on	10
grin	and	8
grind	the	5
grind	my	3
grinning	at	6
grinning	like	6
grip	on	30
grip	of	12
grip	and	3
gripped	the	6
gripped	my	3
gripping	the	5
grips	with	6
grips	of	3
grisly	crime	3
grit	your	4
grizzly	bear	16
grizzly	bears	9
groaning	in	3
groaning	with	3
groans	from	3
groceries	for	6
groceries	and	5
groceries	in	4
groceries	out	4
groceries	on	3
groceries	to	3
grocery	store	112
grocery	shopping	19
grocery	stores	12
grocery	list	7
grocery	bag	4
grocery	bill	4
groom	themselves	7
groom	each	6
groom	to	4
groomed	and	3
grooming	her	6
grooming	themselves	3
groping	for	3
gross	domestic	7
gross	national	6
grotesque	that	3
grotto	of	5
grouchy	today	5
ground	and	64
ground	floor	42
ground	is	36
ground	for	35
ground	in	26
ground	was	24
grounded	for	21
grounded	in	7
grounded	by	4
grounded	until	4
grounded	and	3
grounded	his	3
groundhog	day	4
grounds	for	31
grounds	of	17
grounds	that	9
grounds	are	4
grounds	in	3
groundwork	of	3
group	of	444
group	is	47
group	in	25
group	was	22
group	has	21
group	and	20
groups	of	53
groups	in	25
groups	and	18
groups	are	16
groups	have	16
groups	that	10
grove	of	9
groves	of	3
grow	up	270
grow	in	92
grow	on	43
grow	a	40
grow	old	33
grow	and	28
growing	up	134
growing	in	66
growing	number	20
growing	on	18
growing	a	15
growing	rapidly	14
growl	again	3
growl	at	3
growling	at	9
grown	up	120
grown	in	36
grown	ups	24
grown	a	17
grown	man	14
grown	out	13
grownups	are	3
grows	in	22
grows	up	19
grows	on	16
grows	the	15
grows	a	10
grows	with	8
growth	of	65
growth	in	40
growth	and	36
growth	is	20
growth	rate	18
growth	has	16
grudge	against	29
grueling	work	4
gruesome	and	4
grumble	about	4
grumbling	about	3
grumpy	today	5
grumpy	old	4
guacamole	is	3
guantanamo	is	6
guantanamo	are	3
guarantee	that	33
guarantee	it	10
guarantee	you	10
guarantee	your	8
guarantee	of	7
guarantee	the	6
guaranteed	to	13
guaranteed	the	4
guaranteed	by	3
guarantees	that	3
guarantees	the	3
guard	down	28
guard	the	21
guard	against	20
guard	and	13
guard	at	11
guard	is	11
guarded	the	14
guarded	by	4
guardian	angel	15
guardian	of	8
guardian	angels	4
guardian	spirit	4
guardians	of	9
guarding	the	14
guards	to	12
guards	were	12
guards	are	10
guards	at	6
guards	the	5
guatemala	city	3
guess	i	146
guess	what	126
guess	that	116
guess	you	89
guess	it	55
guessed	that	17
guessed	it	10
guessed	right	9
guessed	the	7
guessed	wrong	3
guessing	you	6
guessing	what	5
guessing	ourselves	3
guest	room	23
guest	is	18
guest	list	18
guest	bedroom	13
guest	of	11
guest	house	8
guests	are	28
guests	to	25
guests	were	20
guests	arrived	16
guests	have	14
guests	in	13
guidance	and	9
guidance	from	6
guidance	to	4
guidance	i	3
guidance	is	3
guidance	of	3
guide	you	25
guide	us	17
guide	to	15
guide	me	14
guide	him	13
guide	the	10
guided	by	26
guided	the	14
guided	tour	7
guided	me	5
guided	us	3
guides	the	5
guides	us	5
guiding	principle	5
guiding	star	3
guilt	at	6
guilt	and	4
guilt	for	4
guilt	is	4
guilt	leaves	3
guilt	on	3
guilty	of	103
guilty	about	31
guilty	to	14
guilty	for	13
guilty	as	12
guilty	conscience	11
guinea	pig	42
guinea	pigs	23
guinea	is	9
guinea	and	4
guinness	world	6
guise	of	7
guitar	in	34
guitar	and	33
guitar	is	32
guitar	for	26
guitar	i	13
guitar	but	12
guitars	are	4
guitars	do	4
gulf	of	55
gulf	war	9
gulf	coast	7
gulf	between	4
gulf	stream	4
gulf	and	3
gullible	person	3
gulp	of	3
gum	in	8
gum	stuck	8
gum	disease	6
gum	infection	3
gum	is	3
gummy	bears	8
gums	are	6
gums	bleed	4
gun	at	67
gun	and	53
gun	in	50
gun	to	44
gun	on	31
gun	was	24
gunman	was	3
gunned	down	6
guns	and	10
guns	are	8
guns	in	8
guns	drawn	7
guns	at	5
guns	for	5
gunshot	wound	12
gunshot	victims	7
gunshot	wounds	5
gunshot	residue	4
gunshot	to	3
gunshots	woke	4
gunter	was	162
gunter	and	58
gunter	asked	34
gunter	heard	29
gunter	had	23
gunter	started	21
gushing	out	5
gust	of	31
gustavo	was	118
gustavo	is	38
gustavo	has	28
gustavo	went	27
gustavo	got	23
gustavo	took	23
gut	feeling	15
gut	bacteria	3
gut	instinct	3
gut	that	3
guts	to	30
guts	and	4
guts	of	3
guts	out	3
gutted	the	9
gutter	is	3
guy	is	128
guy	who	126
guy	in	61
guy	was	43
guy	i	28
guy	with	27
guys	are	185
guys	have	73
guys	want	46
guys	were	43
guys	know	28
guys	to	24
gym	teacher	22
gym	membership	12
gym	to	10
gym	class	9
gym	is	8
gym	clothes	7
gymnastics	is	4
gymnastics	now	3
gymnastics	team	3
ha	ha	39
ha	i	4
habit	of	252
habit	to	33
habit	is	13
habit	that	9
habit	and	5
habit	you	5
habitable	zone	8
habitable	planet	5
habitable	world	4
habitable	and	3
habitat	for	9
habitat	loss	8
habitat	of	5
habitat	destruction	4
habitat	is	4
habitat	to	3
habits	are	19
habits	of	15
habits	and	11
habits	can	9
habits	is	4
habits	die	3
hack	computers	9
hack	into	5
hacked	into	8
hacked	the	6
hackers	can	3
had	a	7123
had	to	3941
had	no	1513
had	been	1273
had	the	1090
had	an	776
haggard	and	3
haggard	face	3
haggle	over	4
hail	and	7
hail	the	7
hail	caesar	5
hail	of	5
hail	from	4
hail	a	3
hailed	a	9
hailed	as	6
hailed	from	4
hailed	the	4
hailing	from	3
hair	is	206
hair	and	143
hair	cut	115
hair	was	97
hair	in	66
hair	salon	42
haircut	is	4
haircut	soon	4
haircut	makes	3
haircut	on	3
haired	man	12
haired	girl	7
haired	woman	6
haired	and	4
haired	cat	4
haired	people	3
hairline	is	4
hairs	on	8
hairs	that	3
hairs	with	3
hairstyle	was	5
hairy	legs	3
hairy	spider	3
haiti	is	4
haitian	creole	5
hale	and	3
half	of	356
half	an	274
half	a	205
half	the	160
half	past	140
half	as	57
halfway	through	40
halfway	to	15
halfway	up	8
halfway	across	7
halfway	down	6
halfway	there	5
hall	was	33
hall	is	26
hall	of	22
hall	and	14
hall	in	12
hall	to	10
halley	is	3
hallmark	of	7
hallowed	be	14
halloween	is	53
halloween	party	50
halloween	costume	39
halloween	candy	12
halloween	night	11
halloween	was	11
halls	of	8
halls	and	3
hallway	was	8
hallway	with	6
hallway	to	4
hallway	and	3
hallways	and	3
halo	halo	5
halt	the	9
halt	to	3
halted	in	3
ham	and	24
ham	sandwich	8
ham	is	5
hamburg	is	7
hamburger	and	9
hamburger	in	5
hamburger	is	3
hamburger	joint	3
hamburgers	in	4
hamburgers	and	3
hamilton	was	3
hamlet	is	10
hamlet	in	3
hamlet	of	3
hammer	and	20
hammer	to	11
hammer	in	8
hammer	can	5
hammer	from	5
hammer	that	5
hammered	a	4
hammered	down	3
hammered	in	3
hammering	out	3
hamper	not	3
hamster	is	5
hamster	and	3
hamster	has	3
hamster	in	3
hamster	was	3
hamsters	are	4
han	chinese	3
han	dynasty	3
hand	in	234
hand	and	198
hand	to	143
hand	me	136
hand	on	111
hand	is	77
handbag	is	12
handbag	and	4
handbag	was	3
handcuffed	him	3
handcuffed	in	3
handcuffs	on	9
handed	the	97
handed	it	43
handed	in	40
handed	a	24
handed	over	24
handful	of	66
handicapped	by	3
handicapped	people	3
handicapped	persons	3
handing	out	13
handing	it	7
handkerchief	and	8
handkerchief	in	7
handkerchief	is	5
handkerchief	to	3
handkerchiefs	do	3
handle	it	146
handle	this	142
handle	the	98
handle	that	62
handle	them	15
handle	a	13
handled	that	29
handled	the	22
handled	it	20
handled	snakes	10
handled	with	7
handled	things	4
handles	his	4
handling	the	22
handling	this	11
handling	of	10
handling	his	4
handling	it	4
handling	hot	3
hands	are	158
hands	and	134
hands	on	122
hands	with	113
hands	of	97
hands	in	91
handshake	is	5
handsome	man	40
handsome	and	28
handsome	young	17
handsome	than	14
handsome	as	10
handsome	prince	8
handwriting	is	39
handwriting	was	5
handwriting	but	3
handwriting	on	3
handwritten	letter	4
handwritten	note	4
handy	someday	6
handy	for	5
handy	at	3
handy	in	3
handy	when	3
handy	with	3
hang	out	311
hang	up	77
hang	on	57
hang	of	35
hang	the	35
hang	your	34
hanged	himself	17
hanged	herself	7
hanged	for	4
hanged	than	4
hanged	themselves	4
hanger	because	3
hanging	out	237
hanging	on	51
hanging	from	36
hanging	in	29
hanging	around	28
hanging	up	22
hangover	today	3
hangs	out	15
hangs	on	11
hangs	over	8
hangs	in	6
hangs	around	4
hangs	her	3
hannibal	crossed	3
hannibal	lecter	3
hanoi	is	3
hans	the	17
hans	christian	9
hans	has	3
hans	said	3
hansel	and	4
happen	to	508
happen	again	311
happen	in	162
happen	if	108
happen	here	68
happen	next	62
happened	to	1150
happened	in	240
happened	here	147
happened	that	140
happened	last	98
happened	at	91
happening	in	124
happening	to	76
happening	here	64
happening	again	52
happening	for	22
happening	now	22
happens	to	157
happens	in	64
happens	when	55
happens	again	38
happens	if	24
happier	than	43
happier	now	31
happier	for	11
happier	if	9
happier	when	5
happier	in	4
happiest	when	20
happiest	person	15
happiest	man	13
happiest	day	6
happiest	place	4
happiest	time	4
happily	married	27
happily	ever	18
happily	agreed	11
happily	in	9
happily	together	8
happily	without	5
happiness	is	106
happiness	and	49
happiness	in	32
happiness	of	22
happiness	but	13
happy	to	679
happy	with	321
happy	about	149
happy	here	143
happy	that	141
happy	for	108
harass	her	4
harass	him	3
harass	me	3
harassed	by	9
harassed	on	4
harassed	in	3
harassing	me	13
harassing	layla	5
harassing	us	5
harassing	her	4
harassment	and	3
harassment	to	3
harbor	in	6
harbor	and	3
harbor	from	3
harbor	is	3
harbour	and	3
harbour	in	3
harbour	is	3
hard	to	1925
hard	for	403
hard	work	295
hard	time	228
hard	on	159
hard	as	147
hardened	and	9
hardened	his	6
harder	than	142
harder	to	91
harder	for	37
harder	and	16
harder	next	16
harder	it	11
hardest	thing	24
hardest	to	20
hardest	part	16
hardest	hit	6
hardest	in	5
hardest	language	5
hardly	ever	213
hardly	any	59
hardly	believe	38
hardly	wait	36
hardly	had	29
hardly	see	22
hardship	and	6
hardships	in	6
hardships	and	5
hardships	of	4
hardware	store	28
hardware	is	5
hardware	are	4
hardware	stores	4
hardware	and	3
hardwood	floor	5
hardwood	floors	3
hardworking	and	6
hardworking	as	5
hardworking	student	5
hardworking	than	4
hardy	plants	3
hare	is	4
hare	the	4
hare	and	3
hare	in	3
hare	was	3
harley	davidson	4
harm	you	37
harm	to	33
harm	than	29
harm	in	27
harm	the	22
harm	your	9
harmed	people	9
harmed	by	6
harmed	in	3
harmed	them	3
harmful	to	57
harmful	for	9
harmful	chemicals	6
harmful	than	6
harmful	effects	5
harmful	ultraviolet	4
harming	the	5
harming	a	3
harmless	to	6
harmless	but	4
harmless	as	3
harmless	prank	3
harmonica	in	5
harmony	with	30
harmony	and	8
harmony	of	7
harmony	between	6
harmony	is	5
harmony	in	3
harms	the	3
harness	the	6
harness	on	3
harp	on	5
harp	are	3
harris	is	3
harrison	was	5
harry	potter	37
harry	is	10
harry	and	5
harry	up	3
harsh	on	12
harsh	and	11
harsh	climate	9
harsh	words	9
harsh	winter	8
harsh	environment	7
harshly	punished	3
harvard	university	13
harvard	is	4
harvard	college	3
harvard	extension	3
harvard	graduate	3
harvest	of	11
harvest	this	10
harvest	will	8
harvest	was	7
harvest	and	6
harvest	the	6
harvested	the	8
harvested	in	7
harvested	from	4
harvested	by	3
harvesting	season	3
harvesting	the	3
has	a	6103
has	been	4594
has	to	1923
has	no	1140
has	the	998
has	never	817
hash	browns	5
hash	brown	3
hashimoto	was	4
hassle	to	3
hast	thou	25
hast	done	8
hast	not	7
hast	brought	5
hast	spoken	4
hast	been	3
haste	and	15
haste	to	12
haste	makes	5
haste	the	4
hasten	to	5
hastily	packed	4
hasty	in	5
hasty	decisions	4
hasty	breakfast	3
hasty	conclusion	3
hat	on	67
hat	is	58
hat	and	52
hat	off	35
hat	in	32
hat	to	23
hatch	open	4
hatched	a	7
hatched	from	4
hatched	in	3
hatched	the	3
hatched	yet	3
hatchet	and	7
hatching	from	3
hate	you	156
hate	to	132
hate	it	118
hate	me	106
hate	the	104
hate	him	89
hated	that	48
hated	the	43
hated	me	40
hated	him	36
hated	her	35
hated	his	29
hateful	to	9
hateful	and	4
hates	me	53
hates	this	31
hates	his	28
hates	the	26
hates	that	24
hates	her	21
hath	given	12
hath	not	9
hath	made	8
hath	been	6
hath	heard	6
hath	sent	6
hating	jew	3
hating	trans	3
hatred	of	20
hatred	and	15
hatred	for	15
hatred	in	13
hatred	is	11
hatred	towards	8
hats	and	11
hats	are	11
hats	off	9
hats	on	9
hats	in	8
hats	do	6
haughty	to	3
haunt	you	11
haunt	me	5
haunt	my	4
haunt	him	3
haunt	the	3
haunted	house	48
haunted	by	17
haunted	wood	6
haunted	him	5
haunted	me	5
haunted	the	4
haunting	europe	4
haunts	me	5
haunts	the	3
have	to	13256
have	a	12551
have	you	7859
have	been	3774
have	any	2479
have	the	2223
haven	for	7
haven	of	3
having	a	992
having	an	228
having	fun	213
having	to	138
having	been	118
having	trouble	115
havoc	in	10
havoc	on	8
hawaii	is	12
hawaii	next	7
hawaii	for	6
hawaii	and	5
hawaii	on	4
hawaii	to	4
hawaiian	shirt	7
hawaiian	language	4
hawaiian	pizza	3
hawk	is	5
hawk	caught	3
hawking	was	7
hawks	are	4
hawks	and	3
hay	fever	14
hay	and	7
hay	is	4
hay	to	3
hazard	a	5
hazard	to	3
hazardous	to	5
hazardous	for	3
hazardous	waste	3
hazards	on	6
haze	of	3
hazel	eyes	13
hazmat	suit	5
he	was	13378
he	is	8723
he	has	5285
he	said	4522
he	had	3683
head	of	221
head	and	155
head	to	118
head	on	115
head	in	91
head	is	77
headache	and	19
headache	so	10
headache	again	8
headache	for	7
headache	is	7
headache	since	6
headaches	and	4
headaches	are	3
headaches	of	3
headed	to	137
headed	back	70
headed	for	64
headed	out	42
headed	towards	22
headed	down	18
heading	to	63
heading	for	33
heading	back	30
heading	towards	29
heading	home	21
heading	out	18
headless	chicken	3
headlights	on	10
headlights	of	7
headlights	coming	5
headlights	are	4
headlines	in	3
headmaster	asked	3
headphones	on	10
headphones	and	6
headphones	are	6
headphones	back	5
headphones	off	5
headphones	in	4
headquarters	in	11
headquarters	are	9
headquarters	of	7
headquarters	is	4
heads	of	34
heads	and	23
heads	up	15
heads	or	13
heads	are	12
heads	the	10
headset	is	4
heal	the	10
heal	from	7
heal	a	4
heal	all	4
heal	wounds	4
heal	in	3
healed	from	8
healed	yet	4
healed	by	3
healed	quickly	3
healer	says	4
healing	is	5
healing	properties	5
healing	period	4
healing	process	3
heals	all	9
heals	the	4
heals	and	3
health	is	137
health	and	100
health	organization	81
health	care	78
health	of	50
health	insurance	40
healthcare	system	17
healthcare	in	7
healthcare	workers	6
healthcare	is	5
healthcare	and	4
healthcare	reform	3
healthier	than	21
healthier	food	11
healthier	and	10
healthier	to	6
healthier	lifestyle	5
healthy	and	46
healthy	to	33
healthy	food	26
healthy	as	17
healthy	baby	14
healthy	body	13
heap	of	17
heap	and	3
heaps	of	13
hear	the	558
hear	that	411
hear	you	336
hear	me	171
hear	about	162
hear	a	158
heard	the	885
heard	a	793
heard	that	549
heard	about	300
heard	of	293
heard	you	232
hearing	the	102
hearing	that	52
hearing	from	28
hearing	this	25
hearing	is	23
hearing	your	21
hears	about	7
hears	the	7
hears	you	6
hears	something	5
hears	a	4
hears	what	4
heart	of	159
heart	is	154
heart	attack	143
heart	and	123
heart	was	123
heart	to	91
heartache	and	6
heartbeat	is	3
heartbroken	when	6
hearted	man	5
hearted	person	5
hearted	and	4
hearted	people	3
heartfelt	thanks	5
heartless	and	4
heartless	person	3
hearts	of	21
hearts	are	19
hearts	and	18
hearts	that	7
hearts	were	7
hearts	for	4
hearty	welcome	7
hearty	breakfast	5
hearty	dinner	3
hearty	laugh	3
heat	is	51
heat	and	42
heat	of	38
heat	up	24
heat	wave	21
heat	the	18
heated	the	19
heated	argument	14
heated	discussion	14
heated	up	10
heated	debate	6
heated	swimming	5
heater	is	11
heater	on	7
heater	in	5
heater	if	3
heater	jasper	3
heater	off	3
heath	is	3
heather	is	28
heather	in	9
heather	has	8
heather	plants	6
heather	can	4
heather	spikes	4
heating	and	12
heating	up	12
heating	on	11
heating	is	9
heating	system	8
heating	in	7
heats	up	5
heaven	and	61
heaven	hallowed	12
heaven	is	12
heaven	to	12
heaven	above	7
heaven	on	7
heavenly	bodies	8
heavenly	father	7
heavens	and	11
heavens	are	6
heavier	than	53
heavier	and	5
heavier	the	3
heaviest	of	3
heavily	on	37
heavily	in	23
heavily	dependent	15
heavily	armed	7
heavily	for	5
heaving	a	3
heavy	rain	127
heavy	snow	49
heavy	for	38
heavy	as	37
heavy	traffic	33
hebrew	is	28
hebrew	and	17
hebrew	are	16
hebrew	word	12
hebrew	language	6
hebrew	the	6
heck	is	10
heck	are	9
heck	out	9
heck	of	5
heck	does	4
heck	did	3
hectares	of	20
hectares	in	3
hectic	day	3
hectic	week	3
hedge	fund	5
hedgehog	is	11
hedgehog	and	4
hedgehog	was	4
hedgehog	a	3
hedgehog	got	3
hedgehog	in	3
hedgehogs	are	13
hedgehogs	eat	6
hedgehogs	need	5
hedgehogs	and	3
hedgehogs	have	3
heed	to	7
heed	of	6
heed	the	6
heed	my	3
heel	is	7
heel	of	7
heel	shoes	4
heels	in	14
heels	for	12
heels	and	7
heels	of	4
heels	to	3
heels	with	3
hefty	fine	3
hefty	sum	3
heh	heh	5
height	of	69
height	as	13
height	is	11
height	and	9
height	please	3
heights	of	8
heights	are	5
heights	in	5
heights	and	3
heights	is	3
heimlich	maneuver	3
heinous	crime	5
heir	to	13
heir	of	5
heirloom	tomatoes	3
heirs	to	4
heist	was	3
held	in	137
held	the	113
held	a	101
held	his	69
held	up	69
held	on	51
helen	is	14
helen	keller	7
helicopter	is	11
helicopter	landed	7
helicopter	pilot	7
helicopter	to	6
helicopter	flying	5
helicopter	can	4
helicopters	in	4
helicopters	and	3
helicopters	to	3
helium	and	6
helium	is	6
hell	is	88
hell	out	46
hell	of	36
hell	are	32
hell	with	29
hell	and	20
hello	to	107
hello	my	22
hello	everyone	16
hello	is	14
hello	and	13
helmet	when	27
helmet	on	16
helmet	is	9
helmet	and	4
helmet	to	3
helmets	on	4
helmets	are	3
help	you	2085
help	me	1853
help	us	789
help	him	742
help	her	622
help	them	443
helped	me	278
helped	her	159
helped	him	149
helped	you	111
helped	the	72
helpful	to	34
helpful	in	10
helpful	and	7
helpful	for	7
helpful	advice	6
helpful	when	5
helping	me	117
helping	him	81
helping	her	65
helping	us	44
helping	you	44
helping	them	42
helpless	and	4
helpless	in	4
helps	me	77
helps	us	44
helps	you	40
helps	to	37
helps	her	30
helps	the	18
helsinki	is	5
hem	of	7
hemisphere	and	6
hemisphere	spring	4
hemisphere	are	3
hemisphere	is	3
hemisphere	winter	3
hen	has	13
hen	lays	6
hen	is	4
hen	that	4
hen	laid	3
hence	the	8
hence	he	3
hence	their	3
henri	matisse	3
henry	kissinger	6
henry	said	5
henry	has	4
henry	is	4
henry	was	4
henry	to	3
hens	lay	12
hens	are	6
hens	laid	4
hens	and	3
her	to	1466
her	a	654
her	husband	536
her	mother	518
her	own	483
her	hair	449
hera	is	3
herald	of	4
herb	and	5
herb	of	3
herbal	tea	19
herbal	medicine	5
herbal	supplements	3
herbs	and	14
herbs	for	3
herbs	in	3
hercules	and	4
hercules	is	4
herd	dog	43
herd	of	35
herd	was	28
herd	to	12
herd	animals	6
herd	and	5
herding	his	3
herds	and	13
herds	of	11
herds	in	7
herds	are	6
herds	to	5
herds	called	4
here	to	916
here	for	910
here	in	725
here	is	566
here	and	412
here	are	306
hereditary	disease	4
heresy	in	4
heresy	here	3
heretics	were	5
heritage	site	15
heritage	of	13
heritage	and	10
heritage	is	6
heritage	sites	5
heritage	to	4
hermit	is	3
hero	of	14
hero	in	13
hero	is	10
hero	who	9
hero	but	5
hero	to	3
heroes	are	5
heroes	in	5
heroes	of	5
heroin	addict	6
heroin	is	3
heroin	or	3
heroine	of	6
heron	is	3
herring	salad	6
herring	is	3
hers	is	8
hers	was	6
hers	and	4
hers	are	3
herself	in	146
herself	to	111
herself	a	104
herself	with	60
herself	as	42
herself	on	36
hesitant	to	51
hesitant	about	7
hesitant	at	4
hesitate	to	134
hesitate	a	4
hesitate	for	3
hesitate	is	3
hesitated	to	17
hesitated	for	8
hesitated	before	6
hesitating	to	5
hesitation	he	5
hesitation	in	5
hey	you	61
hey	i	36
hey	what	30
hey	look	24
hi	to	45
hi	how	10
hi	my	9
hi	i	6
hi	there	6
hiccups	are	6
hid	in	119
hid	the	110
hid	behind	84
hid	under	43
hid	his	37
hid	it	18
hidden	in	58
hidden	from	28
hidden	under	23
hidden	by	19
hidden	behind	17
hidden	the	10
hide	and	86
hide	the	73
hide	in	59
hide	his	56
hide	from	47
hide	it	43
hideout	is	3
hides	his	6
hides	in	5
hides	a	3
hides	behind	3
hides	its	3
hiding	in	96
hiding	something	96
hiding	behind	53
hiding	from	47
hiding	place	42
hiding	under	35
hierarchy	is	6
high	school	1290
high	in	96
high	speed	68
high	quality	57
high	time	57
high	and	51
higher	than	97
higher	education	21
higher	and	17
higher	the	16
higher	salary	13
higher	wages	13
highest	mountain	55
highest	level	16
highest	in	14
highest	point	14
highest	score	10
highest	peak	9
highlight	of	14
highlight	the	10
highlighted	in	7
highlighted	the	3
highlights	the	8
highlights	their	3
highly	unlikely	54
highly	of	33
highly	recommend	22
highly	developed	13
highly	educated	13
highly	intelligent	13
highs	and	4
highway	code	7
highway	in	7
highway	is	7
highway	system	4
highway	was	4
highway	will	4
highways	in	5
highways	are	4
hike	in	13
hike	was	6
hike	through	5
hike	up	5
hike	has	4
hike	with	4
hiking	in	52
hiking	trail	37
hiking	with	27
hiking	and	14
hiking	on	12
hiking	boots	9
hill	is	32
hill	and	19
hill	in	10
hill	was	10
hill	to	8
hill	commands	7
hillary	clinton	10
hills	and	20
hills	in	10
hills	of	6
hills	are	5
hills	were	5
hills	which	3
hillside	in	4
hilly	terrain	3
hilton	hotel	30
him	to	2404
him	a	1025
him	in	779
him	for	626
him	and	520
him	that	478
himalayas	are	3
himself	in	360
himself	to	320
himself	a	196
himself	with	142
himself	as	120
himself	from	85
hind	legs	27
hind	leg	4
hinder	me	5
hinder	our	4
hinder	my	3
hinder	the	3
hinder	us	3
hindi	and	10
hindi	is	4
hindsight	is	5
hindu	and	6
hindu	family	5
hindu	nationalist	5
hindu	religion	5
hindu	reincarnation	3
hindus	and	6
hindus	believe	6
hinges	on	8
hinges	and	3
hint	of	32
hint	at	4
hint	that	4
hint	and	3
hinted	at	13
hinted	that	9
hinting	at	6
hints	and	3
hints	of	3
hip	hop	8
hip	hurts	3
hippo	is	3
hippopotamus	is	4
hippopotamus	at	3
hippos	can	7
hippos	are	4
hippos	and	3
hippos	have	3
hips	and	5
hire	a	104
hire	you	29
hire	someone	26
hire	me	24
hire	him	22
hire	them	16
hired	a	137
hired	to	25
hired	him	23
hired	me	22
hired	someone	20
hired	them	13
hires	prostitutes	4
hires	people	3
hiring	a	15
hiring	me	4
hiring	any	3
hiring	him	3
hiroshi	is	5
hiroshi	died	3
hiroshima	and	12
hiroshima	in	3
hiroshima	peace	3
his	own	1570
his	life	1290
his	wife	1145
his	father	1045
his	car	897
his	mother	862
hispanic	country	5
hispanic	but	3
hiss	of	3
hissing	sound	4
historians	say	5
historic	building	10
historic	buildings	7
historic	moment	4
historic	district	3
historic	event	3
historic	sites	3
historical	and	7
historical	sites	7
historical	accuracy	6
historical	buildings	6
historical	events	6
historical	novels	6
historically	been	4
historically	the	4
history	of	289
history	is	89
history	and	61
history	in	27
history	books	26
history	teacher	25
hit	the	346
hit	by	181
hit	me	144
hit	a	108
hit	him	102
hit	her	91
hitch	a	5
hitch	the	3
hitched	a	11
hitchhike	anymore	3
hither	and	4
hither	to	3
hitler	was	17
hitler	had	7
hitler	and	6
hitler	suffered	3
hitman	to	4
hits	the	10
hits	you	6
hits	his	5
hits	a	4
hits	me	4
hits	on	3
hitting	the	47
hitting	on	33
hitting	a	15
hitting	me	15
hitting	her	12
hitting	him	10
hiv	positive	7
hiv	transmission	5
hiv	aids	4
hiv	and	4
hiv	in	4
hiv	infection	4
hive	of	10
hive	is	3
hives	in	4
hives	when	3
hmm	i	7
ho	chi	13
hoard	so	3
hoarding	is	3
hoarse	from	8
hoarse	voice	3
hobbies	are	12
hobbies	is	12
hobbies	and	3
hobby	is	90
hobby	of	22
hobby	for	6
hobby	he	6
hobby	was	6
hobby	but	4
hockey	player	9
hockey	rink	7
hockey	game	6
hockey	team	6
hockey	is	5
hockey	players	4
hog	the	3
hogging	the	3
hoist	the	5
hokkaido	is	11
hokkaido	to	6
hokkaido	but	3
hokkaido	then	3
hold	on	169
hold	the	132
hold	of	126
hold	a	87
hold	your	86
hold	it	75
holder	of	3
holding	a	149
holding	the	53
holding	hands	37
holding	his	32
holding	up	24
holding	it	21
holds	a	44
holds	the	41
holds	good	16
holds	for	10
holds	true	8
holds	an	7
hole	in	200
hole	is	23
hole	and	18
hole	with	12
hole	on	8
hole	to	7
holed	up	6
holes	in	54
holes	are	11
holes	and	6
holes	is	4
holes	on	4
holes	for	3
holiday	in	55
holiday	season	26
holiday	to	24
holiday	this	20
holiday	on	16
holiday	for	14
holidays	in	29
holidays	are	16
holidays	i	6
holidays	to	6
holidays	with	6
holidays	and	5
holland	is	3
holland	you	3
hollow	of	7
hollow	and	3
hollow	tree	3
holly	and	4
hollywood	movies	8
hollywood	sign	5
hollywood	star	5
hollywood	movie	4
hollywood	are	3
holmes	was	16
holmes	had	11
holmes	said	9
holmes	and	8
holmes	in	7
holmes	sat	6
holocaust	is	4
holocaust	was	4
holocaust	by	3
holocaust	survivors	3
holy	spirit	20
holy	book	17
holy	month	13
holy	roman	10
holy	water	8
holy	writings	8
homage	to	13
home	and	346
home	to	345
home	from	307
home	in	290
home	by	263
home	with	220
homeland	is	9
homeland	security	5
homeland	again	4
homeland	the	3
homeless	people	33
homeless	man	26
homeless	guy	25
homeless	person	14
homeless	and	12
homeless	shelter	9
homely	atmosphere	3
homemade	pizza	6
homemade	bread	5
homemade	apple	3
homemade	ice	3
homemade	jam	3
homemade	treats	3
homer	was	5
homeroom	teacher	18
homes	and	37
homes	in	22
homes	for	13
homes	were	11
homes	with	11
homes	are	8
hometown	is	14
hometown	in	5
hometown	of	5
hometown	for	3
homework	before	49
homework	by	40
homework	to	39
homework	for	30
homework	in	27
homework	yet	26
homicidal	maniac	3
homicide	rate	5
homicide	detective	4
homo	sapiens	11
homosexuality	is	16
hone	in	3
hone	their	3
honest	with	121
honest	man	57
honest	i	51
honest	and	27
honest	person	24
honest	opinion	17
honestly	i	35
honestly	think	14
honestly	say	9
honestly	believe	5
honesty	is	42
honesty	and	10
honesty	does	4
honesty	i	4
honesty	was	4
honey	is	41
honey	in	19
honey	and	12
honey	to	12
honey	on	11
honey	bee	10
honeymoon	in	12
honeymoon	is	4
honeymoon	was	4
honeymoon	on	3
hong	kong	93
honking	his	8
honking	their	4
honking	her	3
honolulu	tomorrow	3
honor	of	68
honor	to	50
honor	the	16
honor	and	14
honor	for	11
honor	is	9
honorable	but	3
honored	to	30
honored	by	8
honored	the	4
honored	with	3
honors	from	3
honour	of	14
honour	to	14
honour	and	11
honour	for	7
honour	the	6
honour	is	3
honourable	intentions	3
honoured	to	6
honoured	with	3
hood	of	11
hood	and	7
hood	has	3
hood	over	3
hood	took	3
hooded	jacket	3
hook	up	20
hook	this	5
hook	line	4
hook	a	3
hook	for	3
hook	to	3
hooked	on	21
hooked	up	6
hooked	my	3
hooking	up	9
hooky	yesterday	3
hoover	is	4
hoover	was	3
hooves	and	3
hop	in	6
hop	on	5
hop	around	3
hop	skip	3
hope	that	1195
hope	you	799
hope	to	400
hope	i	323
hope	we	233
hoped	to	99
hoped	that	54
hoped	for	53
hoped	he	20
hoped	they	16
hoped	you	15
hopeful	about	9
hopeful	that	7
hopeful	than	5
hopeful	for	4
hopeful	note	3
hopefully	we	17
hopefully	it	10
hopefully	the	10
hopefully	things	7
hopefully	this	7
hopeless	case	8
hopeless	romantic	5
hopeless	situation	5
hopeless	idiot	4
hopeless	and	3
hopelessly	in	4
hopes	to	65
hopes	that	42
hopes	for	28
hopes	of	27
hopes	and	17
hopes	up	15
hoping	to	178
hoping	that	102
hoping	for	91
hoping	you	41
hoping	we	37
hopkins	university	5
hopped	in	21
hopped	on	15
hopped	into	13
hopped	onto	5
hopped	out	4
hopped	off	3
hopping	around	3
horde	of	4
hordes	of	7
horizon	is	9
horizon	with	8
horizon	in	7
horizon	the	5
horizon	to	5
horizon	and	4
horizons	spacecraft	5
horizons	and	4
horizons	space	3
horizontal	desire	4
horizontal	bar	3
horizontal	lines	3
hormonal	sex	3
hormone	replacement	6
hormone	therapy	6
hormone	that	3
hormones	and	3
hormones	to	3
horn	of	11
horn	family	5
horn	is	5
horn	as	4
horn	like	4
horn	but	3
hornets	are	4
horns	and	8
horns	are	5
horns	the	4
horns	as	3
horns	but	3
horny	toad	3
horoscope	every	3
horoscope	today	3
horrible	things	23
horrible	thing	16
horrible	to	14
horrible	person	11
horrible	day	8
horrible	and	7
horribly	wrong	9
horrific	acts	3
horrific	burns	3
horrified	by	16
horrified	at	5
horrified	to	3
horror	movies	56
horror	movie	30
horror	films	15
horror	and	11
horror	film	11
horror	as	10
horrors	of	7
horse	is	107
horse	and	54
horse	to	24
horse	has	23
horse	was	18
horse	in	17
horseback	riding	27
horseback	and	3
horsemen	were	3
horses	are	63
horses	and	37
horses	in	18
horses	were	13
horses	is	7
horseshoe	and	4
hose	is	4
hospitable	people	3
hospitable	to	3
hospital	for	72
hospital	in	52
hospital	to	34
hospital	is	22
hospital	now	19
hospital	immediately	18
hospitality	of	8
hospitality	and	7
hospitality	in	4
hospitality	is	3
hospitalized	for	5
hospitalized	and	4
hospitalized	in	3
hospitals	are	21
hospitals	in	14
hospitals	and	11
hospitals	for	3
host	of	31
host	the	10
host	to	8
host	family	6
host	and	5
host	city	4
hostage	takers	4
hostage	situation	3
hostages	will	5
hostages	are	4
hostages	were	4
hostages	have	3
hostages	to	3
hosted	a	17
hosted	by	9
hosted	the	6
hosted	an	4
hostile	to	25
hostile	environment	13
hostile	toward	3
hostilities	and	3
hostility	against	3
hostility	and	3
hostility	towards	3
hosting	a	7
hosting	the	5
hosts	the	5
hosts	of	4
hot	water	138
hot	in	132
hot	and	100
hot	today	90
hot	to	69
hot	weather	67
hotel	room	115
hotel	is	100
hotel	in	93
hotel	was	41
hotel	for	34
hotel	has	34
hotels	in	26
hotels	are	14
hotels	and	10
hotels	on	5
hotels	around	3
hotels	there	3
hots	for	4
hotter	than	24
hotter	and	15
hotter	in	4
hotter	yesterday	3
hottest	summer	7
hottest	planet	5
hottest	day	4
hottest	year	4
hottest	season	3
hound	of	5
hour	to	109
hour	ago	105
hour	and	71
hour	of	67
hour	in	34
hour	or	33
hours	to	275
hours	a	166
hours	of	164
hours	ago	95
hours	and	63
hours	in	60
house	is	979
house	in	439
house	was	436
house	and	245
house	for	207
house	to	194
housed	in	5
household	chores	18
household	appliances	8
household	and	7
household	items	4
household	was	4
household	name	3
households	own	3
households	with	3
houses	are	72
houses	in	55
houses	were	46
houses	and	29
houses	on	24
houses	of	22
housewarming	party	5
housewife	and	4
housework	is	4
housework	to	4
housing	is	10
housing	market	10
housing	for	8
housing	estate	6
housing	project	6
housing	problem	5
houston	is	4
houston	texas	3
hover	over	3
hovering	above	5
hovering	around	5
hovering	over	5
hovering	in	3
how	to	5060
how	many	3771
how	much	3266
how	do	2364
how	long	2090
how	did	1699
however	i	69
however	the	62
however	he	44
however	you	40
however	it	37
however	they	25
howl	like	5
howl	of	5
howl	and	3
howling	in	9
howling	at	6
howling	outside	5
howling	of	3
hub	for	9
hub	of	8
hub	in	7
hubble	space	19
hubble	has	5
hubble	is	5
hubble	constant	4
hubble	telescope	3
hubble	was	3
hubbub	of	6
huddled	together	11
huddled	around	7
hudson	river	3
hue	of	5
hug	you	34
hug	me	21
hug	her	17
hug	him	14
hug	and	12
hug	your	10
huge	mistake	37
huge	amount	25
huge	success	22
huge	fan	16
huge	house	15
huge	and	14
hugely	popular	3
hugged	her	46
hugged	him	32
hugged	his	24
hugged	me	13
hugged	the	12
hugging	and	7
hugging	her	7
hugging	each	6
hugging	my	4
hugging	him	3
hugs	and	6
hull	of	5
hull	is	3
hum	of	6
hum	and	3
human	beings	209
human	rights	191
human	being	182
human	body	77
human	nature	57
human	life	52
humane	society	5
humanitarian	aid	12
humanitarian	crisis	7
humanitarian	mission	6
humanitarian	crises	4
humanitarian	affairs	3
humanity	is	42
humanity	has	22
humanity	and	10
humanity	will	10
humanity	must	8
humanity	to	7
humankind	has	6
humankind	is	5
humankind	to	4
humanly	possible	6
humanoid	figure	8
humanoid	in	3
humanoid	shape	3
humans	are	185
humans	have	45
humans	to	35
humans	and	34
humans	in	17
humans	can	13
humble	abode	7
humble	and	6
humble	it	5
humble	home	4
humble	opinion	4
humble	people	4
humbled	by	6
humid	here	9
humid	today	9
humid	in	8
humid	and	5
humid	climate	4
humid	weather	4
humidity	is	13
humidity	and	4
humidity	in	3
humidity	that	3
humiliate	her	7
humiliate	them	6
humiliate	him	5
humiliate	me	5
humiliate	you	5
humiliated	in	12
humiliated	by	7
humiliated	him	6
humiliated	and	5
humiliated	twice	3
humiliating	defeat	3
humility	and	9
humility	is	6
humility	as	3
humming	a	6
humming	to	5
humming	and	3
humming	in	3
humming	of	3
hummingbird	is	3
humor	is	19
humor	in	9
humor	and	4
humor	for	4
humor	of	4
humor	to	4
humour	is	7
humour	and	6
humour	was	3
hump	on	4
hump	but	3
hump	day	3
humpty	dumpty	8
hunch	something	8
hunch	that	8
hundred	dollars	204
hundred	years	168
hundred	and	144
hundred	people	49
hundred	thousand	48
hundred	times	48
hundreds	of	351
hundreds	and	6
hundreds	or	5
hung	up	137
hung	out	92
hung	the	45
hung	a	25
hung	his	25
hung	on	21
hungarian	is	19
hungarian	and	14
hungarian	language	13
hungarian	people	7
hungarian	but	4
hungarian	in	4
hungarians	are	5
hungary	is	15
hungary	and	6
hungary	was	5
hungary	in	4
hungary	romania	3
hunger	is	25
hunger	and	24
hunger	strike	10
hunger	in	9
hunger	for	8
hunger	was	4
hungry	and	47
hungry	now	25
hungry	so	25
hungry	right	23
hungry	for	21
hungry	i	20
hunky	man	4
hunky	dory	3
hunt	for	19
hunt	and	9
hunt	anymore	9
hunt	in	9
hunt	is	4
hunt	with	4
hunted	for	10
hunted	by	6
hunted	and	4
hunted	down	3
hunted	in	3
hunted	the	3
hunter	shot	9
hunter	was	5
hunter	aimed	3
hunters	and	6
hunters	aimed	3
hunters	meet	3
hunting	and	17
hunting	in	16
hunting	for	13
hunting	is	10
hunting	with	10
hunting	knife	9
hurled	the	6
hurricane	center	4
hurricane	force	4
hurricane	katrina	4
hurricane	like	4
hurricane	sandy	4
hurricane	season	4
hurricanes	and	8
hurricanes	are	8
hurried	to	93
hurried	back	25
hurried	out	25
hurried	home	15
hurried	so	14
hurried	over	13
hurry	up	255
hurry	to	109
hurry	or	22
hurry	and	21
hurry	you	19
hurrying	to	10
hurrying	down	3
hurt	you	231
hurt	her	127
hurt	me	121
hurt	him	87
hurt	his	86
hurt	my	76
hurtful	things	7
hurtful	comments	6
hurtful	and	4
hurtful	words	3
hurting	me	16
hurting	her	8
hurting	you	8
hurting	anyone	7
hurting	his	7
hurting	him	6
hurts	to	30
hurts	when	22
hurts	me	21
hurts	a	20
hurts	because	13
hurts	the	11
husband	is	189
husband	and	100
husband	was	57
husband	to	32
husband	has	30
husband	died	25
husbands	and	11
husbands	are	4
husbands	have	3
hush	of	3
hushed	and	5
hustle	and	10
hut	in	10
hut	and	5
hut	is	5
hut	at	4
hut	on	4
hut	was	4
hybrid	between	4
hydrated	and	4
hydrogen	and	15
hydrogen	atoms	10
hydrogen	is	7
hydrogen	atom	5
hydrogen	peroxide	5
hydrogen	helium	4
hyena	was	30
hyena	ran	5
hyena	and	4
hyena	in	4
hyena	away	3
hyenas	in	7
hyenas	are	5
hygiene	is	7
hygiene	and	3
hygiene	products	3
hype	and	4
hypnosis	in	3
hypnotized	by	3
hypocrisy	is	15
hypocrisy	and	3
hypocrisy	of	3
hypocritical	and	3
hypocritical	as	3
hypothesis	is	14
hypothesis	was	3
hypothetical	scenarios	6
hypothetical	situations	6
hypothetical	question	4
hysterically	crying	3
i	have	16191
i	was	15165
i	think	11053
i	want	10203
ibm	is	3
ibn	al	3
ice	cream	703
ice	and	54
ice	is	45
ice	skating	39
ice	cold	28
ice	hockey	27
iceberg	lettuce	5
iced	tea	49
iced	coffee	35
iced	black	28
iced	green	16
iced	classic	9
iced	diet	3
iceland	is	8
iceland	has	6
iceland	was	3
icelandic	is	5
icelandic	language	3
icing	on	4
icon	of	5
icon	on	3
icon	to	3
iconic	algerian	3
iconic	fifth	3
icy	wind	7
icy	water	6
icy	crust	5
icy	air	4
icy	cold	4
icy	roads	4
id	card	24
id	cards	6
id	and	4
id	on	4
id	please	4
id	to	3
idea	what	383
idea	of	335
idea	to	234
idea	how	191
idea	that	185
idea	is	132
ideal	for	26
ideal	place	9
ideal	but	7
ideal	of	7
ideal	husband	5
ideal	life	5
ideals	of	8
ideals	and	4
ideals	democracy	4
ideals	that	3
ideas	are	96
ideas	and	38
ideas	on	28
ideas	about	25
ideas	of	24
ideas	to	17
identical	to	18
identical	twins	17
identical	twin	11
identical	with	5
identical	spacecraft	3
identification	number	4
identification	card	3
identification	in	3
identified	by	21
identified	the	20
identified	as	17
identified	a	10
identified	with	8
identified	himself	6
identifies	as	8
identify	the	33
identify	as	28
identify	with	17
identify	and	8
identify	all	6
identify	themselves	6
identifying	as	4
identity	is	31
identity	of	19
identity	card	13
identity	and	11
identity	crisis	6
identity	disorder	5
ideology	is	19
ideology	of	6
ideology	and	5
ideology	on	3
ideology	that	3
ideology	was	3
idiot	to	12
idiot	i	9
idiot	is	9
idiot	and	7
idiot	who	7
idiot	that	6
idiots	in	5
idiots	are	4
idiots	who	3
idle	hands	7
idle	away	5
idle	and	4
idle	speculation	4
idle	chatter	3
idle	in	3
idly	by	5
idol	of	6
idol	is	3
idyllic	life	3
idyllic	picture	3
if	you	9632
if	i	4271
if	he	1528
if	it	1284
if	we	1177
if	the	1003
ifs	or	4
ignite	the	6
ignited	a	4
ignited	the	4
ignition	and	4
ignorance	is	41
ignorance	of	18
ignorance	and	16
ignorance	in	7
ignorance	that	4
ignorant	of	48
ignorant	people	12
ignorant	and	7
ignorant	person	6
ignorant	but	5
ignorant	that	4
ignore	the	49
ignore	it	42
ignore	this	24
ignore	him	23
ignore	that	23
ignore	them	23
ignored	the	66
ignored	me	33
ignored	him	31
ignored	her	16
ignored	it	14
ignored	that	13
ignores	my	4
ignores	the	4
ignores	you	4
ignores	me	3
ignoring	me	30
ignoring	the	22
ignoring	him	10
ignoring	you	8
ignoring	layla	7
ignoring	them	4
igor	was	172
igor	and	39
igor	had	29
igor	heard	24
igor	started	22
ii	was	13
ii	and	7
ii	ended	6
ii	is	5
ii	has	4
ii	in	4
iii	was	3
ill	of	82
ill	in	32
ill	and	29
ill	for	26
ill	at	25
ill	with	25
illegal	to	54
illegal	in	34
illegal	drugs	9
illegal	immigrants	8
illegal	activities	7
illegal	for	7
illegally	occupied	8
illegally	to	5
illegally	parked	4
illegally	plundered	4
illegally	controlled	3
illegitimate	children	3
illicit	affair	3
illinois	and	3
illness	is	29
illness	prevented	21
illness	and	13
illness	that	12
illness	he	9
illness	i	8
illnesses	and	3
illnesses	are	3
illuminate	the	6
illuminated	the	15
illuminated	by	12
illuminated	with	4
illuminating	the	3
illusion	that	11
illusion	of	10
illusion	and	5
illusion	is	4
illusion	you	3
illusions	about	5
illusions	are	3
illustrate	what	4
illustrated	by	5
illustrated	his	5
illustrated	the	4
illustration	of	6
illustrations	are	3
image	of	79
image	is	19
image	and	13
image	in	10
image	that	9
image	to	9
images	of	52
images	and	13
images	from	8
images	are	7
images	in	5
images	that	5
imaginary	friend	24
imaginary	friends	9
imaginary	world	6
imaginary	number	5
imaginary	numbers	3
imagination	is	26
imagination	and	14
imagination	to	10
imagination	of	8
imagination	run	6
imagination	has	4
imagine	how	80
imagine	that	78
imagine	what	73
imagine	a	53
imagine	the	26
imagine	my	17
imagined	that	41
imagined	it	23
imagined	my	7
imagined	you	7
imagined	the	6
imagines	that	3
imagining	things	21
imagining	it	7
imagining	that	4
imagining	you	4
imam	is	15
imam	was	14
imam	of	11
imam	gave	3
imam	in	3
imam	to	3
imbalance	between	4
imf	said	3
imitate	the	14
imitate	their	8
imitate	human	7
imitate	him	3
imitate	it	3
imitate	me	3
imitates	life	4
imitates	art	3
imitating	me	4
imitating	the	4
imitating	her	3
imitating	their	3
imitation	of	8
immediate	action	13
immediate	family	8
immediate	answer	5
immediate	danger	5
immediate	vicinity	5
immediate	effect	4
immediately	after	48
immediately	ran	28
immediately	started	27
immediately	went	23
immediately	knew	21
immediately	to	21
immense	joy	6
immense	amount	4
immense	power	4
immense	pressure	4
immensely	proud	3
immerse	myself	7
immerse	yourself	4
immerse	himself	3
immersed	in	19
immersed	himself	8
immersed	herself	3
immersion	in	4
immigrant	family	3
immigrant	in	3
immigrants	from	15
immigrants	are	8
immigrants	in	8
immigrants	to	8
immigrants	who	8
immigrants	and	6
immigration	is	11
immigration	and	5
immigration	office	5
immigration	system	5
immigration	in	4
immigration	policies	3
immoral	to	5
immortal	soul	4
immortality	of	3
immune	system	40
immune	to	21
immune	systems	11
immune	response	9
immune	from	4
immunity	from	4
immunity	is	4
immunity	to	4
imogen	of	27
impact	on	106
impact	of	80
impact	the	10
impact	and	7
impact	craters	6
impact	at	5
impacted	by	11
impacted	your	3
impacts	of	18
impacts	on	14
impacts	and	5
impacts	from	4
impaled	on	5
impaled	himself	4
impatience	is	3
impatient	to	18
impatient	with	14
impatient	for	11
impatient	and	8
impatient	when	5
impediment	to	4
imperative	that	16
imperative	to	6
imperfect	human	3
imperfect	we	3
imperial	palace	7
imperial	martian	4
imperial	hotel	3
imperialism	is	5
impervious	to	12
impetuous	and	3
implant	is	3
implanted	in	3
implement	the	6
implement	a	5
implement	it	4
implemented	a	7
implemented	in	4
implemented	measures	4
implicated	in	4
implication	of	4
implication	that	3
implications	for	9
implications	of	8
implications	are	5
implications	in	3
implied	that	7
implied	by	5
implies	that	10
implies	the	4
implies	consent	3
implore	you	6
implore	their	3
imply	that	22
imply	anything	5
imply	a	3
imply	you	3
implying	that	7
implying	anything	3
impolite	of	18
impolite	to	13
impolite	in	5
impolite	question	3
import	of	5
import	duties	4
import	a	3
importance	of	150
importance	to	42
importance	in	16
importance	on	9
importance	and	7
importance	that	4
important	to	783
important	for	203
important	than	161
important	thing	147
important	that	124
important	in	90
importantly	the	4
imported	from	20
imported	goods	9
imported	cars	8
imported	beer	4
imported	products	4
imported	wine	4
importing	wheat	3
imports	of	8
imports	a	7
imports	have	4
imports	almost	3
imports	from	3
imports	gas	3
impose	boundaries	12
impose	on	11
impose	a	5
impose	our	4
impose	sanctions	4
impose	the	4
imposed	on	32
imposed	a	10
imposed	by	9
imposed	heavy	4
imposed	so	4
imposed	upon	3
imposing	a	5
imposing	on	3
imposition	of	3
impossible	to	471
impossible	for	145
impossible	but	11
impossible	that	11
impossible	without	11
impossible	not	10
impress	her	35
impress	me	20
impress	the	18
impress	him	17
impress	them	17
impress	you	10
impressed	by	97
impressed	with	52
impressed	me	26
impressed	everyone	6
impressed	the	6
impression	of	60
impression	that	58
impression	on	51
impression	you	5
impression	is	4
impression	which	4
impressionable	teenager	3
impressions	are	12
impressions	can	9
impressions	of	6
impressions	on	3
impressive	to	7
imprison	the	3
imprisoned	for	10
imprisoned	in	8
improbable	to	3
improve	my	116
improve	the	98
improve	your	94
improve	his	61
improve	its	37
improve	their	36
improved	his	17
improved	a	14
improved	conditions	14
improved	in	12
improved	since	10
improved	the	9
improvement	in	16
improvement	is	14
improvement	of	10
improvement	over	4
improvement	comes	3
improvement	store	3
improvements	to	6
improvements	have	5
improvements	in	5
improves	the	11
improves	your	3
improving	the	29
improving	my	10
improving	its	8
improving	in	7
improving	little	5
improving	your	4
improvisation	is	4
improvised	a	3
impudent	of	4
impulse	to	10
impulse	was	3
in	the	46322
in	a	11978
in	his	4646
in	this	4517
in	my	4371
in	boston	3492
inability	to	32
inability	of	7
inaccessible	to	5
inactive	for	4
inadequate	infrastructure	3
inadequate	to	3
inanimate	objects	3
inappropriate	for	5
inappropriate	in	5
inappropriate	things	5
inappropriate	comments	4
inappropriate	behavior	3
inappropriate	to	3
inauguration	of	3
incapable	of	63
incarcerated	for	5
incarnation	of	4
incas	were	3
incentive	to	6
incentive	for	4
inch	of	29
inch	and	9
inch	a	7
inch	in	4
inches	of	14
inches	taller	11
inches	away	7
inches	wide	5
inches	in	4
inches	long	4
incident	was	14
incident	happened	12
incident	to	10
incident	in	8
incident	at	7
incident	is	5
incidentally	i	4
incidents	of	5
incidents	are	3
incidents	occurred	3
incite	violence	3
inciting	violence	3
inclination	to	7
inclination	towards	5
inclined	to	70
inclined	towards	4
include	the	35
include	a	27
include	me	5
include	people	5
include	it	4
include	trans	4
included	in	63
included	a	18
included	the	9
included	among	3
included	an	3
included	on	3
includes	a	35
includes	the	25
includes	an	8
includes	many	5
includes	both	4
includes	more	4
including	the	94
including	a	28
including	in	12
including	me	11
including	those	8
income	is	34
income	tax	19
income	from	17
income	country	16
income	in	11
income	and	10
incompatible	with	10
incompetence	and	3
incompetent	people	3
incomplete	without	6
incomplete	and	3
incomprehensible	to	7
inconceivable	that	5
inconsistencies	in	3
inconsistent	with	9
inconvenience	you	5
inconvenience	caused	4
inconvenience	of	3
inconvenience	to	3
inconvenient	for	5
inconvenient	time	4
inconvenient	and	3
incorporated	into	5
incorporated	in	3
incorrect	sentences	4
incorrect	and	3
incorrect	but	3
incorrect	sentence	3
increase	in	123
increase	the	61
increase	its	28
increase	of	23
increase	your	20
increase	and	12
increased	in	37
increased	by	28
increased	the	20
increased	risk	12
increased	its	11
increased	his	6
increases	the	24
increases	in	11
increases	with	5
increases	as	3
increases	knowledge	3
increases	your	3
increasing	the	25
increasing	in	20
increasing	number	11
increasing	its	5
increasing	recently	5
increasing	year	4
increasingly	important	8
increasingly	popular	7
increasingly	difficult	6
increasingly	diverse	3
increasingly	unsafe	3
increasingly	worried	3
incredible	amount	9
incredible	that	8
incredible	thing	7
incredible	story	6
incredible	opportunity	5
incredible	to	5
incredibly	beautiful	11
incredibly	stupid	10
incredibly	boring	8
incredibly	difficult	8
incredibly	fast	7
incredibly	hot	6
incurable	disease	12
incurred	a	3
indebted	to	29
indecent	exposure	3
indeed	a	23
indeed	the	17
indeed	i	11
indeed	be	10
indeed	he	10
indeed	very	10
indefinite	articles	3
independence	from	57
independence	in	47
independence	of	40
independence	day	14
independence	and	12
independence	war	10
independent	of	55
independent	country	21
independent	state	20
independent	and	11
independent	in	11
independent	press	9
independently	since	5
index	finger	16
index	cards	5
index	was	4
index	rose	3
india	is	50
india	and	47
india	has	16
india	was	9
india	are	7
india	the	7
indian	ocean	19
indian	and	16
indian	food	10
indian	restaurant	10
indian	languages	6
indian	wedding	4
indiana	jones	3
indians	were	8
indians	are	7
indians	and	5
indicate	that	22
indicate	the	11
indicate	a	8
indicate	an	3
indicate	how	3
indicate	stress	3
indicated	that	10
indicated	by	5
indicated	in	5
indicated	the	4
indicated	on	3
indicates	that	26
indicates	the	13
indicates	a	6
indicates	it	3
indicating	that	5
indicating	the	4
indication	of	13
indication	that	3
indications	that	4
indications	of	3
indicative	of	3
indicator	of	7
indicators	of	5
indicted	for	3
indie	rock	5
indifference	is	6
indifference	to	5
indifferent	to	52
indifferent	about	3
indigenous	people	26
indigenous	to	16
indigenous	peoples	15
indigenous	population	15
indigenous	language	14
indigenous	languages	11
indigo	dye	3
indispensable	to	21
indispensable	for	8
individual	has	12
individual	is	11
individual	and	9
individual	freedom	7
individual	to	6
individual	are	5
individuality	is	4
individuals	who	25
individuals	and	18
individuals	to	11
individuals	in	8
individuals	with	7
individuals	of	6
indonesia	is	12
indonesia	and	8
indonesia	means	4
indonesia	the	4
indonesian	food	5
indonesian	is	5
indonesian	and	4
indonesian	government	4
indoor	swimming	4
indoor	ivy	3
indoor	plants	3
indoors	today	6
indoors	on	5
indoors	because	4
indoors	all	3
indoors	and	3
indoors	in	3
indulge	in	20
indulge	yourself	3
indulged	in	14
indulging	in	4
industrial	revolution	19
industrial	sector	10
industrial	parks	9
industrial	park	6
industrial	city	5
industrial	plant	5
industries	in	7
industries	are	5
industries	that	4
industries	and	3
industrious	and	4
industrious	people	3
industry	is	54
industry	and	20
industry	in	16
industry	as	11
industry	has	10
industry	to	7
ineffective	against	5
inequality	in	5
inequality	is	5
inequality	between	4
inevitable	that	19
inevitable	and	5
inevitable	for	3
inevitably	lead	4
inexpensive	hotel	12
inexpensive	and	4
inexperienced	but	3
inexperienced	youths	3
infamous	for	9
infant	school	9
infant	is	3
infants	are	3
infatuated	with	19
infatuation	and	3
infect	humans	3
infected	with	51
infected	by	11
infected	people	10
infected	person	4
infected	as	3
infected	the	3
infection	is	7
infection	control	5
infection	has	5
infection	in	5
infection	from	4
infection	will	4
infections	and	6
infections	are	5
infections	has	4
infections	but	3
infections	in	3
infections	were	3
infectious	disease	20
infectious	diseases	19
inferior	to	31
inferior	and	5
inferiority	complex	15
inferiority	and	3
inferiority	complexes	3
infernal	lie	3
infestation	in	14
infested	with	18
infested	the	3
infested	waters	3
infidelity	and	3
infidelity	was	3
infiltrate	our	4
infiltrated	the	14
infinite	number	11
infinite	and	4
infinite	possibilities	4
infinite	space	4
infinite	the	4
infinitely	more	9
infinitely	many	3
inflammation	of	14
inflammation	is	3
inflate	the	4
inflated	arrogant	10
inflated	ego	4
inflated	prices	3
inflation	is	21
inflation	rate	18
inflation	has	7
inflation	in	4
inflation	problem	4
inflation	rates	4
inflict	on	5
inflicted	on	4
inflicted	by	3
inflicting	pain	4
influence	on	89
influence	of	61
influence	in	38
influence	over	12
influence	the	10
influence	and	8
influenced	by	60
influenced	my	6
influenced	me	5
influenced	your	4
influenced	him	3
influences	the	7
influences	from	4
influences	of	4
influential	in	6
influential	as	3
influential	friends	3
influential	member	3
influential	person	3
influential	to	3
influenza	is	3
info	on	5
inform	me	27
inform	you	27
inform	them	22
inform	the	16
inform	him	12
inform	us	10
informal	economy	6
informal	sector	6
information	about	173
information	is	87
information	to	60
information	on	59
information	from	52
information	and	39
informed	about	30
informed	me	25
informed	of	24
informed	that	12
informed	her	9
informing	me	6
informing	her	4
informs	us	3
infrared	light	14
infrastructure	projects	13
infrastructure	in	12
infrastructure	and	9
infrastructure	development	8
infrastructure	is	8
infrastructure	to	8
infused	with	4
infusion	of	4
inge	was	3
ingenuity	and	4
ingredient	in	32
ingredient	of	7
ingredient	is	5
ingredient	that	4
ingredient	to	4
ingredients	for	14
ingredients	in	10
ingredients	are	9
ingredients	of	9
ingredients	to	7
ingredients	and	5
inhabit	the	5
inhabitants	of	43
inhabitants	are	12
inhabitants	live	3
inhabitants	than	3
inhabitants	were	3
inhabited	by	17
inhabited	for	3
inhale	and	5
inhale	the	3
inhaled	the	5
inherent	in	15
inherent	to	4
inherent	territory	3
inherently	good	6
inherently	sexual	4
inherently	superior	4
inherently	evil	3
inherit	the	9
inherit	anything	6
inherit	from	4
inherit	his	4
inherit	what	3
inheritance	from	4
inherited	a	18
inherited	the	16
inherited	from	12
inherited	his	9
inherited	it	7
inherited	all	4
inhospitable	place	4
initial	costs	3
initial	shock	3
initially	thought	8
initially	i	3
initials	on	6
initials	into	5
initials	are	3
initials	of	3
initiated	a	5
initiative	in	9
initiative	to	9
initiative	of	5
initiative	is	3
inject	the	3
injected	into	14
injected	with	6
injected	the	5
injected	himself	4
injected	a	3
injecting	the	4
injection	of	6
injection	is	3
injection	to	3
injure	yourself	5
injure	your	4
injure	the	3
injured	in	112
injured	his	31
injured	and	18
injured	by	18
injured	man	18
injured	her	17
injuries	are	11
injuries	were	7
injuries	in	6
injuries	to	6
injuries	have	5
injury	to	8
injury	time	5
injury	was	5
injury	and	3
injury	on	3
injury	which	3
injustice	and	11
injustice	against	7
injustice	is	6
injustice	in	4
injustice	of	4
injustice	that	3
ink	is	14
ink	and	8
ink	stain	8
ink	on	6
ink	stains	6
ink	cartridge	5
inland	sea	4
inmates	on	3
innate	sense	3
inner	peace	16
inner	voice	13
inner	planets	8
inner	workings	7
inner	beauty	6
inner	city	6
innermost	thoughts	3
innocence	and	4
innocence	is	4
innocence	of	3
innocent	people	34
innocent	and	12
innocent	as	11
innocent	but	10
innocent	of	10
innocent	man	9
innovation	is	9
innovation	in	6
innovation	and	5
innovation	has	3
innovative	solutions	3
input	a	5
input	on	3
input	your	3
inquire	about	7
inquire	into	6
inquire	after	3
inquired	about	10
inquired	of	4
inquired	what	4
inquired	after	3
inquiring	into	4
inquiry	in	3
inquisition	and	4
ins	and	3
ins	with	3
insane	asylum	8
insane	and	5
insane	to	5
insane	amount	3
insanely	jealous	15
insanely	expensive	5
insanely	difficult	3
insanity	is	4
insanity	of	4
insatiable	appetite	3
inscribed	on	4
inscription	on	4
inscription	was	4
inscription	carved	3
insect	is	13
insect	repellent	10
insect	bites	5
insect	has	4
insect	species	4
insect	bite	3
insects	are	39
insects	and	22
insects	have	15
insects	that	14
insects	in	11
insects	can	9
insecure	about	18
insecure	and	4
insecure	in	4
insecure	bitch	3
insecurities	about	3
insensitive	comments	6
insensitive	to	4
insensitive	and	3
inseparable	from	7
inseparable	friends	5
insert	the	8
insert	a	5
insert	it	3
inserted	the	4
inserted	himself	3
inserted	myself	3
inside	the	754
inside	of	98
inside	out	96
inside	and	86
inside	his	65
inside	a	63
insider	trading	5
insight	into	19
insight	is	4
insights	into	12
insights	about	5
insignificant	but	6
insignificant	and	3
insignificant	in	3
insist	on	56
insist	that	27
insist	upon	4
insist	they	3
insisted	on	105
insisted	that	85
insisted	he	12
insisted	she	8
insisted	they	7
insisted	but	4
insistence	on	3
insistent	on	3
insisting	that	7
insisting	on	3
insists	on	17
insists	that	14
insomnia	and	3
insomnia	is	3
inspect	the	13
inspect	your	5
inspect	it	4
inspected	the	42
inspected	by	4
inspected	our	3
inspecting	the	7
inspecting	his	3
inspector	gregory	4
inspector	dan	3
inspector	nani	3
inspiration	for	27
inspiration	from	20
inspiration	to	19
inspiration	in	6
inspiration	of	4
inspiration	and	3
inspire	me	12
inspire	others	12
inspire	the	4
inspire	us	4
inspire	people	3
inspire	you	3
inspired	by	47
inspired	me	22
inspired	you	13
inspired	to	8
inspired	many	7
inspired	the	7
inspires	me	7
inspires	you	7
inspires	others	4
instability	in	7
instability	and	4
instagram	account	9
instagram	profile	6
instagram	for	4
instagram	and	3
instagram	page	3
instagram	picture	3
install	a	24
install	this	17
install	the	16
install	it	9
installation	is	4
installation	of	4
installed	a	29
installed	in	14
installed	on	9
installed	the	5
installed	an	4
installed	cameras	4
installing	a	5
installing	the	5
installing	solar	3
installment	of	3
instance	the	6
instance	of	5
instance	in	3
instance	one	3
instances	of	5
instances	the	3
instant	coffee	18
instant	he	10
instant	noodles	9
instant	i	8
instant	messenger	6
instant	the	5
instantly	recognized	7
instantly	became	6
instantly	fell	6
instantly	regretted	5
instantly	knew	4
instantly	turned	3
instead	of	875
instead	they	10
instead	i	9
instead	he	8
instead	the	5
instead	we	5
instinct	is	6
instinct	of	4
instinct	for	3
instinct	kicked	3
instinct	to	3
instinct	was	3
instincts	were	5
instincts	are	4
instincts	kicked	3
institute	of	27
institute	for	16
institute	in	8
institute	and	4
institute	is	4
institute	named	4
institution	for	7
institution	in	4
institution	of	3
institutions	and	9
institutions	of	6
institutions	to	6
institutions	that	4
instructed	to	14
instructed	the	7
instructed	his	5
instructed	me	4
instruction	manual	9
instruction	book	7
instruction	in	4
instruction	is	4
instruction	of	3
instructions	on	21
instructions	are	13
instructions	carefully	13
instructions	for	13
instructions	were	11
instructions	in	10
instructor	in	4
instructor	was	3
instrument	of	13
instrument	is	11
instrument	that	8
instrument	to	8
instrument	called	4
instrument	for	4
instrumental	in	6
instrumental	music	4
instruments	of	7
instruments	do	6
instruments	to	6
instruments	and	5
instruments	that	4
instruments	with	3
insufferable	person	3
insufficient	to	10
insufficient	light	3
insulation	and	3
insulin	is	4
insult	to	16
insult	you	15
insult	me	14
insult	my	14
insult	the	12
insult	people	10
insulted	me	20
insulted	him	11
insulted	mina	9
insulted	the	8
insulted	her	6
insulted	by	4
insulting	me	14
insulting	linda	8
insulting	to	5
insulting	her	4
insulting	the	4
insulting	you	4
insults	from	6
insults	and	4
insults	at	4
insults	people	4
insults	any	3
insults	the	3
insurance	policy	35
insurance	company	24
insurance	companies	13
insurance	contract	13
insurance	is	8
insurance	and	7
insured	against	5
insured	for	3
insured	his	3
intact	and	3
intake	of	5
integral	part	24
integral	and	3
integrate	into	7
integrate	the	4
integrated	into	9
integrated	in	5
integrated	circuits	3
integration	of	4
integrity	of	7
integrity	and	6
integrity	in	3
integrity	is	3
intellect	is	5
intellect	and	3
intellectual	property	11
intellectual	abilities	6
intellectual	and	4
intellectual	feats	4
intellectual	who	4
intellectual	is	3
intellectuals	in	4
intellectuals	were	4
intelligence	is	46
intelligence	and	30
intelligence	to	14
intelligence	will	10
intelligence	that	9
intelligence	agency	7
intelligent	and	38
intelligent	than	22
intelligent	life	21
intelligent	as	19
intelligent	person	16
intelligent	but	13
intend	to	677
intend	on	14
intended	to	244
intended	for	26
intended	meaning	9
intended	as	7
intended	effect	5
intended	on	5
intending	to	22
intends	to	58
intense	heat	12
intense	pain	10
intense	and	9
intense	that	8
intense	for	4
intense	in	3
intensified	as	3
intensified	by	3
intensifies	and	3
intensity	of	18
intensity	that	3
intensive	care	25
intensive	industries	7
intent	on	22
intent	to	16
intent	is	4
intent	of	4
intention	of	142
intention	to	49
intention	is	7
intention	was	7
intentionally	left	5
intentionally	hurt	4
intentions	are	25
intentions	were	21
intentions	but	7
intentions	of	7
intentions	with	7
intentions	to	4
intents	and	4
interact	with	55
interacting	with	27
interaction	with	13
interaction	he	3
interaction	they	3
interactions	with	8
interactions	between	4
intercepted	a	3
intercepted	the	3
intercourse	with	8
interest	in	331
interest	you	60
interest	me	52
interest	rates	37
interest	to	29
interest	of	17
interested	in	1556
interested	to	18
interested	only	9
interested	me	8
interested	i	7
interested	and	6
interesting	to	140
interesting	book	60
interesting	than	47
interesting	story	41
interesting	and	37
interesting	things	34
interestingly	i	3
interestingly	the	3
interests	of	31
interests	me	27
interests	in	21
interests	you	15
interests	and	11
interests	are	9
interface	of	5
interface	is	3
interfere	with	54
interfere	in	26
interfered	with	17
interference	in	4
interferes	with	10
interfering	with	11
interfering	in	5
intergalactic	voyage	4
interior	of	25
interior	design	8
interior	decoration	3
interior	minister	3
internal	affairs	15
internal	organs	6
internal	and	5
internal	bleeding	4
internal	politics	4
internal	heat	3
internally	and	3
international	language	70
international	space	54
international	law	41
international	airport	30
international	students	26
international	community	24
internationally	recognized	5
internationally	famous	3
internet	is	84
internet	connection	38
internet	access	28
internet	has	27
internet	in	19
internet	for	16
internship	at	4
internship	is	4
interplanetary	space	4
interpret	it	6
interpret	this	6
interpret	the	5
interpret	these	5
interpret	a	3
interpret	your	3
interpretation	of	19
interpretation	is	5
interpreted	the	7
interpreted	in	6
interpreted	by	5
interpreted	as	3
interpreted	for	3
interpreted	his	3
interpreter	for	3
interpreter	is	3
interpreting	is	4
interpreting	the	3
interrogate	them	3
interrogated	by	7
interrogation	room	16
interrupt	me	30
interrupt	you	21
interrupt	the	6
interrupt	this	6
interrupt	when	6
interrupt	us	5
interrupted	by	43
interrupted	the	20
interrupted	me	11
interrupted	him	7
interrupted	our	7
interrupted	you	7
interrupting	me	15
interrupting	anything	11
interrupting	you	6
interrupting	something	3
interrupting	the	3
interruption	of	3
intersection	of	7
intersection	with	4
intersection	and	3
interstellar	space	5
interstellar	travel	4
intertwined	with	3
interval	between	3
interval	training	3
intervals	of	4
intervene	in	8
intervened	in	11
intervened	to	4
intervened	and	3
intervention	of	5
interview	with	19
interview	for	18
interview	tomorrow	15
interview	is	12
interview	go	8
interview	was	8
interviewed	by	11
interviewed	for	9
interviewed	presidents	9
interviewed	him	4
interviewed	a	3
interviews	with	9
intestine	is	3
intimacy	with	6
intimate	with	11
intimate	relationship	4
intimate	contact	3
intimate	friends	3
intimate	moment	3
intimate	partner	3
intimidate	me	8
intimidate	you	5
intimidate	us	4
intimidate	him	3
intimidate	them	3
intimidated	by	25
into	the	4859
into	a	1830
into	his	589
into	my	393
into	her	238
into	an	232
intolerance	is	4
intolerant	to	5
intolerant	of	3
intoxicated	with	8
intricate	design	4
intricate	designs	3
intricate	patterns	3
intrigued	by	21
intrigued	me	5
intrigues	me	6
intriguing	to	4
introduce	you	95
introduce	me	43
introduce	myself	24
introduce	yourself	24
introduce	my	22
introduce	himself	12
introduced	himself	56
introduced	to	49
introduced	me	39
introduced	the	17
introduced	a	14
introduces	the	3
introducing	herself	3
introducing	ourselves	3
introducing	us	3
introduction	of	24
introduction	to	14
introduction	from	4
intrude	on	5
intruder	in	8
intruder	broke	3
intrusive	questions	3
intuition	is	6
intuition	and	5
invade	taiwan	19
invade	algeria	6
invade	the	5
invade	ukraine	4
invade	afghanistan	3
invade	countries	3
invaded	by	22
invaded	the	9
invaded	ukraine	8
invaded	algeria	6
invaded	and	6
invaded	iraq	6
invading	taiwan	3
invasion	of	54
invasion	in	3
invasive	species	27
invasive	plants	4
invasive	plant	3
invent	the	9
invent	a	7
invent	it	5
invent	anything	4
invent	him	4
invent	something	4
invented	the	64
invented	by	43
invented	in	26
invented	a	25
invented	it	8
invented	this	6
invention	of	45
invention	is	9
invention	will	4
invention	deserves	3
invention	to	3
invention	was	3
inventions	of	4
inventions	were	3
inventor	of	8
inventor	and	3
inventors	of	3
inventory	is	5
inventory	of	5
invest	in	79
invest	more	10
invest	a	6
invest	money	6
invest	time	4
invest	your	4
invested	in	23
invested	a	8
invested	billions	7
invested	the	4
invested	with	4
invested	his	3
investigate	the	40
investigate	that	9
investigate	this	7
investigate	it	5
investigate	a	4
investigate	and	3
investigated	the	27
investigated	and	3
investigated	by	3
investigating	the	46
investigating	a	11
investigating	that	3
investigating	this	3
investigation	is	22
investigation	into	10
investigation	of	10
investigation	has	9
investigation	on	8
investigation	to	7
investigations	are	6
investigative	journalist	4
investigator	to	5
investigators	are	6
investigators	to	6
investigators	found	4
investigators	collected	3
investigators	say	3
investing	in	55
investing	money	8
investing	heavily	5
investing	billions	4
investing	a	3
investment	in	28
investment	is	9
investment	and	6
investment	laws	5
investment	of	5
investment	advice	4
investments	in	19
investments	will	4
investments	and	3
investments	have	3
investor	in	3
investors	are	7
investors	to	6
investors	in	4
investors	and	3
investors	from	3
investors	were	3
invisible	to	19
invisible	guest	9
invisible	force	5
invisible	in	4
invisible	and	3
invitation	to	39
invitation	but	9
invitation	on	5
invitation	only	5
invitation	because	4
invitation	for	4
invitations	to	8
invite	you	59
invite	him	53
invite	me	39
invite	her	37
invite	to	30
invite	them	23
invited	to	221
invited	me	108
invited	her	47
invited	him	46
invited	layla	33
invites	us	6
invites	me	5
inviting	me	23
inviting	you	13
inviting	us	6
inviting	trouble	3
invoice	no	4
invoice	for	3
invoke	the	4
invoked	the	4
involve	the	9
involve	me	6
involve	you	4
involved	in	386
involved	with	85
involved	but	8
involved	a	7
involved	as	5
involved	at	4
involvement	in	19
involvement	is	3
involvement	with	3
involves	a	8
involves	studying	8
involves	an	3
involves	taking	3
involves	the	3
involving	a	3
involving	the	3
inward	looking	3
io	has	3
iodine	and	3
ion	batteries	5
ion	is	4
ip	address	7
ipad	mini	5
ipad	app	4
iphone	is	5
iphone	was	3
ipod	in	6
ipod	back	3
ipod	is	3
iq	is	7
iq	test	6
iq	score	3
iran	has	25
iran	is	21
iran	and	14
iran	to	8
iran	have	4
iran	are	3
iranian	government	15
iranian	languages	6
iranian	people	4
iranians	are	8
iraq	and	29
iraq	to	8
iraq	war	8
iraq	in	5
iraq	is	5
iraq	was	4
iraqi	jews	4
iraqi	citizen	3
iraqis	were	4
ireland	is	14
ireland	and	10
ireland	in	4
irene	is	3
irish	is	6
irish	accent	3
irish	but	3
irish	music	3
irma	and	3
irma	is	3
iron	is	46
iron	and	20
iron	fist	11
iron	in	9
iron	my	9
iron	ore	9
ironed	out	10
ironed	the	8
ironed	my	6
ironed	her	5
ironed	his	5
ironed	your	3
ironically	the	3
ironing	my	6
ironing	the	3
irons	in	6
irons	my	3
irony	is	7
irony	in	4
irony	of	3
irrational	number	5
irrational	and	4
irregular	and	3
irregularities	in	4
irrelevant	to	10
irresistible	charm	3
irresponsible	to	4
irreversible	damage	4
irrigation	techniques	4
irrigation	system	3
irrigation	systems	3
irritate	me	7
irritate	you	5
irritated	by	14
irritated	with	12
irritated	me	9
irritated	mina	9
irritated	him	5
irritated	at	4
irritates	me	17
irritates	my	3
irritates	us	3
is	a	22136
is	the	14087
is	not	6948
is	an	3608
is	very	3546
is	it	3504
isaac	newton	23
isaac	and	17
isaac	his	7
isaac	said	6
isaac	was	5
isaac	whom	5
isabella	to	95
isabella	was	58
isabella	and	28
isabella	in	25
isabella	if	19
isabella	a	18
isis	terrorists	5
isis	is	4
isis	terrorist	3
islam	is	283
islam	in	75
islam	and	74
islam	has	44
islam	he	37
islam	was	37
islamic	school	23
islamic	center	22
islamic	principles	21
islamic	state	15
islamic	banking	13
islamic	republic	11
island	is	84
island	of	81
island	in	73
island	was	34
island	for	21
island	to	21
islanders	are	6
islands	in	26
islands	are	25
islands	of	14
islands	and	13
islands	were	7
islands	have	5
isle	of	8
isolate	himself	6
isolate	the	4
isolate	at	3
isolate	myself	3
isolate	yourself	3
isolated	from	16
isolated	and	11
isolated	by	5
isolated	himself	5
isolated	house	4
isolated	in	4
isolation	is	5
isolation	from	4
isolation	and	3
isolation	can	3
isolation	in	3
isolation	kills	3
israel	is	52
israel	and	37
israel	in	17
israel	has	16
israel	to	11
israel	should	8
israeli	government	15
israeli	troops	14
israeli	police	13
israeli	army	12
israeli	soldiers	11
israeli	jews	9
israelis	are	10
israelis	and	5
israelis	refuse	4
issue	of	51
issue	with	41
issue	is	33
issue	in	23
issue	that	16
issue	for	15
issued	a	33
issued	the	16
issued	for	6
issued	an	5
issued	in	5
issued	by	4
issues	with	42
issues	in	20
issues	of	19
issues	to	19
issues	that	17
issues	and	12
issuing	a	3
istanbul	is	22
istanbul	has	5
istanbul	and	4
istanbul	turkey	4
istanbul	was	3
it	was	10455
it	is	8919
it	to	2349
it	would	2147
it	will	1328
italian	and	24
italian	food	23
italian	is	19
italian	language	9
italian	french	8
italian	restaurant	8
italians	are	12
italians	have	6
italians	eat	5
italians	never	3
italians	say	3
italy	is	51
italy	and	35
italy	in	18
italy	for	16
italy	has	14
italy	to	13
itch	in	4
itching	to	7
itching	and	3
itching	for	3
itchy	feet	3
item	in	12
item	is	12
item	on	8
item	of	7
item	that	6
item	has	3
items	on	31
items	in	20
items	are	19
items	to	13
items	and	11
items	were	9
itinerary	for	4
its	own	407
its	way	137
its	economy	113
its	independence	92
its	tail	62
its	head	58
itself	is	45
itself	to	45
itself	in	32
itself	and	22
itself	the	20
itself	as	19
ivan	was	166
ivan	is	60
ivan	has	38
ivan	asked	34
ivan	and	31
ivan	got	26
ivory	coast	7
ivy	is	125
ivy	in	45
ivy	vines	40
ivy	has	38
ivy	from	24
ivy	can	20
ja	a	6
jab	at	4
jack	is	23
jack	of	19
jack	was	16
jack	and	9
jack	has	9
jack	robinson	8
jackal	was	5
jackal	and	4
jackal	is	4
jackal	even	3
jackal	tracks	3
jackals	are	15
jackals	were	12
jackals	howling	5
jackals	in	4
jackals	can	3
jackals	eat	3
jacked	the	4
jacket	is	36
jacket	and	35
jacket	on	34
jacket	off	19
jacket	in	13
jacket	for	12
jackets	are	9
jackets	on	4
jackets	and	3
jackie	chan	5
jacks	they	3
jackson	is	124
jackson	was	33
jackson	has	21
jackson	said	7
jackson	family	6
jackson	had	6
jacob	said	13
jacob	and	8
jacob	being	5
jacob	hath	4
jacob	is	4
jacob	had	3
jade	and	4
jagged	edges	3
jagged	mountains	3
jai	and	4
jail	for	66
jail	and	8
jail	cell	8
jail	is	8
jail	now	5
jailed	for	9
jakarta	is	3
jam	is	30
jam	on	25
jam	in	14
jam	packed	13
jam	and	9
jam	for	9
jamal	is	14
jamal	and	4
jamal	has	3
james	was	154
james	and	51
james	is	46
james	has	38
james	started	24
jammed	with	7
jams	are	4
jams	than	3
jan	is	3
jane	is	36
jane	has	19
jane	was	19
jane	will	13
jane	had	10
jane	and	9
janeiro	brazil	4
janeiro	for	3
janeiro	in	3
janet	jackson	5
janitor	at	3
janitor	was	3
janos	was	132
janos	and	40
janos	is	33
janos	got	28
janos	had	28
janos	went	25
january	of	31
january	st	28
january	is	18
january	th	18
january	and	12
january	the	12
japan	is	212
japan	and	64
japan	has	60
japan	for	45
japan	the	30
japan	to	28
japanese	people	81
japanese	is	64
japanese	food	60
japanese	and	58
japanese	are	58
japanese	language	29
jar	of	24
jar	and	7
jar	for	6
jar	is	6
jar	open	4
jar	with	4
jars	of	12
jars	and	3
jars	in	3
jars	with	3
jasmine	and	3
jasper	new	3
jasper	water	3
java	and	4
jaw	dropped	15
jaw	hit	4
jaw	and	3
jaw	drop	3
jaw	dropping	3
jaws	of	6
jaws	and	3
jay	in	3
jay	the	3
jazz	and	9
jazz	is	8
jazz	musician	8
jazz	band	7
jazz	music	6
jazz	festival	5
jd	vance	3
je	ne	7
jealous	of	166
jealous	when	14
jealous	and	7
jealous	because	5
jealous	that	5
jealousy	is	23
jealousy	and	8
jealousy	can	6
jealousy	has	3
jealousy	in	3
jealousy	of	3
jean	and	10
jean	is	10
jean	looked	6
jean	claude	5
jean	has	5
jean	luc	4
jeanne	will	6
jeanne	looked	5
jeanne	was	3
jeans	are	23
jeans	and	15
jeans	on	8
jeans	in	6
jeans	yesterday	4
jeff	by	4
jeff	seems	3
jeff	wore	3
jefferson	was	8
jefferson	hope	6
jefferson	said	3
jeffrey	epstein	3
jeju	island	4
jelly	sandwich	6
jelly	babies	4
jelly	in	3
jelly	on	3
jellyfish	stings	6
jellyfish	in	4
jellyfish	at	3
jellyfish	once	3
jellyfish	sting	3
jeopardize	the	3
jerk	off	5
jerk	and	3
jerk	in	3
jerk	like	3
jerk	to	3
jerked	the	3
jerking	off	5
jerry	lewis	3
jerusalem	is	23
jerusalem	and	8
jerusalem	as	3
jerusalem	the	3
jerusalem	to	3
jerusalem	where	3
jessica	to	44
jessica	was	38
jessica	and	28
jessica	is	24
jessica	for	22
jessica	a	21
jessie	is	5
jesus	christ	74
jesus	was	48
jesus	is	34
jesus	and	18
jesus	peace	16
jet	lag	17
jet	black	9
jet	plane	7
jet	propulsion	6
jet	planes	5
jethro	the	3
jets	were	4
jew	is	11
jew	and	5
jew	who	5
jew	but	4
jew	to	4
jew	was	3
jewel	was	3
jewellery	in	3
jewelry	store	18
jewelry	in	12
jewelry	and	4
jewelry	box	4
jewelry	is	4
jewelry	that	3
jewels	in	7
jewels	and	6
jewels	are	6
jewels	to	3
jewels	were	3
jewish	people	31
jewish	and	19
jewish	settlers	11
jewish	woman	8
jewish	communities	6
jewish	religion	6
jews	are	57
jews	and	46
jews	in	21
jews	were	20
jews	have	13
jiang	feng	4
jig	is	5
jigsaw	puzzle	7
jill	is	6
jill	says	3
jim	is	34
jim	has	12
jim	was	12
jim	had	8
jim	looked	8
jim	to	6
jimmy	was	7
jimmy	is	6
jimmy	carter	4
jimmy	often	3
jiro	is	5
joan	of	4
job	is	302
job	in	183
job	to	143
job	at	90
job	for	90
job	as	83
jobs	are	34
jobs	in	27
jobs	and	25
jobs	to	16
jobs	for	10
jobs	at	9
jocelyn	bell	5
joe	and	6
joe	was	6
joe	went	3
joel	is	3
jog	every	11
jog	on	6
jog	with	4
jog	before	3
jog	in	3
jog	your	3
jogging	every	15
jogging	in	11
jogging	with	10
jogging	before	6
jogging	shoes	4
jogging	this	4
johann	sebastian	6
john	is	189
john	was	179
john	and	87
john	has	66
john	had	54
john	will	39
johnny	depp	15
johnny	bravo	4
johns	hopkins	10
johnson	is	25
johnson	palestinians	5
johnson	has	4
johnson	in	4
johnson	please	4
johnson	said	4
join	the	239
join	us	185
join	me	66
join	you	66
join	our	54
join	a	42
joined	the	172
joined	a	40
joined	in	22
joined	forces	18
joined	with	15
joining	the	44
joining	us	12
joining	our	7
joining	you	4
joining	a	3
joining	in	3
joins	the	7
joint	venture	8
joint	bank	5
joint	called	5
joint	account	4
joint	effort	4
joint	in	4
joints	and	3
joke	about	42
joke	is	24
joke	on	23
joke	in	13
joke	with	12
joke	that	11
joked	about	10
joked	that	5
jokes	about	22
jokes	are	18
jokes	and	10
jokes	on	10
jokes	in	9
jokes	were	9
joking	around	19
joking	or	11
joking	with	9
joking	aside	4
joking	but	4
joking	right	4
jon	stewart	3
jonas	is	59
jonas	was	54
jonas	has	48
jonas	found	40
jonas	got	31
jones	is	17
jones	was	6
jones	has	5
jones	industrial	5
jones	came	3
jones	in	3
jong	un	4
jordan	peterson	15
jordan	is	6
jordan	river	5
jordan	was	5
jordan	and	4
jordan	to	4
jorge	luis	6
jos	heights	4
jos	is	3
joseph	and	13
joseph	was	10
joseph	is	9
joseph	answered	6
joseph	said	4
joseph	went	4
jot	down	3
journal	of	11
journal	science	9
journal	in	7
journal	nature	7
journal	to	5
journal	and	4
journalism	is	7
journalism	in	3
journalist	is	12
journalist	was	10
journalist	and	7
journalists	are	12
journalists	and	11
journalists	have	6
journalists	to	5
journalists	were	5
journalists	who	5
journey	to	48
journey	is	30
journey	of	24
journey	was	24
journey	and	11
journey	in	11
journeyed	to	4
journeys	to	5
joy	and	48
joy	in	45
joy	to	37
joy	of	32
joy	when	16
joy	that	13
joyful	and	4
joys	of	11
juan	is	12
juan	has	4
juan	was	4
judah	went	3
judaism	is	36
judaism	and	13
judaism	are	9
judaism	has	4
judaism	was	3
judea	and	3
judge	people	54
judge	a	38
judge	of	27
judge	me	21
judge	you	18
judge	the	17
judged	by	32
judged	the	7
judged	for	6
judged	and	5
judged	you	3
judgement	of	6
judgement	is	4
judgement	was	4
judgement	yet	3
judges	are	7
judges	and	4
judges	have	3
judges	were	3
judging	from	64
judging	by	20
judging	people	8
judging	others	5
judging	you	4
judging	his	3
judgment	and	7
judgment	is	7
judgment	day	6
judgment	of	5
judgment	call	4
judgment	or	4
judicial	system	4
judo	is	3
judy	is	11
jug	is	5
jug	of	4
jug	to	4
jug	with	3
juggle	two	3
juggle	with	3
juggling	is	3
jugular	vein	3
juice	is	31
juice	in	18
juice	please	14
juice	and	13
juice	on	12
juice	or	10
juicy	and	5
juicy	steak	3
jules	verne	4
julia	is	5
julia	and	3
julia	are	3
julian	calendar	3
julie	was	3
juliet	is	6
julius	caesar	23
july	of	27
july	th	17
july	and	11
july	is	9
july	the	9
july	president	8
jumble	of	3
jumble	sale	3
jumbo	jet	4
jump	into	38
jump	over	32
jump	off	30
jump	to	30
jump	in	28
jump	out	23
jumped	out	147
jumped	into	84
jumped	up	58
jumped	on	53
jumped	off	50
jumped	in	48
jumper	on	19
jumper	is	11
jumper	for	8
jumper	cables	5
jumper	i	3
jumping	off	16
jumping	for	13
jumping	from	12
jumping	on	12
jumping	out	10
jumping	in	8
jumps	from	6
jumps	on	3
jumps	out	3
jumps	over	3
junction	and	3
junction	is	3
june	of	36
june	th	25
june	bug	23
june	and	15
june	beetle	15
june	the	10
jungle	was	8
jungle	is	7
jungle	in	4
jungle	and	3
jungle	for	3
jungle	of	3
jungles	of	3
junior	high	66
junior	school	11
junior	year	10
junior	at	6
junior	to	5
junior	by	4
juniper	and	3
juniper	berries	3
junk	food	85
junk	in	6
junk	out	6
junk	mail	5
junk	is	4
junk	that	4
junko	is	3
juno	will	7
jupiter	is	40
jupiter	and	15
jupiter	saturn	9
jupiter	has	6
jupiter	are	5
jupiter	was	5
jurassic	park	8
jurisdiction	of	3
jury	duty	7
jury	found	7
jury	is	6
jury	has	5
jury	in	5
jury	that	4
just	a	1763
just	want	790
just	like	548
just	as	487
just	got	406
justice	is	38
justice	and	28
justice	for	19
justice	he	19
justice	system	18
justice	in	16
justification	for	13
justified	in	7
justified	by	4
justifies	his	3
justifies	the	3
justify	the	21
justify	your	12
justify	that	8
justify	his	7
justify	their	7
justify	its	6
justin	bieber	20
justin	said	3
ka	al	3
kabul	is	4
kahn	was	3
kale	is	5
kangaroo	court	4
kangaroo	carries	3
kangaroos	in	8
kangaroos	and	5
kangaroos	are	4
kangaroos	have	4
kanji	is	9
kanji	are	4
kanji	do	4
kanji	in	4
kanji	have	3
kanji	the	3
kansas	anymore	3
karaoke	bar	12
karaoke	is	5
karaoke	together	3
karate	is	3
karen	is	4
karin	is	3
karl	was	285
karl	went	50
karl	saw	26
karl	started	26
karl	took	23
karl	heard	21
karma	will	5
karol	paz	3
kate	is	25
kate	was	12
kate	has	9
kate	are	4
kate	to	4
kate	went	4
katya	is	6
kay	and	3
kazakhstan	is	8
kazakhstan	and	3
kebab	murders	7
kebabs	are	3
keen	on	36
keen	to	16
keen	sense	13
keen	eye	6
keen	interest	5
keen	for	4
keep	your	541
keep	the	502
keep	it	334
keep	up	248
keep	a	235
keep	this	205
keeper	of	4
keeping	a	60
keeping	the	35
keeping	up	29
keeping	you	28
keeping	my	26
keeping	secrets	26
keeps	his	80
keeps	a	50
keeps	the	50
keeps	her	43
keeps	me	36
keeps	on	24
keiko	is	7
keller	was	7
kelp	forests	5
ken	is	34
ken	has	18
ken	was	11
ken	and	8
ken	will	7
kenji	is	3
kennedy	was	7
kennedy	airport	5
kennedy	space	5
kennedy	jr	3
kent	is	4
kenya	and	9
kenya	is	9
kenya	the	3
kepler	has	4
kepler	space	4
kept	the	196
kept	his	150
kept	on	100
kept	a	96
kept	me	76
kept	in	65
kernel	of	6
kerosene	and	3
ketchup	on	12
ketchup	and	4
ketchup	please	3
kettle	on	22
kettle	black	10
kettle	is	9
kettle	of	7
kevin	mccarthy	3
kevin	was	3
key	to	279
key	in	61
key	is	39
key	on	26
key	and	20
key	for	19
keyboard	is	23
keyboard	on	17
keyboard	to	6
keyboard	and	5
keyboard	has	4
keyed	my	3
keys	to	80
keys	in	55
keys	on	48
keys	are	40
keys	at	19
keys	and	18
keystone	of	3
kg	of	4
kgb	had	3
khaki	shorts	4
khaki	pants	3
khan	is	3
ki	moon	6
kibbutz	is	3
kick	the	29
kick	you	17
kick	your	15
kick	in	13
kick	it	11
kick	me	11
kicked	out	160
kicked	the	80
kicked	him	34
kicked	me	30
kicked	in	28
kicking	and	12
kicking	me	12
kicking	the	8
kicking	her	6
kicking	up	6
kicking	my	4
kid	i	66
kid	is	50
kid	in	35
kid	and	18
kid	at	17
kidding	me	26
kidding	around	8
kidding	about	7
kidding	you	5
kidding	myself	3
kidding	or	3
kidnap	her	9
kidnap	him	5
kidnap	them	4
kidnapped	by	11
kidnapped	in	7
kidnapped	a	6
kidnapped	and	6
kidnapped	when	5
kidnapped	the	4
kidnapper	look	3
kidnappers	blindfolded	5
kidnappers	were	4
kidnappers	had	3
kidnapping	a	3
kidney	stones	10
kidney	failure	7
kidney	beans	5
kidney	disease	5
kidney	transplant	4
kidney	to	3
kidneys	and	4
kidneys	are	4
kids	are	185
kids	to	138
kids	were	80
kids	in	69
kids	at	50
kids	have	35
kiev	is	6
kill	you	225
kill	me	200
kill	him	137
kill	the	135
kill	her	98
kill	himself	72
killed	the	171
killed	in	161
killed	by	160
killed	him	94
killed	a	74
killed	her	74
killer	was	22
killer	is	9
killer	and	6
killer	cucumber	5
killer	has	5
killer	on	4
killers	in	3
killing	me	55
killing	her	18
killing	the	17
killing	him	16
killing	people	14
killing	of	13
kills	me	10
kills	a	7
kills	the	7
kills	fascists	6
kills	more	6
kills	you	4
kilo	of	57
kilograms	of	32
kilograms	and	3
kilograms	do	3
kilograms	in	3
kilograms	is	3
kilograms	this	3
kilometer	long	6
kilometer	of	3
kilometer	underground	3
kilometer	wide	3
kilometers	from	65
kilometers	per	39
kilometers	away	27
kilometers	of	27
kilometers	in	18
kilometers	to	18
kilometres	from	16
kilometres	away	13
kilometres	an	7
kilometres	to	7
kilometres	a	5
kilometres	is	5
kilos	of	28
kilos	in	5
kilos	did	3
kilos	do	3
kilos	this	3
kim	is	10
kim	jong	8
kim	kardashian	6
kim	had	4
kim	jung	3
kimura	is	4
kind	of	3622
kind	to	213
kind	and	76
kind	enough	64
kind	as	57
kind	person	25
kinda	funny	3
kinder	to	5
kindergarten	teacher	9
kindergarten	and	3
kindergarten	children	3
kindest	people	7
kindest	person	3
kindly	to	19
kindly	give	4
kindly	gave	3
kindly	let	3
kindness	to	30
kindness	and	22
kindness	is	22
kindness	of	9
kindness	in	8
kindness	itself	5
kindred	and	5
kindred	spirits	5
kindred	spirit	3
kinds	of	516
kinds	and	5
kinds	are	3
kinds	in	3
kinetic	energy	5
king	of	161
king	and	61
king	was	46
king	is	38
king	had	28
king	in	27
kingdom	of	50
kingdom	is	18
kingdom	come	15
kingdom	and	9
kingdom	in	9
kingdom	to	7
kingdoms	in	4
kingdoms	and	3
kings	of	13
kings	and	8
kings	were	5
kings	are	4
kings	four	3
kinsey	scale	3
kip	on	4
kirby	is	3
kiss	me	142
kiss	her	139
kiss	you	108
kiss	him	107
kiss	my	28
kiss	the	28
kissed	her	186
kissed	him	87
kissed	me	62
kissed	the	44
kissed	you	34
kisses	her	7
kisses	and	4
kisses	me	4
kisses	the	4
kisses	are	3
kisses	his	3
kissing	her	25
kissing	him	22
kissing	another	17
kissing	in	12
kissing	a	11
kissing	each	7
kit	to	10
kit	in	8
kit	and	5
kitchen	sink	55
kitchen	is	51
kitchen	and	45
kitchen	to	36
kitchen	floor	35
kitchen	table	27
kite	in	6
kite	flying	3
kite	soared	3
kites	in	3
kitten	is	11
kitten	has	8
kitten	was	8
kitten	and	5
kitten	with	5
kitten	in	4
kittens	are	19
kittens	were	7
kittens	to	6
kittens	and	3
kittens	in	3
kitty	cat	6
kitty	is	3
kiwi	fruit	3
klingon	word	6
klingon	is	4
klingon	to	4
klingon	has	3
klingon	sentences	3
klingon	warrior	3
km	away	7
km	in	5
km	to	4
km	from	3
km	is	3
km	south	3
knack	for	20
knack	of	6
knee	deep	13
knee	and	9
knee	hurts	6
knee	is	6
knee	on	6
knee	in	5
kneel	down	3
kneeling	down	4
knees	and	38
knees	to	7
knees	in	5
knees	are	3
knees	shaking	3
knees	tremble	3
knelt	down	14
knelt	beside	3
knew	that	892
knew	what	321
knew	you	287
knew	i	284
knew	it	274
knew	how	249
knickers	in	3
knife	and	52
knife	to	52
knife	is	50
knife	in	45
knife	on	25
knife	was	17
knight	is	6
knight	on	6
knight	a	4
knight	and	3
knight	was	3
knights	were	4
knights	and	3
knights	in	3
knights	of	3
knit	this	4
knit	group	3
knit	town	3
knitted	a	10
knitted	her	7
knitted	him	5
knitted	me	3
knitting	a	12
knitting	needles	3
knives	and	16
knives	are	12
knives	on	4
knives	forks	3
knives	is	3
knob	to	6
knob	and	3
knock	on	74
knock	at	23
knock	it	21
knock	before	17
knock	off	11
knock	your	8
knocked	on	118
knocked	down	34
knocked	the	30
knocked	over	26
knocked	out	22
knocked	at	15
knocking	on	67
knocking	at	26
knocking	out	4
knocking	it	3
knocking	started	3
knocking	the	3
knocks	on	12
knocks	at	5
knot	is	5
knot	in	4
knot	with	4
knot	was	3
knots	and	3
know	that	4756
know	what	4170
know	how	3120
know	you	1483
know	the	1442
know	where	1208
knowing	that	61
knowing	what	58
knowing	the	33
knowing	where	30
knowing	how	25
knowing	it	16
knowledge	of	229
knowledge	is	74
knowledge	and	43
knowledge	about	24
knowledge	to	23
knowledge	that	21
knowledgeable	about	17
knowledgeable	in	4
knowledgeable	than	3
known	as	446
known	for	342
known	to	187
known	that	143
known	each	71
known	her	66
knows	how	484
knows	that	460
knows	what	454
knows	the	247
knows	where	138
knows	who	117
koala	bear	3
koala	bears	3
koala	populations	3
kobe	is	9
kobe	for	5
kobe	bryant	3
kobe	next	3
kobe	since	3
koch	institute	5
koko	is	3
kong	is	8
kong	and	6
kong	to	3
kong	was	3
korea	is	36
korea	and	14
korea	has	9
korea	are	6
korea	for	5
korea	will	4
korean	food	25
korean	and	10
korean	dramas	8
korean	culture	7
korean	in	6
korean	is	6
koreans	are	5
koreans	live	4
kosher	food	3
kosovo	is	7
kremlin	is	4
kung	fu	25
kurdish	language	6
kurdish	is	5
kyoto	is	26
kyoto	and	10
kyoto	for	10
kyoto	in	7
kyoto	twice	7
kyoto	last	6
kyushu	by	3
la	la	5
la	carte	4
la	fontaine	4
lab	is	6
lab	and	4
lab	assistant	4
lab	for	4
lab	has	4
lab	results	3
label	on	12
label	to	9
label	for	4
label	is	4
label	the	3
labeled	the	12
labeled	as	11
labelled	as	5
labels	on	7
labels	to	4
labor	and	12
labor	force	10
labor	is	10
labor	in	9
labor	intensive	9
labor	market	8
laboratory	in	11
laboratory	is	8
laboratory	and	7
laboratory	for	5
laboratory	to	5
laboratory	has	4
labored	over	3
laborers	are	3
labour	and	4
labour	in	4
labour	of	4
labour	party	4
labrador	retriever	4
labyrinth	of	4
lace	curtains	4
lace	and	3
lace	dress	3
laced	up	4
laces	for	4
lack	of	524
lack	the	33
lack	empathy	9
lack	a	7
lack	confidence	6
lack	nothing	6
lacked	the	6
lacked	in	4
lacked	for	3
lacked	nothing	3
lacking	in	45
lacking	a	4
lacking	self	4
lacks	the	10
lacks	a	7
lacks	experience	6
lacks	common	5
lacks	confidence	5
lacks	in	5
lactose	intolerant	14
lactose	free	3
lad	is	4
ladder	is	23
ladder	against	17
ladder	in	9
ladder	and	8
ladder	to	8
ladder	was	4
laden	with	14
ladies	and	55
ladies	are	10
ladies	in	6
ladies	of	6
ladies	were	6
ladies	who	4
ladle	in	4
ladle	with	3
lady	is	53
lady	who	27
lady	was	25
lady	gaga	22
lady	of	22
lady	and	18
laid	off	74
laid	out	42
laid	down	35
laid	the	31
laid	a	27
laid	back	21
lake	is	102
lake	in	37
lake	was	30
lake	and	19
lake	to	13
lake	froze	9
lakes	and	32
lakes	are	9
lakes	in	7
lakes	of	6
lakes	was	3
lamb	is	10
lamb	of	5
lamb	was	4
lamb	he	3
lambs	were	13
lambs	from	12
lambs	are	9
lambs	in	4
lambs	to	3
lame	excuse	3
lame	excuses	3
lamp	on	16
lamp	is	14
lamp	in	12
lamp	and	7
lamp	of	7
lamp	off	6
lamps	are	6
lamps	and	4
lamps	in	3
lance	armstrong	8
land	of	277
land	is	66
land	and	61
land	in	54
land	on	41
land	to	30
landed	on	110
landed	in	46
landed	at	23
landed	safely	17
landed	a	11
landed	the	11
lander	was	3
landing	on	18
landing	in	15
landing	was	9
landing	the	5
landing	site	4
landing	at	3
landlord	and	3
landlord	is	3
landlord	was	3
landlords	and	3
landmark	in	6
landmark	of	3
landmarks	and	3
landmarks	in	3
lands	and	14
lands	on	8
lands	in	7
lands	to	6
lands	of	5
lands	were	5
landscape	is	17
landscape	of	11
landscape	was	11
landscape	in	9
landscape	and	6
landscape	with	3
landscapes	of	6
landscapes	are	4
lane	is	11
lane	to	5
lane	of	3
lanes	are	5
lanes	and	3
lanes	on	3
lanes	without	3
lang	syne	3
language	is	609
language	of	240
language	in	195
language	that	152
language	and	145
language	to	122
languages	are	160
languages	in	74
languages	and	63
languages	is	57
languages	but	56
languages	of	56
lanka	is	8
lantern	on	3
lanterns	around	9
lanterns	near	5
lanterns	which	3
laos	has	3
lap	and	10
lap	of	6
laps	around	4
laps	did	3
lapse	of	4
laptop	is	19
laptop	on	10
laptop	to	9
laptop	and	8
laptop	in	8
laptop	computer	6
larceny	is	3
large	number	84
large	as	71
large	and	58
large	amount	48
large	family	48
large	scale	37
largely	due	9
largely	a	7
largely	from	6
largely	on	6
largely	dependent	4
largely	made	4
larger	than	147
larger	and	21
larger	the	9
larger	size	6
larger	number	5
larger	population	5
largest	city	88
largest	country	55
largest	cities	23
largest	and	20
largest	in	19
largest	economy	14
larry	ewing	6
larvae	are	4
las	vegas	24
lasagna	is	3
laser	communications	8
laser	pointer	6
laser	beam	5
laser	is	4
laser	light	4
laser	printer	4
lash	out	3
lashed	out	13
lashed	at	3
lashing	down	3
last	night	2008
last	time	1194
last	year	1044
last	week	896
last	month	397
last	summer	238
lasted	for	51
lasted	three	32
lasted	a	20
lasted	four	13
lasted	about	12
lasted	two	12
lasting	peace	12
lasting	impression	10
lasting	impact	5
lasting	legacy	4
lasting	only	3
lasting	relationships	3
lasts	for	20
lasts	forever	20
lasts	a	15
lasts	longer	7
lasts	only	6
lasts	two	5
latch	on	4
latch	onto	4
latch	will	3
late	for	520
late	to	271
late	at	219
late	again	87
late	because	78
late	and	72
lately	i	13
lately	that	5
lately	my	4
later	than	59
later	in	58
later	the	53
later	on	52
later	he	44
later	this	35
latest	novel	19
latest	news	15
latest	version	12
latest	model	10
latest	edition	8
latest	book	7
latex	gloves	5
latex	can	4
latin	america	40
latin	and	26
latin	alphabet	24
latin	is	21
latin	american	14
latin	language	14
latte	and	3
latte	with	3
latter	is	9
latter	half	6
latter	has	6
latter	in	5
latter	and	4
latter	part	4
laugh	at	190
laugh	about	27
laugh	when	27
laugh	and	21
laugh	or	18
laugh	with	16
laughed	at	239
laughed	and	36
laughed	so	26
laughed	except	15
laughed	a	13
laughed	about	12
laughing	at	157
laughing	and	24
laughing	matter	20
laughing	when	17
laughing	about	15
laughing	stock	15
laughingstock	of	9
laughs	at	28
laughs	and	7
laughs	last	7
laughs	best	6
laughs	with	6
laughs	a	5
laughter	is	39
laughter	and	17
laughter	of	9
laughter	in	8
laughter	was	7
laughter	echoed	6
launch	a	17
launch	in	11
launch	the	11
launch	an	10
launch	of	10
launch	was	8
launched	a	49
launched	in	19
launched	into	17
launched	an	14
launched	the	13
launched	on	8
launching	a	6
launching	pad	4
launder	money	3
laundromat	in	3
laundry	room	28
laundry	detergent	14
laundry	for	12
laundry	in	11
laundry	is	11
laundry	basket	8
laura	is	9
laura	and	4
laurie	is	20
laurie	drank	3
lava	and	5
lava	flow	5
lava	from	3
lavish	with	4
law	is	134
law	of	70
law	and	57
law	school	57
law	was	36
law	enforcement	32
lawn	mower	16
lawn	is	10
lawn	and	6
lawn	in	6
lawn	needs	5
lawn	tomorrow	4
laws	of	67
laws	are	46
laws	and	22
laws	that	18
laws	have	11
laws	to	11
lawsuit	against	7
lawsuit	is	4
lawyer	is	16
lawyer	has	11
lawyer	for	8
lawyer	to	8
lawyer	told	8
lawyer	was	7
lawyers	are	9
lawyers	and	5
lawyers	in	5
lawyers	do	3
lawyers	or	3
lawyers	will	3
lax	in	3
lay	down	89
lay	on	53
lay	in	51
lay	the	42
lay	eggs	37
lay	a	25
layer	of	83
layer	cake	4
layer	and	3
layer	to	3
layers	of	24
layers	and	4
layers	to	4
laying	on	16
laying	the	10
laying	in	9
laying	eggs	7
laying	down	6
laying	off	5
layla	was	1449
layla	to	701
layla	were	670
layla	is	462
layla	had	461
layla	and	430
layout	of	4
lays	eggs	8
lays	the	6
lays	a	5
lays	its	4
lays	an	3
lays	his	3
laziness	is	18
lazy	to	31
lazy	and	28
lazy	man	11
lazy	people	11
lazy	as	9
lazy	boy	8
le	is	3
lead	to	315
lead	a	53
lead	the	49
lead	you	32
lead	us	27
lead	singer	20
leader	of	105
leader	is	21
leader	in	16
leader	and	10
leader	to	10
leader	who	6
leaders	of	29
leaders	are	19
leaders	in	10
leaders	have	8
leaders	to	8
leaders	and	7
leadership	of	13
leadership	skills	9
leadership	in	5
leadership	is	5
leadership	and	4
leadership	by	3
leading	to	76
leading	a	27
leading	the	24
leading	cause	17
leading	up	12
leading	them	5
leads	to	218
leads	a	20
leads	the	17
leads	me	14
leads	you	12
leads	us	6
leaf	in	12
leaf	blower	11
leaf	is	8
leaf	and	5
leaf	clover	5
league	of	6
league	baseball	5
league	is	5
league	at	3
league	for	3
league	university	3
leak	in	22
leak	and	3
leaked	out	8
leaked	the	7
leaked	to	6
leaked	in	4
leaking	out	9
leaking	oil	5
leaking	air	3
leaking	from	3
leaking	information	3
leaking	tap	3
leaks	in	3
leaky	faucet	13
leaky	ceiling	5
lean	on	25
lean	out	10
lean	against	6
lean	back	5
lean	and	4
lean	meat	3
leaned	against	33
leaned	in	31
leaned	over	31
leaned	forward	24
leaned	back	22
leaned	on	20
leaning	against	27
leaning	on	12
leaning	back	6
leaning	over	5
leaning	towards	4
leaning	tower	4
leanne	is	3
leans	to	4
leap	year	16
leap	years	6
leap	for	5
leap	of	4
leap	in	3
leap	into	3
leaped	from	8
leaped	out	5
leaped	over	5
leaped	to	5
leaps	and	15
leaps	up	3
leapt	out	6
leapt	to	6
learn	to	636
learn	how	479
learn	a	271
learn	french	234
learn	the	186
learned	to	242
learned	a	182
learned	how	147
learned	that	111
learned	the	70
learner	is	3
learning	a	155
learning	to	143
learning	french	126
learning	english	115
learning	how	101
learns	from	22
learns	to	11
learns	by	7
learns	languages	6
learns	fast	5
learnt	a	38
learnt	to	35
learnt	how	31
learnt	the	22
learnt	that	17
lease	on	5
lease	contract	3
lease	for	3
lease	is	3
lease	of	3
leased	a	4
leash	on	10
leash	and	5
leash	to	5
leash	the	3
least	three	145
least	one	131
least	once	109
least	a	90
least	i	53
least	two	51
leather	jacket	40
leather	belt	13
leather	shoes	9
leather	and	6
leather	bound	5
leather	gloves	5
leave	the	940
leave	me	363
leave	it	268
leave	early	256
leave	your	206
leave	you	186
leaves	at	69
leaves	in	62
leaves	are	61
leaves	of	54
leaves	the	53
leaves	and	50
leaving	the	212
leaving	for	93
leaving	a	45
leaving	in	45
leaving	tomorrow	42
leaving	soon	29
lebanese	citizen	3
lebanon	is	12
lebanon	and	3
lebanon	from	3
lebanon	has	3
lebron	james	3
lecture	on	25
lecture	was	25
lecture	hall	12
lecture	is	9
lecture	me	7
lecture	had	6
lectures	are	7
lectures	about	4
lectures	on	3
led	to	202
led	the	86
led	by	61
led	a	55
led	me	41
led	him	35
ledge	of	4
lee	is	13
lee	and	4
lee	in	4
lee	was	4
lee	of	3
leeches	are	4
left	the	1339
left	his	391
left	to	367
left	my	289
left	in	261
left	for	237
leftover	food	9
leftover	bread	6
leftover	pizza	5
leftover	roasted	4
leftover	chicken	3
leftover	grilled	3
leftovers	in	13
leftovers	for	8
leftovers	from	7
leftovers	are	4
leftovers	to	3
leg	was	31
leg	is	29
leg	and	22
leg	in	15
leg	of	12
leg	while	10
legacy	of	17
legacy	admissions	6
legacy	and	4
legacy	is	4
legacy	to	3
legal	in	24
legal	to	17
legal	advice	13
legal	system	12
legal	action	10
legal	and	9
legally	blind	10
legally	binding	9
legally	in	4
legally	become	3
legally	changed	3
legally	drive	3
legend	of	11
legend	has	8
legend	says	7
legend	the	5
legend	in	4
legend	is	4
legends	of	3
legends	should	3
legions	of	3
legislation	that	6
legislation	and	3
legislation	in	3
legislative	elections	10
legitimacy	of	3
legitimate	question	5
legitimate	journalism	3
legitimate	news	3
legs	and	55
legs	are	55
legs	were	28
legs	to	13
legs	in	12
legs	of	9
leisure	time	15
leisure	activity	4
leisure	for	4
leisure	activities	3
leisure	in	3
leisure	to	3
lem	was	4
lemon	juice	21
lemon	and	11
lemon	tree	8
lemon	is	7
lemon	tea	7
lemon	trees	6
lemonade	and	8
lemonade	is	6
lemonade	at	4
lemonade	in	3
lemons	are	10
lemons	and	4
lemons	make	3
lemurs	are	3
lend	me	290
lend	you	155
lend	it	44
lend	him	37
lend	money	25
lend	a	23
lending	me	19
lending	you	6
lending	money	4
lending	rate	3
lends	itself	5
lends	a	4
length	of	80
length	and	13
length	to	7
length	is	6
length	breadth	5
length	on	5
lengths	to	17
lengths	and	4
lengths	of	4
lengthy	criminal	3
lenient	with	3
lenin	was	5
lenin	and	3
lens	of	4
lenses	in	4
lenses	are	3
lenses	she	3
lent	me	69
lent	you	35
lent	him	25
lent	her	22
lent	my	11
lentils	are	5
leo	is	7
leo	the	4
leo	tolstoy	4
leo	hey	3
leon	was	170
leon	and	28
leon	went	28
leon	heard	27
leon	is	22
leonardo	da	17
leonid	was	154
leonid	is	59
leonid	has	53
leonid	went	33
leonid	and	31
leonid	had	27
leopard	was	6
leopard	cubs	5
leopard	is	4
leopard	cannot	3
leopard	with	3
leopards	are	7
leopards	can	3
leopards	in	3
lesbian	couple	7
lesbian	affair	5
lesbian	and	4
lesbians	date	4
lesbians	and	3
less	than	523
less	and	58
less	time	49
less	expensive	47
less	i	38
less	money	27
lessen	the	9
lesser	extent	4
lesser	of	4
lesson	is	29
lesson	to	18
lesson	today	16
lesson	for	12
lesson	was	12
lesson	that	9
lessons	in	21
lessons	at	18
lessons	to	14
lessons	are	11
lessons	of	7
lessons	from	6
lest	he	19
lest	i	12
lest	you	12
lest	perhaps	8
lest	she	7
lest	the	5
lestrade	who	3
let	me	3369
let	you	763
let	him	618
let	us	608
let	the	545
let	them	443
lethal	injection	6
lets	you	22
lets	me	13
lets	us	10
lets	his	9
lets	her	7
lets	the	7
letter	to	252
letter	from	164
letter	in	107
letter	is	66
letter	of	62
letter	for	55
letters	to	58
letters	in	41
letters	are	28
letters	and	27
letters	from	26
letters	of	21
letting	me	40
letting	you	26
letting	the	16
letting	up	10
letting	his	7
letting	us	7
lettuce	and	7
lettuce	cabbage	3
level	of	181
level	is	31
level	in	24
level	rise	17
level	with	13
level	the	12
levels	of	84
levels	in	24
levels	are	20
levels	and	14
levels	were	7
levels	can	5
li	ge	7
li	ying	3
lia	and	6
lia	thomas	3
liable	to	30
liable	for	8
liar	and	11
liar	is	4
liar	than	4
liar	even	3
liars	are	3
liberal	democracy	7
liberal	democratic	5
liberal	or	3
liberal	party	3
liberal	with	3
liberated	me	3
liberated	territories	3
liberated	their	3
liberated	zones	3
liberation	front	16
liberation	of	8
liberation	war	7
liberation	movement	4
liberties	of	3
liberty	to	28
liberty	and	24
liberty	is	21
liberty	of	19
liberty	in	6
liberty	opportunity	4
libraries	are	7
libraries	in	7
libraries	and	4
libraries	here	4
library	is	79
library	to	29
library	and	24
library	in	21
library	of	21
library	has	18
libya	is	14
libya	to	13
libya	and	5
libya	has	4
licence	but	5
licence	for	4
licence	is	4
licence	has	3
licence	please	3
licence	to	3
license	plate	23
license	to	22
license	is	14
license	and	9
license	for	9
license	but	7
licensed	electrician	4
lick	of	8
lick	the	8
lick	my	7
lick	their	6
lick	your	4
lick	themselves	3
licked	his	12
licked	the	11
licked	her	8
licked	my	6
licked	its	4
licked	their	3
licking	his	4
licking	my	4
licking	people	4
licking	the	4
licking	its	3
licking	itself	3
licorice	trees	3
lid	on	14
lid	of	12
lid	off	12
lid	is	7
lid	to	6
lid	for	5
lie	to	277
lie	down	143
lie	in	57
lie	about	54
lie	on	48
lie	and	22
lied	to	346
lied	about	76
lied	when	16
lied	down	10
lied	in	9
lied	on	7
lies	in	95
lies	on	29
lies	a	26
lies	to	24
lies	about	21
lies	the	19
lieu	of	7
lieutenant	dan	10
lieutenant	colonel	4
life	is	1214
life	in	519
life	and	277
life	of	250
life	was	235
life	to	222
lifeless	body	9
lifeless	eyes	3
lifeless	on	3
lifelong	learning	8
lifelong	dream	7
lifelong	journey	4
lifespan	of	12
lifestyle	is	12
lifestyle	of	9
lifestyle	and	5
lifestyle	changes	3
lifestyle	was	3
lifetime	of	11
lifetime	to	10
lifetime	experience	6
lifetime	opportunity	5
lifetime	chance	4
lifetime	and	3
lift	the	48
lift	this	32
lift	to	30
lift	it	24
lift	is	22
lift	up	20
lifted	the	49
lifted	up	33
lifted	her	23
lifted	his	22
lifted	my	7
lifted	off	6
lifting	up	10
lifting	weights	7
lifting	the	5
lifting	a	4
lifting	heavy	3
lifting	of	3
lifts	my	4
lifts	the	4
lifts	are	3
light	on	162
light	of	155
light	is	123
light	switch	121
light	in	112
light	and	105
lighted	the	5
lighted	a	3
lighten	the	16
lighten	up	15
lighter	than	18
lighter	and	5
lighter	on	4
lighter	shade	3
lighter	when	3
lighthouse	is	5
lighthouse	can	4
lighthouse	of	4
lighting	is	9
lighting	the	8
lighting	up	6
lighting	a	4
lighting	candles	4
lighting	some	4
lightly	dressed	7
lightly	and	4
lightly	as	4
lightly	on	4
lightning	struck	17
lightning	and	15
lightning	is	11
lightning	rod	9
lightning	flashed	8
lightning	three	7
lights	on	113
lights	are	55
lights	in	54
lights	were	51
lights	off	48
lights	went	36
likable	guy	7
like	to	7490
like	a	4346
like	that	2829
like	this	2142
like	the	1891
like	you	1579
liked	the	231
liked	to	224
liked	it	131
liked	that	97
liked	him	87
liked	her	79
likelihood	of	19
likelihood	that	6
likelihood	it	4
likely	to	753
likely	be	75
likely	that	56
likely	do	28
likely	going	24
likely	the	23
likeness	of	10
likes	to	648
likes	the	91
likes	you	89
likes	her	69
likes	me	64
likes	it	61
likewise	a	3
liking	for	14
liking	to	14
liking	me	7
liking	him	4
liking	the	4
liking	and	3
lilies	are	7
lilies	of	7
lilies	smell	5
lilies	and	4
lilies	in	4
lilly	is	3
lily	is	4
lily	pad	4
lily	and	3
lima	beans	3
lima	the	3
limb	and	3
limb	for	3
limbs	were	8
limbs	and	5
limbs	of	4
limbs	from	3
lime	green	5
lime	water	5
lime	and	3
lime	tree	3
lime	trees	3
limit	the	20
limit	on	18
limit	to	18
limit	your	14
limit	is	12
limit	of	10
limitation	of	3
limitations	on	10
limitations	of	8
limited	to	38
limited	in	13
limited	time	10
limited	edition	8
limited	number	8
limited	resources	8
limiting	the	7
limiting	yourself	3
limitless	potential	4
limits	of	37
limits	for	17
limits	to	16
limits	on	7
limits	the	4
limits	in	3
limo	and	6
limo	for	3
lina	to	16
lina	up	7
lincoln	was	18
lincoln	is	5
lincoln	said	5
lincoln	bedroom	4
lincoln	and	3
linda	was	68
linda	to	65
linda	a	29
linda	is	29
linda	in	25
linda	had	23
linden	tree	3
line	of	90
line	is	60
line	for	48
line	to	42
line	up	39
line	between	37
lined	up	44
lined	with	31
lined	the	10
linen	and	4
linen	in	4
liner	will	4
lines	of	40
lines	are	14
lines	in	14
lines	on	12
lines	and	10
lines	at	7
linger	in	3
lingering	in	3
lingers	on	4
lingers	in	3
lining	of	9
lining	up	6
lining	in	3
lining	to	3
link	between	35
link	to	34
link	you	9
link	and	8
link	below	7
link	is	7
linked	to	48
linked	with	9
linked	together	5
linked	by	4
linking	the	8
links	to	10
links	in	6
links	or	3
links	the	3
links	with	3
lion	is	36
lion	and	13
lion	was	8
lion	roars	7
lion	a	5
lion	cub	5
lions	are	29
lions	and	12
lions	in	12
lions	can	7
lions	eat	5
lip	service	7
lip	balm	6
lip	and	5
lip	gloss	5
lip	in	4
lip	is	3
lips	are	21
lips	were	20
lips	and	19
lips	to	13
lips	with	8
lips	move	6
lipstick	on	16
lipstick	for	6
lipstick	is	5
lipstick	to	3
liquid	water	19
liquid	in	8
liquid	soap	8
liquid	and	6
liquid	is	6
liquid	can	5
liquids	and	3
liquor	store	14
liquor	is	4
liquor	stores	3
lisa	is	8
lisa	has	5
lisa	was	5
lisa	and	4
lisbon	is	4
lisbon	treaty	3
list	of	361
list	is	41
list	for	17
list	to	17
list	and	16
list	was	14
listed	on	16
listed	as	15
listed	in	7
listed	his	4
listed	below	3
listed	for	3
listen	to	1460
listen	carefully	68
listen	and	32
listen	up	26
listen	i	16
listen	more	14
listened	to	474
listened	carefully	29
listened	with	13
listened	but	8
listened	for	8
listener	and	5
listening	to	771
listening	for	12
listening	and	10
listening	in	8
listening	is	6
listens	to	132
listens	and	4
listing	the	3
lists	of	6
lists	the	4
lists	to	3
lit	up	70
lit	the	56
lit	a	41
lit	by	16
lit	his	12
lit	in	6
liter	of	23
literal	meaning	11
literal	translation	11
literal	sense	4
literal	translations	4
literal	interpretation	3
literally	means	15
literally	the	13
literally	a	6
literally	nothing	5
literally	is	4
literally	out	4
literary	works	10
literary	talent	5
literary	work	5
literary	criticism	4
literary	genre	3
literary	style	3
literature	in	23
literature	and	21
literature	is	18
literature	at	17
literature	of	6
literature	as	5
liters	of	45
lithium	ion	8
lithium	is	4
lithium	levels	3
lithuania	is	9
lithuanian	jew	4
lithuanian	is	3
litre	of	15
litres	of	17
litter	box	19
litter	of	11
litter	in	5
litter	boxes	4
litter	train	3
littered	with	13
littered	the	4
littering	is	3
little	bit	728
little	more	432
little	girl	291
little	longer	195
little	boy	155
little	brother	140
live	in	2951
live	with	412
live	on	393
live	here	261
live	without	195
live	a	136
lived	in	1361
lived	a	143
lived	here	135
lived	with	109
lived	there	100
lived	on	99
livelihood	in	3
lively	and	10
lively	debate	4
lively	discussion	4
lively	when	3
liver	is	10
liver	and	6
liver	damage	4
liver	oil	3
liver	to	3
lives	in	1537
lives	on	105
lives	with	95
lives	of	85
lives	near	73
lives	here	61
livestock	is	7
livestock	and	6
livestock	farms	3
living	in	1049
living	room	507
living	with	162
living	here	140
living	on	107
living	a	62
lizard	is	4
lizard	was	4
lizard	dares	3
lizard	wants	3
lizards	and	5
lizards	are	3
llama	in	3
lloyd	wright	7
lo	and	5
lo	fi	3
lo	in	3
lo	mein	3
lo	the	3
load	of	46
load	the	24
load	off	11
load	and	4
load	on	3
load	was	3
loaded	with	37
loaded	the	18
loaded	his	8
loaded	a	4
loaded	in	3
loaded	into	3
loading	the	11
loading	his	3
loading	washing	3
loads	of	31
loaf	of	39
loaf	is	4
loaf	into	3
loaf	to	3
loan	me	13
loan	you	13
loan	from	7
loan	in	7
loan	of	7
loan	to	7
loaned	the	3
loans	to	9
loans	and	7
loaves	of	19
lobby	of	6
lobby	area	4
lobby	at	4
lobby	for	3
lobby	is	3
lobby	was	3
lobe	of	3
lobster	at	4
lobster	in	4
lobster	and	3
lobsters	are	4
lobsters	and	3
local	government	21
local	newspaper	18
local	people	17
local	mosque	16
local	residents	16
local	time	14
locally	grown	4
locals	are	9
locals	call	3
locals	were	3
locate	the	17
locate	it	4
locate	this	3
located	in	266
located	on	60
located	at	20
located	near	18
located	the	18
located	between	7
location	of	39
location	is	10
location	for	8
location	and	6
location	with	6
location	in	5
locations	on	3
loch	ness	10
lock	the	197
lock	your	35
lock	on	25
lock	up	16
lock	and	13
lock	my	12
lockdown	was	4
lockdown	and	3
lockdown	because	3
lockdown	in	3
locked	the	167
locked	up	52
locked	himself	51
locked	in	42
locked	herself	27
locked	his	22
locker	room	42
locker	key	6
locker	and	4
locker	door	4
locker	was	4
locker	with	3
locking	the	14
locking	up	4
locks	on	14
locks	with	6
locks	the	5
locks	and	4
locks	his	4
locks	her	3
locomotive	was	5
locusts	and	4
lodge	a	5
lodge	in	4
lodged	in	7
loft	from	10
log	in	25
log	on	16
log	cabin	15
log	out	13
log	into	10
log	off	7
logged	in	20
logged	into	3
logging	road	7
logging	in	5
logging	is	4
logging	and	3
logic	is	19
logic	and	12
logic	in	10
logic	of	5
logic	to	5
logic	behind	4
logical	explanation	31
logical	to	18
logical	and	11
logical	thinking	7
logical	language	6
logical	choice	5
logistics	hub	3
logo	is	6
logs	and	3
logs	to	3
loitering	around	7
london	is	41
london	to	27
london	and	22
london	for	18
london	should	15
london	in	11
lone	wolf	6
loneliness	is	16
loneliness	and	12
loneliness	or	3
lonely	without	17
lonely	and	14
lonely	man	14
lonely	life	12
lonely	when	12
lonely	here	9
lonesome	george	5
long	time	2035
long	as	802
long	have	382
long	will	238
long	does	232
long	do	226
longed	for	26
longed	to	16
longer	than	288
longer	a	86
longer	do	53
longer	be	49
longer	in	46
longer	to	41
longest	river	45
longest	word	12
longest	time	11
longest	day	7
longest	in	7
longest	and	6
longevity	of	5
longing	for	39
longing	to	10
longing	is	4
longs	for	12
loo	paper	8
loo	is	5
loo	roll	4
look	at	2002
look	like	1205
look	for	444
look	after	284
look	so	181
look	into	166
looked	at	1073
looked	like	925
looked	up	209
looked	around	201
looked	for	192
looked	out	118
looking	for	2615
looking	at	975
looking	forward	431
looking	into	73
looking	to	70
looking	out	65
lookout	for	14
looks	like	1549
looks	as	112
looks	very	105
looks	good	102
looks	so	99
looks	at	91
loophole	in	3
loose	ends	25
loose	and	13
loose	in	10
loose	button	6
loose	from	6
loose	lips	6
loosen	up	16
loosen	the	10
loosen	your	4
loosen	it	3
loosened	his	5
loosened	the	4
loot	among	3
loot	three	3
looted	the	6
looted	by	4
lord	said	58
lord	god	43
lord	and	38
lord	is	35
lord	of	33
lord	had	30
lords	of	7
lorenzo	was	188
lorenzo	went	31
lorenzo	heard	29
lorenzo	had	28
lorenzo	is	26
lorenzo	took	22
lorry	is	5
lorry	driver	4
lorry	was	4
los	angeles	124
lose	weight	189
lose	your	161
lose	my	90
lose	his	83
lose	the	75
lose	their	60
loser	in	4
loses	his	26
loses	its	19
loses	the	8
loses	a	5
loses	her	5
loses	three	4
losing	his	86
losing	my	55
losing	weight	35
losing	her	34
losing	the	30
losing	money	29
loss	of	143
loss	for	38
loss	what	21
loss	and	15
loss	is	14
loss	to	13
losses	in	7
losses	to	6
losses	are	4
losses	and	3
losses	from	3
losses	of	3
lost	his	593
lost	my	455
lost	the	339
lost	in	280
lost	her	241
lost	a	191
lot	of	6787
lot	to	448
lot	about	310
lot	more	285
lot	in	155
lot	better	132
lotion	on	6
lots	of	767
lots	to	14
lots	and	9
lottery	tickets	15
lottery	ticket	10
lottery	what	4
lottery	she	3
lotus	flowers	4
lotus	position	3
loud	noise	44
loud	and	38
loud	as	38
loud	music	37
loud	voice	32
loud	noises	25
louder	and	33
louder	than	32
louder	please	10
louder	so	8
louder	the	3
loudly	and	8
loudly	on	8
loudly	as	7
loudly	so	7
loudly	when	7
loudly	while	6
louis	kahn	6
louis	armstrong	3
louisiana	and	4
louisiana	is	3
lounge	area	3
lounge	around	3
lousy	day	3
louvre	museum	6
love	with	997
love	you	885
love	to	729
love	is	447
love	me	373
love	the	355
loved	her	192
loved	me	137
loved	the	121
loved	him	113
loved	to	104
loved	by	92
lovely	and	21
lovely	day	17
lovely	time	13
lovely	little	12
lovely	to	9
lovely	weather	9
lover	of	25
lover	and	12
lover	is	10
lover	in	9
lover	a	4
lover	who	3
lovers	of	9
lovers	are	6
lovers	and	4
lovers	for	4
lovers	were	4
lovers	who	4
loves	to	177
loves	me	133
loves	you	111
loves	his	97
loves	the	96
loves	her	93
loving	and	17
loving	you	13
loving	her	11
loving	me	10
loving	him	8
loving	family	7
low	income	32
low	on	28
low	for	27
low	in	27
low	and	23
low	price	19
lower	the	67
lower	than	40
lower	your	30
lower	taxes	11
lower	back	9
lowered	his	31
lowered	the	27
lowered	to	8
lowered	her	7
lowered	my	6
lowered	their	6
lowering	the	5
lowering	your	4
lowers	your	3
lowest	price	6
lowest	common	5
lowest	level	4
lowest	point	4
lowest	depths	3
lowest	of	3
loyal	to	30
loyal	friend	7
loyal	customer	4
loyal	and	3
loyal	animals	3
loyal	than	3
loyalty	to	16
loyalty	is	7
loyalty	above	3
loyalty	and	3
loyalty	of	3
luc	a	3
lucas	is	4
lucid	dream	4
luck	with	29
luck	to	28
luck	is	23
luck	has	21
luck	in	21
luck	and	17
lucked	out	4
luckier	than	7
luckiest	man	8
luckiest	guy	3
luckiest	thing	3
luckily	i	28
luckily	he	22
luckily	the	18
luckily	we	13
luckily	nobody	12
luckily	it	9
lucky	to	164
lucky	that	60
lucky	you	34
lucky	day	31
lucky	i	23
lucky	enough	22
lucrative	business	3
lucrative	career	3
lucy	is	15
lucy	ashton	11
lucy	was	11
lucy	had	5
lucy	will	5
lucy	has	4
ludwig	van	4
luggage	is	16
luggage	in	10
luggage	to	10
luggage	was	9
luggage	has	7
luggage	at	6
luigi	is	6
luis	cleaned	8
luis	was	6
luis	put	5
luis	had	4
luis	is	4
lukas	was	117
lukas	went	32
lukas	has	28
lukas	asked	26
lukas	is	26
luke	is	4
luke	i	3
lull	in	4
lulu	island	187
lulu	islanders	3
lumber	and	3
lumber	is	3
lump	of	14
lump	on	10
lump	in	9
lump	sum	5
lump	it	3
lumps	of	4
luna	is	10
lunacy	to	3
lunar	eclipse	20
lunar	new	8
lunar	surface	8
lunar	calendar	7
lunar	module	6
lunar	month	6
lunch	with	166
lunch	at	150
lunch	together	66
lunch	today	49
lunch	in	45
lunch	break	37
lunches	to	3
lunchtime	yet	3
lung	cancer	56
lung	disease	4
lung	problems	4
lung	diseases	3
lungs	are	11
lungs	and	6
lungs	of	6
lungs	when	4
lungs	were	3
lure	of	6
lure	layla	4
lure	the	3
lure	them	3
lure	you	3
lured	the	6
lured	her	3
lurking	in	12
lurking	around	11
lurking	near	3
lush	grass	3
lush	green	3
lust	for	5
lust	is	3
lust	of	3
luther	king	20
luxembourg	is	13
luxembourg	city	4
luxurious	life	3
luxurious	palace	3
luxury	cars	9
luxury	goods	9
luxury	car	8
luxury	of	8
luxury	i	6
luxury	in	5
lying	on	181
lying	to	170
lying	in	107
lying	down	39
lying	about	31
lying	around	28
lynch	is	3
lyndon	johnson	3
lyrical	about	3
lyrics	to	13
lyrics	are	11
lyrics	of	8
lyrics	make	4
lyrics	for	3
lyrics	from	3
ma	is	3
ma	tre	3
mac	is	5
mac	and	3
mac	os	3
macaroni	and	9
machete	to	6
machine	is	95
machine	was	26
machine	translation	22
machine	in	20
machine	gun	19
machine	learning	19
machinery	of	4
machinery	in	3
machines	are	26
machines	that	8
machines	can	6
machines	to	6
machines	and	5
machines	for	4
mad	at	294
mad	about	40
mad	with	20
mad	man	16
mad	that	15
mad	as	13
madagascar	is	9
madagascar	and	3
madame	de	7
made	a	1946
made	me	688
made	of	611
made	it	602
made	the	572
made	up	499
madly	in	35
madman	and	3
madman	is	3
madness	and	9
madness	is	6
madness	to	6
madness	has	3
madness	in	3
madonna	is	4
madrid	is	8
madrid	and	4
madrid	are	4
madrid	the	3
madrid	with	3
mafia	boss	4
mafia	is	4
magazine	is	23
magazine	to	10
magazine	in	9
magazine	for	7
magazine	has	7
magazine	and	6
magazines	are	9
magazines	in	7
magazines	on	7
magazines	to	7
magazines	and	6
magazines	were	5
magdalena	is	6
magdalena	and	4
magic	tricks	30
magic	wand	21
magic	of	20
magic	and	10
magic	trick	9
magic	word	9
magical	powers	6
magical	time	6
magical	world	6
magical	and	4
magical	moment	4
magical	place	4
magician	and	3
magician	made	3
magician	never	3
magnesium	is	6
magnet	for	8
magnet	attracts	3
magnet	is	3
magnetic	field	69
magnetic	fields	23
magnetic	personality	5
magnetic	compass	3
magnetic	environment	3
magnetic	tail	3
magnets	in	5
magnets	on	4
magnets	can	3
magnets	pulling	3
magnificent	view	10
magnificent	and	5
magnificent	sight	3
magnifying	glass	23
magnitude	of	21
magnitude	and	6
magnolia	blossoms	3
magpie	is	6
mahal	is	7
mahatma	gandhi	6
mahi	is	3
mahi	mahi	3
mahjong	is	4
maid	of	23
maid	and	7
maid	to	7
maid	is	6
maid	came	3
maid	was	3
maiden	name	15
maiden	voyage	9
maiden	and	3
maiden	is	3
maiden	with	3
maids	of	3
mail	this	51
mail	address	37
mail	from	23
mail	the	22
mail	to	19
mail	is	12
mailed	layla	7
mailed	the	5
mailed	his	4
mailed	me	4
mailed	a	3
mailing	list	9
mailing	layla	8
mailman	is	3
mails	from	7
mails	and	3
mails	to	3
main	character	36
main	street	34
main	thing	32
main	reason	30
main	road	30
main	problem	16
mainly	in	17
mainly	of	11
mainly	for	9
mainly	because	8
mainly	from	7
mainly	on	7
mainstream	media	5
mainstream	of	3
maintain	a	40
maintain	its	31
maintain	the	23
maintain	their	13
maintain	his	11
maintain	your	11
maintained	a	13
maintained	his	10
maintained	that	9
maintained	her	4
maintained	its	4
maintained	eye	3
maintaining	a	19
maintaining	the	6
maintaining	their	4
maintaining	healthy	3
maintaining	it	3
maintaining	my	3
maintains	a	10
maintains	his	5
maintains	the	5
maintains	an	3
maintains	its	3
maintains	that	3
maintenance	of	9
maintenance	work	7
maintenance	tunnel	5
maintenance	and	4
maintenance	to	3
majestic	creatures	3
majestic	mountains	3
majesty	i	3
majesty	is	3
majesty	the	3
majesty	you	3
major	in	35
major	problem	23
major	is	17
major	cause	16
major	problems	16
major	cities	15
majored	in	50
majority	of	224
majority	in	17
majority	country	11
majority	is	9
majority	voted	5
majority	are	4
majors	in	9
make	a	2078
make	it	1283
make	sure	1034
make	the	784
make	you	656
make	me	636
maker	of	4
maker	and	3
makers	of	7
makers	are	6
makers	and	3
makes	me	528
makes	you	457
makes	a	228
makes	the	187
makes	it	175
makes	no	128
makeshift	shelter	3
makeup	on	14
makeup	is	8
makeup	artist	7
makeup	in	7
makeup	of	7
makeup	to	7
making	a	489
making	the	164
making	it	139
making	me	128
making	fun	98
making	mistakes	78
makings	of	3
makoto	found	3
malaria	is	10
malaria	parasite	7
malaria	carrying	3
malaria	day	3
malaria	in	3
malaria	which	3
malaysia	and	4
malaysia	is	4
malcolm	was	3
male	and	50
male	or	18
male	giraffes	14
male	giraffe	9
male	of	9
male	is	7
males	and	10
males	are	6
males	of	4
mali	and	7
mali	is	7
mali	in	3
malice	is	3
malice	toward	3
malicious	intent	5
malicious	gossip	3
mall	with	20
mall	is	12
mall	to	9
mall	in	7
mall	was	7
mall	at	5
malls	in	5
malnutrition	and	3
malta	is	3
maltese	is	21
maltese	language	19
maltese	has	8
maltese	and	4
maltese	beauty	4
maltese	people	3
mama	and	3
mama	has	3
mama	is	3
mammal	in	6
mammal	is	4
mammal	of	4
mammal	with	4
mammal	on	3
mammal	which	3
mammals	that	11
mammals	and	10
mammals	are	8
mammals	have	4
mammals	in	4
mammals	such	4
man	is	733
man	who	502
man	in	335
man	of	297
man	was	287
man	to	215
manage	to	238
manage	that	31
manage	it	27
manage	on	23
manage	your	19
manage	without	14
managed	to	831
managed	by	16
managed	the	11
managed	a	5
managed	without	5
managed	it	4
management	of	20
management	and	12
management	is	7
management	has	5
management	position	5
management	skills	4
manager	of	40
manager	is	26
manager	was	22
manager	and	11
manager	at	9
manager	for	8
managers	are	4
managers	in	3
manages	to	26
manages	the	11
manages	a	9
manages	their	4
managing	director	13
managing	the	11
managing	all	5
managing	a	4
managing	your	4
managing	to	3
manchester	united	8
manchester	city	3
mandarin	chinese	10
mandarin	and	6
mandarin	is	6
mandarin	in	5
mandarin	oranges	5
mandatory	in	7
mandatory	to	6
mandatory	day	3
mandatory	for	3
mandatory	military	3
mandela	was	7
mane	and	6
mane	of	4
manga	artist	5
manga	is	3
mango	is	5
mango	juice	3
mango	to	3
mango	tree	3
mangoes	are	3
mangoes	to	3
manhattan	is	4
maniac	like	4
manifest	in	3
manifest	on	3
manifest	themselves	3
manifestation	of	11
manifests	in	3
manifests	itself	3
manipulate	others	9
manipulate	the	6
manipulate	me	4
manipulate	us	3
manipulate	you	3
manipulated	by	10
manipulated	layla	3
manipulating	the	4
manipulating	me	3
manipulating	people	3
manipulating	you	3
manipulation	and	4
manipulative	person	4
manipulative	tactics	3
mankind	is	19
mankind	and	9
mankind	will	6
mankind	must	4
mankind	has	3
mankind	would	3
manly	and	3
manly	man	3
manly	men	3
manly	moustache	3
manned	spacecraft	3
manner	of	54
manner	and	16
manner	as	15
manner	in	11
manner	that	8
manner	was	6
manners	to	27
manners	and	16
manners	are	16
manners	were	6
manners	at	4
manners	of	4
mansion	was	17
mansion	in	15
mansion	is	6
mansion	looked	4
mansion	with	4
mansion	from	3
mantle	and	4
mantle	of	3
manual	labor	13
manual	for	12
manual	is	7
manual	and	4
manual	transmission	4
manual	work	4
manufacture	of	7
manufactured	in	17
manufactured	goods	11
manufactured	by	4
manufacturer	of	4
manufacturers	of	4
manufacturing	sector	18
manufacturing	and	11
manufacturing	hub	6
manufacturing	base	5
manufacturing	jobs	5
manufacturing	process	5
manuscript	was	4
manuscript	before	3
manuscript	over	3
manuscript	to	3
many	people	1709
many	times	668
many	of	646
many	years	416
many	things	354
many	books	232
map	of	88
map	to	24
map	on	20
map	is	12
map	for	11
map	and	10
maple	syrup	16
maple	leaves	6
maple	trees	5
maple	tree	4
maple	leaf	3
mapped	the	5
maps	and	10
maps	of	9
maps	during	3
mar	a	22
marathon	race	10
marathon	in	5
marathon	is	5
marathon	not	4
marathon	on	3
marathon	was	3
marble	and	5
marble	statue	4
marble	steps	3
marc	is	4
marcello	scored	4
march	of	63
march	th	18
march	is	17
march	and	12
march	in	11
march	the	9
marched	in	10
marched	through	5
marched	to	4
marched	off	3
marched	up	3
marches	on	4
marches	to	3
marching	band	4
marching	bands	4
marching	to	4
marching	along	3
marco	is	6
marco	has	4
marcus	was	8
marcus	is	7
marcus	claimed	3
mardi	gras	4
mare	is	5
margaret	thatcher	4
margarine	instead	5
margarine	for	4
margarine	and	3
margin	of	12
margin	to	3
margins	of	5
maria	is	83
maria	has	27
maria	was	23
maria	and	9
maria	always	7
mariah	carey	8
marie	is	30
marie	was	15
marie	has	12
marie	curie	8
marie	will	7
marijuana	is	7
marijuana	in	4
marijuana	for	3
marika	is	10
marika	in	5
marika	like	4
marika	almost	3
marika	has	3
marika	read	3
marilla	was	4
marilla	had	3
marilla	says	3
marilla	what	3
marilyn	monroe	8
marilyn	manson	3
marina	is	6
marina	and	3
marina	was	3
marine	life	20
marine	mammals	17
marine	species	12
marine	animals	10
marine	mammal	8
marine	sanctuary	8
mario	is	9
mario	and	5
mario	bros	3
mario	in	3
mario	was	3
marital	status	11
marital	problems	9
marital	affair	4
mark	was	119
mark	is	79
mark	and	46
mark	the	42
mark	on	39
mark	wanted	34
marked	the	36
marked	by	24
marked	with	17
marked	a	6
marked	his	3
marked	success	3
markers	in	3
markers	or	3
market	is	67
market	for	45
market	in	36
market	to	27
market	with	19
market	economy	18
marketing	department	8
marketing	strategy	4
marketing	team	4
marketing	and	3
marketing	campaign	3
marketplace	is	3
marketplace	of	3
markets	and	12
markets	in	11
markets	are	8
markets	for	4
markets	to	4
markets	were	3
marking	the	13
marking	its	5
markings	are	3
markings	on	3
marks	the	36
marks	on	25
marks	in	16
marks	of	13
marks	a	9
marks	were	7
marley	was	3
marmalade	is	4
marooned	on	4
marquis	de	3
marriage	is	120
marriage	was	43
marriage	and	20
marriage	to	16
marriage	has	12
marriage	of	10
marriages	are	8
marriages	but	3
marriages	end	3
married	to	250
married	a	138
married	in	120
married	and	94
married	for	74
married	her	54
marries	a	5
marries	the	3
marrow	transplant	5
marry	her	106
marry	him	104
marry	me	92
marry	you	79
marry	a	78
marry	the	23
marrying	her	11
marrying	you	11
marrying	him	10
marrying	a	7
marrying	layla	7
marrying	someone	6
mars	is	86
mars	has	32
mars	and	27
mars	rover	11
mars	was	9
mars	are	8
marseille	to	4
marsh	grass	3
marsha	i	3
marshall	islands	3
marshes	are	4
marshes	and	3
marshmallows	are	8
marshmallows	and	5
marshmallows	over	5
marshmallows	did	4
marshmallows	by	3
marshmallows	can	3
martha	to	98
martha	was	35
martha	in	33
martha	had	27
martha	and	25
martha	for	25
martial	arts	45
martial	art	21
martial	law	9
martial	artist	4
martian	surface	7
martian	atmosphere	6
martian	colony	4
martian	garden	4
martian	rock	4
martian	soil	4
martians	have	5
martin	luther	25
martin	is	7
martin	scorsese	3
martino	was	145
martino	is	29
martino	went	27
martino	heard	25
martino	got	23
martino	tried	23
marvel	at	5
marvel	that	3
marvellous	weather	3
marvelous	time	6
marvelous	thing	4
marx	and	5
marx	said	3
marx	was	3
maryland	and	3
mascara	would	4
mascot	for	3
mascot	of	3
masculine	than	5
masculine	way	5
masculine	in	4
masculine	and	3
masculine	men	3
masculinity	is	5
mashed	potatoes	38
mashed	the	14
mashed	potato	9
mask	on	16
mask	off	11
mask	and	10
mask	is	8
mask	to	8
mask	in	7
masked	men	5
masked	man	3
masks	and	13
masks	are	11
masks	to	11
masks	in	4
masks	for	3
masks	when	3
mason	is	3
masquerading	as	4
mass	of	70
mass	media	17
mass	destruction	15
mass	shootings	13
mass	extinction	9
mass	is	8
massachusetts	institute	3
massacre	of	8
massacre	in	3
massacred	the	3
massage	therapist	20
massage	felt	4
massage	my	4
massage	to	4
massage	your	4
masses	of	8
masses	and	6
masses	are	4
massive	protests	11
massive	amounts	8
massive	spider	6
massive	dump	4
massive	planet	4
massive	stars	4
massively	increase	3
master	of	104
master	english	24
master	a	23
master	the	19
master	and	17
master	french	15
mastered	the	11
mastered	in	5
mastered	by	4
mastered	english	4
mastered	it	3
mastermind	behind	5
mastermind	of	5
masterpiece	of	9
masterpieces	of	4
masters	of	13
masters	the	6
mastery	of	14
mastery	is	3
mastery	over	3
masturbation	is	4
mat	in	5
mat	was	5
mat	and	4
mat	for	4
mat	with	3
match	for	54
match	the	46
match	was	44
match	on	19
match	and	15
match	is	15
matched	the	9
matched	in	4
matched	for	3
matched	her	3
matched	his	3
matches	the	14
matches	and	7
matches	are	6
matches	in	6
matches	my	6
matches	your	6
mate	and	5
material	is	25
material	and	17
material	that	16
material	for	15
material	to	11
material	world	9
materials	to	12
materials	are	11
materials	and	9
materials	in	9
materials	for	8
materials	from	8
maternal	grandmother	14
maternal	grandfather	10
maternal	language	4
maternal	mortality	4
maternal	love	3
maternity	leave	18
maternity	ward	4
math	teacher	52
math	test	37
math	problem	34
math	is	33
math	and	20
math	homework	19
mathematical	problems	5
mathematical	calculations	4
mathematical	ability	3
mathematical	genius	3
mathematical	problem	3
mathematical	sciences	3
mathematician	and	3
mathematicians	are	8
mathematicians	have	3
mathematics	is	49
mathematics	and	21
mathematics	a	7
mathematics	in	7
mathematics	the	6
mathematics	he	4
maths	exam	12
maths	is	12
maths	test	10
maths	and	9
maths	homework	8
maths	teacher	6
mating	season	20
mating	call	3
matrix	is	5
matt	and	13
matt	walsh	6
matt	brown	4
matt	is	3
matter	what	422
matter	how	391
matter	of	367
matter	to	157
matter	is	96
matter	with	89
mattered	to	7
mattered	in	3
mattered	more	3
matters	to	41
matters	worse	41
matters	is	37
matters	into	16
matters	in	14
matters	more	14
matthew	was	116
matthew	and	58
matthew	had	30
matthew	is	28
matthew	has	18
mattress	on	4
mattress	is	3
mattress	was	3
mature	enough	12
mature	for	8
mature	and	4
mature	adults	3
mature	tropical	3
mature	woman	3
matured	a	4
maturity	and	4
mauled	by	8
max	explained	3
max	is	3
maxed	out	9
maxim	of	5
maximize	his	3
maximum	of	12
maximum	security	9
maximum	limit	5
maximum	capacity	4
maximum	sentence	4
maximum	speed	4
may	be	1198
may	i	1109
may	have	601
may	not	580
may	do	153
may	go	146
maybe	you	379
maybe	we	328
maybe	i	303
maybe	it	86
mayo	clinic	3
mayonnaise	and	9
mayonnaise	is	8
mayonnaise	on	3
mayor	of	32
mayor	is	15
mayor	and	9
mayor	was	7
mayor	in	4
mayor	will	3
maze	of	9
mcdonald	is	4
mckinley	was	3
me	to	5609
me	a	3138
me	that	3105
me	the	1458
me	what	1149
me	in	940
meadow	is	10
meadow	was	4
meadow	behind	3
meadow	in	3
meadows	and	4
meal	is	34
meal	was	27
meal	for	26
meal	and	17
meal	with	16
meal	in	12
meals	a	28
meals	for	10
meals	in	10
meals	and	9
meals	at	7
meals	is	5
mean	to	473
mean	that	256
mean	you	92
mean	it	84
mean	by	60
mean	the	59
meaning	of	313
meaning	to	55
meaning	in	32
meaning	is	22
meaning	the	16
meaning	that	14
meaningful	and	4
meaningful	conversations	3
meaningful	life	3
meaningless	things	4
meaningless	without	4
meaningless	existence	3
meanings	of	5
meanings	and	3
meanings	are	3
means	to	158
means	of	151
means	that	112
means	a	90
means	the	63
means	nothing	30
meant	to	313
meant	for	42
meant	by	30
meant	it	29
meant	that	29
meant	a	20
meantime	the	5
meantime	we	4
meantime	i	3
meanwhile	the	11
meanwhile	a	5
meanwhile	i	5
meanwhile	it	4
meanwhile	you	4
meanwhile	with	3
measles	is	4
measles	mumps	3
measles	outbreak	3
measure	the	48
measure	of	41
measure	to	12
measure	my	7
measure	up	7
measure	is	6
measured	the	29
measured	in	19
measured	by	16
measured	against	3
measured	on	3
measured	out	3
measurement	is	7
measurement	of	4
measurements	of	7
measurements	are	6
measurements	from	3
measures	to	50
measures	the	14
measures	that	10
measures	are	8
measures	in	7
measures	were	7
measuring	the	12
measuring	cup	5
measuring	stick	3
meat	is	98
meat	and	50
meat	in	40
meat	to	19
meat	was	18
meat	with	16
meats	and	4
meats	that	4
mecca	is	4
mecca	of	4
mechanic	are	4
mechanic	who	4
mechanic	and	3
mechanical	engineering	7
mechanical	engineer	4
mechanical	problem	4
mechanism	for	5
mechanism	of	3
mechanism	that	3
mechanisms	of	4
med	school	3
medal	in	13
medal	for	11
medal	of	9
medal	is	4
medal	winner	4
medal	on	3
medals	at	4
medals	in	4
medals	have	3
medals	to	3
meddle	in	23
meddle	with	5
meddling	in	8
media	is	38
media	and	26
media	has	14
media	platforms	11
media	are	10
media	in	10
mediator	between	4
medical	school	31
medical	treatment	29
medical	care	25
medical	attention	19
medical	supplies	18
medical	center	15
medically	and	3
medication	for	17
medication	is	10
medication	that	5
medication	to	5
medication	can	4
medication	but	3
medications	are	8
medications	can	3
medications	that	3
medications	you	3
medicinal	plants	6
medicinal	properties	4
medicinal	herbs	3
medicinal	plant	3
medicine	is	59
medicine	will	45
medicine	for	41
medicine	and	29
medicine	to	28
medicine	in	25
medicines	are	6
medicines	and	3
medicines	for	3
medicines	out	3
medicines	should	3
medieval	times	7
medieval	europe	5
medieval	castle	4
medieval	city	4
medieval	hebrew	4
medieval	european	3
medina	in	3
meditate	in	5
meditate	on	4
meditating	in	7
meditation	is	6
meditation	and	5
meditation	for	5
meditation	you	5
meditation	can	4
meditation	classes	3
mediterranean	sea	39
mediterranean	region	19
mediterranean	and	8
mediterranean	climate	6
mediterranean	diet	6
mediterranean	games	4
medium	sized	20
medium	size	10
medium	of	9
medium	rare	8
medium	for	4
meet	you	530
meet	him	288
meet	her	222
meet	again	133
meet	at	132
meet	me	130
meeting	was	125
meeting	will	94
meeting	with	94
meeting	room	89
meeting	is	76
meeting	you	62
meetings	are	16
meetings	in	9
meetings	and	7
meetings	with	7
meetings	were	6
meetings	will	5
meets	the	27
meets	his	6
meets	a	4
meets	me	3
meg	is	9
meg	has	5
meg	was	5
meg	in	3
meg	to	3
melancholy	and	4
melancholy	is	4
melanie	is	11
melanie	has	3
melissa	to	71
melissa	was	31
melissa	a	24
melissa	and	19
melissa	went	17
melissa	for	16
melodies	and	4
melodies	on	3
melody	of	10
melody	is	7
melody	a	3
melody	in	3
melody	on	3
melon	for	3
melons	from	3
melt	the	17
melt	in	9
melt	cheese	6
melt	soon	5
melt	away	4
melt	that	3
melted	away	8
melted	in	8
melted	into	8
melted	the	7
melted	already	5
melted	butter	4
melting	pot	8
melting	the	8
melting	of	7
melting	glaciers	4
melting	ice	4
melting	and	3
melts	in	11
melts	it	5
melts	into	3
melts	the	3
melvin	what	3
member	of	358
member	is	9
member	states	9
member	in	7
member	here	6
member	to	4
members	of	227
members	are	23
members	to	21
members	were	21
members	in	16
members	will	7
membership	fee	9
membership	is	7
membership	in	5
membership	card	4
membership	dues	3
membership	of	3
membrane	that	3
memorable	and	3
memorable	day	3
memorable	event	3
memorial	is	10
memorial	day	6
memorial	service	5
memorial	to	5
memorial	in	4
memorial	of	4
memories	of	91
memories	from	14
memories	are	12
memories	and	7
memories	to	6
memories	with	5
memorize	the	34
memorize	this	14
memorize	a	9
memorize	these	6
memorize	all	3
memorize	it	3
memorized	the	21
memorized	a	8
memorized	all	4
memorized	english	3
memorized	his	3
memorizing	the	9
memory	of	83
memory	is	39
memory	serves	12
memory	and	11
memory	from	10
memory	for	8
men	are	342
men	and	217
men	were	120
men	in	95
men	to	93
men	who	93
menace	to	5
mend	my	11
mend	it	10
mend	this	8
mend	a	5
mend	his	5
mend	the	5
mended	the	11
mended	by	3
mended	them	3
menopause	is	6
menopause	can	3
menstrual	cycle	3
mental	health	126
mental	illness	43
mental	and	16
mental	issues	16
mental	hospital	15
mental	breakdown	13
mentality	of	5
mentally	ill	30
mentally	challenged	11
mentally	and	8
mentally	unstable	7
mentally	exhausted	5
mentally	handicapped	5
mention	it	75
mention	that	58
mention	the	39
mention	of	23
mention	this	17
mention	my	15
mentioned	that	43
mentioned	it	39
mentioned	in	38
mentioned	the	30
mentioned	this	17
mentioned	a	8
mentioning	that	8
mentioning	this	6
mentioning	it	3
mentioning	the	3
mentions	that	6
mentions	the	4
menu	please	16
menu	and	7
menu	of	7
menu	in	6
menu	is	6
menu	for	4
meow	meow	4
meow	said	4
meow	like	3
meowing	outside	4
meowing	about	3
mercedes	is	4
mercenaries	are	4
mercenaries	to	4
merchandise	is	3
merchant	and	5
merchant	is	4
merchant	ships	4
merchant	ship	3
merchant	was	3
merciful	to	5
mercury	is	63
mercury	has	22
mercury	venus	10
mercury	and	5
mercury	can	4
mercury	was	4
mercy	of	38
mercy	on	30
mercy	and	10
mercy	for	7
mercy	upon	5
mercy	but	3
mere	sight	13
mere	thought	9
mere	child	8
mere	coincidence	8
mere	speck	5
mere	chance	4
merely	a	44
merely	to	11
merely	because	9
merely	an	6
merely	as	5
merely	stating	5
merge	into	3
merged	with	8
merged	into	3
merger	of	5
merger	was	3
merit	of	4
merit	in	3
merits	of	8
merits	the	3
mermaid	and	4
merrily	in	8
merrily	merrily	3
merry	christmas	56
merry	go	10
merry	and	5
merry	laugh	4
merry	heart	3
merry	with	3
mesh	is	5
mesmerized	by	12
mess	with	100
mess	up	47
mess	in	22
mess	of	19
mess	around	11
message	to	105
message	from	83
message	for	50
message	on	36
message	is	28
message	of	28
messages	from	28
messages	to	25
messages	in	11
messages	on	10
messages	were	8
messages	for	7
messed	up	127
messed	with	24
messed	it	9
messed	things	3
messenger	of	24
messenger	was	3
messengers	of	5
messes	with	5
messing	with	58
messing	around	28
messing	up	10
messy	person	6
messy	hair	3
messy	situation	3
met	him	340
met	her	306
met	a	268
met	you	155
met	with	139
met	in	112
metal	is	15
metal	with	11
metal	band	9
metal	to	7
metal	and	6
metal	box	5
metals	group	6
metals	and	5
metals	that	4
metals	are	3
metals	such	3
metaphor	for	8
metaphor	of	5
metaphors	and	3
meteor	shower	20
meteor	strikes	15
meteor	showers	9
meteor	exploded	4
meteor	strike	3
meteorite	is	3
meteorites	have	3
meteors	are	3
meteors	burn	3
meteors	per	3
meter	is	11
meter	long	11
meter	high	10
meter	of	8
meter	dash	6
meter	race	6
meters	long	33
meters	in	23
meters	away	22
meters	tall	21
meters	of	18
meters	high	16
meth	addict	6
meth	in	3
methane	and	6
methane	emissions	6
methane	is	6
methane	on	3
method	of	78
method	is	43
method	to	23
method	for	20
method	has	15
method	that	8
methodology	is	3
methods	of	27
methods	to	19
methods	are	14
methods	for	11
methods	and	4
methods	have	4
meticulous	in	5
metre	by	4
metre	high	4
metre	wide	4
metre	is	3
metre	long	3
metres	long	16
metres	away	10
metres	from	7
metres	in	7
metres	of	7
metres	tall	7
metric	system	14
metric	tons	14
metro	station	20
metro	is	9
metro	manila	7
metro	in	5
metro	system	4
metro	stations	3
metropolitan	area	12
metropolitan	government	4
metropolitan	museum	4
metropolitan	areas	3
mexican	food	39
mexican	restaurant	9
mexican	and	5
mexican	american	3
mexican	art	3
mexican	government	3
mexicans	are	3
mexico	city	28
mexico	and	25
mexico	is	24
mexico	in	7
mexico	the	7
mexico	to	7
mi	is	3
miami	heat	3
mic	is	4
mic	night	3
mic	off	3
mice	are	19
mice	and	14
mice	in	9
mice	were	6
mice	that	5
mice	will	4
michael	was	134
michael	is	55
michael	has	45
michael	and	33
michael	jackson	28
michael	had	24
michaela	and	4
michelle	obama	6
michelle	is	4
mickey	mouse	11
microbes	and	5
microbes	in	3
microbes	that	3
microphone	is	10
microphone	and	7
microphone	on	5
microphone	switched	4
microphone	to	3
microscope	and	3
microscope	for	3
microsoft	and	3
microsoft	office	3
microsoft	word	3
microwave	oven	18
microwave	ovens	6
microwave	after	4
microwave	door	4
microwave	safe	4
microwave	to	4
mid	th	12
mid	air	10
mid	autumn	10
mid	afternoon	9
mid	ocean	9
midday	sun	5
midday	tomorrow	4
midday	on	3
middle	of	839
middle	school	121
middle	east	111
middle	ages	84
middle	class	69
middle	aged	38
midlife	crisis	5
midnight	the	13
midnight	when	11
midnight	is	10
midnight	snack	10
midnight	and	8
midnight	i	8
midori	skiing	3
midst	of	66
midterm	elections	4
midway	through	3
midwest	to	3
might	be	1163
might	not	474
might	have	416
might	happen	183
might	want	177
might	need	116
mightiest	of	3
mighty	and	3
mighty	god	3
mighty	hand	3
migraine	headache	5
migraine	aura	4
migrant	workers	4
migrants	from	5
migrants	and	4
migrants	are	4
migrants	to	4
migrants	in	3
migrate	to	18
migrated	to	11
migrated	from	3
migrating	to	4
migration	of	8
migration	is	4
migration	to	4
mike	is	24
mike	has	12
mike	was	10
mike	and	7
mike	likes	5
mike	said	5
milan	is	11
milan	and	4
mild	winter	10
mild	climate	8
mild	and	7
mild	symptoms	4
mild	weather	3
mile	away	25
mile	from	17
mile	in	12
mile	or	11
mile	is	9
mile	long	8
mileage	than	4
mileage	on	3
miles	away	105
miles	from	86
miles	to	37
miles	per	36
miles	an	29
miles	of	19
milestone	in	6
milestone	for	3
military	service	24
military	base	19
military	bases	16
military	aircraft	13
military	and	13
military	coup	12
milk	and	113
milk	in	100
milk	is	89
milk	a	37
milk	from	30
milk	the	30
milked	the	22
milked	a	11
milking	the	11
milking	a	8
milking	stand	6
milking	bucket	4
milking	his	4
milking	her	3
milky	way	106
mill	in	3
mill	is	3
mill	to	3
millennia	of	3
millennium	development	6
miller	is	8
miller	wants	4
miller	was	3
millie	is	10
millie	has	6
millie	loves	3
milligrams	of	5
millimeters	in	3
millimeters	of	3
million	people	168
million	dollars	129
million	years	91
million	yen	48
million	times	40
million	dinars	31
millionaire	are	4
millionaire	yet	3
millionaires	in	5
millionaires	and	3
millions	of	343
millions	and	9
millions	to	5
millions	a	4
millions	in	4
millions	or	4
millionth	of	5
mimic	the	4
mimicking	diet	3
mimicking	me	3
mimics	the	4
mina	again	9
mina	and	8
mina	attention	8
mina	awake	8
mina	immediately	8
mince	words	8
mince	her	4
mince	pies	4
mince	his	3
mind	if	349
mind	to	221
mind	is	127
mind	that	98
mind	and	95
mind	your	58
minded	people	17
minded	and	12
minded	person	7
minded	his	5
minded	man	3
mindful	of	67
mindful	in	3
minding	his	11
minding	my	5
mindless	entertainment	5
minds	of	24
minds	to	10
minds	and	9
minds	discuss	6
minds	about	5
minds	have	5
mindset	of	5
mindset	is	3
mindset	that	3
mine	is	86
mine	and	31
mine	in	30
mine	are	20
mine	on	12
mine	to	12
mined	in	3
mineral	water	34
mineral	resources	14
mineral	deposits	6
mineral	called	3
minerals	and	10
minerals	are	4
minerals	in	3
minerals	such	3
miners	are	3
mines	in	4
mines	and	3
ming	dynasty	3
mingle	with	8
minh	city	8
mini	skirt	5
mini	game	3
mini	skirts	3
miniature	golf	3
minimize	the	14
minimum	salary	68
minimum	wage	68
minimum	of	15
minimum	age	6
minimum	amount	3
minimum	speed	3
mining	sector	14
mining	town	8
mining	and	4
mining	operations	4
mining	in	3
mining	is	3
minions	have	7
minister	of	59
minister	is	19
minister	and	16
minister	said	16
minister	was	13
minister	has	12
ministers	of	4
ministers	will	3
ministry	of	40
minivan	was	3
minnesota	are	3
minor	mistakes	8
minor	injuries	7
minor	is	6
minor	problem	6
minor	detail	4
minor	details	4
minorities	are	8
minorities	in	5
minorities	of	5
minorities	struggle	3
minority	languages	12
minority	of	9
minority	groups	8
minority	language	7
minority	in	5
minority	rights	3
minors	are	3
mint	tea	6
mint	condition	4
mint	ice	3
mint	leaves	3
minus	degrees	11
minus	two	8
minus	four	6
minus	one	5
minus	three	5
minus	ten	3
minute	walk	37
minute	to	36
minute	of	35
minute	ago	29
minute	please	21
minute	and	20
minutes	to	185
minutes	ago	126
minutes	late	83
minutes	later	58
minutes	away	52
minutes	before	52
mira	are	43
mira	were	15
mira	and	12
mira	kept	5
mira	went	5
miracle	that	17
miracle	of	11
miracle	happened	6
miracle	can	5
miracle	you	5
miracle	in	4
miracles	are	5
miracles	do	5
miracles	happen	4
miracles	for	3
miracles	that	3
miraculously	survived	7
mirror	and	29
mirror	is	17
mirror	of	12
mirror	on	10
mirror	in	8
mirror	needs	5
mirrors	and	3
mirrors	of	3
mirrors	that	3
mirrors	the	3
miscarriage	is	3
miserable	life	16
miserable	and	7
miserable	weather	5
miserable	day	4
miserable	doing	4
miserable	failure	4
misery	and	11
misery	of	6
misery	is	4
misery	to	4
misery	was	3
misfortune	to	8
misfortune	into	6
misfortune	is	6
misfortune	and	4
misfortune	never	3
misfortune	that	3
misfortunes	of	8
misfortunes	never	3
misinterpreted	my	3
misjudged	you	7
misjudged	her	5
misjudged	him	5
misjudged	them	3
mislead	me	3
mislead	you	3
misleading	to	5
misleading	information	3
misled	you	7
misled	by	5
misled	me	4
misled	us	3
miso	soup	10
misplaced	my	12
misplaced	his	7
misplaced	your	5
misplaced	the	4
miss	the	282
miss	you	206
miss	my	99
miss	your	69
miss	her	67
miss	me	66
missed	the	361
missed	you	95
missed	a	67
missed	my	67
missed	his	63
missed	her	44
misses	his	29
misses	her	16
misses	him	9
misses	algeria	8
misses	the	7
misses	you	7
missiles	were	4
missing	from	51
missing	a	43
missing	the	39
missing	something	36
missing	for	23
missing	in	23
mission	to	52
mission	is	36
mission	was	22
mission	control	11
mission	in	11
mission	of	10
missionary	to	3
missions	to	7
mississippi	river	13
mississippi	is	5
missouri	river	3
mist	hung	4
mist	gradually	3
mist	in	3
mist	rose	3
mistake	again	64
mistake	in	49
mistake	to	43
mistake	of	34
mistake	that	29
mistake	i	23
mistaken	for	31
mistaken	i	28
mistaken	about	10
mistaken	me	7
mistaken	in	6
mistaken	as	4
mistakes	in	111
mistakes	are	36
mistakes	that	31
mistakes	and	27
mistakes	when	26
mistakes	i	21
mistaking	me	8
mister	stern	4
mister	president	3
mistletoe	is	4
mistook	you	12
mistook	me	10
mistook	the	9
mistook	him	6
mistook	her	5
mistook	his	4
mistreated	by	4
mistress	in	6
mistress	and	4
mistress	is	3
mistress	of	3
misunderstand	me	12
misunderstand	my	3
misunderstandings	are	4
misunderstandings	that	3
misunderstood	me	25
misunderstood	you	10
misunderstood	the	8
misunderstood	him	6
misunderstood	what	6
misunderstood	her	4
misuse	of	10
mitigating	circumstances	4
mitt	romney	3
mittens	are	5
mitts	when	4
mitts	off	3
mix	of	49
mix	the	23
mix	up	17
mix	with	11
mix	it	8
mix	well	8
mixed	up	58
mixed	with	41
mixed	everything	12
mixed	the	12
mixed	in	8
mixed	signals	7
mixing	up	9
mixing	the	5
mixing	with	5
mixing	things	3
mixture	of	63
mixture	is	5
mixture	into	4
mm	pistol	3
mo	ya	4
moan	and	3
moaning	and	5
moaning	in	5
moat	around	3
mob	of	4
mob	is	3
mobile	phone	137
mobile	phones	41
mobile	number	7
mobile	devices	6
mobile	home	6
mobile	is	6
mobility	of	4
moby	dick	3
mock	me	16
mock	the	7
mock	him	5
mock	us	5
mock	them	3
mocked	me	7
mocked	you	5
mocked	him	4
mocked	the	4
mocked	by	3
mocked	them	3
mockery	of	4
mocking	me	9
mocking	the	8
mocking	you	6
mocking	behavior	3
mocking	him	3
mode	of	23
mode	and	5
mode	is	4
model	of	48
model	for	28
model	plane	13
model	is	10
model	airplanes	8
model	in	7
modeling	career	5
modeling	agency	4
models	of	15
models	for	9
models	are	5
models	in	5
models	and	3
models	used	3
moderate	exercise	17
moderate	policies	3
moderately	spicy	6
moderation	is	7
moderation	in	6
moderation	leads	3
modern	art	41
modern	day	27
modern	society	19
modern	technology	19
modern	world	17
modern	music	14
modest	man	5
modest	and	4
modest	in	3
modest	is	3
modest	person	3
modesty	is	8
modesty	and	5
modification	is	3
modifications	to	3
modified	the	7
modified	food	4
modified	to	3
modify	the	6
modify	this	3
module	eagle	3
module	is	3
mohamed	bin	5
mohammed	is	4
moist	and	5
moisture	in	5
moisture	from	3
mold	in	5
mold	and	4
mold	or	4
mold	on	3
moldy	bread	7
mole	on	6
mole	in	3
mole	is	3
molecular	structure	4
molecular	biology	3
molecule	is	6
molecule	has	3
molecule	of	3
molecule	that	3
molecules	that	5
molecules	in	4
molecules	are	3
molecules	which	3
moles	of	5
molested	by	6
molesting	children	4
molly	has	3
molotov	cocktail	5
molotov	cocktails	3
molten	iron	3
molten	metal	3
mom	is	154
mom	and	104
mom	was	76
mom	i	34
mom	to	32
moment	of	122
moment	i	112
moment	to	90
moment	he	58
moment	the	34
moment	for	33
moments	of	43
moments	when	12
moments	later	10
moments	i	8
moments	in	8
moments	that	7
momentum	is	3
mommy	and	6
mommy	i	4
moms	are	5
moms	were	4
mon	go	3
mona	lisa	23
monaco	is	9
monarch	butterflies	4
monarch	and	3
monarch	butterfly	3
monarch	has	3
monarchs	are	5
monarchy	and	4
monastery	of	3
monday	to	61
monday	and	47
monday	night	46
monday	morning	41
monday	afternoon	39
monday	is	33
mondays	and	6
mondays	off	6
mondays	are	4
monetary	fund	9
monetary	policy	6
monetary	system	5
monetary	value	3
money	to	841
money	for	322
money	in	321
money	on	314
money	from	255
money	is	255
mongolia	is	3
monitor	the	9
monitor	was	7
monitor	is	5
monitor	on	3
monitor	their	3
monitored	the	8
monitored	by	3
monitoring	the	8
monk	is	6
monkey	bars	6
monkey	is	6
monkey	climbed	5
monkey	was	5
monkey	business	4
monkey	can	4
monkeys	are	17
monkeys	in	5
monkeys	do	4
monkeys	were	4
monkeys	at	3
monkeys	fall	3
monogamy	is	4
monopoly	on	11
monopoly	in	3
monotonous	life	7
monotonous	and	3
monoxide	is	4
monroe	died	4
monsoon	season	6
monsoon	rains	3
monster	in	13
monster	was	12
monster	had	8
monster	and	6
monster	under	6
monster	is	5
monsters	are	6
monsters	were	5
monsters	in	3
monsters	to	3
mont	blanc	13
mont	saint	5
monte	carlo	6
montenegro	is	5
montenegro	and	3
monterey	bay	4
month	of	166
month	to	41
month	in	35
month	ago	33
month	i	27
month	is	26
monthly	salary	10
monthly	fee	7
monthly	income	6
monthly	magazine	5
monthly	expenses	4
monthly	payments	4
months	ago	216
months	in	81
months	of	79
months	to	64
months	since	44
months	old	39
montreal	protocol	4
montreal	canada	3
monument	is	11
monument	was	9
monument	in	8
monument	to	5
monument	of	4
monumental	task	3
monuments	of	4
monuments	but	3
mood	for	78
mood	to	63
mood	today	46
mood	and	16
mood	swings	15
mood	this	13
moods	and	7
moon	is	141
moon	and	50
moon	was	43
moon	in	26
moon	has	15
moon	that	14
moonlight	is	9
moonlight	and	5
moonlight	was	4
moonlight	as	3
moonlight	the	3
moonlit	night	6
moons	and	14
moons	are	9
moons	in	9
moons	of	6
moons	does	5
moor	and	5
moose	are	13
moose	is	6
moose	can	4
moose	have	4
moot	point	4
mop	the	19
mop	and	3
mop	this	3
mop	up	3
mopping	the	14
mopping	up	3
moral	and	9
moral	compass	9
moral	of	8
moral	values	8
moral	support	7
moral	principles	6
morale	is	4
morality	is	7
morally	wrong	10
morals	of	5
morals	are	3
morals	or	3
moray	eel	4
more	than	3716
more	time	829
more	and	427
more	money	425
more	about	408
more	important	289
moreover	i	6
moreover	it	6
moreover	the	5
moreover	he	4
moreover	they	3
morgan	freeman	3
mormon	church	5
mormons	believe	3
morning	i	176
morning	and	123
morning	of	78
morning	to	75
morning	the	74
morning	at	51
mornings	and	5
mornings	are	4
mornings	or	4
moroccan	occupation	9
moroccan	border	3
moroccan	regime	3
morocco	is	73
morocco	and	37
morocco	are	22
morocco	have	15
morocco	has	14
morocco	wants	12
morse	code	9
morsel	of	7
mort	phil	4
mortal	danger	4
mortal	and	3
mortal	enemies	3
mortality	rate	5
mortar	and	5
mortgage	payment	5
mortis	has	4
moscow	is	9
moscow	and	7
moscow	to	5
moscow	for	4
moscow	state	4
moscow	well	3
moses	and	34
moses	said	22
moses	was	9
moses	had	8
moses	saying	7
moses	jesus	5
mosque	is	76
mosque	in	45
mosque	was	34
mosque	to	25
mosque	has	23
mosque	every	21
mosquito	bites	18
mosquito	bite	8
mosquito	borne	8
mosquito	larvae	5
mosquito	net	4
mosquito	in	3
mosquitoes	are	17
mosquitoes	in	6
mosquitoes	carry	3
mosquitoes	have	3
mosquitoes	will	3
moss	covered	9
moss	and	4
moss	is	4
moss	grows	3
most	of	1174
most	people	494
most	important	436
most	beautiful	396
most	popular	155
most	famous	147
mostly	of	16
mostly	in	13
mostly	empty	11
mostly	to	8
mostly	a	7
mostly	by	7
motel	in	6
motel	room	3
motel	with	3
motels	when	3
mother	is	477
mother	was	236
mother	and	157
mother	in	155
mother	tongue	143
mother	of	107
motherhood	and	3
mothers	are	18
mothers	and	12
mothers	were	6
mothers	to	4
moths	and	7
motion	of	9
motion	and	7
motion	sickness	7
motion	was	7
motion	is	6
motion	sensor	5
motionless	in	7
motionless	and	3
motionless	as	3
motionless	for	3
motionless	staring	3
motionless	with	3
motivate	yourself	5
motivated	to	52
motivated	by	28
motivated	him	6
motivated	now	6
motivated	you	6
motivated	me	5
motivation	to	35
motivation	for	12
motivation	is	5
motivation	and	4
motivational	speaker	4
motive	for	16
motive	to	7
motive	and	3
motive	in	3
motive	of	3
motive	was	3
motives	are	8
motives	for	6
motives	were	4
motives	of	3
motor	is	5
motor	running	4
motor	started	4
motor	oil	3
motor	vehicles	3
motorbike	but	3
motorbike	is	3
motorcycle	is	11
motorcycle	and	8
motorcycle	to	7
motorcycle	accident	5
motorcycle	that	4
motorcycle	with	4
motorcycles	are	5
motorway	is	7
motorway	here	3
motorway	service	3
motorway	was	3
motto	of	9
motto	is	6
motto	in	3
mould	in	4
mould	on	3
mound	and	3
mound	in	3
mount	everest	38
mount	fuji	18
mount	the	7
mount	and	5
mount	sinai	5
mount	a	4
mountain	in	94
mountain	is	83
mountain	climbing	40
mountain	range	30
mountain	of	28
mountain	and	19
mountains	of	50
mountains	in	47
mountains	are	43
mountains	and	36
mountains	to	15
mountains	were	12
mountaintop	is	3
mounted	on	13
mounted	a	6
mounted	his	6
mounted	the	6
mounted	her	3
mounted	upon	3
mounting	it	4
mounting	on	3
mourn	for	6
mourn	the	4
mourned	the	13
mourned	for	6
mourned	his	3
mourning	the	11
mourning	for	3
mouse	is	39
mouse	in	16
mouse	ran	7
mouse	was	7
mouse	on	6
mouse	with	6
moustache	on	3
mouth	shut	73
mouth	and	63
mouth	to	33
mouth	is	32
mouth	of	30
mouth	full	27
mouthful	of	7
mouths	of	14
mouths	shut	9
mouths	to	6
mouths	open	4
mouths	and	3
mouths	are	3
move	to	310
move	on	183
move	the	100
move	in	80
move	out	74
move	back	71
moved	to	665
moved	into	128
moved	in	116
moved	out	101
moved	back	87
moved	here	68
movement	of	46
movement	in	21
movement	is	19
movement	and	12
movement	to	12
movement	has	9
movements	of	15
movements	were	6
movements	are	5
movements	that	4
movements	and	3
movements	to	3
moves	with	22
moves	the	15
moves	like	14
moves	around	13
moves	in	13
moves	on	11
movie	is	178
movie	was	155
movie	theater	128
movie	with	52
movie	that	37
movie	in	30
movies	with	65
movies	are	32
movies	and	31
movies	in	26
movies	on	25
movies	tonight	17
moving	to	222
moving	in	66
moving	out	57
moving	back	34
moving	forward	33
moving	on	29
mow	the	38
mow	hay	6
mow	your	6
mow	our	3
mowed	the	9
mower	is	3
mowing	the	9
mowing	lawns	4
mozart	was	10
mozart	wrote	5
mozart	died	4
mozart	and	3
mozart	born	3
mozart	or	3
mozzarella	cheese	3
mp	player	11
mp	files	4
mr	smith	111
mr	brown	62
mr	jones	32
mr	johnson	31
mr	white	30
mr	yamada	20
mri	scan	3
mrs	miller	6
mrs	sato	4
mrs	jones	3
ms	miller	6
ms	sato	3
ms	tanaka	3
mt	fuji	17
mt	everest	3
mu	end	4
muay	thai	3
much	as	763
much	time	655
much	money	637
much	more	582
much	of	562
much	better	464
mucking	about	4
mucus	is	3
mud	and	14
mud	from	7
mud	in	6
mud	off	4
mud	to	4
mud	with	4
muddle	through	3
muddy	footprints	6
muddy	water	5
muddy	and	4
muddy	road	4
muddy	after	3
muddy	shoes	3
muffin	and	5
muffin	for	3
muffins	are	8
muffins	in	4
muffins	and	3
muffled	voice	6
mug	is	11
mug	of	10
mug	in	4
mug	on	4
mugged	on	4
mugged	by	3
mugs	of	3
muhammad	peace	53
muhammad	is	17
muhammad	ali	10
muhammad	and	8
muhammad	was	3
mulberry	tree	3
mule	is	4
mule	deer	3
multinational	corporations	8
multinational	company	4
multiple	times	68
multiple	languages	26
multiple	choice	6
multiple	meanings	6
multiple	occasions	5
multiplied	by	16
multiplied	and	5
multiply	and	11
multiply	the	9
multiply	thy	5
multiply	words	3
multitude	of	33
mum	is	51
mum	and	16
mum	bought	10
mum	has	7
mum	i	7
mumbai	and	3
mumbling	something	9
mumbling	to	4
mumps	and	3
munch	on	9
munching	on	4
munich	is	7
municipal	council	4
municipal	elections	4
municipal	government	3
municipality	has	3
municipality	in	3
mural	in	3
murder	of	46
murder	is	29
murder	and	27
murder	weapon	25
murder	case	22
murder	in	12
murdered	in	28
murdered	by	18
murdered	her	17
murdered	him	13
murdered	his	12
murdered	mina	9
murderer	is	14
murderer	was	13
murderer	of	5
murdering	his	6
murdering	her	5
murders	and	3
muriel	is	4
murmur	of	10
murmur	went	3
murmurs	of	3
musa	is	3
muscle	in	13
muscle	mass	6
muscle	tissue	4
muscle	to	4
muscle	is	3
muscle	pain	3
muscles	are	13
muscles	and	7
muscles	in	7
muscles	of	4
muscles	that	4
muscles	to	4
muscular	man	5
museum	is	86
museum	of	43
museum	in	29
museum	has	21
museum	with	13
museum	on	10
museums	are	11
museums	in	11
museums	and	9
museums	do	3
museums	would	3
mushroom	is	17
mushroom	soup	6
mushroom	and	3
mushrooms	are	31
mushrooms	in	10
mushrooms	and	9
mushrooms	for	5
mushrooms	along	4
mushrooms	grow	4
music	is	229
music	and	86
music	in	64
music	do	45
music	was	40
music	to	37
musical	instrument	30
musical	instruments	29
musical	talent	11
musical	ability	4
musical	family	4
musical	genius	4
musically	inclined	3
musician	and	9
musician	in	8
musician	is	4
musician	like	4
musician	was	4
musicians	and	7
musicians	are	6
musicians	from	6
musicians	in	6
musicians	who	4
musk	is	19
musk	has	11
musk	was	6
musk	and	3
musk	should	3
muslim	and	93
muslim	woman	54
muslim	community	41
muslim	family	27
muslim	in	27
muslim	country	19
muslims	are	84
muslims	believe	71
muslims	in	34
muslims	and	27
muslims	have	18
mussels	are	3
mussolini	was	6
must	be	2116
must	have	776
must	not	353
must	go	194
must	do	180
must	take	139
mustache	is	6
mustache	on	5
mustache	and	4
mustache	yet	4
mustafa	kemal	5
mustard	on	10
mustard	and	5
mustard	is	4
mustard	seed	3
musty	in	3
mute	and	6
mute	people	3
mute	with	3
muted	the	3
mutilated	his	3
muttering	something	5
muttering	to	3
mutual	respect	47
mutual	understanding	25
mutual	friend	20
mutual	friends	14
mutual	aid	13
mutual	trust	7
mutually	exclusive	7
mutually	beneficial	3
muzzle	and	4
my	father	2340
my	mother	1748
my	life	1696
my	parents	1311
my	house	1177
my	brother	1151
myriad	of	7
myself	to	221
myself	a	188
myself	in	170
myself	with	70
myself	that	67
myself	i	61
mysteries	of	21
mysteries	in	9
mysteries	and	4
mysterious	and	8
mysterious	creatures	5
mysterious	man	5
mysterious	way	5
mysterious	ways	5
mysterious	about	4
mysteriously	disappeared	3
mystery	to	29
mystery	of	28
mystery	and	9
mystery	that	8
mystery	is	7
mystery	novels	6
myth	that	10
myth	of	7
myths	and	5
na	ve	15
na	vet	3
nadu	is	3
nagasaki	is	3
nagging	me	7
nah	i	6
nail	polish	20
nail	on	16
nail	in	11
nail	into	11
nail	clippers	10
nail	salon	7
nailed	it	11
nailed	the	4
nails	are	10
nails	done	9
nails	were	6
nails	into	5
nails	and	3
nails	at	3
naive	and	15
naive	as	9
naive	to	7
naive	at	4
naive	of	3
nakamura	went	3
naked	eye	47
naked	in	31
naked	and	16
naked	on	12
naked	man	10
naked	woman	8
name	is	698
name	of	630
name	was	183
name	and	151
name	on	131
name	for	129
named	after	123
named	the	58
named	his	52
named	layla	31
namely	the	7
namely	that	4
names	of	85
names	are	41
names	in	23
names	on	20
names	and	15
names	to	15
namesake	was	6
naming	a	4
naming	his	3
naming	things	3
nan	is	5
nan	and	4
nan	likes	3
nan	was	3
nancy	is	21
nancy	looks	6
nancy	was	6
nancy	grace	5
nancy	has	5
nancy	and	4
nani	enterprises	6
naoki	was	3
naoko	is	4
naoko	lives	3
naomi	said	5
naomi	osaka	3
nap	in	17
nap	after	12
nap	at	9
nap	and	5
nap	now	5
nap	on	5
napkins	are	6
napkins	and	5
napkins	for	5
napkins	to	5
napkins	in	4
napkins	with	3
naples	is	7
naples	and	3
napoleon	was	11
napoleon	bonaparte	9
napping	in	5
nara	is	10
nara	next	4
nara	for	3
nara	tomorrow	3
narcissistic	people	8
narcissistic	individuals	7
narrating	the	4
narrative	of	6
narrative	that	6
narrative	is	5
narrator	is	11
narrow	minded	28
narrow	for	19
narrow	escape	17
narrow	path	16
narrow	and	13
narrow	streets	13
narrowed	the	4
narrowed	it	3
nasa	has	16
nasa	astronauts	13
nasa	is	11
nasa	says	11
nasa	and	7
nasa	launched	4
nashville	tennessee	5
nasty	things	16
nasty	to	8
nasty	as	7
nasty	weather	6
nasty	and	5
nasty	comments	4
natalie	is	3
nation	of	45
nation	that	28
nation	and	24
nation	is	23
nation	in	20
nation	has	16
national	park	122
national	anthem	60
national	parks	39
national	holiday	20
national	team	20
national	language	18
nationalism	is	9
nationalism	and	3
nationalism	was	3
nationality	are	43
nationality	were	19
nationality	is	10
nationality	of	8
nations	and	25
nations	in	24
nations	to	20
nations	are	18
nations	have	18
nations	of	14
native	language	249
native	speaker	244
native	speakers	232
native	american	79
native	americans	66
native	to	58
natives	are	7
natives	of	7
natives	need	5
natives	in	4
natives	were	4
natives	who	4
nativity	scene	5
nato	in	6
nato	alliance	3
nato	and	3
nato	attacked	3
nato	bombed	3
nato	is	3
natural	resources	106
natural	gas	67
natural	that	29
natural	to	27
natural	for	26
natural	hair	25
naturally	in	8
naturally	occurring	8
naturally	to	8
naturally	inclined	7
naturally	curly	6
naturally	invited	4
nature	of	104
nature	is	102
nature	and	41
nature	to	26
nature	in	20
nature	has	18
naught	but	8
naughty	boy	23
naughty	children	6
naughty	when	5
naughty	boys	3
nausea	and	3
nauseous	and	3
nautical	mile	4
navigate	the	17
navigate	through	9
navigate	his	3
navigate	in	3
navigate	this	3
navigate	with	3
navigating	the	7
navigation	and	6
navigation	system	3
navigation	was	3
navy	blue	8
navy	seal	7
navy	after	6
navy	and	4
navy	was	3
nay	i	3
nazi	germany	5
nazi	occupation	5
nazi	party	3
nazis	are	4
nazis	for	3
nazis	is	3
nazis	killed	3
nazis	often	3
nazis	were	3
nd	of	25
nd	century	7
nd	prime	3
ne	sais	7
neanderthals	and	4
neanderthals	had	3
near	the	863
near	here	147
near	a	101
near	my	82
near	future	80
near	me	36
nearby	school	19
nearby	river	6
nearby	hospital	5
nearby	restaurant	5
nearby	town	5
nearby	i	4
nearer	to	16
nearer	than	4
nearer	the	4
nearest	to	15
nearest	town	14
nearest	hospital	13
nearest	star	12
nearest	station	12
nearest	gas	9
nearing	the	12
nearing	its	9
nearly	all	38
nearly	a	30
nearly	as	26
nearly	every	26
nearly	three	24
nearly	impossible	20
neat	and	14
neat	as	9
neatly	dressed	7
neatly	on	4
neatly	and	3
neatly	for	3
nebula	is	3
necessarily	mean	19
necessarily	have	16
necessarily	a	13
necessarily	true	9
necessarily	the	8
necessarily	make	6
necessary	to	318
necessary	for	224
necessary	that	61
necessary	evil	11
necessary	in	10
necessary	skills	9
necessities	of	4
necessities	and	3
necessity	of	19
necessity	for	9
necessity	is	8
necessity	to	3
neck	and	53
neck	is	14
neck	in	10
neck	of	10
neck	to	9
neck	with	8
necklace	is	12
necklace	for	10
necklace	and	7
necklace	to	7
necklace	was	6
necklace	that	5
necks	to	4
necks	in	3
necktie	which	3
nectar	and	5
nectar	from	4
nectar	of	3
need	to	11451
need	a	1799
need	you	415
need	some	398
need	more	337
need	for	282
needed	to	1238
needed	a	219
needed	help	91
needed	some	85
needed	the	61
needed	more	60
needing	to	12
needing	this	6
needing	that	5
needing	these	5
needing	a	4
needing	anything	3
needle	and	14
needle	in	12
needle	for	10
needle	to	9
needle	into	5
needle	of	4
needles	in	10
needless	to	40
needs	to	3761
needs	a	546
needs	more	153
needs	some	71
needs	help	53
needs	an	44
negative	impact	12
negative	comments	10
negative	effects	10
negative	thoughts	9
negative	attitude	8
negative	consequences	8
negatively	impact	7
negatively	about	4
negatively	affect	3
negatively	charged	3
negatives	in	3
neglect	of	8
neglect	your	7
neglect	the	6
neglect	their	6
neglect	and	3
neglect	his	3
neglected	his	14
neglected	to	13
neglected	and	6
neglected	her	4
neglected	my	4
neglected	the	4
neglecting	his	11
negligence	is	3
negotiate	with	16
negotiate	a	7
negotiate	the	3
negotiated	a	7
negotiated	with	5
negotiated	the	4
negotiating	with	4
negotiating	table	3
negotiation	and	3
negotiation	was	3
negotiations	are	14
negotiations	with	7
negotiations	have	6
negotiations	and	5
negotiations	the	5
negotiations	will	5
negro	is	4
neighbor	is	35
neighbor	has	19
neighbor	was	13
neighbor	as	9
neighbor	to	9
neighbor	across	5
neighborhood	is	32
neighborhood	of	24
neighborhood	in	19
neighborhood	was	16
neighborhood	and	14
neighborhood	where	14
neighborhoods	in	7
neighboring	countries	17
neighboring	country	11
neighboring	room	6
neighboring	town	5
neighboring	house	3
neighboring	village	3
neighbors	are	64
neighbors	and	14
neighbors	were	14
neighbors	to	13
neighbors	have	12
neighbors	in	6
neighbour	is	25
neighbour	as	11
neighbour	has	10
neighbour	who	10
neighbour	in	7
neighbour	i	6
neighbourhood	was	7
neighbourhood	is	5
neighbouring	countries	6
neighbouring	village	5
neighbouring	room	4
neighbouring	table	4
neighbouring	house	3
neighbours	are	21
neighbours	have	10
neighbours	the	7
neighbours	again	6
neighbours	from	5
neighbours	think	5
neil	armstrong	18
neither	of	171
neither	the	35
neither	did	27
neither	do	26
neither	a	23
neither	can	21
nelson	mandela	17
neo	nazi	9
neo	nazis	6
neo	there	6
neon	lights	3
neon	signs	3
nepal	is	4
nepal	rising	3
nephew	is	21
nephew	was	11
nephew	and	4
nephew	of	4
neptune	is	14
neptune	has	9
neptune	and	5
neptune	are	4
neptune	in	4
neptune	was	4
nerd	in	4
nerve	to	43
nerve	cells	8
nerve	racking	4
nerve	in	3
nerves	are	8
nerves	of	8
nerves	were	6
nerves	and	5
nerves	down	3
nervous	about	45
nervous	and	30
nervous	when	28
nervous	system	20
nervous	to	20
nervous	breakdown	19
nervously	looks	3
nervously	opened	3
ness	monster	7
nest	in	22
nest	of	9
nest	on	7
nest	and	4
nest	fell	3
nest	is	3
nesting	in	6
nestor	is	6
nestor	ate	3
nests	in	7
nests	on	4
nests	with	3
net	worth	9
net	was	6
net	profit	4
net	in	3
net	or	3
netflix	and	4
netflix	series	4
netherlands	is	20
netherlands	and	8
netherlands	have	4
netherlands	are	3
netherlands	in	3
netherlands	was	3
nets	and	3
network	of	34
network	is	11
network	in	5
network	and	4
network	has	4
network	to	3
networking	event	6
networking	sites	3
neural	network	6
neural	networks	3
neurological	disorders	3
neutral	language	8
neutral	in	6
neutral	country	4
neutral	and	3
neutron	star	10
neutron	stars	6
neutrons	and	6
never	been	929
never	seen	713
never	be	519
never	do	428
never	had	428
never	forget	399
nevertheless	i	12
nevertheless	he	9
nevertheless	the	6
nevertheless	it	4
new	york	719
new	car	396
new	job	239
new	year	232
new	zealand	229
new	house	219
newborn	baby	12
newborn	son	3
newcomer	with	3
newer	than	15
newer	one	3
newest	of	3
newly	discovered	14
newly	restored	11
newly	built	8
newly	developed	6
newly	opened	6
newman	said	3
news	of	107
news	for	76
news	is	67
news	to	58
news	that	44
news	on	42
newspaper	is	37
newspaper	in	27
newspaper	every	18
newspaper	and	17
newspaper	before	13
newspaper	do	11
newspapers	and	15
newspapers	are	12
newspapers	in	11
newspapers	do	4
newspapers	or	4
newspapers	say	4
newsstand	to	3
newton	was	14
newton	discovered	5
newton	in	4
newton	is	4
next	to	1093
next	week	912
next	year	594
next	time	527
next	month	473
next	monday	322
nhs	dental	4
niagara	falls	5
nibble	on	7
nibble	and	3
nibbling	on	4
nicaragua	is	3
nice	to	515
nice	and	107
nice	of	89
nice	day	85
nice	guy	74
nice	if	74
nicely	and	4
nicely	with	4
nicely	dressed	3
nicely	now	3
nicer	than	20
nicer	to	13
nicer	from	3
nicer	guy	3
nicer	looking	3
nicer	things	3
nicest	people	8
nicest	thing	7
nicest	and	4
nicest	guy	4
niche	in	3
nicholas	ii	10
nick	of	13
nick	for	3
nicked	my	8
nicked	the	3
nickel	is	5
nickel	and	4
nickel	for	3
nickname	for	9
nickname	is	8
nickname	was	8
nickname	carrot	3
nickname	fits	3
nickname	i	3
nicknamed	the	15
nicknamed	mr	3
niece	is	15
nieces	and	4
nietzsche	said	7
nigeria	is	5
nigeria	has	4
nigeria	are	3
nigh	on	5
night	and	184
night	in	179
night	i	167
night	was	125
night	at	101
night	sky	100
nightclub	in	4
nightclub	is	3
nightclub	to	3
nightclub	too	3
nightclubs	and	4
nightingale	sings	4
nightingale	is	3
nightmare	for	11
nightmare	was	8
nightmare	about	5
nightmare	i	4
nightmare	of	4
nightmare	that	4
nightmares	about	10
nightmares	of	3
nights	are	30
nights	in	26
nights	and	13
nights	at	9
nights	ago	6
nights	were	5
nighttime	is	6
nighttime	in	3
nikita	khrushchev	3
nile	is	11
nile	river	6
nile	virus	5
nine	years	33
nine	in	24
nine	months	21
nine	hundred	20
nine	to	19
nineteen	ninety	9
nineteen	eighty	8
nineteen	fifty	6
nineteen	seventy	6
nineteen	hundred	5
nineteen	years	5
ninety	years	21
ninety	nine	19
ninety	percent	15
ninety	five	14
ninety	minutes	7
ninety	two	7
ninjas	were	3
nintendo	ds	4
nintendo	switch	4
ninth	of	7
ninth	floor	6
ninth	month	4
ninth	planet	4
ninth	grade	3
ninth	symphony	3
nip	this	7
nipples	pierced	5
nitrogen	and	14
nitrogen	dioxide	3
nitrous	oxide	9
nixon	cooper	4
nixon	was	3
no	one	4484
no	longer	1307
no	idea	969
no	matter	820
no	more	530
no	way	507
noah	and	5
noah	was	3
nobel	prize	61
nobel	peace	18
nobel	committee	4
nobel	prizes	4
noble	and	6
noble	family	6
noble	birth	4
noble	blood	4
noble	character	4
noble	mind	4
nobles	of	3
nobody	knows	198
nobody	can	195
nobody	wants	146
nobody	is	145
nobody	has	133
nobody	was	124
nocturnal	animals	7
nocturnal	and	3
nod	off	5
nod	your	4
nod	if	3
nod	in	3
nod	is	3
nodded	his	12
nodded	off	12
nodded	and	11
nodded	her	11
nodded	to	10
nodded	in	8
nodding	acquaintance	6
nodding	off	6
nodding	his	3
nodding	is	3
nodes	are	3
nog	latte	5
noise	is	47
noise	was	46
noise	in	40
noise	coming	33
noise	of	33
noise	and	27
noises	in	20
noises	coming	18
noises	from	8
noises	that	7
noises	of	4
noises	all	3
noisy	here	16
noisy	in	11
noisy	that	8
noisy	and	4
noisy	children	4
noisy	neighbors	4
nomadic	tribes	4
nominated	for	6
non	native	134
non	stop	40
non	binary	26
non	profit	22
non	alcoholic	18
none	of	682
none	the	40
none	in	24
none	other	22
none	left	12
none	so	8
nonsense	in	8
nonsense	is	8
nonsense	and	6
nonsense	about	4
nonsense	are	4
nonsense	my	3
nonstop	flight	5
nonstop	from	4
nonstop	about	3
nonstop	flights	3
nonstop	for	3
nonstop	since	3
noodle	soup	6
noodles	are	10
noodles	with	8
noodles	and	6
noodles	for	6
nook	and	4
noon	and	18
noon	on	10
noon	today	10
noon	tomorrow	8
noon	i	6
noon	to	6
noose	around	6
nor	the	61
nor	a	42
nor	do	29
nor	in	22
nor	can	16
nor	write	16
nordic	country	6
nordic	countries	4
nordic	and	3
nordic	combined	3
norm	in	4
normal	to	53
normal	life	36
normal	for	31
normal	person	28
normal	people	20
normal	in	19
normally	do	18
normally	i	16
normally	this	8
normally	work	7
normally	we	6
normally	get	5
norman	conquest	3
norms	and	8
norms	of	4
norris	can	9
norris	once	3
north	africa	245
north	america	167
north	of	121
north	korea	103
north	african	46
north	pole	42
northeast	of	15
northern	algeria	91
northern	hemisphere	36
northern	lights	19
northern	part	18
northern	ireland	14
northwest	of	5
northwestern	state	3
norway	is	17
norway	and	11
norway	has	7
norwegian	and	10
norwegian	with	5
norwegian	diplomat	4
norwegian	i	4
norwegian	is	4
nose	is	65
nose	and	32
nose	in	29
nose	into	25
nose	job	19
nose	was	16
nosebleed	in	3
noses	in	4
noses	and	3
noses	are	3
nostalgia	for	20
nostalgia	and	4
nostalgia	as	4
nostalgic	about	5
nostalgic	for	4
nosy	as	3
not	to	3591
not	a	3356
not	going	1957
not	the	1841
not	be	1235
not	sure	1211
note	of	49
note	that	38
note	on	24
note	to	18
note	in	14
note	is	12
notebook	is	14
notebook	and	11
notebook	i	6
notebook	out	6
notebook	that	6
notebook	with	6
notebooks	are	9
notebooks	and	5
notebooks	on	5
notebooks	away	4
notebooks	in	4
noted	that	38
noted	for	12
noted	the	11
noted	a	5
noted	as	4
noted	in	4
notes	in	26
notes	that	20
notes	on	19
notes	are	8
notes	for	8
notes	and	7
nothing	to	1075
nothing	but	477
nothing	is	404
nothing	more	284
nothing	about	256
nothing	else	203
notice	that	120
notice	the	73
notice	anything	56
notice	of	47
notice	it	31
notice	me	26
noticed	that	270
noticed	the	161
noticed	a	122
noticed	what	39
noticed	it	31
noticed	something	30
notices	a	3
notices	the	3
noticing	that	9
noticing	the	7
noticing	it	5
noticing	me	4
notification	from	4
notification	of	4
notified	both	9
notified	the	5
notified	about	4
notified	every	4
notified	me	4
notified	us	3
notify	you	11
notify	the	9
notify	me	8
notify	her	4
notify	him	4
notify	them	4
noting	that	9
noting	the	4
notion	of	33
notion	that	28
notion	is	3
notions	of	5
notions	were	3
notorious	for	17
notre	dame	19
nourish	the	3
nova	scotia	10
nova	is	3
novel	is	73
novel	was	33
novel	has	27
novel	by	23
novel	in	18
novel	will	13
novelist	and	8
novelist	is	4
novelist	as	3
novels	in	21
novels	are	11
novels	have	10
novels	is	7
novels	and	6
novels	at	5
november	of	25
november	is	11
november	and	9
november	th	7
november	the	7
november	in	6
novice	at	3
now	i	558
now	that	346
now	and	292
now	is	276
now	on	257
now	in	196
nowadays	are	10
nowadays	the	10
nowadays	a	8
nowadays	i	8
nowadays	it	8
nowadays	we	7
nowhere	to	113
nowhere	else	30
nowhere	in	28
nowhere	near	27
nowhere	for	11
nowhere	with	7
nuclear	weapons	79
nuclear	war	43
nuclear	power	38
nuclear	bombs	14
nuclear	energy	14
nuclear	fusion	10
nucleus	of	9
nude	pictures	8
nude	beach	3
nudity	please	3
nuh	uh	3
nuisance	to	3
null	and	8
null	is	3
numb	with	13
numb	from	6
numb	the	4
numb	rs	3
number	of	1067
number	is	113
number	one	84
number	and	61
number	in	44
number	on	36
numbers	of	58
numbers	are	54
numbers	in	17
numbers	and	14
numbers	is	13
numbers	on	9
numerical	analysis	4
numerous	times	12
numerous	awards	4
numerous	other	4
numerous	people	4
numerous	than	4
numerous	books	3
nun	in	3
nuremberg	trials	3
nurse	is	18
nurse	gave	17
nurse	at	11
nurse	took	11
nurse	and	9
nurse	in	9
nursed	her	3
nursery	school	26
nursery	rhymes	8
nursery	rhyme	4
nursery	or	3
nurses	are	6
nurses	and	5
nurses	must	3
nurses	of	3
nursing	home	19
nursing	care	3
nursing	is	3
nursing	school	3
nursing	student	3
nursing	supervisor	3
nut	to	6
nut	with	5
nut	is	3
nut	when	3
nutrients	from	7
nutrients	in	6
nutrients	and	5
nutrients	that	5
nutrition	is	6
nutrition	and	4
nutritional	value	3
nutritious	and	5
nutritious	food	4
nutritious	breakfast	3
nuts	and	17
nuts	are	13
nuts	but	10
nuts	in	8
nuts	from	4
nuts	on	4
nutty	as	3
nutty	flavor	3
oak	tree	45
oak	trees	10
oak	and	6
oak	pine	5
oak	is	4
oaks	pines	3
oar	for	3
oars	in	3
oasis	in	7
oasis	of	4
oath	is	5
oath	of	5
oath	that	5
oath	in	4
oath	to	4
oatmeal	cookies	4
oatmeal	is	4
oatmeal	cookie	3
oatmeal	every	3
oatmeal	for	3
oats	and	4
oats	are	4
oats	to	3
obama	is	13
obama	was	9
obama	has	7
obama	all	6
obama	said	6
obama	and	5
obedience	and	4
obedience	to	3
obedient	to	15
obese	people	3
obesity	is	15
obesity	and	5
obesity	epidemic	3
obesity	rates	3
obey	the	92
obey	their	20
obey	your	18
obey	him	16
obey	my	12
obey	me	11
obeyed	the	10
obeyed	my	4
obeyed	her	3
obeys	the	5
obeys	him	3
object	of	46
object	to	46
object	in	31
object	is	21
object	and	8
object	was	8
objected	to	40
objected	but	4
objection	to	36
objection	your	8
objection	on	6
objection	is	5
objections	to	10
objections	she	4
objective	is	10
objective	of	9
objective	and	6
objective	reality	4
objective	in	3
objective	or	3
objectives	and	3
objects	in	22
objects	are	18
objects	that	13
objects	and	12
objects	of	12
objects	to	9
obligated	to	43
obligation	to	39
obligations	and	4
obliged	to	103
obliged	if	4
obliged	him	3
obliterate	the	4
oblivious	to	15
oblivious	of	5
obscure	to	4
obscure	the	3
obscured	by	10
obscured	the	7
observant	muslim	8
observant	jews	4
observant	jew	3
observant	muslims	3
observant	of	3
observation	is	7
observation	of	6
observation	and	5
observation	deck	4
observations	of	14
observations	from	5
observations	are	4
observations	and	3
observatory	in	5
observatory	to	3
observatory	was	3
observe	the	54
observe	these	8
observe	a	7
observe	and	6
observe	birds	6
observe	that	6
observed	the	39
observed	that	21
observed	in	13
observed	by	8
observed	a	7
observed	him	5
observers	say	4
observing	the	22
observing	that	6
observing	a	4
observing	and	3
observing	everything	3
obsess	over	4
obsessed	with	205
obsessed	about	25
obsessed	by	8
obsessing	over	3
obsession	with	36
obsession	for	4
obsession	of	4
obsessive	compulsive	4
obsolete	and	3
obsolete	in	3
obstacle	to	11
obstacle	course	9
obstacle	that	4
obstacle	in	3
obstacles	in	9
obstacles	to	8
obstruct	the	3
obstructing	the	3
obstruction	of	5
obtain	a	15
obtain	the	8
obtain	this	4
obtain	more	3
obtain	what	3
obtained	a	15
obtained	the	12
obtained	from	9
obtained	by	8
obvious	that	93
obvious	to	19
obvious	what	6
obvious	but	5
obvious	why	5
obvious	you	5
obviously	a	23
obviously	i	15
obviously	not	13
obviously	we	12
obviously	the	10
obviously	you	10
occasion	to	13
occasion	of	5
occasion	at	4
occasion	for	4
occasion	arises	3
occasion	was	3
occasional	rain	3
occasionally	does	4
occasionally	do	3
occasionally	to	3
occasions	i	5
occupation	of	35
occupation	forces	11
occupation	is	5
occupation	would	3
occupational	hazards	3
occupational	therapist	3
occupational	therapy	3
occupied	by	35
occupied	territories	21
occupied	the	17
occupied	with	10
occupied	in	6
occupied	all	4
occupies	the	6
occupies	a	5
occupy	the	18
occupy	himself	4
occupying	forces	5
occupying	the	3
occur	in	34
occur	to	27
occur	at	15
occur	on	8
occur	when	7
occur	again	4
occurred	to	130
occurred	in	36
occurred	at	10
occurred	on	7
occurred	since	6
occurred	during	5
occurrence	in	8
occurrence	of	6
occurrence	for	4
occurring	in	4
occurs	in	21
occurs	when	17
occurs	to	6
occurs	during	5
occurs	at	4
occurs	more	3
ocean	is	52
ocean	and	28
ocean	in	22
ocean	floor	19
ocean	of	18
ocean	from	14
oceanic	and	6
oceans	are	16
oceans	and	5
oceans	of	3
oceans	on	3
october	th	201
october	of	23
october	twentieth	23
october	is	19
october	the	15
october	was	10
octopus	is	7
octopus	and	3
odd	to	15
odd	numbers	12
odd	jobs	11
odd	number	9
odd	that	9
oddly	enough	5
odds	are	27
odds	with	19
odds	of	10
odds	and	6
odds	to	5
odds	they	4
odor	of	8
odor	in	4
odor	is	4
odor	that	4
odor	cleanse	3
odour	of	5
odour	is	3
of	the	35689
of	a	6046
of	his	4741
of	my	4363
of	this	2983
of	your	2371
off	the	2229
off	his	458
off	at	317
off	your	299
off	to	293
off	my	289
offence	at	7
offence	to	3
offend	you	22
offend	anyone	15
offend	anybody	8
offend	her	7
offend	him	6
offend	me	5
offended	by	33
offended	you	17
offended	me	6
offended	anyone	4
offended	her	4
offended	him	4
offender	and	4
offending	you	3
offense	to	10
offense	at	6
offense	against	3
offensive	and	6
offensive	to	5
offensive	against	3
offensive	in	3
offensive	on	3
offensive	word	3
offer	you	80
offer	to	43
offer	is	35
offer	a	34
offer	any	21
offer	the	19
offered	to	149
offered	a	70
offered	me	48
offered	him	34
offered	the	29
offering	a	10
offering	to	9
offering	me	7
offering	you	6
offering	and	3
offering	him	3
offerings	in	3
offerings	to	3
offers	a	51
offers	the	12
offers	an	7
offers	it	4
offers	to	4
offers	you	3
office	is	191
office	in	90
office	on	60
office	to	52
office	at	48
office	and	38
officer	in	10
officer	is	7
officer	said	7
officer	asked	6
officer	was	6
officer	to	5
officers	are	14
officers	were	14
officers	and	11
officers	in	10
officers	at	5
officers	of	5
offices	of	7
offices	are	6
offices	and	5
offices	in	5
offices	all	4
offices	at	3
official	language	98
official	languages	60
official	name	13
official	in	9
official	said	9
official	business	7
officially	over	8
officially	known	6
officially	adopted	5
officially	announced	5
officially	in	4
officially	recognized	4
officials	say	39
officials	are	31
officials	said	16
officials	have	14
officials	in	12
officials	to	10
offline	for	5
offshore	wind	5
offshore	account	4
offshore	oil	3
offspring	of	10
often	do	437
often	as	187
often	go	159
often	the	115
often	have	108
often	used	66
oh	my	127
oh	no	110
oh	i	106
oh	you	44
ohio	and	4
ohio	is	3
oi	mate	3
oi	you	3
oil	and	186
oil	is	69
oil	prices	38
oil	in	34
oil	on	27
oil	production	20
oiled	the	5
oils	and	4
ointment	on	7
ointment	is	3
ok	if	230
ok	to	228
ok	with	124
ok	now	53
ok	for	37
okay	to	54
okay	if	32
okay	with	20
okay	for	16
okay	i	12
okinawa	is	5
oklahoma	city	3
old	man	575
old	enough	228
old	and	218
old	woman	208
old	friend	179
old	is	171
olden	days	6
olden	times	6
older	than	544
older	brother	163
older	sister	102
older	people	39
older	you	22
older	and	18
oldest	of	18
oldest	son	16
oldest	in	11
oldest	daughter	10
oldest	known	7
oldest	profession	7
olds	in	3
ole	einar	3
oleg	was	140
oleg	is	67
oleg	and	42
oleg	has	28
oleg	went	25
oleg	found	24
olive	oil	130
olive	tree	26
olive	trees	24
olive	branch	8
olive	and	4
olive	grove	4
oliver	is	5
oliver	likes	3
olives	are	11
olives	and	5
olives	will	3
olivia	to	33
olivia	was	13
olivia	a	9
olivia	and	9
olivia	were	9
olivia	in	8
olympic	games	62
olympic	committee	11
olympic	gold	6
olympic	athletes	5
olympic	medal	5
olympic	village	5
olympics	in	7
olympics	are	6
olympics	have	5
olympics	will	4
olympics	since	3
olympics	were	3
omega	fatty	5
omelet	for	3
omelet	without	3
omelette	without	4
omen	for	3
on	the	20543
on	a	4258
on	his	2916
on	my	2492
on	your	1772
on	her	1435
onboard	the	11
onboard	a	3
once	a	450
once	in	264
once	again	201
once	more	176
once	you	104
once	and	98
one	of	5543
one	who	2002
one	is	867
one	day	713
one	to	538
one	can	500
ones	who	124
ones	that	45
ones	are	41
ones	to	28
ones	and	24
ones	i	20
oneself	is	16
oneself	in	7
oneself	with	5
oneself	of	3
oneself	to	3
oneself	understood	3
ongoing	process	6
ongoing	investigation	4
ongoing	conflict	3
ongoing	efforts	3
onion	soup	8
onion	rings	6
onion	is	5
onion	and	4
onion	to	3
onions	are	10
onions	and	6
onions	in	5
onions	for	4
onions	cost	3
online	bullying	21
online	is	17
online	and	16
online	dating	15
online	store	11
online	for	10
only	one	1732
only	a	822
only	the	302
only	thing	299
only	to	291
only	person	272
onset	of	22
onslaught	of	5
ontario	canada	5
ontario	to	4
ontario	and	3
ontario	is	3
onto	the	284
onto	his	29
onto	a	27
onto	me	18
onto	my	12
onto	that	9
onwards	it	3
onwards	the	3
oops	i	7
oozing	out	3
open	the	837
open	to	206
open	your	156
open	a	124
open	this	121
open	and	111
opened	the	715
opened	his	131
opened	up	89
opened	a	86
opened	her	54
opened	my	48
opener	is	5
opener	i	4
opener	for	3
opener	to	3
opening	the	97
opening	ceremony	26
opening	a	24
opening	of	23
opening	up	17
opening	in	15
openings	in	5
openings	do	3
openly	supports	6
openly	gay	4
openly	with	4
openly	and	3
openly	expressed	3
openly	talked	3
openness	and	4
openness	is	3
opens	at	28
opens	the	28
opens	up	13
opens	a	9
opens	his	5
opens	to	5
opera	house	10
opera	singer	9
opera	with	6
opera	but	4
opera	in	4
opera	very	4
operate	a	22
operate	the	13
operate	this	13
operate	in	12
operate	immediately	4
operate	on	3
operated	on	31
operated	by	9
operated	the	4
operated	a	3
operates	in	9
operates	on	6
operates	under	4
operates	with	3
operating	system	43
operating	room	12
operating	a	7
operating	in	7
operating	systems	3
operating	the	3
operation	was	17
operation	is	13
operation	in	10
operation	to	9
operation	the	7
operation	on	6
operations	in	10
operations	are	9
operations	and	8
operations	of	5
operations	to	5
operations	for	3
operator	is	3
operators	are	3
opinion	is	115
opinion	on	93
opinion	of	63
opinion	about	46
opinion	that	42
opinion	in	17
opinions	are	27
opinions	of	22
opinions	on	21
opinions	to	16
opinions	and	13
opinions	about	10
opium	of	7
opponent	in	12
opponent	to	3
opponent	tonight	3
opponent	was	3
opponent	who	3
opponent	with	3
opponents	in	9
opponents	of	7
opponents	are	5
opportunities	to	47
opportunities	for	34
opportunities	in	11
opportunities	that	9
opportunities	and	8
opportunities	like	8
opportunity	to	322
opportunity	for	43
opportunity	and	12
opportunity	of	12
opportunity	is	8
opportunity	like	8
oppose	the	20
oppose	this	8
oppose	that	5
oppose	it	4
oppose	them	4
oppose	such	3
opposed	to	107
opposed	the	21
opposed	by	4
opposed	it	4
opposed	his	3
opposed	slavery	3
opposes	the	3
opposing	team	10
opposing	sides	3
opposing	the	3
opposite	of	127
opposite	direction	46
opposite	the	31
opposite	is	24
opposite	side	15
opposite	to	15
opposition	to	26
opposition	is	11
opposition	party	8
opposition	from	6
opposition	parties	5
opposition	was	4
oppressed	by	5
oppressed	in	3
oppressed	people	3
oppressed	the	3
oppressed	them	3
oppression	of	5
oppression	and	3
oppressive	regime	4
opt	for	11
opt	to	5
opted	to	8
opted	for	6
optic	cable	5
optic	cables	4
optical	illusion	10
optimal	solution	3
optimism	is	4
optimism	and	3
optimist	and	5
optimist	is	4
optimistic	about	27
optimistic	as	6
optimistic	are	5
optimistic	that	5
optimistic	at	4
optimistic	than	4
option	to	16
option	for	14
option	is	11
option	but	8
option	of	8
option	was	6
options	are	28
options	for	11
options	to	9
options	do	8
options	carefully	6
options	before	4
or	not	1290
or	a	701
or	the	469
or	later	289
or	two	268
or	something	208
oral	sex	16
oral	exam	8
oral	hygiene	6
oral	language	3
oral	tradition	3
orange	juice	145
orange	and	21
orange	in	15
orange	is	15
orange	tree	10
orange	trees	10
oranges	are	22
oranges	and	11
oranges	on	9
oranges	in	8
oranges	have	7
oranges	cost	4
orbit	around	52
orbit	the	30
orbit	of	12
orbit	is	6
orbit	in	5
orbit	to	5
orbiting	the	9
orbiting	a	8
orbiting	around	6
orbiting	earth	5
orbits	the	15
orbits	of	7
orbits	around	5
orbits	are	3
orbits	earth	3
orchard	is	4
orchard	in	3
orchard	with	3
orchestra	is	10
orchestra	played	4
orchestra	was	4
orchestra	began	3
orchestra	of	3
orchestrated	by	4
orchids	are	7
order	to	839
order	of	68
order	a	64
order	in	38
order	is	35
order	for	34
ordered	a	170
ordered	the	88
ordered	to	47
ordered	his	33
ordered	some	31
ordering	a	7
ordering	you	7
ordering	pizza	5
ordering	another	3
ordering	me	3
ordering	the	3
orders	to	16
orders	of	15
orders	from	11
orders	were	11
orders	are	10
orders	for	7
ordinary	people	26
ordinary	man	14
ordinary	girl	12
ordinary	person	10
ordinary	life	7
ordinary	day	6
oregon	coast	4
oregon	state	4
organ	in	7
organ	of	7
organ	transplant	6
organ	that	5
organ	donor	4
organ	is	4
organic	food	16
organic	compounds	8
organic	matter	7
organic	products	7
organic	farming	6
organic	waste	6
organisations	have	3
organise	a	7
organised	a	5
organised	by	4
organised	this	4
organising	a	3
organism	was	6
organism	that	4
organism	can	3
organisms	that	4
organisms	can	3
organisms	in	3
organization	is	32
organization	for	18
organization	of	17
organization	says	15
organization	that	14
organization	who	9
organizations	and	7
organizations	in	7
organizations	like	6
organizations	are	5
organizations	such	3
organizations	that	3
organize	a	31
organize	the	26
organize	your	19
organize	my	13
organize	an	4
organize	her	4
organized	a	51
organized	the	25
organized	crime	21
organized	in	15
organized	and	12
organized	by	10
organizing	a	9
organizing	the	3
organizing	this	3
organs	were	6
organs	of	4
orgasms	with	5
orient	express	4
orient	yourself	3
oriental	languages	3
orientation	is	5
orientation	and	3
oriented	economy	3
oriented	market	3
oriented	towards	3
origami	is	5
origami	the	3
origin	of	64
origin	and	12
origin	is	11
origin	in	9
original	plan	22
original	language	17
original	sentence	10
original	text	10
original	purpose	9
original	sentences	8
originality	and	3
originality	is	3
originally	from	48
originally	a	14
originally	thought	8
originally	written	7
originally	meant	6
originally	the	5
originated	in	35
originated	from	8
originated	with	3
origins	of	28
origins	in	7
origins	are	5
orion	is	6
orion	spur	3
ornaments	of	4
orphan	and	5
orphan	girl	4
orphanage	and	4
orphanage	in	4
orphaned	when	3
orphans	in	3
orpheus	was	3
orthodox	church	7
orthodox	christians	4
orthodox	judaism	3
orwell	was	4
osaka	is	13
osaka	for	9
osaka	on	9
osaka	by	7
osaka	to	7
osaka	but	6
osama	bin	4
oscar	for	4
osiris	rex	5
oslo	and	6
oslo	is	6
ostrich	is	6
oswald	has	3
oswald	is	3
other	people	533
other	side	365
other	day	326
other	than	234
other	things	205
others	to	121
others	are	118
others	and	60
others	in	49
others	for	47
others	have	44
otherwise	i	29
otherwise	the	27
otherwise	you	26
otherwise	he	24
otherwise	it	14
otters	are	4
ottoman	empire	24
ottoman	turks	5
ottoman	and	3
ottoman	rule	3
ought	to	774
ought	not	42
ought	i	3
ouija	board	72
ounce	of	18
ounces	of	7
our	house	413
our	own	298
our	team	282
our	lives	230
our	country	229
our	school	229
ours	is	18
ours	and	4
ours	are	4
ours	has	4
ours	to	4
ours	we	3
ourselves	to	45
ourselves	in	27
ourselves	and	20
ourselves	a	18
ourselves	with	15
ourselves	from	14
out	of	9247
out	the	1511
out	to	1056
out	for	906
out	with	881
out	in	685
outbreak	of	25
outbreak	in	13
outbreak	is	8
outcome	of	34
outcome	is	7
outcome	will	7
outcomes	for	3
outdated	or	3
outdoor	activities	9
outdoor	sports	8
outdoor	activity	5
outdoor	footwear	4
outdoor	play	3
outdoor	seating	3
outdoors	and	6
outdoors	when	3
outer	space	68
outer	layer	6
outer	planets	5
outer	solar	5
outer	edge	3
outfit	is	7
outfit	for	6
outfit	was	4
outfit	looks	3
outgoing	person	4
outgrown	his	4
outing	to	3
outlet	for	8
outlets	the	3
outline	of	16
outline	the	3
outlined	in	6
outlined	a	3
outlined	against	3
outlive	us	8
outlive	you	6
outlive	men	3
outlook	on	19
outlook	for	9
outlook	is	4
outnumbered	the	3
outpost	in	3
output	of	9
outrage	and	4
outraged	by	11
outrageous	things	3
outright	lie	4
outright	to	4
outrun	a	5
outrun	the	3
outset	of	3
outside	the	424
outside	of	198
outside	and	100
outside	to	68
outside	his	62
outside	in	59
outsider	in	4
outskirts	of	55
outsmart	me	3
outspoken	person	3
outstanding	debt	3
outta	here	8
outward	appearance	8
outward	things	3
oval	office	7
oven	to	16
oven	too	10
oven	and	8
oven	mitts	8
oven	is	7
oven	for	6
ovens	and	4
over	the	2314
over	there	1035
over	to	547
over	a	466
over	and	350
over	his	296
overall	health	9
overall	the	6
overall	well	4
overall	i	3
overall	majority	3
overall	performance	3
overboard	and	5
overcame	his	7
overcame	my	6
overcame	the	4
overcame	many	3
overcoat	on	6
overcoat	is	3
overcome	the	36
overcome	his	26
overcome	with	23
overcome	by	19
overcome	this	14
overcome	my	11
overcoming	the	3
overcooked	the	3
overdid	it	8
overdo	it	14
overdo	things	3
overdoing	it	8
overdone	it	3
overdose	of	4
overdosed	on	6
overflow	of	3
overflowing	with	17
overgrown	with	9
overhaul	of	3
overhead	and	3
overhead	compartment	3
overheard	that	10
overheard	the	9
overheard	layla	6
overheard	his	3
overheard	us	3
overhearing	a	3
overhearing	your	3
overjoyed	to	6
overjoyed	when	4
overjoyed	at	3
overlap	in	3
overload	the	6
overloaded	with	5
overlook	the	12
overlook	it	5
overlook	his	3
overlook	your	3
overlooked	the	11
overlooked	something	6
overlooked	it	4
overlooked	his	3
overlooked	that	3
overlooked	this	3
overlooking	the	29
overlooking	a	4
overly	concerned	9
overly	optimistic	8
overly	dependent	4
overly	sweet	4
overly	interested	3
overly	tired	3
overnight	in	11
overnight	train	4
overnight	at	3
overnight	shift	3
overpowered	the	6
overpowered	her	3
overpowered	him	3
overprotective	of	3
overreacting	just	3
overrun	with	7
overrun	by	3
overseas	every	5
overseas	for	5
overseas	to	5
overseas	branch	3
overseas	has	3
overseas	trip	3
oversee	the	5
overseeing	the	5
overslept	and	10
overslept	this	8
overslept	because	5
overslept	again	4
overslept	i	4
overslept	so	4
overstepped	his	3
overtake	the	5
overtake	him	3
overtake	them	3
overtaken	by	17
overthrow	the	6
overthrow	of	4
overtime	leave	18
overtime	today	5
overtime	again	3
overtime	in	3
overtime	pay	3
overtime	yesterday	3
overturn	the	4
overturned	the	7
overweight	and	8
overweight	or	5
overwhelm	the	5
overwhelmed	by	37
overwhelmed	with	22
overwhelmed	me	5
overwhelmed	and	3
overwhelmed	her	3
overwhelming	majority	13
overwhelming	to	4
overwhelming	at	3
overwhelming	fear	3
overwhelming	sense	3
overworked	and	3
ow	ow	5
owe	you	139
owe	me	103
owe	him	36
owe	it	30
owe	her	26
owe	my	22
owed	him	10
owed	me	7
owed	her	5
owed	to	4
owes	me	30
owes	his	7
owes	its	6
owes	to	5
owes	him	3
owes	what	3
owing	to	65
owl	is	10
owl	and	7
owl	in	4
owl	but	3
owl	has	3
owl	hooting	3
owls	are	22
owls	have	4
own	way	238
own	life	143
own	business	138
own	a	136
own	house	81
own	eyes	80
owned	a	80
owned	by	66
owned	the	15
owned	up	7
owned	companies	6
owned	this	6
owner	of	153
owner	is	13
owner	and	6
owner	was	4
owner	had	3
owner	said	3
owners	of	26
owners	are	8
owners	and	6
owners	have	5
owners	in	3
owners	who	3
ownership	of	16
ownership	is	5
owning	a	11
owns	a	117
owns	this	48
owns	the	17
owns	that	8
owns	an	6
owns	many	6
ox	is	9
ox	and	7
ox	or	4
ox	shall	3
ox	the	3
oxen	and	9
oxen	to	3
oxford	university	10
oxford	and	3
oxford	is	3
oxygen	and	15
oxygen	is	13
oxygen	to	10
oxygen	in	9
oxygen	atom	5
oxygen	from	4
oy	vey	4
oyster	reefs	3
oyster	sauce	3
oysters	are	7
oysters	and	3
oysters	in	3
oz	maybe	3
ozone	layer	23
ozone	hole	8
ozone	is	5
ozone	in	3
pablo	picasso	5
pace	of	19
pace	with	14
pace	and	7
pace	yourself	4
pace	myself	3
pace	to	3
pacific	ocean	71
pacific	coast	6
pacific	island	6
pacific	islands	6
pacific	national	6
pacific	is	5
pacify	him	3
pacing	around	8
pacing	up	7
pacing	back	6
pacing	the	5
pack	of	75
pack	your	56
pack	up	36
pack	a	16
pack	my	16
pack	is	12
package	to	35
package	for	22
package	on	11
package	was	11
package	arrived	10
package	has	9
packaged	in	4
packages	of	7
packages	in	4
packaging	is	3
packed	up	64
packed	his	59
packed	with	43
packed	her	16
packed	your	16
packed	my	15
packet	of	25
packets	of	14
packing	his	27
packing	up	26
packing	her	9
packing	your	9
packing	their	8
packing	my	5
packs	of	7
packs	and	4
packs	a	3
pact	with	4
pad	thai	6
pad	and	3
pad	to	3
paddle	a	3
paddy	field	3
padlock	on	5
padlock	bridge	3
pagan	holiday	4
pagan	origins	3
page	of	34
page	in	18
page	is	17
page	and	13
page	to	13
page	out	10
pages	of	48
pages	are	9
pages	and	8
pages	in	8
pages	long	8
pages	out	5
paid	for	282
paid	the	122
paid	a	93
paid	to	87
paid	off	67
paid	attention	64
pail	of	3
pail	with	3
pain	in	177
pain	and	51
pain	is	51
pain	of	36
pain	was	30
pain	here	19
painful	to	24
painful	and	11
painful	death	10
painful	experience	10
painful	for	8
painful	than	7
painfully	obvious	6
painfully	shy	4
painkillers	and	3
pains	to	20
pains	me	13
pains	in	12
pains	and	4
pains	are	4
pains	of	3
paint	the	118
paint	on	34
paint	my	32
paint	a	21
paint	this	21
paint	your	20
painted	the	131
painted	a	52
painted	this	36
painted	by	30
painted	his	19
painted	white	17
painter	is	4
painter	for	3
painter	who	3
painters	and	5
painters	of	3
painting	is	72
painting	the	70
painting	was	25
painting	a	16
painting	in	14
painting	by	12
paintings	are	16
paintings	were	10
paintings	in	7
paintings	and	6
paintings	of	5
paintings	on	5
paints	with	5
paints	a	4
paints	landscapes	4
paints	her	3
pair	of	509
pair	up	5
pair	for	4
pair	in	4
pair	i	3
paired	with	8
paired	up	5
pairs	of	89
pairs	are	6
pairs	well	5
pajamas	on	7
pajamas	i	3
pak	choi	4
pakistan	is	8
pakistan	and	5
pakistan	in	4
pakistan	to	4
pakistan	are	3
pal	in	7
palace	and	24
palace	of	17
palace	is	11
palace	in	9
palace	was	9
palace	with	5
pale	and	26
pale	as	21
pale	face	16
pale	with	12
pale	skin	9
pale	blue	6
palestine	is	13
palestine	and	11
palestine	in	6
palestine	has	5
palestine	not	3
palestine	should	3
palestinian	refugees	16
palestinian	children	10
palestinian	people	10
palestinian	authority	5
palestinian	arabs	3
palestinian	refugee	3
palestinians	are	26
palestinians	have	20
palestinians	of	11
palestinians	should	8
palestinians	to	8
palm	tree	51
palm	trees	49
palm	of	16
palm	oil	9
palm	in	6
palm	read	4
palms	are	5
palms	of	5
palms	together	3
palms	were	3
pals	just	7
pamphlet	is	3
pan	and	14
pan	is	9
pan	out	8
pan	into	6
pan	with	5
pan	on	4
panama	canal	15
panama	city	4
panama	and	3
pancake	mix	3
pancakes	for	17
pancakes	with	10
pancakes	are	7
pancakes	and	5
pancakes	on	5
pancakes	in	3
pancreatic	cancer	4
panda	is	8
panda	at	4
panda	once	3
pandas	are	16
pandas	live	3
pane	of	3
panel	of	6
panel	on	6
panel	is	4
panels	on	6
panels	are	5
panels	have	5
panels	to	3
pang	of	8
panic	attack	29
panic	attacks	10
panic	in	8
panic	stricken	5
panic	a	4
panic	mode	4
panicked	and	14
panicked	when	11
panicked	a	4
pans	on	4
pans	out	4
pantheon	is	5
pantheon	in	3
panties	in	7
panties	and	6
pantry	is	6
pantry	and	4
pantry	was	3
pants	are	45
pants	and	21
pants	on	17
pants	off	9
pants	in	8
papaya	salad	4
paper	and	58
paper	is	52
paper	in	44
paper	on	37
paper	to	27
paper	bag	25
papers	in	18
papers	on	17
papers	and	12
papers	by	9
papers	to	9
papers	were	8
paperwork	to	7
paperwork	that	4
paprika	is	3
par	with	9
par	excellence	3
parade	of	8
parade	through	4
parade	will	3
parades	and	3
paradigm	is	4
paradise	for	13
paradise	on	8
paradise	and	7
paradise	is	7
paradise	of	7
paradise	in	3
paradox	of	3
paragraph	is	5
paragraph	of	3
paraguay	is	7
parallel	to	28
parallel	park	9
parallel	parking	6
parallel	lines	5
parallel	universe	5
parallel	universes	4
paralyzed	with	11
paralyzed	by	7
paralyzed	and	6
paralyzed	from	5
paralyzed	the	3
paramedics	are	7
paramedics	arrived	5
paramedics	were	5
parameters	are	4
parameters	like	3
paranoid	and	4
paranoid	as	4
paranoid	they	4
paranoid	about	3
paranoid	because	3
paranoid	now	3
paranormal	stuff	8
paranormal	genre	4
paranormal	experiences	3
parasite	is	4
parasite	and	3
parasite	of	3
parasite	that	3
parcel	to	10
parcel	of	9
parcel	for	6
parcel	arrived	5
parcel	is	4
parcel	that	3
pardon	me	66
pardon	my	8
pardon	the	6
pardon	for	5
pardon	i	3
pardoned	by	3
pardoned	him	3
pardoned	the	3
parent	is	13
parent	of	9
parent	teacher	9
parent	to	5
parent	or	4
parent	families	3
parental	leave	5
parenting	is	7
parents	are	400
parents	were	226
parents	to	96
parents	and	70
parents	have	57
pariah	state	3
paris	is	51
paris	and	30
paris	for	29
paris	in	20
paris	to	20
paris	i	19
park	street	174
park	is	101
park	in	60
park	here	57
park	to	46
park	was	41
parked	in	107
parked	his	65
parked	my	47
parked	on	21
parked	the	21
parked	outside	19
parker	solar	20
parker	tried	4
parking	lot	281
parking	space	40
parking	is	20
parking	ticket	19
parking	in	16
parking	spot	16
parks	in	22
parks	and	13
parks	are	13
parks	was	3
parks	were	3
parliament	is	13
parliament	and	6
parliament	has	5
parliament	in	5
parliament	approved	4
parliament	of	4
parliamentary	elections	8
parliamentary	republic	6
parliamentary	democracy	3
parlor	in	3
parmesan	cheese	7
parmesan	for	6
parody	of	3
parole	for	3
parole	in	3
parole	officers	3
parrot	is	11
parrot	can	9
parrot	was	8
parrot	to	6
parrot	would	5
parrot	and	4
parrots	are	13
parrots	and	4
parsley	and	3
part	of	2156
part	in	336
part	time	150
part	with	34
part	i	32
part	is	30
parted	ways	10
parted	from	9
parted	with	7
parted	at	3
parted	company	3
parted	never	3
partial	to	14
partial	success	4
partial	agreement	3
partially	collapsed	6
partially	correct	6
partially	open	4
partially	responsible	4
partially	true	4
partially	right	3
participants	in	13
participants	were	12
participants	are	5
participants	to	4
participants	who	4
participants	from	3
participate	in	131
participated	in	95
participating	in	46
participation	in	20
participation	of	8
particle	accelerator	9
particle	of	6
particle	li	3
particle	physics	3
particles	from	12
particles	in	12
particles	and	8
particles	of	8
particles	are	6
particles	that	5
particular	about	21
particular	to	16
particular	that	15
particular	reason	10
particular	the	8
particular	you	6
particularly	in	20
particularly	good	10
particularly	interested	10
particularly	want	10
particularly	like	9
particularly	well	9
particulars	of	3
partied	with	5
partied	all	3
parties	are	33
parties	and	13
parties	have	11
parties	to	10
parties	in	9
parties	can	5
partition	of	4
partly	to	16
partly	responsible	13
partly	because	9
partly	right	7
partly	cloudy	6
partly	my	5
partner	in	22
partner	is	15
partner	and	14
partner	are	12
partner	was	9
partner	to	8
partnered	with	6
partners	are	9
partners	in	8
partners	to	5
partners	for	3
partners	is	3
partnership	with	8
partnership	between	4
partnership	is	4
parts	of	305
parts	are	14
parts	for	14
parts	in	11
parts	to	7
parts	and	5
party	was	200
party	is	103
party	tonight	90
party	for	87
party	last	87
party	in	75
partying	and	5
partying	with	4
pass	the	456
pass	me	144
pass	through	52
pass	by	39
pass	on	35
pass	this	35
passage	of	22
passage	from	13
passage	in	7
passage	on	6
passage	for	5
passage	is	4
passages	in	4
passages	of	3
passages	which	3
passed	the	325
passed	away	300
passed	out	112
passed	by	111
passed	since	66
passed	through	60
passenger	seat	13
passenger	door	8
passenger	side	6
passenger	plane	4
passenger	train	4
passenger	who	3
passengers	were	63
passengers	on	54
passengers	are	27
passengers	in	12
passengers	and	11
passengers	survived	7
passes	through	22
passes	for	15
passes	by	14
passes	and	12
passes	quickly	9
passes	the	8
passing	by	45
passing	the	34
passing	through	22
passing	car	12
passing	day	12
passing	of	10
passion	for	96
passion	and	17
passion	is	13
passion	fruit	12
passion	tango	7
passion	in	5
passionate	about	85
passionate	kiss	6
passionate	love	6
passionate	affair	4
passionate	and	4
passionately	in	8
passions	and	8
passions	are	4
passions	of	3
passive	aggressive	38
passive	voice	10
passive	activity	3
passive	in	3
passive	smoking	3
passover	is	3
passport	is	19
passport	in	15
passport	and	13
passport	was	11
passport	to	9
passport	with	9
password	is	17
password	to	14
password	for	8
password	has	6
password	was	5
password	are	4
passwords	so	8
passwords	are	4
passwords	often	3
passwords	to	3
past	the	139
past	three	91
past	few	74
past	and	64
past	two	61
past	six	50
pasta	is	14
pasta	with	10
pasta	and	7
pasta	was	6
pasta	dishes	4
pasta	in	4
paste	it	4
paste	sentences	4
paste	this	4
paste	on	3
pastime	is	7
pastor	of	3
pastry	chef	14
pastry	shop	9
pastry	cook	5
pastry	is	4
pastry	pizza	4
pasture	and	5
pasture	is	4
pasture	with	3
pastures	and	5
pastures	of	4
pat	on	14
pat	me	5
pat	and	3
patch	of	19
patch	things	11
patch	up	10
patch	on	4
patch	in	3
patch	the	3
patched	up	3
patches	of	11
patent	office	5
paternal	grandmother	8
paternal	grandfather	5
paternal	grandparents	4
paternity	leave	3
path	to	73
path	of	64
path	is	41
path	through	25
path	was	23
path	that	18
pathetic	and	4
pathetic	loser	4
pathological	liar	8
paths	with	7
paths	are	4
paths	before	4
paths	in	4
paths	of	4
paths	to	4
pathway	to	3
patience	is	61
patience	and	43
patience	to	19
patience	with	19
patience	for	16
patience	has	13
patient	is	61
patient	with	45
patient	was	26
patient	and	22
patient	to	22
patient	you	11
patiently	waited	7
patiently	for	5
patiently	in	4
patiently	waiting	4
patiently	and	3
patiently	he	3
patients	with	25
patients	are	23
patients	who	20
patients	to	18
patients	in	17
patients	were	9
patio	door	3
patrick	who	3
patriotic	war	4
patriotism	is	10
patriotism	and	4
patriotism	as	3
patriotism	in	3
patrol	car	5
patrol	leader	4
patrol	cars	3
patrol	the	3
patrolling	the	12
patron	saint	5
patronize	me	5
pattern	of	10
pattern	is	6
pattern	here	5
pattern	in	3
pattern	on	3
pattern	that	3
patterns	of	19
patterns	and	12
patterns	in	9
patterns	are	6
patterns	on	4
patterns	that	4
patty	melt	3
patty	on	3
paul	was	194
paul	is	40
paul	went	39
paul	heard	34
paul	has	28
paula	grayson	3
paula	is	3
paulina	has	3
paulo	is	7
paulo	in	5
paulo	and	3
pause	and	8
pause	for	7
pause	the	6
pause	to	5
pause	in	4
pause	it	4
paused	the	14
paused	to	13
paused	and	9
paused	for	9
paused	briefly	5
paused	in	4
pave	the	6
paved	with	18
paved	the	11
paved	roads	8
paved	road	6
pavement	is	5
pavement	with	5
pavement	and	4
paving	the	6
paw	prints	3
pawn	in	8
pawn	can	6
pawn	shop	6
pawn	is	5
pawn	to	5
pawn	from	4
pawned	the	6
pawned	my	4
pawned	her	3
pawned	his	3
pawns	and	3
pawns	are	3
paws	and	4
paws	off	4
paws	on	3
pay	for	589
pay	the	300
pay	attention	278
pay	you	167
pay	me	105
pay	a	80
paycheck	to	13
paying	attention	137
paying	for	82
paying	the	45
paying	you	20
paying	off	15
paying	job	14
payment	for	13
payment	in	11
payment	is	10
payment	of	9
payment	on	5
payment	plan	4
payments	are	4
payments	on	3
payments	to	3
payments	were	3
pays	the	23
pays	attention	22
pays	off	14
pays	for	12
pays	his	12
pays	to	8
pc	is	4
pc	will	3
pe	class	3
pea	soup	6
pea	in	4
peace	and	145
peace	in	92
peace	be	88
peace	is	66
peace	with	53
peace	of	36
peaceful	life	13
peaceful	and	10
peaceful	people	7
peaceful	solution	7
peaceful	protests	5
peacefully	in	20
peacefully	at	3
peacefully	for	3
peacefully	from	3
peach	tree	13
peach	is	10
peach	trees	6
peach	and	3
peaches	and	9
peaches	are	7
peaches	in	3
peacock	has	4
peacocks	will	3
peak	of	26
peak	in	9
peak	times	8
peak	is	6
peak	and	4
peak	season	3
peaks	of	4
peanut	butter	82
peanut	allergy	5
peanuts	are	7
peanuts	and	5
peanuts	or	3
pear	tree	10
pear	is	8
pear	shaped	8
pear	trees	6
pear	and	4
pearl	necklace	11
pearl	of	5
pearl	river	4
pearls	before	11
pearls	and	4
pearls	of	4
pearly	whites	3
pears	are	11
pears	and	10
pears	in	3
peas	in	18
peas	and	4
peas	are	3
peasant	who	5
peasant	and	3
peasants	are	3
pebble	in	4
pebble	on	3
peck	of	6
peck	on	4
pecking	at	8
peculiar	to	23
peculiar	combination	3
peddler	of	3
pedestrian	bridge	3
pedestrians	when	3
pedophiles	are	3
pedro	de	4
pedro	has	3
pedro	sanchez	3
pedro	was	3
pee	in	7
pee	on	7
pee	pee	3
peed	in	24
peed	on	20
peed	his	5
peed	himself	4
peed	myself	4
peeing	on	7
peek	at	6
peek	inside	6
peek	through	5
peek	a	4
peek	outside	3
peeked	out	10
peeked	through	10
peeked	inside	8
peeked	into	5
peeked	his	4
peeked	around	3
peeking	through	7
peeking	at	4
peeking	out	4
peel	the	38
peel	an	7
peel	off	7
peel	a	6
peel	and	6
peel	this	5
peeled	the	26
peeled	off	7
peeled	away	5
peeled	a	3
peeled	an	3
peeled	potatoes	3
peeling	the	19
peeling	potatoes	9
peeling	off	7
peeling	an	6
peeling	a	3
peep	out	4
peeping	through	6
peer	pressure	15
peer	reviewed	5
peer	group	3
peer	support	3
peer	through	3
peering	through	6
peering	into	4
peering	his	3
peers	in	3
peg	in	6
peg	leg	3
peg	up	3
pegged	to	3
peking	university	3
pen	is	49
pen	and	30
pen	i	19
pen	in	18
pen	to	18
pen	was	14
penal	offence	4
penalties	for	7
penalty	is	9
penalty	for	7
penalty	of	6
penalty	in	4
penalty	was	4
penalty	should	3
pence	and	5
penchant	for	5
pencil	is	33
pencil	and	26
pencil	case	18
pencil	with	11
pencil	to	9
pencils	are	13
pencils	on	6
pencils	in	5
pencils	for	3
pencils	need	3
pencils	with	3
penetrate	the	5
penetrate	into	4
penetrated	the	14
penetrated	his	5
penetrated	my	5
penguin	is	7
penguins	are	9
penguins	in	6
penguins	as	5
penguins	live	5
penguins	living	3
peninsula	in	6
penis	is	15
penis	and	4
penis	off	3
penis	with	3
penises	and	4
pennies	on	3
pennsylvania	state	3
penny	for	8
penny	in	8
penny	saved	6
penny	from	4
penny	to	3
penny	wise	3
pens	are	11
pens	in	11
pens	and	5
pens	on	5
pens	do	3
pension	system	9
people	are	1566
people	who	1265
people	in	802
people	have	603
people	to	543
people	were	486
peoples	of	24
peoples	in	12
peoples	and	7
peoples	to	6
peoples	who	6
peoples	a	5
pep	talk	5
pep	rally	3
pepe	and	3
pepper	and	19
pepper	spray	19
pepper	in	12
pepper	sprayed	7
pepper	to	7
pepper	please	6
peppermint	tea	5
pepperoni	pizza	12
pepperoni	on	5
peppers	and	8
peppers	are	5
peppers	before	3
peppers	in	3
peppers	very	3
per	day	107
per	hour	81
per	cent	62
per	week	39
per	year	37
per	month	35
perceive	the	13
perceive	that	5
perceive	it	4
perceive	any	3
perceive	me	3
perceive	you	3
perceived	as	10
perceived	that	6
perceived	the	4
perceived	a	3
perceived	by	3
perceived	to	3
percent	of	353
percent	in	30
percent	discount	12
percent	chance	9
percent	is	6
percent	more	6
percentage	of	59
percentage	points	3
perception	of	33
perception	is	11
perception	that	5
perception	about	3
perceptions	of	4
perceptive	of	3
perch	on	3
perched	on	24
perched	atop	6
percussion	instrument	6
perfect	for	87
perfect	place	39
perfect	day	27
perfect	life	26
perfect	but	23
perfect	and	22
perfected	the	4
perfecting	the	3
perfection	is	17
perfection	in	7
perfection	of	4
perfectly	well	30
perfectly	normal	26
perfectly	fine	23
perfectly	happy	17
perfectly	clear	16
perfectly	safe	16
perform	a	19
perform	in	14
perform	the	13
perform	for	5
perform	his	5
performance	of	35
performance	was	35
performance	in	14
performance	at	9
performance	is	6
performance	on	6
performances	on	5
performances	and	4
performances	in	3
performed	a	28
performed	the	24
performed	in	16
performed	by	11
performed	on	10
performed	his	7
performing	a	10
performing	the	9
performing	well	7
performing	at	4
performing	as	3
performing	in	3
performs	in	4
performs	the	3
perfume	is	9
perfume	i	4
perfume	of	4
perfume	and	3
perfume	maybe	3
perhaps	you	112
perhaps	i	78
perhaps	the	65
perhaps	we	62
perhaps	it	37
perimeter	of	3
period	of	148
period	is	27
period	in	18
period	at	17
period	and	8
period	for	8
periodic	table	19
periods	of	36
periods	and	4
peripheral	vision	6
perish	in	7
perish	the	5
perish	but	3
perished	in	17
perished	from	4
perished	but	3
perk	of	3
perks	of	5
permanent	job	10
permanent	damage	8
permanent	peace	6
permanent	residency	5
permanent	than	5
permanent	address	4
permission	to	207
permission	from	14
permission	first	10
permission	before	7
permission	for	5
permit	me	26
permit	you	22
permit	to	13
permit	us	6
permit	him	5
permit	the	5
permits	a	3
permitted	to	154
permitted	in	19
permitted	here	9
permitted	him	4
permitted	me	4
permitted	the	4
perpetrated	by	8
perpetrator	was	4
perpetrator	of	3
perpetrators	of	10
perpetual	covenant	3
perplexed	by	5
persecuted	in	6
persecuted	by	3
persecuted	for	3
persecution	mania	5
persecution	complex	4
persecution	and	3
persecution	in	3
perseverance	and	9
perseverance	rover	6
perseverance	is	4
persevere	in	6
persian	gulf	8
persian	cat	7
persian	language	7
persian	and	4
persian	is	3
persist	in	15
persistence	and	3
persistence	pays	3
persistent	and	3
persistent	cough	3
person	who	497
person	to	243
person	in	234
person	i	225
person	is	200
person	that	97
persona	non	4
personal	life	57
personal	information	43
personal	growth	27
personal	opinion	25
personal	space	23
personal	computer	20
personality	is	20
personality	disorder	17
personality	and	16
personality	traits	7
personality	of	6
personality	changed	4
personally	i	41
personally	believe	6
personally	know	5
personally	at	4
personally	responsible	4
personnel	were	4
personnel	and	3
personnel	department	3
personnel	to	3
persons	who	12
persons	with	8
persons	were	7
persons	in	6
persons	are	5
persons	of	5
perspective	on	25
perspective	of	12
perspective	and	6
perspective	is	3
persuade	him	53
persuade	her	33
persuade	you	14
persuade	me	12
persuade	them	10
persuade	the	8
persuaded	him	26
persuaded	her	17
persuaded	to	15
persuaded	the	8
persuaded	his	7
persuaded	me	7
persuading	him	4
persuading	my	3
persuasion	is	4
pertaining	to	6
peru	and	5
peru	is	3
pervert	to	4
pessimist	is	5
pessimistic	about	5
pessimistic	but	4
pest	control	3
pest	that	3
pestering	me	7
pesticides	and	3
pesticides	are	3
pesto	cheese	5
pests	and	5
pet	the	19
pet	dog	16
pet	store	16
pet	is	10
pet	his	9
petals	are	9
petals	of	6
peter	is	29
peter	and	17
peter	was	14
peter	has	11
peter	the	8
peter	pan	6
petersburg	is	5
peterson	is	7
petite	vietnamese	3
petrified	forest	5
petrified	wood	5
petrified	with	4
petrol	station	40
petrol	is	17
petrol	in	5
petrol	prices	5
petrol	gauge	3
petrol	left	3
petroleum	products	3
pets	are	15
pets	in	8
pets	to	7
pets	do	5
pets	the	4
pets	while	4
petting	the	7
petting	his	6
petting	zoo	6
petty	and	4
petty	argument	3
pfft	who	4
ph	of	4
pharaoh	and	34
pharaoh	said	7
pharaoh	called	6
pharaoh	for	5
pharaoh	was	5
pharaoh	will	4
pharmaceutical	company	6
pharmaceutical	companies	5
pharmaceutical	industry	4
pharmacist	sold	3
pharmacy	is	6
pharmacy	in	5
pharmacy	to	4
pharmacy	and	3
pharmacy	near	3
pharmacy	nearby	3
phase	of	19
phase	in	9
phase	out	5
phase	is	3
phases	of	8
phd	in	8
phd	thesis	3
phd	to	3
phelps	is	3
phenomena	of	4
phenomena	in	3
phenomena	like	3
phenomenon	of	17
phenomenon	is	11
phenomenon	in	5
phenomenon	that	5
phenomenon	known	3
philip	is	4
philippines	is	19
philippines	was	13
philippines	my	11
philippines	as	7
philippines	i	7
philippines	in	7
phillips	screwdriver	4
phillips	head	3
philosopher	and	5
philosopher	is	5
philosopher	who	3
philosophers	of	6
philosophers	and	5
philosophers	have	5
philosophical	about	4
philosophical	questions	3
philosophy	is	32
philosophy	of	19
philosophy	and	18
philosophy	in	8
philosophy	that	7
philosophy	he	6
phobia	of	10
phone	number	335
phone	call	155
phone	is	141
phone	and	112
phone	rang	105
phone	with	96
phoned	me	25
phoned	him	24
phoned	the	24
phoned	her	18
phoned	to	11
phoned	my	6
phones	are	15
phones	and	10
phones	on	7
phones	away	6
phones	in	6
phones	to	6
phoning	me	4
phoning	to	3
photo	of	106
photo	album	39
photo	was	32
photo	is	19
photo	taken	15
photo	to	13
photograph	of	29
photograph	is	9
photograph	taken	7
photograph	the	5
photograph	to	5
photograph	was	4
photographed	the	8
photographed	by	3
photographed	in	3
photographer	and	3
photographic	memory	11
photographs	of	15
photographs	in	5
photographs	are	4
photographs	here	4
photographs	on	3
photography	is	9
photography	and	6
photography	was	4
photography	class	3
photos	of	74
photos	on	27
photos	to	22
photos	in	17
photos	are	15
photos	from	14
phrase	is	21
phrase	in	10
phrase	that	6
phrase	means	5
phrase	could	3
phrase	has	3
phrases	in	25
phrases	that	12
phrases	are	9
phrases	i	3
phrases	like	3
phrases	on	3
physical	and	25
physical	strength	17
physical	activity	15
physical	contact	15
physical	condition	14
physical	exercise	14
physically	and	12
physically	impossible	9
physically	abused	8
physically	but	6
physically	wrong	6
physically	abusive	5
physician	before	3
physician	was	3
physician	workforce	3
physics	and	17
physics	is	17
physics	has	7
physics	in	7
physics	teacher	7
physics	professor	6
pi	day	7
pi	is	7
pi	a	4
pianist	is	8
pianist	of	4
pianist	and	3
pianist	in	3
pianist	played	3
piano	is	38
piano	and	31
piano	lessons	25
piano	for	21
piano	in	19
piano	every	17
pianos	are	7
picasso	is	6
picasso	was	5
picasso	and	3
picasso	are	3
picasso	painted	3
pick	up	474
pick	you	123
pick	me	103
pick	him	64
pick	a	61
pick	the	60
picked	up	413
picked	the	87
picked	a	56
picked	on	27
picked	out	25
picker	to	4
picket	line	5
picking	up	69
picking	on	33
picking	his	11
picking	your	11
picking	flowers	7
picking	me	7
pickled	peppers	6
pickles	in	4
pickles	and	3
pickles	are	3
picks	up	17
picks	his	5
pickup	truck	37
pickup	trucks	4
picky	about	16
picky	eater	16
picky	as	5
picky	eaters	4
picky	when	3
picnic	was	24
picnic	table	18
picnic	tomorrow	18
picnic	in	17
picnic	on	12
picnic	with	11
picture	of	507
picture	is	74
picture	was	61
picture	on	55
picture	taken	44
picture	in	34
pictures	of	243
pictures	on	61
pictures	in	57
pictures	are	38
pictures	to	32
pictures	and	28
picturesque	appearance	3
picturesque	village	3
pie	and	15
pie	for	14
pie	is	14
pie	in	11
pie	was	8
pie	with	6
piece	of	852
piece	is	20
piece	to	9
piece	in	7
piece	together	7
piece	was	5
pieces	of	170
pieces	and	20
pieces	are	18
pieces	by	10
pieces	fit	10
pieces	in	8
pierce	the	11
pierce	his	5
pierce	her	3
pierced	his	11
pierced	the	11
pierced	by	6
pierced	her	4
pierced	with	3
piercing	eyes	4
piercing	during	3
piercing	for	3
piercing	is	3
piercing	needle	3
pierre	and	5
pies	are	6
pies	for	4
pietro	was	92
pietro	went	15
pietro	is	14
pietro	and	12
pietro	tried	10
pig	is	17
pig	in	9
pig	and	6
pig	out	5
pig	as	4
pig	for	4
pigeon	is	9
pigeon	flew	7
pigeon	returned	4
pigeon	on	3
pigeons	in	9
pigeons	are	4
pigeons	can	4
pigeons	and	3
pigeons	have	3
pigeons	were	3
piggy	bank	23
piggy	went	3
piglet	is	4
pigs	are	27
pigs	and	12
pigs	have	7
pigs	can	4
pigs	eat	4
pigs	fly	4
pike	and	3
pile	of	107
pile	up	16
pile	in	3
piled	up	21
piled	high	5
piled	into	5
piled	on	5
piles	of	19
piles	up	5
pilgrimage	to	3
pilgrims	to	3
piling	up	28
pill	to	16
pill	that	5
pill	was	4
pill	for	3
pill	in	3
pill	is	3
pillar	of	25
pillar	box	4
pillar	and	3
pillars	of	22
pillow	is	24
pillow	and	17
pillow	please	7
pillow	case	6
pillow	the	4
pillow	was	4
pillows	and	4
pillows	on	4
pills	and	8
pills	for	8
pills	to	7
pills	every	5
pills	are	4
pills	at	4
pilot	is	8
pilot	was	8
pilot	whales	8
pilot	a	7
pilot	and	6
pilot	to	5
pilots	are	5
pilots	were	4
pilots	of	3
pimple	on	6
pimple	and	4
pin	drop	15
pin	number	10
pin	the	10
pin	down	6
pin	and	5
pin	is	4
pinch	of	23
pinch	me	7
pinch	a	4
pinched	my	7
pinched	her	6
pinched	me	3
pine	trees	23
pine	tree	16
pine	nuts	9
pine	needles	7
pine	and	6
pine	is	6
pineapple	juice	11
pineapple	is	5
pineapple	and	4
pineapple	on	4
pineapple	in	3
pines	and	4
pines	are	3
ping	pong	19
pining	for	4
pink	and	16
pink	is	11
pink	dress	10
pink	flowers	6
pink	nose	6
pink	shirt	5
pinnacle	of	15
pinned	to	4
pinned	my	3
pinned	the	3
pinocchio	was	4
pinpoint	the	4
pins	and	8
pint	of	14
pint	or	3
pioneer	in	9
pioneer	of	3
pioneers	of	4
piotr	and	3
pious	man	3
pipe	and	21
pipe	is	9
pipe	down	7
pipe	dream	7
pipe	in	7
pipe	to	5
piper	picked	6
pipes	are	6
pipes	and	4
pipes	broke	3
pipes	under	3
piping	hot	10
pirate	ship	10
pirate	had	3
pirates	had	6
pirates	buried	5
pirates	were	5
pirates	are	4
pisa	is	3
piss	me	14
piss	off	9
piss	on	8
piss	and	4
piss	in	4
piss	layla	4
pissed	off	67
pissed	at	15
pissed	me	14
pissed	his	4
pissed	on	4
pisses	me	6
pissing	me	7
pistachio	latte	3
pistol	at	9
pistol	in	8
pistol	and	4
pistol	from	3
pistol	under	3
pistol	with	3
pistols	in	4
pit	and	6
pit	for	6
pit	bull	5
pit	in	4
pit	of	4
pit	a	3
pitch	black	76
pitch	the	22
pitch	dark	16
pitch	our	16
pitch	my	10
pitch	a	8
pitched	his	15
pitched	our	10
pitched	the	6
pitched	their	5
pitched	a	4
pitched	voice	4
pitcher	of	9
pitcher	is	4
pitcher	with	4
pitcher	and	3
pitied	her	3
pitied	him	3
pitiful	sight	3
pity	that	79
pity	you	36
pity	for	31
pity	on	21
pity	if	11
pity	i	6
pivotal	role	5
pivotal	moment	3
pizza	is	53
pizza	and	32
pizza	for	32
pizza	in	28
pizza	with	16
pizza	at	15
pizzas	and	5
pizzas	are	5
pizzas	at	3
pizzas	for	3
pizzeria	i	18
pizzeria	to	7
pizzeria	and	6
pizzeria	in	5
pizzeria	on	5
pizzeria	where	4
place	to	744
place	in	399
place	is	250
place	for	228
place	where	199
place	of	152
placed	the	73
placed	in	62
placed	on	37
placed	a	33
placed	his	32
placed	it	19
placement	test	6
places	to	77
places	in	76
places	with	35
places	like	33
places	where	31
places	of	25
placing	a	6
placing	them	5
placing	the	4
placing	you	4
placing	heavy	3
placing	it	3
plague	doctors	3
plague	is	3
plagued	by	21
plagued	with	5
plain	and	17
plain	english	17
plain	that	14
plain	sight	10
plain	to	7
plain	language	6
plainly	and	3
plainly	that	3
plains	of	8
plains	and	5
plan	to	1162
plan	on	276
plan	is	169
plan	was	105
plan	for	87
plan	has	47
plane	is	63
plane	was	50
plane	crash	34
plane	took	30
plane	landed	29
plane	to	28
planes	and	7
planes	are	7
planes	in	6
planes	can	5
planes	from	5
planes	take	4
planet	is	69
planet	in	66
planet	to	27
planet	from	25
planet	earth	24
planet	and	23
planetary	systems	4
planets	in	28
planets	and	25
planets	are	19
planets	orbiting	9
planets	that	9
planets	of	7
planks	of	4
plankton	and	3
planned	to	222
planned	on	68
planned	for	56
planned	a	42
planned	the	18
planned	out	14
planning	to	863
planning	on	452
planning	a	61
planning	this	17
planning	something	11
planning	his	10
plans	to	275
plans	for	203
plans	are	33
plans	on	31
plans	with	20
plans	were	15
plant	is	64
plant	in	44
plant	a	35
plant	that	19
plant	trees	16
plant	to	14
plantations	in	3
planted	a	54
planted	the	25
planted	in	23
planted	this	15
planted	on	9
planting	a	12
planting	trees	9
planting	the	8
planting	roses	6
planting	and	4
planting	rice	3
plants	are	69
plants	and	57
plants	in	39
plants	that	17
plants	need	16
plants	grow	15
plaster	cast	4
plastic	bag	29
plastic	bags	25
plastic	surgery	24
plastic	surgeon	12
plastic	bottles	11
plastic	cup	10
plastics	and	3
plastics	are	3
plate	of	39
plate	is	20
plate	and	19
plate	number	12
plate	on	9
plate	with	9
plates	and	18
plates	are	11
plates	on	11
plates	in	6
plates	of	5
plates	from	4
platform	does	17
platform	is	8
platform	number	7
platform	for	6
platform	while	5
platform	with	4
platforms	and	3
platforms	to	3
plato	and	4
plato	was	3
platonic	love	7
platonic	relationship	3
platypus	is	5
plausible	to	3
play	the	754
play	with	380
play	tennis	355
play	a	196
play	in	171
play	chess	132
played	the	149
played	a	141
played	with	140
played	in	67
played	tennis	61
played	on	49
player	in	54
player	is	24
player	on	20
player	was	13
player	of	12
players	are	18
players	in	18
players	were	15
players	have	10
players	on	10
players	to	10
playful	and	4
playground	for	5
playground	is	4
playground	to	4
playground	in	3
playing	the	305
playing	with	299
playing	in	190
playing	tennis	123
playing	a	115
playing	football	107
plays	the	155
plays	a	49
plays	tennis	40
plays	an	39
plays	with	32
plays	in	26
plea	bargain	3
plea	deal	3
plead	guilty	11
plead	with	5
pleaded	with	15
pleaded	for	8
pleaded	guilty	8
pleaded	not	4
pleading	for	5
pleading	guilty	3
pleading	with	3
pleasant	to	46
pleasant	day	16
pleasant	journey	12
pleasant	and	10
pleasant	evening	10
pleasant	than	9
pleasantly	surprised	22
pleasantly	cool	4
pleasantries	and	3
please	tell	572
please	give	363
please	let	275
please	come	249
please	do	245
pleased	with	206
pleased	to	136
pleased	at	14
pleased	that	14
pleased	by	10
pleased	about	8
pleases	me	12
pleases	you	6
pleases	him	3
pleasing	to	15
pleasing	behavior	3
pleasure	to	97
pleasure	of	54
pleasure	in	51
pleasure	is	25
pleasure	from	21
pleasure	for	17
pleasures	of	26
pleasures	are	4
pledge	to	7
pledge	allegiance	4
pledged	to	15
pledged	her	3
pledged	their	3
plenty	of	487
plenty	to	28
plenty	more	10
plenty	and	4
plenty	for	4
plenty	left	3
pliers	and	4
pliers	in	4
plight	of	7
plot	of	18
plot	to	8
plot	was	8
plot	is	6
plot	in	4
plot	twist	4
plotted	against	3
plotted	to	3
plotting	to	7
plotting	against	6
plotting	something	3
plow	the	6
plow	is	4
plowed	the	11
plowing	the	5
pluck	up	3
pluck	your	3
plucked	up	12
plucked	a	9
plucked	the	7
plucking	the	5
plucking	my	3
plug	in	15
plug	the	6
plug	out	4
plug	up	4
plug	has	3
plug	them	3
plugged	in	38
plugged	into	6
plugged	the	3
plugging	away	3
plum	tree	10
plum	blossoms	4
plum	brandy	3
plum	jam	3
plum	pie	3
plum	wine	3
plumber	to	5
plume	of	5
plump	and	3
plums	and	5
plums	are	4
plunder	the	3
plundered	the	5
plundered	by	4
plunge	into	6
plunged	into	32
plunged	to	8
plunged	the	5
plunged	in	3
plunger	to	3
plunging	the	4
plural	of	35
plural	form	7
plural	in	4
plural	is	4
plural	forms	3
plus	two	31
plus	one	23
plus	five	11
plus	four	9
plus	three	9
plus	the	7
plush	toy	4
pluto	is	44
pluto	has	16
pluto	was	16
pluto	and	6
pluto	which	3
plutonium	has	3
plywood	and	3
plywood	board	3
pm	i	5
pm	to	5
pm	today	5
pm	and	3
pm	but	3
pm	on	3
pneumonia	and	4
poachers	and	5
pocket	and	33
pocket	money	19
pocket	of	19
pocket	knife	18
pocket	for	9
pocket	watch	9
pockets	of	15
pockets	for	12
pockets	and	10
pockets	but	3
pockets	on	3
pockets	with	3
pod	of	5
podium	and	3
poem	by	38
poem	is	18
poem	in	15
poem	to	15
poem	was	13
poem	for	10
poems	in	15
poems	by	9
poems	are	8
poems	and	6
poems	of	6
poems	that	5
poet	and	19
poet	is	14
poet	was	8
poet	lived	7
poet	attempted	6
poet	as	5
poetry	is	38
poetry	in	20
poetry	and	16
poetry	of	11
poetry	to	4
poetry	can	3
poets	and	8
poets	are	4
point	of	449
point	in	213
point	out	64
point	is	51
point	to	51
point	where	40
pointed	out	62
pointed	to	46
pointed	at	25
pointed	his	23
pointed	the	17
pointed	it	13
pointing	at	25
pointing	out	21
pointing	to	18
pointing	a	6
pointing	that	4
pointing	towards	3
pointless	to	17
pointless	and	3
points	of	49
points	to	18
points	and	17
points	in	16
points	on	13
points	out	11
pointy	ears	4
poise	and	5
poised	to	7
poison	and	10
poison	in	10
poison	is	10
poison	the	10
poison	her	7
poison	ivy	6
poisoned	mina	9
poisoned	by	7
poisoned	the	6
poisoned	our	4
poisoned	with	4
poisoned	his	3
poisonous	gas	8
poisonous	to	6
poisonous	mushroom	4
poisonous	mushrooms	4
poisonous	snakes	4
poisonous	plants	3
poke	the	4
poke	your	4
poke	a	3
poke	around	3
poke	fun	3
poked	fun	6
poked	her	3
poked	his	3
poked	its	3
pokemon	go	3
pokemon	on	3
poker	with	14
poker	player	11
poker	game	4
poker	before	3
poker	face	3
poking	around	4
poking	a	3
poland	is	13
poland	and	9
poland	has	4
poland	in	4
polar	bears	34
polar	bear	27
polar	ice	9
polar	regions	7
polar	opposites	5
polaroid	camera	3
pole	is	11
pole	and	7
pole	to	7
pole	dancing	3
pole	of	3
pole	was	3
poles	and	7
poles	are	6
police	officer	177
police	are	163
police	station	150
police	officers	89
police	car	71
police	have	67
policeman	was	17
policeman	is	11
policeman	asked	10
policeman	caught	8
policeman	he	8
policeman	over	6
policemen	were	7
policemen	are	3
policemen	fired	3
policies	are	11
policies	to	10
policies	that	9
policies	of	8
policies	and	7
policies	were	5
policy	is	32
policy	of	27
policy	was	13
policy	on	12
policy	to	9
policy	will	8
polio	vaccine	5
polish	and	9
polish	is	7
polish	language	6
polish	your	6
polish	ambassador	5
polish	my	5
polished	the	8
polished	his	4
polished	her	3
polished	off	3
polished	stone	3
polished	your	3
polite	to	60
polite	and	13
polite	as	9
polite	with	9
polite	way	8
politely	declined	12
politely	corrected	4
politely	turned	3
politeness	is	8
politeness	of	4
political	and	34
political	crisis	33
political	parties	33
political	party	30
political	system	22
politically	correct	12
politically	and	5
politically	active	4
politically	stable	4
politically	incorrect	3
politically	unstable	3
politician	is	20
politician	was	10
politician	and	8
politician	has	5
politician	tried	5
politician	said	4
politicians	are	68
politicians	and	20
politicians	have	9
politicians	in	7
politicians	who	7
politics	is	66
politics	and	25
politics	in	13
politics	of	13
politics	are	9
politics	with	8
polka	dots	5
poll	shows	4
pollen	from	11
pollen	in	4
polling	stations	10
polling	station	9
polling	day	3
polls	are	4
polls	to	4
polls	in	3
polls	show	3
pollute	the	11
polluted	by	8
polluted	the	7
polluted	air	5
polluted	that	3
polluted	with	3
pollution	is	28
pollution	and	21
pollution	in	16
pollution	was	11
pollution	by	8
pollution	problems	6
polo	shirt	3
polyester	and	3
polygraph	test	10
pomegranate	is	3
pomegranate	juice	3
pomp	and	6
pond	in	27
pond	is	24
pond	was	12
pond	has	4
pond	here	4
pond	on	4
ponder	the	3
ponds	and	4
pong	is	3
ponies	and	3
pony	show	5
pony	with	5
ponzi	scheme	3
pool	is	47
pool	of	22
pool	and	19
pool	table	13
pool	with	11
pool	was	9
pools	of	7
pools	and	6
poop	on	12
poop	is	7
poop	in	6
pooped	in	14
pooped	on	5
pooped	his	3
poor	and	59
poor	man	54
poor	people	54
poor	but	47
poor	as	41
poor	girl	30
poorer	than	9
poorer	and	7
poorer	countries	4
poorest	countries	8
poorest	and	3
poorest	people	3
poorly	written	8
poorly	educated	6
poorly	in	6
poorly	paid	6
poorly	on	5
poorly	dressed	4
pop	music	23
pop	round	17
pop	up	14
pop	star	10
pop	the	9
pop	singer	6
popcorn	is	12
popcorn	and	11
popcorn	in	3
pope	francis	41
pope	is	14
pope	said	7
pope	has	6
pope	and	4
pope	was	3
poplar	island	4
poplar	and	3
popped	up	24
popped	out	15
popped	the	7
popped	in	6
popped	round	6
popped	into	4
popping	up	9
popping	out	5
poppy	seed	4
poppy	is	3
pops	into	4
pops	up	4
popular	in	162
popular	with	70
popular	among	54
popular	sport	29
popular	than	28
popular	at	24
popularity	of	17
popularity	is	7
popularity	in	5
popularity	was	4
popularity	has	3
populated	by	8
populated	city	8
populated	areas	6
populated	countries	5
populated	area	4
populated	cities	4
population	of	228
population	is	89
population	in	28
population	has	23
population	growth	18
population	lives	16
populations	of	15
populations	are	9
populations	in	8
populations	and	6
populations	have	4
populations	as	3
porcelain	collection	3
porcelain	figurines	3
porch	and	12
porch	of	6
porch	light	4
porch	for	3
pork	is	14
pork	and	8
pork	chops	7
pork	loin	4
pork	or	3
porn	is	8
porn	with	7
porn	addiction	5
porn	on	5
porn	videos	5
porn	websites	5
pornography	is	12
pornography	can	6
pornography	encourages	6
porridge	is	4
port	of	16
port	in	11
port	city	9
port	is	8
port	and	7
port	au	7
portable	computer	4
portable	device	3
portal	to	4
porter	carry	4
porter	to	3
portion	of	88
portions	of	17
portions	are	5
portions	at	3
porto	rico	3
portrait	of	30
portrait	was	5
portrait	in	3
portraits	of	7
portray	himself	4
portrayed	himself	4
portrayed	in	4
ports	and	5
ports	to	4
portugal	is	16
portugal	and	13
portugal	has	6
portugal	was	5
portugal	this	3
portuguese	and	33
portuguese	is	27
portuguese	are	12
portuguese	language	12
portuguese	in	11
portuguese	man	6
pose	a	25
pose	for	4
pose	no	4
pose	the	3
posed	for	10
posed	by	7
posed	as	5
posed	a	3
poses	a	8
poses	an	5
posh	restaurant	8
posh	and	3
posh	part	3
posing	for	5
position	to	71
position	of	58
position	in	43
position	is	21
position	on	17
position	clear	16
positioned	to	4
positioning	system	4
positions	of	9
positions	in	8
positions	are	6
positions	and	5
positions	on	5
positions	to	3
positive	for	32
positive	attitude	21
positive	and	20
positive	that	14
positive	feedback	12
positively	to	5
possess	the	16
possess	a	15
possess	it	6
possess	no	4
possess	dignity	3
possess	nothing	3
possessed	by	24
possessed	of	11
possessed	a	10
possessed	you	7
possessed	me	5
possessed	with	5
possesses	a	15
possesses	the	4
possesses	them	3
possesses	you	3
possession	of	48
possession	in	4
possession	and	3
possession	is	3
possession	to	3
possessions	of	7
possessions	are	3
possessions	in	3
possessions	to	3
possessive	and	4
possessive	case	3
possibilities	are	7
possibilities	of	7
possibilities	for	6
possibilities	and	5
possibility	of	113
possibility	that	88
possibility	to	11
possibility	i	8
possible	to	466
possible	for	120
possible	that	120
possible	in	28
possible	but	21
possibly	be	51
possibly	do	35
possibly	have	19
possibly	go	13
possibly	know	12
possibly	help	10
post	office	366
post	the	25
post	this	21
post	a	13
post	traumatic	13
post	on	12
postage	stamps	9
postage	stamp	4
postal	code	8
postal	service	8
postcard	from	17
postcard	to	12
postcards	to	11
postcards	from	3
posted	a	42
posted	the	30
posted	on	27
posted	comments	10
posted	pictures	10
posted	that	9
poster	on	8
poster	for	4
posters	of	7
posters	on	5
posting	sentences	14
posting	this	5
posting	videos	5
posting	here	4
posting	on	4
posting	the	3
postman	is	4
postman	was	4
postman	been	3
postman	brought	3
postman	comes	3
postpone	the	38
postpone	my	14
postpone	our	10
postpone	your	6
postpone	this	3
postponed	until	23
postponed	because	14
postponed	the	14
postponed	our	7
postponed	due	5
postponed	to	5
postponing	the	6
postponing	your	3
posts	and	8
posts	in	6
posts	a	5
posts	are	5
posts	videos	4
posts	that	3
pot	of	42
pot	is	15
pot	and	12
pot	was	8
pot	to	7
pot	with	7
potato	chips	55
potato	salad	31
potato	is	15
potato	chip	10
potato	soup	7
potatoes	are	36
potatoes	and	27
potatoes	in	16
potatoes	for	15
potatoes	with	10
potatoes	were	8
potent	greenhouse	3
potential	to	51
potential	for	22
potential	of	18
potential	in	10
potential	is	7
potential	was	6
potentially	dangerous	7
potentially	deadly	6
potentially	a	3
potentially	be	3
potentially	fatal	3
potentially	habitable	3
pots	and	13
pots	in	4
pots	on	4
pots	of	3
potter	book	5
potter	books	4
potter	movie	3
pottery	and	3
pottery	class	3
potty	trained	5
pounce	on	3
pound	of	24
pound	is	4
pound	foolish	3
pound	note	3
pound	on	3
pound	the	3
pounded	on	8
pounded	his	5
pounded	the	4
pounding	on	15
pounding	in	6
pounding	as	4
pounding	the	4
pounding	out	3
pounding	so	3
pounds	of	40
pounds	in	10
pounds	on	5
pounds	will	5
pounds	at	4
pounds	to	4
pour	me	22
pour	the	22
pour	yourself	9
pour	some	8
pour	in	6
pour	it	6
poured	himself	40
poured	herself	34
poured	a	22
poured	out	22
poured	the	21
poured	myself	20
pouring	out	16
pouring	down	15
pouring	rain	8
pouring	oil	6
pouring	the	5
pouring	with	5
poverty	is	48
poverty	and	38
poverty	in	24
poverty	line	8
poverty	has	6
poverty	to	5
powder	and	13
powder	is	7
powder	on	6
powder	in	5
powder	keg	5
powder	to	5
powdered	sugar	12
powdered	milk	4
power	to	190
power	of	181
power	in	78
power	is	76
power	and	61
power	over	25
powered	by	24
powered	aircraft	3
powered	car	3
powered	controlled	3
powerful	than	27
powerful	and	12
powerful	army	12
powerful	as	11
powerful	man	8
powerful	in	7
powerless	to	6
powerless	in	5
powers	of	33
powers	to	20
powers	and	8
powers	are	6
powers	in	6
powers	that	6
pox	is	4
pox	as	3
practical	joke	9
practical	and	6
practical	reason	6
practical	jokes	5
practical	than	4
practical	to	4
practically	all	8
practically	the	8
practically	every	6
practically	threw	6
practically	an	5
practically	empty	5
practice	of	38
practice	is	35
practice	the	32
practice	my	27
practice	in	20
practiced	in	12
practiced	the	9
practiced	his	7
practiced	her	5
practiced	every	4
practiced	for	4
practices	the	10
practices	and	6
practices	of	6
practices	playing	5
practices	archery	4
practices	to	4
practicing	the	18
practicing	for	9
practicing	muslim	8
practicing	his	7
practicing	my	5
practise	norwegian	9
practise	the	9
practise	every	8
practise	your	8
practise	more	7
practised	islam	4
practised	every	3
practised	it	3
practising	for	4
practising	his	4
practising	islam	4
practising	the	4
practising	muslim	3
practitioner	of	3
prague	is	7
prairie	dogs	6
praise	the	14
praise	you	10
praise	be	9
praise	of	9
praise	him	8
praise	is	8
praised	the	18
praised	her	16
praised	him	13
praised	for	12
praised	by	8
praised	his	5
praises	the	8
praises	his	6
praises	of	4
praises	him	3
praises	you	3
praising	the	4
prank	on	16
prank	calls	7
prank	call	6
prank	amanda	3
pranks	on	4
pray	for	72
pray	to	34
pray	in	28
pray	together	14
pray	that	10
pray	every	9
prayed	for	38
prayed	that	34
prayed	to	19
prayed	in	16
prayed	a	6
prayer	and	14
prayer	is	14
prayer	in	12
prayer	for	11
prayer	rug	8
prayer	to	7
prayers	are	7
prayers	go	5
prayers	were	5
prayers	and	4
prayers	have	4
prayers	to	4
praying	for	36
praying	in	20
praying	mantis	8
praying	to	8
praying	and	5
praying	at	4
prays	for	6
prays	in	6
prays	five	5
prays	the	4
prays	to	3
pre	existing	8
pre	industrial	5
pre	owned	4
pre	school	4
preach	and	3
preach	the	3
preach	to	3
preaching	to	4
precautions	to	7
preceded	by	14
preceded	him	3
precedence	over	5
precedent	for	4
precedes	the	8
precedes	it	3
precedes	you	3
precious	than	22
precious	to	15
precious	thing	13
precious	time	11
precious	as	8
precious	stones	6
precise	and	6
precise	meaning	5
precise	time	4
precise	answer	3
precise	in	3
precise	measurements	3
precisely	what	18
precisely	the	9
precisely	because	8
precisely	defined	5
precisely	in	5
precisely	that	4
precision	in	5
precision	and	4
precision	of	3
predator	in	4
predator	is	3
predator	of	3
predators	to	5
predators	and	4
predators	in	4
predators	from	3
predators	of	3
predatory	fish	3
predecessor	to	4
predecessor	the	3
predecessors	of	3
predict	the	39
predict	what	15
predict	that	10
predict	how	6
predict	earthquakes	4
predicted	this	15
predicted	that	12
predicted	it	10
predicted	the	7
predicted	for	4
predicted	our	4
predicting	the	9
predicting	a	3
prediction	was	7
prediction	about	3
prediction	of	3
predictions	were	7
predictions	of	4
predictions	came	3
predictions	especially	3
predictions	have	3
predicts	a	5
predicts	the	4
prefer	to	406
prefer	the	90
prefer	not	72
prefer	a	70
prefer	that	29
prefer	tea	24
preferable	to	35
preferable	that	6
preference	for	13
preference	to	3
preferences	are	6
preferences	and	3
preferred	to	36
preferred	not	9
preferred	a	6
preferred	method	5
preferred	the	5
preferred	you	4
prefers	to	78
prefers	the	13
prefers	not	9
prefers	a	7
prefers	reading	5
prefers	red	5
pregnancy	test	20
pregnancy	and	10
pregnancy	in	3
pregnancy	to	3
pregnancy	was	3
pregnant	with	39
pregnant	women	32
pregnant	and	31
pregnant	at	12
pregnant	woman	12
pregnant	again	9
prehistoric	times	7
prehistoric	human	4
prehistoric	animals	3
prejudice	against	13
prejudice	and	6
prejudice	is	6
prejudiced	against	10
prelude	to	7
premature	death	5
premature	to	4
premature	he	3
premeditated	murder	3
premier	league	6
premise	of	6
premise	is	5
premises	are	3
preoccupied	with	12
prep	school	3
preparation	for	27
preparation	of	6
preparation	and	5
preparation	clean	4
preparation	is	3
preparation	to	3
preparations	for	22
preparations	are	9
preparations	to	5
prepare	for	169
prepare	the	44
prepare	a	30
prepare	to	25
prepare	yourself	15
prepare	your	9
prepared	for	272
prepared	to	191
prepared	a	51
prepared	the	38
prepared	dinner	15
prepared	his	12
prepares	the	6
prepares	for	3
preparing	for	136
preparing	to	42
preparing	a	18
preparing	the	18
preparing	dinner	12
preparing	my	10
prerogative	of	3
prescribe	you	6
prescribed	to	6
prescribed	by	5
prescribed	some	5
prescribed	me	4
prescribed	really	4
prescribed	you	3
prescription	for	11
prescription	drugs	8
prescription	glasses	3
prescriptions	for	3
prescriptions	in	3
presence	of	146
presence	in	36
presence	is	11
presence	known	7
presence	was	7
presence	there	4
present	at	88
present	for	84
present	in	63
present	day	35
present	and	34
present	from	34
presentation	of	11
presentation	about	10
presentation	for	6
presentation	on	5
presentation	to	5
presentation	tomorrow	5
presented	a	23
presented	the	22
presented	to	21
presented	in	12
presented	by	11
presented	itself	10
presenting	his	7
presenting	the	5
presenting	a	3
presents	for	21
presents	to	15
presents	from	11
presents	a	10
presents	this	10
presents	on	9
preservation	of	16
preserve	the	31
preserve	our	11
preserve	their	11
preserve	it	7
preserve	its	7
preserve	them	7
preserved	in	12
preserved	the	6
preserved	ancient	4
preserved	and	4
preserved	by	3
preserving	the	9
preserving	its	3
preserving	our	3
presidency	of	7
presidency	in	4
president	of	308
president	is	76
president	in	33
president	was	30
president	has	29
president	donald	28
presidential	election	48
presidential	elections	26
presidential	candidate	14
presidential	palace	7
presidential	campaign	6
presidential	candidates	5
presidents	were	7
presidents	have	6
presidents	are	3
presidents	of	3
press	the	87
press	conference	52
press	this	43
press	charges	29
press	is	21
press	release	9
pressed	the	57
pressed	his	21
pressed	for	16
pressed	charges	15
pressed	on	15
pressed	play	11
pressing	the	11
pressing	charges	7
pressing	to	5
pressing	problem	4
pressure	on	40
pressure	to	36
pressure	is	35
pressure	from	26
pressure	of	22
pressure	and	14
pressured	to	9
pressures	of	4
pressuring	me	5
pressuring	you	4
prestige	and	3
prestige	of	3
prestigious	award	4
prestigious	school	3
prestigious	university	3
presume	that	9
presume	you	7
presume	to	5
presumed	to	6
presumed	dead	3
presumption	that	4
presumptuous	to	3
pretence	of	5
pretend	to	110
pretend	that	78
pretend	you	31
pretend	i	17
pretend	like	16
pretended	to	162
pretended	that	79
pretended	not	67
pretended	he	42
pretended	she	23
pretended	i	18
pretending	to	109
pretending	that	22
pretending	you	9
pretending	not	5
pretending	she	5
pretending	like	3
pretends	to	36
pretends	that	8
pretends	not	5
pretends	he	4
pretext	for	6
pretext	of	6
pretext	to	5
pretext	that	3
prettier	than	33
prettier	in	5
prettier	and	4
prettiest	girl	14
prettiest	in	5
prettiest	of	5
pretty	good	396
pretty	sure	203
pretty	well	142
pretty	much	131
pretty	girl	68
pretty	bad	58
pretzel	is	3
pretzels	are	3
prevail	in	6
prevail	against	3
prevail	over	3
prevailed	in	4
prevailed	and	3
prevailed	upon	3
prevailing	winds	3
prevails	in	3
prevails	over	3
prevent	the	68
prevent	this	32
prevent	that	31
prevent	it	23
prevent	them	18
prevent	you	17
prevented	me	44
prevented	him	30
prevented	us	20
prevented	the	19
prevented	this	19
prevented	you	12
preventing	the	14
preventing	me	6
preventing	people	5
preventing	a	4
preventing	them	4
preventing	you	4
prevention	of	16
prevention	is	7
prevention	and	5
prevents	you	8
prevents	me	7
prevents	a	3
prevents	food	3
prevents	the	3
prevents	us	3
preview	of	5
previous	one	24
previous	day	11
previous	life	11
previous	year	9
previous	engagement	8
previous	night	7
previously	thought	17
previously	been	7
previously	unknown	6
previously	i	5
previously	in	4
previously	mentioned	4
prey	to	22
prey	on	10
prey	and	4
prey	for	4
prey	with	4
prey	upon	3
price	of	236
price	is	74
price	for	66
price	on	22
price	to	22
price	was	22
priced	at	10
prices	are	118
prices	have	68
prices	will	37
prices	in	19
prices	of	18
prices	to	17
pricked	up	6
prickly	pears	13
prickly	pear	11
pride	in	73
pride	and	31
pride	of	21
pride	is	9
pride	he	7
pride	was	5
priest	is	14
priest	of	10
priest	blessed	9
priest	and	6
priest	came	6
priest	who	6
priests	and	7
priests	are	4
priests	in	4
priests	the	3
primarily	in	10
primarily	by	8
primarily	of	7
primarily	on	7
primarily	for	4
primarily	to	3
primary	school	60
primary	care	11
primary	and	7
primary	concern	6
primary	source	6
primary	means	5
prime	minister	255
prime	number	27
prime	of	18
prime	numbers	12
prime	suspect	8
primitive	and	4
primitive	man	4
primitive	people	3
prince	and	21
prince	of	17
prince	charming	16
prince	is	16
prince	was	15
prince	who	8
princes	of	7
princess	was	24
princess	and	11
princess	had	11
princess	in	10
princess	diana	8
princess	is	8
princeton	university	4
principal	is	10
principal	called	8
principal	of	8
principal	was	8
principal	about	5
principal	investigator	5
principle	of	32
principle	is	8
principle	in	5
principle	that	4
principle	he	3
principle	to	3
principles	of	47
principles	are	10
principles	and	7
principles	that	6
principles	you	6
principles	to	5
print	is	14
print	this	14
print	it	10
print	a	7
print	the	5
print	of	4
printed	in	17
printed	on	9
printed	books	8
printed	out	8
printed	all	7
printed	a	4
printer	is	9
printer	in	4
printer	can	3
printer	for	3
printer	ran	3
printing	press	10
printing	errors	5
printing	of	5
printing	money	4
printing	is	3
printing	the	3
prints	in	8
prior	to	63
prior	engagement	4
prior	commitment	3
prior	experience	3
priorities	are	5
priorities	have	4
priorities	straight	4
priorities	right	3
prioritize	your	14
prioritize	my	6
prioritize	the	6
prioritize	their	4
priority	for	14
priority	is	11
priority	in	8
priority	to	5
priority	at	4
priority	over	3
prison	for	65
prison	in	21
prison	is	16
prison	and	13
prison	cell	13
prisoner	was	16
prisoner	is	9
prisoner	of	9
prisoner	in	7
prisoner	escaped	5
prisoner	has	5
prisoners	were	14
prisoners	are	12
prisoners	of	10
prisoners	have	6
prisoners	escaped	5
prisoners	in	5
prisons	are	12
prisons	and	3
privacy	is	19
privacy	and	6
privacy	of	6
privacy	policy	6
privacy	online	5
privacy	reasons	4
private	school	39
private	life	36
private	sector	27
private	detective	22
private	property	20
private	investigator	15
privately	owned	5
privately	to	3
privilege	of	20
privilege	and	4
privilege	to	4
privileged	life	7
privileged	to	7
privileges	of	5
privileges	were	3
privy	to	3
prize	in	52
prize	for	30
prize	money	13
prize	is	9
prize	was	9
prize	winner	9
prized	possession	4
prizes	in	4
pro	democracy	5
pro	and	4
pro	drop	3
proactive	in	5
proactive	stance	3
probability	of	21
probability	that	12
probability	is	4
probability	it	3
probable	that	18
probably	be	223
probably	not	150
probably	going	98
probably	do	77
probably	the	74
probation	period	4
probe	will	14
probe	the	7
probe	to	5
probe	has	4
probe	is	4
probe	into	3
probes	to	4
problem	is	496
problem	with	371
problem	in	126
problem	was	91
problem	for	78
problem	of	66
problems	with	151
problems	are	85
problems	in	60
problems	that	51
problems	to	48
problems	for	45
procedure	is	7
procedure	for	5
procedure	called	3
procedure	to	3
procedures	to	5
procedures	and	4
procedures	in	4
procedures	that	4
procedures	involved	3
proceed	with	20
proceed	to	11
proceed	in	5
proceed	as	4
proceed	now	3
proceed	without	3
proceeded	to	48
proceeded	with	6
proceeding	to	4
proceedings	of	4
proceeds	from	6
proceeds	to	4
proceeds	go	3
process	of	125
process	is	26
process	that	14
process	to	12
process	was	11
process	and	9
processed	foods	7
processed	food	6
processes	of	8
processes	and	6
processes	that	5
processes	are	3
processes	by	3
processing	and	3
processing	the	3
processor	is	5
processor	to	3
proclaimed	the	6
proclaimed	as	3
proclaimed	that	3
procure	a	3
prodigal	son	3
produce	a	41
produce	the	19
produce	more	13
produce	an	9
produce	milk	7
produce	them	6
produced	by	63
produced	in	24
produced	a	23
produced	from	11
produced	the	11
produced	and	8
producer	of	11
producer	and	4
producers	of	12
producers	and	7
producers	in	7
produces	a	30
produces	the	8
produces	more	6
produces	an	3
produces	electricity	3
produces	good	3
producing	a	8
producing	more	4
producing	the	4
producing	something	3
product	of	66
product	is	60
product	was	15
product	has	11
product	will	11
product	in	9
production	of	52
production	is	22
production	and	19
production	has	12
production	in	12
production	process	8
productive	lands	15
productive	life	5
productive	day	3
productive	during	3
productive	than	3
productive	to	3
productivity	in	5
productivity	and	4
products	are	48
products	and	18
products	of	18
products	to	18
products	that	16
products	in	13
profession	is	11
profession	of	9
profession	in	5
profession	and	3
profession	he	3
professional	musician	13
professional	life	12
professional	comic	9
professional	basketball	8
professional	help	8
professional	to	8
professionals	in	3
professor	of	50
professor	is	28
professor	at	23
professor	in	13
professor	moriarty	9
professor	was	7
professors	are	8
professors	can	5
professors	and	4
profile	picture	35
profile	on	7
profile	and	6
profile	of	5
profile	pic	4
profile	to	4
profit	from	22
profit	organization	7
profit	by	6
profit	and	5
profit	in	5
profit	of	4
profitable	for	4
profits	have	8
profits	from	5
profits	in	5
profits	of	4
profits	are	3
profits	soared	3
profound	sense	4
profound	changes	3
profound	effect	3
profound	ignorance	3
profound	impact	3
profound	sadness	3
prognosis	is	6
program	is	60
program	to	28
program	in	22
program	for	20
program	was	16
program	on	15
programme	is	15
programme	for	6
programme	was	5
programmed	to	16
programmes	did	3
programming	language	29
programming	languages	13
programming	is	6
programming	in	3
programs	are	11
programs	do	11
programs	to	11
programs	in	8
programs	on	8
programs	that	8
progress	in	89
progress	is	35
progress	of	35
progress	has	21
progress	and	20
progress	with	11
progressing	in	5
progressing	well	3
progression	is	4
progressive	and	4
progressive	tense	4
prohibit	it	3
prohibited	in	24
prohibited	from	15
prohibited	to	13
prohibited	here	9
prohibited	on	8
prohibited	by	7
project	is	88
project	was	50
project	to	32
project	in	25
project	will	24
project	has	23
projected	to	16
projected	onto	4
projection	is	3
projects	are	21
projects	that	11
projects	in	10
projects	and	7
projects	to	5
projects	with	5
prolong	the	6
prom	with	12
prom	queen	10
prom	dress	4
prom	but	3
prom	king	3
prom	party	3
promise	you	168
promise	me	160
promise	that	156
promise	to	137
promise	i	70
promised	to	316
promised	me	150
promised	that	116
promised	not	64
promised	you	38
promised	her	37
promises	to	28
promises	that	8
promises	you	7
promises	and	6
promises	are	6
promises	of	5
promising	young	7
promising	to	5
promising	pupil	4
promising	that	4
promising	you	3
promising	youth	3
promote	the	15
promote	a	9
promote	their	7
promote	his	4
promote	products	4
promote	tourism	4
promoted	to	21
promoted	the	6
promoted	in	5
promoted	as	3
promoted	before	3
promoted	by	3
promoting	the	12
promoting	international	3
promoting	peace	3
promoting	world	3
promotion	of	13
promotion	and	7
promotion	at	5
promotion	is	3
promotion	to	3
promotion	was	3
prompt	reply	6
prompt	action	4
prompt	pupils	4
prompted	the	13
prompted	you	6
prompted	them	3
promptly	and	3
promptly	at	3
prone	to	54
pronounce	this	24
pronounce	it	17
pronounce	the	16
pronounce	that	14
pronounce	your	13
pronounce	a	5
pronounced	in	10
pronounced	the	9
pronounced	dead	8
pronounced	like	5
pronounced	as	4
pronounced	his	3
pronunciation	is	37
pronunciation	of	15
pronunciation	are	4
pronunciation	between	3
pronunciation	difficult	3
proof	that	65
proof	of	42
proof	is	13
proof	to	5
proof	vest	5
proof	against	4
prop	up	3
propaganda	is	9
propaganda	to	4
propaganda	in	3
propaganda	of	3
propaganda	on	3
propeller	powered	3
proper	to	13
proper	way	8
proper	place	7
proper	greenhouse	6
proper	names	6
properly	before	9
properly	and	8
properly	to	5
properly	trained	5
properly	with	5
properly	understood	4
properties	of	17
properties	in	4
properties	that	4
property	in	40
property	of	30
property	is	22
property	to	14
property	was	14
property	rights	6
prophecy	was	3
prophet	of	20
prophet	muhammad	16
prophet	in	5
prophet	is	4
prophets	of	6
proportion	of	32
proportion	to	24
proportion	as	5
proportions	of	4
proposal	was	29
proposal	is	25
proposal	to	9
proposal	met	7
proposal	will	7
proposal	with	6
proposals	were	4
proposals	are	3
proposals	to	3
propose	to	46
propose	a	12
propose	we	10
propose	that	5
proposed	to	65
proposed	that	21
proposed	a	16
proposed	law	8
proposed	by	6
proposed	the	6
proposes	to	4
proposing	to	6
proposing	a	4
proposition	for	6
proposition	is	5
proposition	that	5
proposition	of	4
proprietary	software	3
proprietor	of	3
propulsion	laboratory	5
propulsion	system	4
pros	and	33
prose	or	4
prose	writer	3
prosecution	of	5
prospect	of	25
prospect	is	3
prospects	for	13
prospects	of	8
prospects	are	3
prospects	in	3
prosperity	of	13
prosperity	and	11
prosperity	is	7
prosperity	to	6
prosperity	for	4
prosperous	and	7
prosperous	country	7
prosperous	economy	5
prostate	cancer	11
prostitutes	and	4
prostitutes	came	4
prostitution	is	4
protagonist	is	7
protagonist	of	6
protect	the	124
protect	you	99
protect	her	69
protect	your	57
protect	his	45
protect	them	45
protected	by	21
protected	the	19
protected	her	12
protected	from	11
protected	species	8
protecting	the	12
protecting	her	8
protecting	our	6
protecting	him	5
protecting	us	5
protecting	it	4
protection	of	31
protection	from	19
protection	against	14
protection	agency	12
protection	and	11
protection	circuit	5
protective	of	20
protective	gear	7
protective	masks	4
protective	services	4
protective	equipment	3
protective	mask	3
protects	the	20
protects	us	9
protects	you	7
protects	against	6
protects	her	4
protects	our	4
protein	is	7
protein	that	7
protein	and	4
protein	called	4
protein	in	4
protein	style	3
proteins	and	8
proteins	are	4
proteins	from	3
protest	against	18
protest	and	5
protest	of	5
protestant	church	7
protested	against	17
protested	but	3
protested	in	3
protested	that	3
protesters	were	12
protesters	outside	5
protesters	are	4
protesters	with	4
protesters	in	3
protesters	shouted	3
protesting	against	16
protesting	in	4
protestors	are	3
protests	in	17
protests	are	7
protests	against	4
protests	and	4
protests	of	4
protests	on	3
protocol	is	3
protocols	of	3
proton	and	3
protons	and	6
protons	neutrons	4
protons	are	3
protons	in	3
prototype	for	5
prototype	of	5
prototype	is	3
proud	of	918
proud	to	106
proud	that	19
proud	and	16
proud	as	5
proud	people	5
proudest	moment	10
proudest	accomplishment	3
proudly	displayed	5
proudly	displays	4
proudly	in	4
prove	that	113
prove	it	101
prove	to	36
prove	anything	22
prove	his	21
prove	a	14
proved	to	78
proved	that	19
proved	it	10
proved	the	7
proved	a	6
proved	him	5
proven	that	11
proven	to	9
proven	guilty	8
proven	wrong	5
proven	fact	4
proven	correct	3
proverb	says	10
proverb	in	4
proverb	is	4
proverb	goes	3
proverb	say	3
proverb	the	3
proves	that	10
proves	the	4
proves	to	4
proves	his	3
proves	my	3
proves	your	3
provide	a	54
provide	for	46
provide	the	20
provide	us	20
provide	you	18
provide	an	14
provided	by	32
provided	for	22
provided	that	21
provided	a	19
provided	the	19
provided	with	12
provides	a	21
provides	the	15
provides	us	8
provides	for	6
provides	an	5
provides	escorts	5
providing	a	10
providing	the	9
providing	for	5
province	of	32
province	in	6
province	and	5
province	is	5
provinces	of	7
provinces	in	4
provinces	called	3
proving	that	5
proving	to	5
provision	for	6
provisional	government	6
provisional	licence	3
provisions	for	9
provisions	of	3
provocative	act	13
provoke	me	8
provoke	a	5
provoke	an	4
provoke	the	3
provoked	into	9
provoked	a	8
provoked	her	4
provoked	him	4
provoked	by	3
provoking	me	4
provoking	him	3
prowling	the	4
proximity	to	8
proximity	of	4
proxy	for	3
proxy	war	3
prudent	to	4
prudent	of	3
prune	the	4
prune	roses	3
prunes	his	4
pry	into	5
pry	open	4
pry	the	4
prying	eyes	4
prying	into	3
psalm	matthew	3
psych	ward	8
psych	wards	4
psych	yourself	4
psychedelic	rock	4
psychiatric	hospital	32
psychiatric	ward	7
psychiatric	evaluation	3
psychiatric	help	3
psychiatrist	and	3
psychiatrist	is	3
psychic	powers	9
psychic	abilities	6
psychoanalysis	is	3
psychological	warfare	9
psychological	torture	6
psychological	damage	5
psychological	trauma	5
psychological	and	3
psychological	problems	3
psychologist	and	3
psychology	is	10
psychology	of	8
psychology	and	5
psychology	on	5
psychology	in	3
psychopaths	to	3
psychotic	episode	5
pub	at	7
pub	is	7
pub	on	7
pub	and	5
pub	for	3
pub	in	3
public	health	62
public	opinion	48
public	transportation	48
public	transport	46
public	domain	39
public	school	27
publication	of	17
publication	in	5
publicity	stunt	4
publicly	available	5
publish	my	8
publish	it	7
publish	a	5
publish	his	5
publish	the	4
publish	their	4
published	in	84
published	a	31
published	his	14
published	this	10
published	the	9
published	by	8
publisher	in	5
publisher	has	3
publisher	said	3
publishing	house	10
publishing	company	5
puck	is	3
pudding	is	4
pudding	with	4
pudding	for	3
puddle	of	7
puddle	and	6
puddles	on	5
puddles	in	3
puerto	rico	18
puff	pastry	5
puff	puff	3
puffed	sleeves	5
puffs	of	4
puked	all	3
pulitzer	prize	4
pull	the	84
pull	over	39
pull	out	35
pull	it	34
pull	up	32
pull	yourself	23
pulled	out	167
pulled	the	167
pulled	up	76
pulled	over	60
pulled	a	57
pulled	his	57
pulling	the	24
pulling	my	21
pulling	a	11
pulling	her	9
pulling	your	8
pulling	out	7
pulls	the	6
pulp	fiction	4
pulp	and	3
pulse	is	8
pulse	and	5
pulse	of	3
pump	up	7
pump	blood	3
pump	to	3
pumped	up	6
pumped	into	4
pumped	out	4
pumpkin	pie	12
pumpkin	soup	6
pumpkin	was	3
pumpkins	are	5
pumps	and	3
punch	you	12
punch	him	10
punch	her	7
punch	me	4
punch	nazis	4
punch	the	3
punched	in	18
punched	him	15
punched	the	10
punched	me	9
punched	layla	8
punching	the	11
punching	her	5
punching	layla	4
punching	each	3
punching	his	3
punctual	for	6
punctual	and	3
punctual	as	3
punctuality	is	6
punctured	the	5
punctured	by	4
punish	you	17
punish	me	14
punish	the	11
punish	him	10
punish	those	5
punishable	by	12
punished	for	82
punished	if	10
punished	by	7
punished	him	7
punished	me	7
punished	the	5
punishes	me	3
punishing	me	3
punishment	for	19
punishment	is	18
punishment	i	5
punishment	of	5
punishment	should	4
punishment	was	3
punitive	damages	3
punjabi	lady	3
punk	rock	13
punk	rockers	3
puns	are	3
puns	in	3
pupil	is	10
pupil	has	6
pupil	was	6
pupil	at	5
pupil	who	5
pupil	in	3
pupils	are	32
pupils	in	18
pupils	were	18
pupils	to	16
pupils	at	14
pupils	of	6
puppet	state	4
puppet	master	3
puppet	show	3
puppies	are	9
puppies	to	6
puppies	were	5
puppies	and	3
puppy	is	23
puppy	for	14
puppy	to	8
puppy	was	8
puppy	and	7
puppy	with	5
purchase	a	32
purchase	of	15
purchase	the	9
purchase	this	5
purchase	in	3
purchase	price	3
purchased	a	120
purchased	an	12
purchased	medicine	10
purchased	the	10
purchased	by	4
purchased	in	4
purchases	of	3
purchases	to	3
purchasing	power	13
purchasing	a	5
pure	and	22
pure	gold	14
pure	heart	9
pure	white	9
pure	land	8
pure	truth	8
purely	by	7
purely	coincidental	6
purely	for	4
purely	accidental	3
purely	economic	3
purely	sexual	3
purged	of	3
purified	water	3
purify	water	4
purity	of	8
purity	and	5
purity	is	4
purity	law	3
purple	and	11
purple	flowers	5
purple	yam	5
purple	light	4
purple	shirt	4
purple	sweater	4
purpose	of	189
purpose	in	48
purpose	to	33
purpose	is	15
purpose	for	12
purpose	and	11
purposes	and	8
purposes	of	7
purposes	only	4
purposes	are	3
purposes	that	3
purr	when	11
purring	in	3
purse	and	17
purse	is	14
purse	in	12
purse	at	8
purse	was	8
purse	on	7
pursue	a	16
pursue	his	14
pursue	her	10
pursue	the	8
pursue	their	8
pursue	my	7
pursued	the	8
pursued	his	6
pursued	by	5
pursued	a	4
pursued	and	3
pursued	him	3
pursuing	the	8
pursuing	a	6
pursuing	my	6
pursuing	your	4
pursuing	an	3
pursuit	of	57
push	the	75
push	ups	25
push	this	23
push	me	22
push	it	21
push	my	13
pushed	the	96
pushed	him	29
pushed	his	28
pushed	me	25
pushed	her	21
pushes	me	8
pushes	his	3
pushes	the	3
pushing	the	27
pushing	a	13
pushing	me	11
pushing	for	6
pushing	it	6
pushing	their	5
pushy	as	4
puss	in	3
pussy	smells	4
pussy	cat	3
put	the	1272
put	on	902
put	it	579
put	his	495
put	your	483
put	a	469
putin	is	25
putin	has	8
putin	was	5
putin	said	3
putin	will	3
puts	on	29
puts	the	22
puts	his	17
puts	me	16
puts	a	15
puts	in	9
putting	on	84
putting	the	53
putting	it	34
putting	a	30
putting	up	28
putting	in	25
puzzle	is	13
puzzle	to	7
puzzle	of	6
puzzle	has	5
puzzle	pieces	4
puzzle	was	4
puzzled	by	11
puzzled	about	4
puzzled	at	3
puzzled	expression	3
puzzled	the	3
puzzles	and	4
puzzles	me	4
puzzling	to	5
pyjamas	on	8
pyramid	scheme	12
pyramid	of	5
pyramid	formation	3
pyramids	in	6
pyramids	of	6
pyramids	are	4
pyramids	were	4
python	is	4
qaeda	and	3
qin	shi	3
quack	quack	4
quacks	like	4
quail	eggs	4
quake	and	3
qualified	to	32
qualified	for	24
qualified	as	10
qualified	people	4
qualified	applicants	3
qualified	teachers	3
qualify	for	13
qualify	as	5
qualities	of	12
qualities	that	8
qualities	do	6
qualities	in	4
qualities	are	3
qualities	which	3
quality	of	141
quality	is	26
quality	time	21
quality	and	20
quality	control	9
quality	work	7
qualms	about	6
quantities	of	23
quantities	in	5
quantity	of	32
quantity	and	4
quantity	but	3
quantity	which	3
quantum	physics	18
quantum	mechanics	15
quantum	theory	7
quantum	computers	4
quarantine	for	4
quarantine	in	4
quarantine	facility	3
quarantine	on	3
quarantined	for	3
quarrel	with	37
quarrel	between	6
quarrel	over	4
quarrel	and	3
quarrel	but	3
quarrel	in	3
quarreled	with	7
quarreling	with	10
quarrelling	with	3
quarrels	with	9
quart	of	6
quarter	of	67
quarter	to	46
quarter	past	37
quarter	after	5
quarter	finals	5
quarter	mile	5
quarters	of	23
quarters	in	5
quarters	and	3
quarters	for	3
quartz	and	5
quartz	is	4
quebec	canada	4
quebec	is	3
queen	of	51
queen	and	21
queen	elizabeth	20
queen	is	16
queen	had	13
queen	was	12
queens	and	3
queer	people	14
queer	kids	3
quench	your	12
quench	my	9
quench	his	3
quest	for	10
quest	to	9
quest	of	5
quest	and	3
quest	in	3
quest	was	3
question	is	254
question	of	130
question	that	56
question	for	55
question	i	46
question	to	45
questioned	by	20
questioned	the	15
questioned	his	7
questioned	him	6
questioned	about	5
questioned	my	5
questioning	my	15
questioning	the	6
questioning	his	4
questioning	your	4
questioning	me	3
questioning	that	3
questions	about	171
questions	that	48
questions	for	43
questions	to	41
questions	are	32
questions	and	31
queue	for	40
queue	at	14
queue	up	9
queue	is	7
queue	was	5
queue	had	4
quick	to	54
quick	as	28
quick	look	17
quick	and	15
quick	shower	12
quick	response	11
quicker	than	27
quicker	and	6
quicker	to	5
quicker	a	4
quickest	way	13
quickly	as	136
quickly	and	60
quickly	got	47
quickly	to	37
quickly	ran	33
quickly	in	29
quiet	and	86
quiet	in	44
quiet	life	26
quiet	here	25
quiet	place	22
quiet	for	21
quieter	than	7
quieter	and	3
quieter	in	3
quietly	so	21
quietly	as	17
quietly	in	17
quietly	and	14
quietly	to	6
quietly	on	5
quilt	is	5
quit	smoking	167
quit	his	77
quit	doing	56
quit	the	56
quit	your	50
quit	her	40
quite	a	554
quite	well	123
quite	an	68
quite	right	65
quite	sure	59
quite	good	57
quits	with	4
quitting	smoking	25
quitting	my	9
quitting	her	5
quitting	the	5
quitting	your	5
quitting	his	4
quiver	and	7
quivering	with	3
quiz	show	5
quo	not	5
quo	is	3
quotation	marks	18
quotation	from	3
quote	from	14
quote	me	12
quote	is	9
quote	a	8
quote	you	6
quote	that	5
quoted	from	5
quoted	a	4
quoted	out	3
quotes	from	6
quotes	are	5
quotes	on	5
rabbi	is	6
rabbit	and	12
rabbit	in	12
rabbit	is	9
rabbit	has	8
rabbit	with	8
rabbit	meat	7
rabbits	are	11
rabbits	have	11
rabbits	and	9
rabbits	in	8
rabbits	can	3
rabbits	were	3
rabid	dog	9
raccoon	in	6
raccoons	are	6
race	is	30
race	was	16
race	in	14
race	for	12
race	with	12
race	of	11
raced	to	8
raced	through	6
raced	down	5
raced	past	4
raced	home	3
races	in	10
races	and	3
races	are	3
races	were	3
rachel	and	7
rachel	said	4
rachel	was	4
rachel	in	3
rachel	is	3
racial	discrimination	14
racial	segregation	5
racial	or	4
racial	prejudice	4
racial	problems	3
racing	car	5
racing	and	4
racing	is	4
racing	through	4
racing	to	4
racing	game	3
racism	and	21
racism	is	20
racism	but	3
racism	in	3
racism	or	3
racist	and	12
racist	but	9
racist	comments	9
racist	for	7
racist	country	6
racist	to	5
racists	are	4
rack	is	29
rack	in	11
rack	here	6
rack	to	6
rack	your	5
rack	on	4
racked	my	8
racked	up	3
racked	with	3
racket	on	5
racket	and	3
racket	at	3
racking	my	6
racking	his	3
radar	for	3
radar	is	3
radiant	smile	4
radiant	with	3
radiation	in	8
radiation	and	6
radiation	from	6
radiation	that	5
radiation	exposure	4
radiation	therapy	4
radiator	is	4
radical	change	6
radical	islam	6
radical	in	4
radical	changes	3
radical	reforms	3
radically	different	4
radio	station	35
radio	on	32
radio	is	27
radio	and	21
radio	off	20
radio	waves	19
radioactive	waste	11
radioed	the	5
radios	in	5
radishes	are	6
radius	of	19
radius	is	6
raft	of	6
raft	to	3
rag	to	5
rag	doll	3
rage	and	12
rage	against	4
rage	in	4
rage	is	4
rage	of	4
rage	when	4
raged	for	5
ragged	clothes	4
raging	fever	3
raging	fire	3
raging	for	3
raging	in	3
raging	outside	3
rags	to	9
raid	shelter	3
raid	was	3
raided	the	9
raided	by	8
rail	lines	8
rail	network	6
rail	line	3
railroad	tracks	12
railroad	station	10
railroad	crossing	6
railroad	is	3
railroad	track	3
railroad	was	3
railroads	i	3
railway	station	125
railway	line	12
railway	lines	6
railway	accident	5
railway	is	5
railway	in	4
railways	and	3
rain	tomorrow	181
rain	is	98
rain	this	85
rain	today	81
rain	in	73
rain	and	55
rainbow	bridge	7
rainbow	is	7
rainbow	in	6
rainbow	appeared	5
rainbow	has	4
rainbow	mountain	4
rainbows	and	3
raincoat	i	5
raincoat	and	3
raincoat	because	3
raindrops	are	6
raindrops	were	3
rained	for	28
rained	all	26
rained	a	24
rained	yesterday	17
rained	heavily	13
rained	hard	11
rainfall	in	4
rainfall	is	4
rainforest	is	8
raining	hard	41
raining	for	40
raining	since	30
raining	so	30
raining	heavily	27
raining	and	26
rains	tomorrow	69
rains	the	21
rains	a	20
rains	i	16
rains	here	14
rains	in	12
rainy	day	73
rainy	season	61
rainy	days	41
rainy	weather	11
rainy	today	9
rainy	and	8
raise	your	106
raise	the	48
raise	a	38
raise	my	31
raise	his	24
raise	their	23
raised	in	141
raised	his	108
raised	by	64
raised	the	47
raised	a	35
raised	her	28
raises	the	10
raises	his	8
raises	a	5
raises	goats	3
raises	sheep	3
raisin	bread	3
raising	a	32
raising	the	20
raising	his	16
raising	children	11
raising	her	10
raising	taxes	6
raisins	are	6
raisins	in	5
rake	the	6
rake	leaves	3
rake	up	3
raking	leaves	6
raking	in	5
raking	it	4
raking	the	4
rallied	to	4
rallies	in	3
rally	was	3
ram	and	3
ram	is	3
ram	to	3
ramadan	in	20
ramadan	is	13
ramadan	muslims	8
ramadan	and	3
ramadan	was	3
rambling	on	3
ramen	is	6
ramen	shop	6
ramen	sometime	3
ramifications	of	7
ramp	up	6
ramp	to	3
ramses	ii	6
ran	out	401
ran	away	382
ran	to	313
ran	into	306
ran	back	147
ran	for	127
ranch	in	9
ranch	dressing	4
ranch	style	3
random	number	8
random	guy	6
random	numbers	5
random	person	4
random	questions	4
random	sentence	4
randomly	selected	3
rang	the	64
rang	him	17
rang	out	17
rang	and	16
rang	again	13
rang	while	12
range	of	112
range	from	22
range	is	7
range	and	6
range	in	5
range	located	3
ranger	in	4
ranger	station	4
ranger	for	3
rangers	and	5
rangers	for	3
rangers	were	3
ranges	from	9
ranges	and	3
ranging	from	12
rank	of	20
rank	and	7
rank	in	7
rank	among	3
ranking	military	3
ranking	officials	3
ranks	among	5
ranks	of	5
ranks	and	3
ranks	to	3
ransacked	the	4
ransom	money	4
rant	about	5
ranting	about	4
ranting	and	4
ranting	at	3
rap	music	12
rap	concert	5
rap	about	3
rape	and	10
rape	is	10
rape	me	7
rape	you	7
rape	layla	5
rape	of	4
raped	layla	12
raped	her	11
raped	by	9
raped	and	7
raped	him	6
raped	you	6
rapid	progress	13
rapid	growth	11
rapid	and	8
rapid	increase	6
rapidly	in	14
rapidly	and	9
rapidly	growing	7
rapidly	changing	6
rapidly	as	5
rapidly	on	4
raping	her	4
raping	a	3
rapist	and	3
rapport	with	3
rare	in	34
rare	for	21
rare	and	17
rare	to	14
rare	disease	11
rare	earth	11
rarely	go	32
rarely	goes	14
rarely	see	13
rarely	get	12
rarely	have	11
rarely	talks	11
rash	decisions	7
rash	on	6
rash	from	3
rash	is	3
rash	of	3
raspberries	are	10
raspberries	in	3
raspberry	juice	4
raspberry	jam	3
raspy	voice	4
rat	in	22
rat	infestation	15
rat	is	7
rat	race	6
rat	the	5
rat	with	5
rate	of	118
rate	is	53
rate	in	32
rate	for	13
rate	i	9
rate	the	9
rated	the	3
rates	are	27
rates	of	21
rates	in	14
rates	have	13
rates	and	9
rates	for	8
rather	than	389
rather	not	219
rather	be	120
rather	stay	95
rather	go	78
rather	do	71
rating	of	12
rating	system	3
ratings	are	4
ratio	of	7
ratio	is	5
rational	explanation	5
rational	mind	4
rational	person	4
rational	and	3
rational	animal	3
rational	man	3
rats	are	16
rats	in	12
rats	and	7
rats	with	4
rats	leaving	3
rats	which	3
ratted	out	3
rattle	in	3
rattle	of	3
rattled	the	12
rattled	by	3
rattling	sound	4
ravaged	by	11
ravaged	the	7
ravaged	our	3
rave	reviews	4
raven	is	8
raven	perched	3
ravens	are	4
ravine	and	3
raving	mad	7
raving	about	3
raw	materials	40
raw	fish	39
raw	meat	12
raw	eggs	8
raw	vegetables	8
raw	onions	7
ray	of	23
ray	burst	4
ray	technology	4
ray	and	3
ray	is	3
ray	showed	3
rays	of	36
rays	are	12
rays	and	5
rays	from	3
rays	through	3
rays	to	3
razor	blade	23
razor	sharp	6
razor	to	5
razor	before	3
razor	blades	3
razor	is	3
rd	of	31
rd	century	5
rd	sunday	4
re	election	15
re	elected	13
re	read	9
re	entry	6
re	examine	5
re	open	4
reach	the	206
reach	a	47
reach	out	33
reach	our	30
reach	of	25
reach	you	23
reached	the	379
reached	a	86
reached	for	73
reached	out	56
reached	an	30
reached	his	29
reaches	the	24
reaches	of	8
reaches	its	5
reaches	a	4
reaches	her	3
reaching	the	37
reaching	a	11
reaching	for	11
reaching	out	10
reaching	into	7
reaching	consequences	5
react	to	44
react	when	7
react	with	5
react	quickly	3
react	the	3
react	well	3
reacted	to	10
reacted	in	5
reacted	with	5
reacted	violently	4
reacted	instinctively	3
reacted	like	3
reaction	to	28
reaction	is	14
reaction	was	10
reaction	that	6
reaction	when	6
reaction	i	4
reactions	that	6
reactions	to	6
reactions	of	5
reactions	from	4
reacts	to	6
reacts	with	4
read	the	1374
read	a	450
read	this	447
read	it	334
read	that	213
read	books	166
reader	of	9
reader	is	5
reader	for	3
reader	that	3
reader	to	3
reader	will	3
readers	are	5
readers	to	4
readers	will	4
readers	with	4
readers	of	3
readily	available	8
readily	agreed	4
readily	help	3
readiness	to	5
reading	a	373
reading	the	337
reading	this	147
reading	books	95
reading	it	70
reading	that	70
readings	of	4
reads	the	49
reads	a	31
reads	books	13
reads	in	7
reads	like	6
reads	this	6
ready	to	1442
ready	for	695
ready	by	71
ready	in	68
ready	yet	64
ready	now	29
reagan	was	7
real	name	117
real	life	113
real	estate	72
real	world	55
real	reason	54
real	problem	40
realise	that	29
realise	how	11
realise	the	7
realise	what	5
realise	it	4
realise	you	3
realised	that	35
realised	i	9
realised	it	8
realised	his	6
realised	he	5
realised	what	4
realising	that	5
realistic	expectations	4
realistic	goals	4
realistic	and	3
realities	of	6
reality	is	61
reality	and	34
reality	of	21
reality	in	10
reality	show	10
reality	it	9
realization	of	8
realize	that	248
realize	how	85
realize	what	79
realize	i	59
realize	you	57
realize	the	50
realized	that	362
realized	he	89
realized	i	49
realized	what	48
realized	it	46
realized	how	44
realizes	that	10
realizes	what	4
realizes	the	3
realizing	that	18
realizing	it	11
realizing	his	4
realizing	how	4
really	want	723
really	like	698
really	think	559
really	good	522
really	need	403
really	have	341
realm	of	17
reap	the	12
reap	what	8
reappeared	in	4
rear	view	19
rear	of	10
rear	end	4
rear	exit	4
rear	tire	4
rear	window	4
reared	its	3
rearrange	the	6
rearranged	the	5
rearview	mirror	8
reason	to	393
reason	for	257
reason	why	224
reason	i	142
reason	that	103
reason	is	58
reasonable	person	16
reasonable	price	16
reasonable	to	12
reasonable	people	7
reasonable	explanation	6
reasonable	in	5
reasonably	priced	11
reasonably	well	4
reasoned	with	3
reasoning	with	12
reasoning	is	6
reasoning	and	5
reasoning	behind	3
reasons	for	78
reasons	why	62
reasons	to	48
reasons	that	27
reasons	i	17
reasons	we	8
reassured	mina	8
reassured	him	4
reassured	me	3
rebecca	his	3
rebel	against	5
rebel	leader	3
rebel	was	3
rebelled	against	16
rebellion	was	7
rebellion	in	6
rebellion	against	5
rebellious	and	3
rebellious	spirit	3
rebels	were	6
rebels	are	5
rebels	have	5
rebels	looted	3
rebirth	or	4
rebirth	is	3
reboot	the	5
reboot	your	4
reborn	as	8
reborn	in	4
reborn	from	3
reborn	i	3
rebuild	the	18
rebuild	his	5
rebuild	it	4
rebuild	our	4
rebuild	its	3
rebuild	their	3
rebuilding	the	4
rebuilt	after	6
rebuilt	the	4
recall	the	17
recall	what	10
recall	him	8
recall	you	7
recall	her	6
recall	it	5
recalled	the	9
recalled	all	6
recalled	what	4
recalled	her	3
recalled	that	3
recalls	the	6
recap	what	3
recapture	the	3
receding	from	4
receipt	of	9
receipt	for	5
receipt	please	4
receipts	are	3
receive	a	82
receive	the	54
receive	an	20
receive	your	19
receive	any	18
receive	my	18
received	a	396
received	the	111
received	an	85
received	your	36
received	my	28
received	from	27
receiver	and	3
receives	a	6
receives	the	5
receives	from	4
receives	money	3
receives	no	3
receiving	the	23
receiving	a	19
receiving	your	17
receiving	messages	4
receiving	this	4
receiving	treatment	3
recent	years	93
recent	studies	15
recent	events	14
recent	days	13
recent	study	11
recent	weeks	11
recently	i	35
recently	been	19
recently	the	18
recently	moved	16
recently	started	16
reception	desk	8
reception	in	8
reception	here	5
reception	was	5
reception	area	3
reception	will	3
receptionist	at	4
recess	and	3
recess	of	3
recession	is	7
recession	and	3
recession	in	3
recharge	your	6
recharge	the	4
recharge	my	3
recipe	for	48
recipe	book	8
recipe	is	7
recipe	calls	6
recipe	to	5
recipe	from	4
recipes	in	9
recipes	for	6
recipes	on	4
recipes	are	3
recipes	that	3
recipes	to	3
recipient	of	13
recipient	is	3
recite	the	23
recite	it	7
recite	a	4
recited	the	20
recited	a	8
reciting	the	13
reckless	driving	11
reckless	and	4
reckless	of	3
reckon	that	6
reckon	the	6
reckon	we	4
reckon	with	4
reckon	you	4
reckoned	with	11
reclaim	the	3
recognise	the	13
recognise	him	11
recognise	her	8
recognise	me	6
recognise	your	6
recognise	our	4
recognised	him	5
recognised	as	4
recognised	in	4
recognised	her	3
recognised	his	3
recognition	of	16
recognition	and	6
recognition	software	6
recognition	for	4
recognition	can	3
recognize	the	79
recognize	that	56
recognize	him	55
recognize	me	50
recognize	you	42
recognize	her	35
recognized	the	53
recognized	him	48
recognized	her	34
recognized	as	32
recognized	that	22
recognized	you	17
recognizes	the	8
recognizes	his	3
recognizes	me	3
recognizing	that	6
recognizing	and	4
recognizing	the	4
recognizing	it	3
recollect	his	3
recollection	of	21
recommend	a	98
recommend	that	70
recommend	it	33
recommend	you	33
recommend	this	30
recommend	i	19
recommendation	is	5
recommendations	for	5
recommendations	were	4
recommendations	to	3
recommended	that	43
recommended	a	14
recommended	to	14
recommended	me	12
recommended	this	9
recommended	for	8
recommends	that	5
reconcile	the	4
reconcile	with	4
reconcile	myself	3
reconciled	with	3
reconnect	with	14
reconsider	the	9
reconsider	that	8
reconsider	your	5
reconsider	their	3
reconsidered	your	3
reconstruct	the	4
record	of	36
record	for	25
record	the	19
record	player	15
record	straight	14
record	is	13
recorded	the	27
recorded	a	24
recorded	in	20
recorded	that	12
recorded	history	8
recorded	on	7
recorder	was	4
recorder	is	3
recording	of	12
recording	studio	5
recording	this	5
recording	and	4
recording	everything	4
recording	is	3
recordings	of	5
records	of	20
records	are	9
records	in	8
records	show	6
records	as	5
records	from	5
recover	from	55
recover	the	9
recover	soon	8
recover	quickly	5
recover	a	3
recover	my	3
recovered	from	85
recovered	his	9
recovered	and	8
recovered	quickly	7
recovered	the	6
recovered	a	5
recovering	from	44
recovering	my	3
recovers	from	3
recovery	from	12
recovery	of	12
recovery	is	5
recovery	was	5
recovery	has	4
recovery	process	4
recreate	the	7
recreation	center	4
recreational	vehicle	4
recreational	activities	3
recreational	use	3
recruit	scandal	3
recruited	a	5
recruitment	of	3
rectify	the	3
recurring	nightmares	3
recycle	more	5
recycle	bin	4
recycle	and	3
recycle	it	3
recycled	materials	10
recycled	batteries	9
recycled	paper	5
recycled	material	3
recycling	bin	9
recycling	in	3
red	wine	160
red	and	104
red	light	77
red	dress	50
red	one	37
red	cross	33
redecorating	his	3
redeem	it	8
redemption	is	3
redo	everything	4
redo	it	4
redo	the	3
redo	this	3
reduce	the	89
reduce	its	28
reduce	their	13
reduce	our	11
reduce	your	8
reduce	my	7
reduced	to	37
reduced	the	30
reduced	by	11
reduced	price	6
reduced	its	5
reduced	in	4
reduces	the	16
reduces	stress	3
reduces	their	3
reducing	the	29
reducing	its	3
reducing	my	3
reducing	traffic	3
reduction	in	19
reduction	of	16
reef	is	8
reefs	are	9
reefs	and	4
reek	of	3
reeks	of	6
reeling	from	3
refer	to	110
refer	you	5
referee	blew	8
referee	has	7
referee	is	6
referee	made	6
referee	awarded	4
referee	called	4
reference	to	33
reference	book	5
reference	point	5
reference	books	3
references	to	9
referendum	in	5
referendum	is	3
referral	to	3
referred	to	112
referring	to	65
refers	to	85
refill	your	4
refined	and	5
reflect	on	44
reflect	the	28
reflect	upon	9
reflect	a	8
reflect	my	8
reflect	that	5
reflected	in	31
reflected	on	22
reflected	the	8
reflected	back	3
reflecting	on	12
reflection	of	41
reflection	in	29
reflection	and	6
reflection	on	6
reflection	i	4
reflection	will	3
reflections	of	5
reflections	on	3
reflects	the	24
reflects	on	11
reflects	your	8
reflects	a	6
reflects	light	4
reflects	my	4
reform	its	12
reform	of	10
reform	is	7
reform	in	4
reform	the	4
reform	will	3
reforms	to	8
reforms	in	5
reforms	are	4
reforms	have	4
reforms	that	3
refrain	from	78
refresh	your	8
refresh	the	4
refresh	her	3
refresh	his	3
refresh	my	3
refreshed	after	9
refreshed	and	5
refreshed	me	3
refreshing	to	8
refreshing	than	3
refreshments	will	7
refrigerator	is	14
refrigerator	door	11
refrigerator	and	8
refrigerator	for	6
refrigerator	was	6
refrigerator	to	5
refuge	in	20
refuge	of	8
refuge	for	6
refuge	and	5
refugee	camp	10
refugee	camps	8
refugee	crisis	7
refugee	from	5
refugees	are	12
refugees	were	10
refugees	in	9
refugees	and	8
refugees	from	6
refugees	with	6
refund	policy	3
refund	the	3
refusal	to	12
refuse	to	252
refuse	the	12
refuse	her	10
refuse	his	6
refuse	my	4
refuse	your	4
refused	to	688
refused	the	14
refused	my	13
refused	his	9
refused	it	5
refused	our	4
refuses	to	120
refusing	to	35
regain	her	10
regain	his	10
regain	their	6
regain	control	4
regain	my	4
regain	your	4
regained	consciousness	26
regained	his	22
regained	all	7
regained	her	7
regained	my	3
regained	the	3
regard	to	64
regard	for	20
regard	the	13
regard	him	11
regard	as	5
regard	our	3
regarded	as	59
regarded	him	14
regarded	the	11
regarded	by	8
regarded	his	4
regarded	with	3
regarding	the	38
regarding	this	14
regarding	that	12
regarding	your	7
regarding	my	6
regarding	her	4
regardless	of	141
regardless	how	5
regardless	what	5
regards	to	55
regards	the	10
regards	that	3
regime	is	11
regime	has	6
regime	in	6
regime	was	4
regime	change	3
regimen	of	3
regiment	are	4
region	of	95
region	in	50
region	is	47
region	located	15
region	has	14
region	where	13
regional	power	16
regional	languages	5
regional	cooperation	4
regional	language	4
regional	development	3
regions	of	44
regions	in	17
regions	and	8
regions	are	5
regions	where	5
regions	have	4
register	for	15
register	of	7
register	to	7
register	is	6
register	a	4
register	your	3
registered	in	11
registered	nurse	8
registered	to	7
registered	as	5
registered	for	5
registered	mail	5
registration	is	7
registration	form	5
registration	deadline	4
registration	for	4
registration	number	4
registration	starts	4
registry	office	4
regret	it	121
regret	that	75
regret	not	58
regret	this	52
regret	doing	47
regret	what	43
regrets	having	12
regrets	doing	10
regrets	not	9
regrets	that	9
regrets	it	8
regrets	about	6
regrettable	that	10
regretted	doing	22
regretted	it	18
regretted	that	15
regretted	having	14
regretted	his	12
regretted	lying	12
regretting	it	6
regretting	the	3
regular	basis	23
regular	clothes	9
regular	intervals	9
regular	customer	8
regular	exercise	8
regular	customers	7
regularly	to	26
regularly	for	6
regularly	is	6
regularly	and	5
regularly	take	4
regularly	with	4
regulate	the	10
regulate	their	3
regulated	by	5
regulation	is	5
regulation	of	4
regulations	and	14
regulations	are	10
regulations	harm	3
regulations	have	3
regulations	protect	3
regulations	you	3
rehearsal	can	5
rehearsal	for	5
rehearsal	was	4
rehearsal	and	3
rehearsal	go	3
rehearsal	is	3
rehearsing	for	6
rehearsing	a	4
reign	of	24
reign	and	5
reign	was	4
reign	but	3
reign	in	3
reign	will	3
reigns	but	4
reigns	in	3
reigns	of	3
reimburse	you	8
rein	on	4
rein	in	3
reincarnated	as	7
reincarnation	is	6
reindeer	are	3
reindeer	have	3
reinforce	the	4
reinforce	their	3
reinforced	concrete	9
reinforced	by	4
reinforced	with	3
reins	of	4
reinvent	the	6
reject	the	20
reject	it	6
reject	this	4
reject	your	4
reject	all	3
reject	jesus	3
rejected	the	39
rejected	by	26
rejected	him	12
rejected	my	10
rejected	and	9
rejected	his	8
rejection	is	4
rejection	of	4
rejection	by	3
rejection	very	3
rejects	the	6
rejects	me	3
rejects	my	3
rejoice	in	5
rejoice	and	3
rejoice	for	3
rejoicing	in	5
rejoin	the	3
relate	to	36
relate	the	3
related	to	262
related	by	6
related	deaths	5
related	languages	4
related	the	4
related	fields	3
relates	to	5
relates	the	3
relating	to	9
relation	to	29
relation	between	17
relation	with	6
relations	with	112
relations	between	40
relations	in	11
relations	are	8
relations	have	7
relations	and	4
relationship	with	329
relationship	between	62
relationship	is	59
relationship	was	29
relationship	has	13
relationship	to	12
relationships	with	28
relationships	are	22
relationships	and	6
relationships	can	6
relationships	between	4
relationships	of	3
relative	to	18
relative	of	16
relative	and	5
relative	who	3
relatively	small	18
relatively	good	16
relatively	easy	13
relatively	safe	12
relatively	high	11
relatively	low	11
relatives	in	27
relatives	of	14
relatives	here	8
relatives	are	7
relatives	live	6
relatives	to	6
relativity	is	4
relativity	and	3
relax	and	43
relax	a	27
relax	for	16
relax	your	11
relax	in	9
relax	on	8
relaxation	and	4
relaxation	in	3
relaxation	techniques	3
relaxed	and	13
relaxed	in	13
relaxed	on	8
relaxed	a	6
relaxed	with	6
relaxed	now	5
relaxes	me	7
relaxing	in	9
relaxing	at	6
relaxing	day	5
relaxing	on	5
relaxing	to	4
relaxing	place	3
release	the	26
release	of	18
release	a	9
release	me	7
release	it	6
release	from	5
released	from	41
released	a	33
released	the	30
released	in	26
released	on	11
released	by	10
releases	its	3
releasing	the	5
releasing	a	4
releasing	it	3
relentless	bullying	3
relevance	to	4
relevance	of	3
relevant	to	15
relevant	information	5
relevant	in	4
relevant	today	4
relevant	on	3
reliability	and	3
reliability	of	3
reliable	person	21
reliable	source	11
reliable	and	7
reliable	man	7
reliable	sources	5
reliable	than	5
relic	of	5
relics	of	8
relied	on	55
relied	upon	9
relied	heavily	3
relief	from	12
relief	to	12
relief	when	9
relief	efforts	7
relief	for	7
relief	he	5
relies	on	66
relies	heavily	9
relies	upon	3
relieve	the	17
relieve	stress	13
relieve	you	6
relieve	himself	5
relieve	pain	5
relieve	your	4
relieved	to	38
relieved	that	15
relieved	when	12
relieved	and	4
relieved	after	3
relieving	the	3
religion	is	113
religion	of	64
religion	and	48
religion	in	32
religion	or	19
religion	that	14
religions	are	31
religions	in	12
religions	and	6
religions	of	4
religious	people	28
religious	freedom	17
religious	and	16
religious	beliefs	14
religious	tolerance	9
religious	man	8
relive	the	5
reload	the	3
relocate	its	3
relocate	the	3
relocated	to	15
relocated	his	3
reluctance	to	7
reluctant	to	115
reluctant	but	4
reluctantly	agreed	12
reluctantly	did	8
reluctantly	went	7
reluctantly	took	4
reluctantly	accepted	3
reluctantly	admitted	3
rely	on	255
rely	upon	12
rely	too	7
rely	heavily	3
relying	on	30
rem	sleep	3
remain	in	95
remain	silent	49
remain	a	39
remain	calm	30
remain	here	26
remain	the	15
remainder	of	21
remained	in	56
remained	silent	48
remained	a	27
remained	calm	23
remained	still	14
remained	there	10
remaining	in	7
remaining	silent	6
remaining	four	4
remaining	five	3
remains	a	59
remains	of	53
remains	to	39
remains	the	31
remains	in	20
remains	an	11
remark	was	12
remark	is	6
remarkable	progress	16
remarkable	for	7
remarkable	economic	4
remarkable	in	4
remarkable	life	4
remarkable	that	4
remarkably	well	5
remarkably	beautiful	4
remarks	about	23
remarks	are	11
remarks	to	7
remarks	on	6
remarks	made	4
remarks	were	4
remarried	and	3
rembrandt	is	3
remedy	for	32
remedy	is	4
remedy	that	4
remedy	the	4
remedy	to	4
remember	the	502
remember	to	437
remember	what	353
remember	that	336
remember	where	180
remember	how	173
remembered	that	50
remembered	the	30
remembered	what	24
remembered	it	15
remembered	his	14
remembered	for	12
remembering	names	10
remembering	things	10
remembering	my	8
remembering	that	7
remembering	the	7
remembering	all	5
remembers	that	27
remembers	the	21
remembers	his	14
remembers	this	14
remembers	everything	13
remembers	me	10
remembrance	of	8
remembrance	day	4
remind	me	164
remind	you	70
remind	us	14
remind	him	7
remind	them	6
remind	everyone	5
reminded	me	57
reminded	of	27
reminded	him	16
reminded	her	11
reminded	us	5
reminder	of	18
reminder	that	11
reminding	me	11
reminding	us	3
reminding	you	3
reminds	me	189
reminds	us	18
reminds	her	6
reminds	you	6
reminds	him	4
reminisce	about	13
reminiscing	about	3
remnant	of	10
remnants	of	15
remodel	the	4
remodel	their	3
remodeling	our	3
remodeling	the	3
remorse	for	12
remorse	is	6
remorse	about	4
remorse	and	4
remorse	or	4
remorse	will	3
remote	control	37
remote	area	14
remote	and	12
remote	village	10
remote	areas	9
remote	place	8
removal	of	19
remove	the	148
remove	your	30
remove	a	25
remove	all	20
remove	this	15
remove	any	14
removed	the	111
removed	from	79
removed	his	37
removed	her	21
removed	a	17
removed	their	10
removing	the	12
removing	it	4
removing	a	3
removing	his	3
ren	descartes	3
renaissance	festival	7
renaissance	artists	4
render	the	5
render	unto	3
rendered	the	7
rendered	by	3
rendezvous	with	4
rendezvous	in	3
rendition	of	5
renew	my	12
renew	the	9
renew	their	8
renew	your	7
renew	his	6
renew	her	4
renewal	of	3
renewed	his	6
renewed	my	6
renewed	the	4
renewed	interest	3
renounced	his	3
renounced	the	3
renovate	the	9
renovate	his	4
renovated	the	14
renovated	his	6
renovated	a	3
renovated	their	3
renovating	the	7
renovating	his	6
renovating	their	6
renovating	her	4
renovating	old	3
renovation	of	4
renowned	for	16
renowned	and	4
renowned	algerian	3
renowned	in	3
renowned	italian	3
renowned	translation	3
rent	a	144
rent	is	32
rent	for	23
rent	this	20
rent	on	18
rent	in	16
rental	car	11
rental	agency	4
rental	office	3
rented	a	88
rented	an	26
rented	the	15
rented	out	12
rented	house	5
rented	that	5
renting	a	13
renting	an	5
renting	the	5
rents	are	7
rents	the	3
reopen	soon	7
reopen	the	5
reopen	in	3
repair	the	57
repair	it	30
repair	this	27
repair	my	23
repair	kit	15
repair	shop	14
repaired	the	37
repaired	by	9
repaired	his	8
repaired	my	7
repaired	a	6
repaired	as	6
repairing	the	19
repairing	his	8
repairing	a	5
repairing	this	5
repairing	it	4
repairs	will	3
repay	the	12
repay	you	12
repay	your	8
repay	me	7
repay	him	5
repay	it	3
repeat	the	63
repeat	it	51
repeat	that	51
repeat	what	24
repeat	a	14
repeat	myself	12
repeated	the	28
repeated	that	14
repeated	what	11
repeated	his	6
repeated	in	6
repeated	it	5
repeatedly	hit	5
repeatedly	not	3
repeatedly	to	3
repeating	the	24
repeating	that	10
repeating	a	7
repeating	itself	7
repeating	myself	6
repeating	it	5
repeats	itself	8
repeats	the	5
repellent	to	5
repent	of	7
repentance	will	3
repertoire	of	3
repetition	is	10
repetition	of	7
repetitive	tasks	4
rephrase	the	11
rephrase	it	5
rephrase	that	3
replace	the	86
replace	it	33
replace	a	19
replace	them	14
replace	him	11
replace	you	9
replaced	by	58
replaced	the	50
replaced	with	18
replaced	his	5
replaced	it	4
replacement	for	9
replacement	therapy	6
replacement	of	4
replacement	is	3
replacement	parts	3
replacement	surgery	3
replacing	the	18
replacing	a	3
replacing	it	3
replenish	the	4
replica	of	10
replicate	the	5
replied	to	28
replied	that	27
replied	the	26
replied	with	9
replied	i	7
replied	and	3
reply	to	106
reply	was	14
reply	but	11
reply	from	11
reply	as	6
reply	is	6
report	is	56
report	by	45
report	to	43
report	on	37
report	the	34
report	this	34
reported	that	75
reported	the	48
reported	to	28
reported	in	23
reported	missing	22
reported	it	17
reporter	and	5
reporter	for	4
reporter	is	4
reporter	to	3
reporters	in	4
reporters	are	3
reporters	were	3
reporters	without	3
reporting	on	7
reporting	the	7
reporting	about	5
reporting	from	4
reporting	a	3
reporting	for	3
reports	of	30
reports	that	22
reports	on	14
reports	the	10
reports	to	8
reports	are	4
represent	the	27
represent	a	17
represent	of	6
represent	their	4
represent	them	4
represent	an	3
representation	of	16
representation	in	5
representation	ensures	3
representation	gives	3
representative	of	25
representative	in	6
representatives	are	9
representatives	and	7
representatives	of	7
representatives	at	5
representatives	from	4
representatives	in	3
represented	by	28
represented	as	8
represented	in	7
represented	his	5
represented	the	5
represented	a	3
representing	the	8
represents	the	31
represents	a	27
represents	an	3
represents	more	3
reprimanded	for	5
reprimanded	him	4
reprimanded	his	4
reprimanded	me	3
reprimanded	the	3
reproduce	the	5
reproduce	and	3
reproduction	of	5
reproductive	organs	4
reptile	or	3
reptiles	are	13
reptiles	have	5
reptiles	and	4
republic	of	145
republic	is	16
republic	in	11
republic	and	8
republic	was	6
republic	but	4
republican	party	23
republicans	and	8
republicans	are	8
republicans	have	8
republicans	want	3
repulsive	to	3
reputation	for	45
reputation	as	26
reputation	of	26
reputation	is	17
reputation	was	11
reputation	to	6
reputed	to	4
request	was	26
request	for	21
request	to	16
request	a	15
request	from	11
request	of	9
requested	to	16
requested	a	13
requested	that	7
requested	the	7
requested	an	5
requested	not	4
requests	for	13
requests	from	5
requests	in	3
requests	were	3
require	a	45
require	an	13
require	the	12
require	more	10
require	much	9
require	any	7
required	to	133
required	for	22
required	in	9
required	the	9
required	a	7
required	of	6
requirement	for	5
requirements	of	10
requirements	for	6
requirements	to	3
requires	a	108
requires	him	17
requires	more	12
requires	patience	12
requires	the	12
requires	an	9
reschedule	the	8
reschedule	your	4
rescue	team	24
rescue	her	23
rescue	him	19
rescue	the	15
rescue	workers	12
rescue	you	11
rescued	the	24
rescued	from	20
rescued	by	14
rescued	a	13
rescued	her	9
rescuing	me	5
research	on	37
research	and	34
research	paper	34
research	is	27
research	in	23
research	has	20
researched	the	4
researched	for	3
researched	this	3
researcher	and	5
researcher	at	4
researchers	at	58
researchers	have	38
researchers	say	37
researchers	found	20
researchers	from	19
researchers	are	18
researching	the	7
resemblance	to	16
resemblance	between	5
resemblance	is	3
resemblance	was	3
resemble	the	10
resemble	each	8
resemble	that	4
resemble	a	3
resemble	my	3
resemble	your	3
resembled	a	8
resembled	each	3
resembled	his	3
resembled	that	3
resembles	a	20
resembles	his	20
resembles	her	14
resembles	that	7
resembles	my	6
resembles	the	6
resembling	a	6
resent	that	7
resent	me	4
resent	the	4
resent	you	3
resent	your	3
resented	being	5
resented	his	4
resented	the	3
resentment	towards	6
resentment	against	4
resentment	and	4
resentment	is	3
reservation	for	32
reservation	in	10
reservation	at	9
reservation	on	3
reservation	to	3
reservations	for	18
reservations	are	9
reservations	about	5
reservations	and	3
reserve	a	38
reserve	the	12
reserve	in	7
reserve	for	3
reserve	of	3
reserved	for	21
reserved	a	20
reserved	but	4
reserved	seats	4
reserved	by	3
reserves	of	8
reserves	are	6
reserves	in	3
reserves	to	3
reservoir	is	6
reset	the	7
reset	button	6
reset	my	3
reside	in	11
residence	in	7
residence	of	7
residency	in	7
resident	of	7
residential	area	12
residential	architecture	4
residential	areas	4
residential	buildings	4
residential	building	3
residents	are	23
residents	of	21
residents	to	14
residents	and	9
residents	in	8
residents	were	5
resides	in	16
residue	buildup	4
residue	on	4
residue	accumulate	3
residue	stuck	3
resign	from	15
resign	in	5
resign	as	4
resign	his	4
resign	after	3
resign	now	3
resignation	letter	5
resignation	of	3
resigned	from	18
resigned	this	7
resigned	because	5
resigned	to	5
resigned	his	4
resigned	on	4
resigning	from	3
resilient	and	3
resilient	to	3
resin	to	35
resin	is	18
resin	into	16
resin	tube	10
resin	cure	4
resin	with	4
resist	the	71
resist	a	8
resist	his	8
resist	you	6
resist	this	5
resist	temptation	4
resistance	to	25
resistance	is	20
resistance	of	7
resistance	against	5
resistance	in	5
resistance	and	4
resistant	to	27
resistant	bacteria	6
resistant	crops	3
resistant	tuberculosis	3
resisted	the	14
resists	the	4
resolute	in	3
resolution	of	11
resolution	to	10
resolution	was	7
resolution	is	5
resolution	in	4
resolution	on	3
resolve	the	15
resolve	this	11
resolve	to	10
resolve	it	4
resolve	their	4
resolve	itself	3
resolved	to	28
resolved	the	6
resolved	in	4
resolved	quickly	4
resolved	and	3
resolved	by	3
resort	to	40
resort	in	14
resort	is	4
resort	of	4
resorts	to	9
resorts	in	6
resource	for	9
resource	rich	6
resource	in	3
resource	is	3
resource	management	3
resource	of	3
resources	to	26
resources	and	25
resources	are	21
resources	of	12
resources	for	9
resources	we	6
respect	for	138
respect	the	81
respect	to	57
respect	you	41
respect	your	36
respect	is	33
respectable	family	3
respectable	level	3
respectable	people	3
respected	by	35
respected	in	9
respected	and	8
respected	her	8
respected	him	6
respected	for	5
respectful	to	12
respectful	of	9
respectful	way	4
respectful	when	3
respecting	the	3
respects	her	14
respects	his	11
respects	the	9
respects	me	7
respects	you	7
respects	to	6
respiration	and	3
respiratory	system	12
respiratory	diseases	6
respiratory	problems	5
respiratory	virus	3
respite	from	6
respond	to	137
respond	with	7
respond	in	6
respond	quickly	3
responded	to	44
responded	with	12
responded	differently	11
responded	in	7
responded	by	5
responded	quickly	4
responding	to	37
responds	to	12
responds	with	3
response	to	78
response	was	21
response	is	16
response	from	12
response	that	10
response	i	6
responses	to	5
responsibilities	to	7
responsibilities	and	3
responsibilities	of	3
responsibility	for	109
responsibility	to	39
responsibility	is	13
responsibility	of	9
responsibility	in	8
responsibility	on	5
responsible	for	482
responsible	and	12
responsible	person	8
responsible	with	6
responsible	of	4
responsible	to	3
responsive	to	8
rest	of	820
rest	for	77
rest	in	68
rest	a	59
rest	is	43
rest	and	36
restart	the	12
restart	your	7
restaurant	is	190
restaurant	in	110
restaurant	has	88
restaurant	on	53
restaurant	was	45
restaurant	for	29
restaurants	in	51
restaurants	and	34
restaurants	are	16
restaurants	around	12
restaurants	near	12
restaurants	that	8
rested	on	17
rested	his	10
rested	and	8
rested	for	7
rested	in	7
rested	a	6
resting	on	23
resting	in	10
resting	place	7
resting	and	5
resting	my	4
resting	now	4
restoration	of	10
restoration	and	4
restoration	work	3
restore	the	17
restore	his	6
restore	order	6
restore	him	4
restore	my	4
restore	our	3
restored	the	10
restored	mansion	9
restored	to	9
restored	my	8
restored	in	6
restored	after	3
restoring	the	3
restrain	himself	10
restrain	his	7
restrain	herself	4
restrain	him	4
restrain	yourself	4
restrain	themselves	3
restrained	myself	5
restrained	her	3
restraining	order	25
restrict	the	5
restricted	area	8
restricted	in	8
restricted	to	7
restriction	on	3
restrictions	on	23
restrictions	in	8
restrictions	and	6
restrictions	are	4
restrictions	imposed	3
restrictions	may	3
restroom	is	8
rests	on	19
rests	in	9
rests	with	7
rests	upon	3
rests	your	3
result	of	274
result	in	59
result	is	43
result	was	43
result	from	21
result	will	14
resulted	in	68
resulted	from	26
resulting	in	27
resulting	from	10
results	of	116
results	are	57
results	were	45
results	in	32
results	from	19
results	to	9
resume	his	5
resume	is	5
resume	the	4
resume	in	3
resume	my	3
resume	reading	3
resumed	his	19
resumed	paddling	9
resumed	their	6
resumed	the	5
resumed	after	3
resumed	her	3
resurrect	the	4
resurrection	of	9
retail	stores	5
retail	price	4
retail	sales	4
retain	the	7
retain	their	6
retain	a	3
retain	your	3
retained	the	6
retained	their	4
retained	his	3
retake	the	6
retake	that	3
retard	boy	3
retarded	and	3
rethink	our	4
retire	to	11
retire	from	8
retire	in	7
retire	at	6
retire	early	6
retire	yet	6
retired	from	19
retired	to	19
retired	at	12
retired	and	4
retired	for	4
retirement	home	9
retirement	age	8
retirement	savings	5
retirement	is	3
retirement	place	3
retirement	plan	3
retiring	in	6
retiring	soon	4
retiring	from	3
retiring	next	3
retrace	your	4
retreat	to	5
retreat	and	4
retreat	is	3
retreated	to	9
retreated	into	4
retrieve	the	17
retrieve	his	9
retrieved	the	7
retrieved	his	3
retrospect	i	6
retrospect	it	3
return	to	432
return	home	94
return	the	89
return	it	43
return	of	34
return	from	31
returned	to	496
returned	home	155
returned	from	153
returned	the	62
returned	it	19
returned	and	11
returning	to	75
returning	home	25
returning	from	22
returning	the	9
returning	it	3
returns	to	26
returns	from	10
returns	home	5
returns	a	3
returns	and	3
returns	the	3
reunion	of	3
reunion	was	3
reunite	with	6
reunited	with	15
reunited	at	3
reveal	the	34
reveal	his	13
reveal	my	13
reveal	a	8
reveal	her	7
reveal	that	7
revealed	that	50
revealed	the	42
revealed	his	37
revealed	to	26
revealed	a	16
revealed	in	7
revealing	the	7
revealing	clothes	4
revealing	their	4
revealing	a	3
revealing	my	3
reveals	a	9
reveals	the	7
reveals	all	4
reveals	himself	3
reveals	that	3
reveals	your	3
revelation	of	6
revelation	is	4
revelation	or	3
revelations	of	3
revenge	on	42
revenge	is	15
revenge	for	8
revenge	against	7
revenge	plan	4
revenge	and	3
revenue	for	5
revenue	and	4
revenue	from	4
revered	as	3
reverence	for	3
reversal	of	4
reverse	the	16
reverse	psychology	7
reverse	is	6
reverse	of	5
reverse	and	3
reverse	course	3
reversed	his	7
reversed	the	5
reversing	the	4
revert	to	5
review	the	23
review	of	13
review	your	7
review	and	5
review	them	4
review	this	4
reviewed	the	20
reviewed	by	5
reviewing	all	5
reviews	of	6
reviews	on	4
reviews	the	4
reviews	for	3
reviews	from	3
reviews	not	3
revise	my	4
revise	for	3
revised	the	4
revised	his	3
revision	of	9
revival	of	8
revival	movement	3
revive	the	10
revive	him	3
revived	the	4
revolt	was	6
revolution	in	20
revolution	is	17
revolution	has	5
revolution	of	5
revolution	and	4
revolution	began	4
revolutionary	movement	3
revolutionary	war	3
revolutionize	the	6
revolutions	of	3
revolve	around	17
revolver	and	3
revolves	around	36
revolving	door	5
revolving	around	4
revolving	in	3
reward	for	19
reward	you	11
reward	of	8
reward	is	6
reward	from	4
reward	yourself	3
rewarded	his	6
rewarded	in	5
rewarded	by	4
rewarded	for	4
rewarded	with	4
rewarding	and	3
rewarding	to	3
rewind	the	8
rewrite	this	19
rewrite	the	15
rewrite	his	5
rewrite	my	5
rewrite	it	3
rewritten	the	8
rewritten	my	3
rex	is	8
rex	spacecraft	3
rex	was	3
rhea	silvia	4
rhetoric	is	8
rhetoric	of	3
rhetorical	question	13
rhine	and	5
rhine	is	5
rhinos	can	5
rhinos	are	4
rhode	island	6
rhubarb	pie	3
rhyme	or	4
rhyme	with	3
rhymes	with	5
rhyming	slang	4
rhythm	of	31
rhythm	and	7
rhythm	is	5
rhythm	in	3
rhythm	seem	3
rhythmic	gymnastics	3
rhythmically	against	3
ribbon	and	3
ribbon	in	3
ribs	and	7
ribs	were	4
ribs	are	3
ric	chopin	5
rica	is	5
rica	and	3
ricardo	and	5
rice	is	66
rice	and	39
rice	with	27
rice	cooker	17
rice	in	17
rice	for	16
rich	in	137
rich	and	108
rich	man	83
rich	people	65
rich	as	61
rich	but	51
richard	nixon	7
richard	dawkins	6
richard	wagner	5
richard	burton	3
richard	is	3
richer	than	36
richer	and	10
riches	is	4
riches	of	4
riches	and	3
riches	as	3
riches	he	3
richest	man	32
richest	person	13
richest	countries	10
richest	country	9
richest	and	4
richest	people	4
richmond	public	5
richness	and	4
richness	of	4
richness	to	3
richter	scale	8
rico	is	6
rid	of	592
rid	the	9
rid	giraffes	3
rid	himself	3
rid	myself	3
riddance	to	4
ridden	a	19
ridden	in	4
ridden	my	4
riddle	me	6
riddle	but	3
riddle	to	3
riddle	wrapped	3
riddled	with	20
riddles	of	3
ride	a	225
ride	the	84
ride	to	68
ride	home	64
ride	my	51
ride	with	49
rider	he	3
rider	is	3
rides	his	20
rides	the	15
rides	a	11
rides	her	5
rides	in	4
rides	on	3
ridge	parkway	5
ridge	and	3
ridge	of	3
ridge	system	3
ridicule	him	3
ridiculed	him	3
ridiculed	the	3
ridiculous	to	16
ridiculous	that	9
ridiculous	thing	8
ridiculous	and	7
ridiculous	question	5
ridiculous	story	5
ridiculously	expensive	6
ridiculously	cheap	3
ridiculously	low	3
ridiculously	overpriced	3
riding	a	82
riding	hood	28
riding	the	22
riding	his	21
riding	in	18
riding	on	18
rife	in	4
rife	with	4
rifle	and	13
rifle	at	8
rifle	on	6
rifle	was	6
rifle	in	5
rifle	to	5
rigged	the	4
rigged	and	3
rigged	in	3
right	now	2521
right	to	922
right	away	781
right	thing	277
right	in	219
right	here	164
rightful	owner	7
rightfully	so	5
rightfully	mine	3
rights	and	53
rights	of	51
rights	are	26
rights	to	21
rights	violations	16
rights	in	13
rigid	and	9
rigid	discipline	3
rigid	with	3
rigor	mortis	6
rigorous	and	3
riled	up	5
riley	gaines	3
rim	of	6
ring	me	87
ring	you	57
ring	is	38
ring	the	34
ring	him	25
ring	on	23
ringing	in	12
ringing	the	10
ringing	me	8
ringing	from	7
ringing	but	6
ringing	again	5
rings	a	11
rings	are	11
rings	and	8
rings	on	8
rings	the	8
rings	at	7
rink	is	3
rinse	them	7
rinse	out	6
rinse	the	5
rinse	my	4
rinse	your	4
rinse	off	3
rio	de	54
rio	grande	8
rio	for	3
rio	i	3
riot	police	6
riot	was	6
rip	off	9
rip	you	7
rip	your	7
rip	currents	4
rip	me	3
rip	my	3
ripe	yet	17
ripe	and	11
ripe	figs	10
ripe	for	10
ripe	enough	9
ripe	fruit	6
ripped	off	20
ripped	the	20
ripped	open	7
ripped	his	6
ripped	out	6
ripped	a	5
ripping	off	3
ripple	through	3
ripples	in	5
rise	in	75
rise	to	72
rise	of	39
rise	and	35
rise	with	35
rise	again	17
risen	from	9
risen	to	9
risen	by	6
risen	in	4
risen	the	3
risen	yet	3
rises	in	14
rises	above	8
rises	from	8
rises	and	7
rises	to	6
rises	earlier	4
rising	from	16
rising	sun	16
rising	in	12
rising	up	12
rising	sea	11
rising	and	8
risk	of	256
risk	that	37
risk	it	31
risk	is	20
risk	for	16
risk	your	14
risked	his	14
risked	her	7
risked	their	6
risked	everything	5
risked	my	4
risking	a	6
risking	your	3
risks	of	19
risks	are	11
risks	involved	8
risks	and	7
risks	to	6
risks	is	4
risky	to	26
risky	thing	7
risky	and	4
risky	for	4
risky	adventure	3
risky	business	3
rita	are	3
rite	of	4
rites	of	4
ritual	to	6
rituals	and	3
rituals	are	3
rituals	of	3
rival	in	9
rival	company	5
rival	was	3
rivalry	between	6
rivals	in	4
river	is	167
river	in	82
river	flows	59
river	and	48
river	was	31
river	to	27
rivers	and	24
rivers	in	17
rivers	are	8
rivers	flow	7
rivers	lakes	6
rivers	that	5
roach	in	3
road	is	185
road	to	116
road	was	96
road	and	57
road	trip	51
road	in	31
roads	are	59
roads	and	23
roads	were	14
roads	in	12
roads	to	12
roads	of	9
roadside	assistance	3
roam	the	13
roam	freely	5
roam	around	3
roam	in	3
roamed	the	16
roaming	the	11
roaming	around	10
roaming	in	3
roar	of	19
roar	like	3
roar	the	3
roaring	in	5
roaring	like	3
roars	the	3
roast	beef	19
roast	chicken	9
roast	the	4
roast	a	3
roast	coffee	3
roast	marshmallows	3
roasted	marshmallows	8
roasted	chicken	5
roasted	vegetables	5
roasted	chestnuts	4
roasted	coffee	3
roasted	the	3
roasting	marshmallows	10
roasting	coffee	3
roasting	the	3
rob	a	23
rob	the	12
rob	you	7
rob	me	6
rob	them	4
rob	is	3
robbed	of	25
robbed	the	25
robbed	me	24
robbed	a	23
robbed	him	15
robbed	her	9
robber	was	7
robber	barons	4
robberies	in	4
robbers	were	7
robbers	are	3
robbery	was	8
robbery	in	5
robbery	is	4
robbery	and	3
robbery	by	3
robbery	gone	3
robbing	the	4
robbing	a	3
robbing	banks	3
robe	and	8
robe	is	6
robe	of	3
robert	was	141
robert	is	49
robert	and	38
robert	has	25
robert	will	21
robert	had	20
robes	and	3
robin	hood	18
robin	is	6
robinson	crusoe	3
robot	is	13
robot	that	7
robot	to	7
robot	was	7
robot	will	7
robot	can	5
robotic	arm	11
robotic	voice	3
robotics	club	3
robots	are	13
robots	to	9
robots	have	6
robots	and	4
robots	were	4
robs	the	3
robust	and	3
robust	man	3
robust	than	3
rock	and	70
rock	band	35
rock	music	26
rock	in	18
rock	is	18
rock	chip	17
rocked	the	12
rocked	by	4
rocket	science	12
rocket	was	8
rocket	is	4
rocket	landed	4
rocket	launch	4
rocket	scientist	4
rockets	and	5
rocking	chair	20
rocking	chairs	4
rocking	the	4
rocks	and	32
rocks	at	32
rocks	in	20
rocks	are	11
rocks	on	8
rocks	into	4
rocky	mountains	10
rocky	and	5
rocky	relationship	5
rocky	path	4
rocky	start	4
rocky	debris	3
rod	and	14
rod	of	4
rod	in	3
rod	that	3
rod	you	3
rode	a	52
rode	the	33
rode	his	24
rode	away	14
rode	in	11
rode	to	11
rodents	and	3
rodrigo	was	179
rodrigo	is	45
rodrigo	and	25
rodrigo	got	25
rodrigo	has	22
rodrigo	saw	21
rods	and	5
rods	to	4
roe	deer	3
roger	miller	12
roger	waters	7
rogue	state	5
role	in	228
role	of	67
role	model	23
role	as	20
role	to	12
role	is	10
roles	in	11
roles	and	3
rolex	watch	3
roll	up	39
roll	the	30
roll	of	29
roll	down	12
roll	over	9
roll	out	8
rolled	down	43
rolled	up	23
rolled	the	19
rolled	his	16
rolled	out	12
rolled	under	10
roller	coaster	24
roller	skating	11
roller	skates	7
roller	coasters	6
roller	skate	5
rolling	in	29
rolling	a	11
rolling	down	8
rolling	around	6
rolling	the	6
rolling	out	5
rolls	royce	10
rolls	and	6
rolls	are	5
rolls	along	3
rolls	around	3
rolls	with	3
roman	catholic	69
roman	empire	59
roman	catholicism	13
roman	emperor	8
roman	senate	8
roman	space	7
romance	language	23
romance	languages	20
romance	novels	18
romance	and	6
romance	in	5
romance	was	5
romania	is	5
romanian	is	10
romanian	and	5
romanian	language	3
romans	were	13
romans	built	9
romans	and	5
romans	is	3
romans	went	3
romans	would	3
romantic	relationship	28
romantic	dinner	13
romantic	interest	9
romantic	feelings	8
romantic	weekend	8
romantic	to	7
romantically	involved	3
rome	was	28
rome	is	25
rome	and	14
rome	for	13
rome	in	12
rome	to	8
romeo	and	21
romeo	romeo	4
romney	or	3
ronald	reagan	15
ronald	mcdonald	4
ronaldo	is	8
roof	of	76
roof	is	35
roof	was	20
roof	and	18
roof	over	17
roof	you	9
roofs	and	6
roofs	of	6
roofs	in	4
roofs	are	3
rooftop	terrace	5
rooftop	of	4
rook	and	4
rook	comes	3
rook	in	3
rook	is	3
rook	on	3
rook	that	3
rookie	mistake	4
room	is	426
room	for	310
room	was	268
room	and	252
room	with	220
room	in	176
roommate	is	15
roommate	was	5
roommate	for	4
roommate	to	4
roommates	for	3
rooms	are	51
rooms	in	24
rooms	and	13
rooms	have	11
rooms	with	10
rooms	for	9
roosevelt	was	8
roosevelt	established	3
rooster	crows	8
rooster	crow	5
rooster	is	5
rooster	the	5
root	of	75
root	beer	12
root	and	7
root	for	6
root	in	5
root	system	5
rooted	in	44
rooted	to	4
rooted	up	3
rooting	for	12
roots	of	35
roots	in	19
roots	and	10
roots	are	7
roots	that	5
roots	have	3
rope	with	27
rope	and	16
rope	is	16
rope	to	13
rope	was	8
rope	for	6
roped	into	3
ropes	and	3
rosa	parks	8
rosa	is	5
rose	from	51
rose	to	42
rose	is	34
rose	up	33
rose	in	27
rose	and	22
rosemary	and	4
roses	are	34
roses	in	33
roses	and	28
roses	to	9
roses	have	8
roses	for	7
rosetta	stone	5
rosy	and	3
rosy	cheeks	3
rot	in	10
rot	and	3
rotation	of	4
rotation	period	3
rotten	eggs	7
rotten	apple	6
rotten	egg	6
rotten	to	6
rotten	apples	4
rotten	inside	3
rotting	flesh	6
rotting	away	5
rotting	in	5
rotting	corpses	3
rotting	meat	3
rough	day	20
rough	and	13
rough	time	12
rough	patch	11
rough	idea	10
rough	neighborhood	9
roughly	the	11
roughly	how	6
roughly	million	5
roughly	speaking	5
roughly	half	4
roughly	one	4
round	the	159
round	to	43
round	of	41
round	here	39
round	trip	34
round	and	32
roundabout	way	4
roundabout	and	3
rounded	up	13
rounded	the	11
rounded	to	4
rounding	up	3
rounds	of	5
route	to	33
route	for	8
route	is	7
route	through	5
route	today	5
route	by	4
routes	for	4
routes	and	3
routes	in	3
routine	and	6
routine	of	6
routine	that	6
routine	has	3
routine	is	3
routine	surgery	3
rover	will	7
rover	curiosity	4
rover	has	3
rover	on	3
rover	was	3
row	of	26
row	in	8
row	the	6
row	for	5
row	is	5
row	and	4
rowing	boat	27
rowing	the	4
rowing	by	3
rowing	is	3
rows	of	26
rows	and	10
royal	family	31
royal	palace	9
royal	highness	6
royal	banquet	4
royal	navy	4
royal	wedding	3
royalty	is	3
rub	your	10
rub	it	9
rub	my	7
rub	salt	4
rub	shoulders	4
rub	out	3
rubbed	his	41
rubbed	her	17
rubbed	the	13
rubbed	my	6
rubbed	their	5
rubbed	off	4
rubber	boots	10
rubber	gloves	9
rubber	band	8
rubber	bands	5
rubber	ball	4
rubber	is	4
rubbing	his	18
rubbing	alcohol	6
rubbing	it	5
rubbing	the	5
rubbing	my	4
rubbing	shoulders	4
rubbish	out	18
rubbish	bin	8
rubbish	in	5
rubbish	bins	4
rubbish	dump	4
rubbish	for	4
rubble	of	3
rubs	the	3
ruby	gillis	4
ruby	red	3
ruddy	and	3
rude	to	129
rude	and	18
rude	behavior	15
rude	but	13
rude	of	10
rude	person	9
rudely	interrupted	3
rudeness	any	3
rue	the	6
rug	is	8
rug	for	6
rug	in	6
rug	out	3
rug	to	3
rug	was	3
rugby	game	5
rugby	football	3
rugby	is	3
rugby	pants	3
rugby	player	3
rugged	terrain	6
rugs	are	3
ruin	your	44
ruin	my	35
ruin	the	34
ruin	our	20
ruin	his	14
ruined	the	76
ruined	my	60
ruined	everything	37
ruined	his	31
ruined	it	22
ruined	our	15
ruining	my	13
ruining	the	10
ruining	your	8
ruining	everything	7
ruining	his	7
ruining	our	5
ruins	of	24
ruins	are	6
ruins	in	5
ruins	the	5
ruins	and	4
ruins	our	3
rule	to	80
rule	of	63
rule	the	31
rule	is	21
rule	that	20
rule	not	16
ruled	by	50
ruled	out	31
ruled	the	19
ruled	that	13
ruled	over	10
ruled	algeria	9
ruler	of	17
ruler	is	7
rulers	of	11
rulers	and	3
rulers	over	3
rules	of	103
rules	are	58
rules	to	33
rules	and	28
rules	the	28
rules	for	25
ruling	class	8
ruling	party	8
ruling	over	6
ruling	the	3
rum	in	5
rum	and	4
rumbles	of	3
rumbling	sound	6
rumbling	and	4
rumbling	in	4
rumor	is	33
rumor	that	14
rumor	was	11
rumor	spread	9
rumor	going	8
rumored	that	12
rumored	to	6
rumors	about	30
rumors	are	13
rumors	that	9
rumors	were	9
rumors	of	6
rumors	in	5
rumour	has	9
rumour	is	8
rumour	going	5
rumour	proved	5
rumour	spread	3
rumour	that	3
rumours	about	5
rumours	are	4
rumours	were	4
rumours	that	3
run	out	267
run	away	250
run	for	122
run	over	115
run	into	114
run	a	102
rung	him	5
rung	the	5
rung	yet	4
rung	of	3
runner	in	9
runners	up	3
runners	were	3
running	out	151
running	away	98
running	a	77
running	in	73
running	around	64
running	for	57
runny	nose	8
runs	a	64
runs	the	39
runs	on	32
runs	out	25
runs	through	25
runs	in	22
runt	of	5
rural	area	45
rural	areas	45
rural	algeria	13
rural	town	10
rural	life	5
rural	villages	4
rush	hour	59
rush	to	38
rush	things	16
rush	into	15
rush	of	12
rush	in	9
rushed	to	131
rushed	out	44
rushed	into	39
rushed	back	21
rushed	towards	20
rushed	outside	19
rushes	and	3
rushing	to	14
rushing	into	6
rushing	in	4
rushing	down	3
rushing	things	3
rushing	through	3
russell	a	3
russia	is	106
russia	and	55
russia	has	30
russia	are	17
russia	the	10
russia	to	9
russian	and	39
russian	is	37
russian	language	33
russian	federation	15
russian	but	13
russian	in	12
russians	are	45
russians	have	12
russians	and	5
russians	in	5
russians	live	5
russians	can	3
rust	hole	6
rust	is	4
rust	bucket	3
rust	colored	3
rust	out	3
rustle	in	4
rustle	and	3
rustle	of	3
rustling	in	15
rustling	of	9
rustling	the	4
rustling	leaves	3
rusty	if	3
ruth	the	6
ruth	and	3
ruthless	and	4
rv	and	9
rv	was	4
rv	around	3
rv	park	3
rye	bread	9
rye	flour	6
sabbath	of	3
sabotage	the	11
sabotaged	the	6
sabotaging	his	5
sabotaging	himself	4
sack	of	16
sack	you	7
sack	with	6
sack	for	5
sacked	by	7
sacked	for	5
sacked	in	5
sacks	and	3
sacks	of	3
sacred	to	16
sacred	place	9
sacred	and	6
sacred	animals	6
sacred	animal	5
sacred	fire	4
sacrifice	to	31
sacrifice	his	10
sacrifice	for	8
sacrifice	of	8
sacrifice	a	6
sacrifice	is	6
sacrificed	his	18
sacrificed	himself	11
sacrificed	their	8
sacrificed	everything	5
sacrificed	her	5
sacrificed	a	4
sacrifices	to	11
sacrifices	for	8
sacrifices	and	5
sacrifices	are	3
sacrifices	made	3
sacrifices	of	3
sad	and	52
sad	to	52
sad	that	38
sad	news	30
sad	story	26
sad	when	24
sadako	wanted	5
saddam	hussein	9
saddened	by	8
saddened	me	3
sadder	than	4
saddest	thing	3
saddle	on	8
saddle	and	3
saddle	my	3
saddled	the	4
saddled	his	3
saddled	with	3
sadly	i	6
sadly	at	4
sadly	he	4
sadly	my	4
sadly	she	4
sadly	many	3
sadness	and	9
sadness	in	8
sadness	is	4
sadness	on	4
sadness	was	4
sadness	of	3
safe	to	236
safe	here	99
safe	and	93
safe	place	80
safe	in	75
safe	for	66
safely	in	9
safely	on	8
safely	to	8
safely	be	5
safely	back	4
safely	yesterday	4
safer	to	26
safer	than	14
safer	now	10
safer	here	9
safer	location	6
safer	place	6
safest	way	14
safest	place	6
safest	bet	3
safety	of	37
safety	and	21
safety	is	21
safety	deposit	9
safety	belt	8
safety	in	8
sage	is	3
sagittarius	a	3
sahara	is	72
sahara	desert	66
sahara	and	24
sahara	has	17
sahara	to	14
said	that	5974
said	he	2046
said	she	1478
said	they	1435
said	to	778
said	the	644
sail	for	12
sail	and	9
sail	to	9
sail	across	5
sail	immediately	4
sail	the	4
sailed	around	8
sailed	along	5
sailed	for	5
sailed	into	5
sailed	to	5
sailed	up	4
sailing	with	10
sailing	is	8
sailing	on	7
sailing	ship	7
sailing	to	7
sailing	across	5
sailors	were	7
sailors	are	6
sailors	could	3
sailors	danced	3
sailors	to	3
sails	to	5
sails	and	3
sails	in	3
saint	petersburg	19
saint	of	7
saint	louis	5
saint	augustine	4
saint	in	4
saintly	and	3
saints	are	4
sais	quoi	6
sake	of	122
sake	i	7
sake	and	6
sake	is	5
sake	do	4
sakura	is	3
salad	is	63
salad	with	26
salad	for	24
salad	dressing	20
salad	and	10
salad	in	8
salami	sandwich	3
salaries	and	3
salaries	for	3
salaries	have	3
salaries	to	3
salary	in	73
salary	is	37
salary	for	11
salary	and	8
salary	increase	6
salary	to	6
sale	of	23
sale	today	12
sale	on	10
sale	at	9
sale	in	7
sale	next	6
sales	are	24
sales	of	21
sales	have	15
sales	assistant	10
sales	department	9
sales	manager	7
salesman	gave	4
salesman	was	4
salesman	and	3
salesman	demonstrated	3
salesman	made	3
salesman	will	3
salesmen	are	4
saline	solution	3
sally	was	4
sally	ride	3
salmon	and	4
salmon	is	4
salmon	are	3
salon	to	9
salon	in	4
salsa	dancing	3
salsa	with	3
salt	and	59
salt	is	38
salt	in	37
salt	on	30
salt	water	27
salt	to	22
salted	the	6
salts	in	3
salts	to	3
saltwater	crocodiles	4
salty	water	9
salty	ocean	5
salty	and	4
salty	as	3
salute	you	6
salvador	dali	8
salvador	dal	4
salvador	was	3
salvage	anything	3
salvage	his	3
salvage	the	3
salvage	what	3
salvation	front	5
salvation	from	4
salvation	of	4
sam	is	8
sam	was	6
sam	has	3
same	thing	642
same	time	489
same	way	257
same	as	226
same	age	143
same	mistake	116
sami	was	8278
sami	is	3951
sami	and	2837
sami	has	1763
sami	had	1600
sample	of	17
sample	to	10
sample	is	7
sample	from	6
sample	and	5
sample	in	5
samples	of	14
samples	were	10
samples	to	9
samples	from	6
samples	for	5
samples	are	4
sampling	of	3
samson	tell	3
samuel	helps	4
samurai	sword	6
san	francisco	80
san	diego	18
san	marino	6
san	jos	3
san	juan	3
san	salvador	3
sanctions	against	10
sanctions	on	7
sanctions	imposed	5
sanctions	and	4
sanctions	are	3
sanctity	of	5
sanctuary	is	6
sanctuary	city	4
sanctuary	for	4
sanctuary	in	3
sand	in	23
sand	and	21
sand	is	17
sand	on	13
sand	castle	12
sand	castles	7
sandal	and	3
sandals	and	3
sandals	are	3
sandals	in	3
sandra	to	88
sandra	was	36
sandra	a	31
sandra	and	24
sandra	had	18
sandra	for	15
sands	of	4
sandwich	for	31
sandwich	with	17
sandwich	and	16
sandwich	is	13
sandwich	at	9
sandwich	in	9
sandwiches	for	26
sandwiches	in	8
sandwiches	at	7
sandwiches	are	6
sandwiches	were	5
sandwiches	with	5
sandy	beaches	10
sandy	beach	9
sandy	soil	3
sane	people	6
sane	man	3
sang	a	59
sang	the	38
sang	in	27
sang	and	21
sang	for	15
sang	songs	15
sanitary	napkins	3
sanitation	workers	4
sank	into	25
sank	in	16
sank	to	12
sank	the	10
sank	with	5
sank	below	4
sanskrit	and	4
sanskrit	is	4
santa	claus	113
santa	is	4
santa	ana	3
santa	lives	3
santiago	was	129
santiago	is	56
santiago	and	28
santiago	came	28
santiago	has	28
santiago	took	25
santo	domingo	3
sao	paulo	13
sara	is	8
sara	his	6
sara	has	3
sara	shall	3
sara	thy	3
sarah	is	6
sarah	was	6
sarah	and	3
sarah	i	3
sarah	the	3
sarcasm	is	7
sarcasm	in	5
sarcastic	and	3
sardines	are	3
sardines	in	3
sardines	on	3
sas	were	3
sasha	says	4
sasha	and	3
sasha	had	3
sat	down	392
sat	on	302
sat	in	252
sat	there	151
sat	at	113
sat	next	84
satan	is	11
satan	himself	6
satan	and	3
satan	in	3
satanic	cult	3
satanic	temple	3
satanic	verses	3
satchel	for	4
satellite	images	7
satellite	into	7
satellite	is	7
satellite	of	7
satellite	was	7
satellite	phone	5
satellites	and	8
satellites	in	6
satellites	orbit	5
satin	and	4
satire	of	4
satisfaction	is	9
satisfaction	to	6
satisfaction	of	5
satisfaction	in	4
satisfaction	with	4
satisfaction	from	3
satisfactory	answer	6
satisfactory	to	6
satisfactory	solution	4
satisfied	with	257
satisfied	that	6
satisfied	his	5
satisfied	now	5
satisfied	are	3
satisfied	when	3
satisfy	you	11
satisfy	his	8
satisfy	the	7
satisfy	a	5
satisfy	everyone	5
satisfy	me	5
satisfying	answer	3
satisfying	his	3
satisfying	to	3
sato	is	9
sato	called	3
sato	came	3
sato	phoned	3
sato	rang	3
saturated	with	5
saturated	fats	4
saturday	night	41
saturday	and	22
saturday	morning	19
saturday	afternoon	17
saturday	is	15
saturday	in	10
saturdays	gustavo	9
saturdays	and	7
saturdays	are	5
saturdays	exploring	3
saturdays	i	3
saturn	is	14
saturn	and	11
saturn	has	9
saturn	are	7
saturn	uranus	7
sauce	on	19
sauce	is	17
sauce	for	11
sauce	with	9
sauce	and	8
sauce	to	5
saucy	fish	4
saudi	arabia	85
sauna	and	4
sauna	in	4
sauna	is	3
sausage	and	13
sausage	english	7
sausage	is	7
sausage	was	3
sausage	with	3
sausages	are	6
savage	in	4
savage	beast	3
savage	tribes	3
save	the	165
save	you	78
save	money	74
save	her	62
save	me	53
save	your	51
saved	the	85
saved	my	51
saved	me	44
saved	his	37
saved	a	31
saved	up	27
saves	a	10
saves	lives	8
saves	us	8
saves	the	4
saves	me	3
saves	nine	3
saving	money	42
saving	up	33
saving	for	15
saving	the	14
saving	a	10
saving	this	10
savings	account	24
savings	in	7
savings	to	6
savings	are	5
savings	for	4
savings	i	4
savior	of	3
saw	a	1326
saw	the	894
saw	him	463
saw	her	399
saw	you	366
saw	that	307
sawed	off	4
sawing	off	7
sawing	a	4
saxon	union	11
saxon	and	6
saxon	or	3
saxophone	too	9
saxophone	as	3
say	that	2122
say	it	583
say	anything	582
say	they	516
say	to	371
say	something	334
saying	that	343
saying	is	67
saying	anything	62
saying	you	62
saying	a	61
saying	this	53
sayings	and	3
says	he	649
says	that	509
says	she	503
says	the	222
scale	of	36
scale	is	10
scale	and	7
scale	that	6
scale	invasion	5
scale	the	5
scales	of	5
scales	all	4
scalp	is	3
scam	by	5
scam	email	4
scam	me	3
scam	to	3
scan	the	15
scan	of	6
scan	this	3
scandal	was	10
scandal	is	9
scandal	in	4
scandal	of	4
scandal	will	4
scandal	has	3
scandalous	affair	4
scanned	the	38
scanning	the	8
scar	on	53
scar	from	5
scar	is	4
scarce	in	11
scarce	and	4
scarce	around	4
scarcely	had	17
scarcely	any	8
scarcely	believe	7
scarcely	ever	7
scarcely	be	6
scarcely	speak	5
scare	me	68
scare	you	44
scare	the	33
scare	us	16
scare	him	15
scare	them	14
scared	of	376
scared	to	204
scared	the	71
scared	and	34
scared	me	34
scared	that	21
scares	me	41
scares	the	7
scares	us	6
scares	you	6
scares	him	3
scares	them	3
scarf	is	15
scarf	on	8
scarf	for	7
scarf	around	5
scarf	and	4
scarf	in	4
scarier	than	5
scariest	thing	6
scariest	movie	3
scaring	me	19
scaring	the	9
scaring	her	4
scaring	people	3
scaring	them	3
scarlet	and	3
scarlet	thread	3
scarred	by	5
scars	on	25
scars	of	5
scars	are	4
scars	all	3
scars	in	3
scarves	and	3
scary	movies	28
scary	stories	18
scary	movie	16
scary	as	15
scary	to	13
scary	story	9
scatter	them	3
scattered	around	24
scattered	all	14
scattered	the	11
scattered	throughout	9
scattered	on	8
scattered	across	6
scavenger	hunt	4
scenario	is	5
scene	of	83
scene	was	30
scene	in	29
scene	at	13
scene	for	6
scene	with	6
scenery	is	15
scenery	and	10
scenery	of	7
scenery	was	6
scenery	might	4
scenes	of	9
scenes	in	7
scenes	from	5
scenes	on	4
scenic	beauty	6
scenic	drive	5
scenic	view	4
scenic	landscapes	3
scenic	road	3
scenic	views	3
scent	of	73
scent	in	5
scented	candles	4
scents	of	6
sceptical	about	6
sceptical	of	3
schedule	is	24
schedule	to	18
schedule	for	14
schedule	a	11
schedule	has	11
schedule	today	11
scheduled	to	56
scheduled	for	42
scheduled	a	6
scheduled	an	6
scheduled	maintenance	3
scheme	is	11
scheme	to	11
scheme	of	5
scheme	as	4
scheme	for	3
schemes	of	3
schmidt	at	3
scholar	as	11
scholar	and	10
scholar	is	6
scholar	but	4
scholar	of	4
scholar	to	4
scholars	are	3
scholars	believe	3
scholars	have	3
scholars	in	3
scholarship	to	12
scholarship	and	3
scholarship	enabled	3
school	in	235
school	today	225
school	is	224
school	and	133
school	for	119
school	on	116
schooled	in	5
schoolgirls	are	3
schooling	is	3
schools	and	30
schools	are	30
schools	in	30
schools	have	15
schools	of	11
schools	were	10
schubert	was	5
schumann	was	3
schwarzenegger	was	4
schwarzenegger	still	3
science	fiction	136
science	is	83
science	and	73
science	of	34
science	can	33
science	has	32
sciences	are	6
sciences	and	5
scientific	research	26
scientific	and	15
scientific	progress	14
scientific	knowledge	12
scientific	basis	11
scientific	study	10
scientifically	proven	7
scientifically	women	5
scientist	at	12
scientist	is	8
scientist	to	8
scientist	who	8
scientist	and	7
scientist	in	5
scientists	have	92
scientists	say	72
scientists	are	67
scientists	believe	31
scientists	at	27
scientists	and	23
scissors	are	21
scissors	to	11
scissors	in	7
scissors	from	4
scissors	that	3
scissors	were	3
scoff	at	7
scold	him	5
scold	you	5
scold	her	4
scold	me	4
scold	them	3
scolded	by	30
scolded	him	16
scolded	her	14
scolded	me	14
scolded	for	10
scolding	me	5
scolding	her	3
scolding	the	3
scolding	you	3
scooby	doo	8
scoop	of	6
scooped	up	9
scooped	out	3
scooped	the	3
scoops	of	5
scoot	over	8
scope	of	21
scope	for	4
scorched	the	3
scorching	sun	8
scorching	hot	5
scorching	heat	4
score	on	23
score	of	19
score	is	17
score	was	10
score	to	8
score	the	6
scored	a	27
scored	the	18
scored	on	6
scored	an	5
scored	points	5
scored	three	4
scores	of	27
scores	are	6
scores	a	3
scores	the	3
scoring	a	7
scoring	goals	3
scorn	for	3
scorpio	guy	8
scorpio	is	3
scorpion	in	7
scorpion	is	6
scorpion	crawled	4
scorpions	are	7
scorpions	can	5
scorpions	have	3
scorpions	hide	3
scorsese	is	3
scot	free	3
scotch	tape	4
scotland	is	10
scotland	and	8
scotland	yard	5
scotland	has	4
scotland	to	3
scotland	until	3
scottish	gaelic	12
scottish	parliament	5
scottish	accent	4
scottish	people	4
scour	the	8
scoured	the	10
scourge	of	3
scouring	the	3
scrambled	eggs	25
scrambled	to	8
scrambled	egg	7
scrambled	for	4
scrambling	to	5
scrap	of	11
scrap	merchant	3
scrape	the	7
scrape	off	6
scraped	his	9
scraped	my	6
scraped	the	6
scraped	her	3
scraped	off	3
scraped	through	3
scraping	the	5
scraping	by	3
scraps	of	9
scraps	to	6
scraps	on	4
scraps	or	4
scraps	and	3
scratch	on	15
scratch	the	15
scratch	your	14
scratch	my	13
scratch	you	10
scratch	their	8
scratched	his	25
scratched	the	15
scratched	me	11
scratched	her	8
scratched	my	7
scratched	up	7
scratches	on	23
scratches	his	6
scratches	and	4
scratches	are	4
scratches	all	3
scratches	from	3
scratching	his	17
scratching	at	8
scratching	the	6
scratching	sound	4
scratching	her	3
scratching	post	3
scream	and	15
scream	of	12
scream	at	7
scream	for	7
scream	from	7
scream	in	7
screamed	at	40
screamed	in	32
screamed	and	28
screamed	for	25
screamed	with	12
screamed	like	10
screaming	at	43
screaming	and	37
screaming	in	22
screaming	for	21
screaming	like	9
screaming	out	7
screams	and	7
screams	from	6
screams	in	4
screams	coming	3
screams	for	3
screams	of	3
screeching	halt	5
screeching	sound	4
screen	is	15
screen	and	12
screen	was	12
screen	door	8
screen	with	7
screen	time	6
screened	by	3
screened	from	3
screening	of	5
screens	and	3
screens	in	3
screens	that	3
screw	up	17
screw	it	7
screw	the	7
screw	you	7
screw	loose	5
screw	this	5
screwdriver	to	6
screwdriver	in	3
screwdriver	is	3
screwed	up	41
screwed	the	10
screwed	in	7
screwed	on	5
screwed	it	4
screwed	everything	3
screwing	around	4
screwing	with	3
screws	and	9
screws	loose	7
screws	are	4
screws	on	4
script	for	6
script	to	6
script	was	6
script	and	5
script	is	5
script	which	3
scroll	down	4
scrub	the	19
scrub	them	3
scrubbed	the	13
scrubbing	the	5
scuba	diving	12
scuba	dive	3
sculpture	is	7
sculptures	from	5
sculptures	in	3
scum	of	8
sea	is	101
sea	level	80
sea	and	72
sea	of	45
sea	in	33
sea	levels	31
seafood	restaurant	7
seafood	and	3
seagulls	are	6
seal	the	12
seal	is	7
seal	and	4
seal	upon	4
seal	on	3
sealed	the	7
sealed	off	6
sealed	container	4
sealed	envelope	4
sealed	his	4
seals	are	9
seals	and	7
seals	can	4
seals	sea	4
seals	the	3
seaman	i	3
sean	connery	12
search	for	185
search	of	110
search	and	28
search	engine	25
search	the	25
search	party	20
searched	for	109
searched	the	103
searched	everywhere	17
searched	all	14
searched	through	10
searched	high	7
searches	for	11
searches	finds	3
searching	for	214
searching	the	10
searching	in	4
searching	through	4
seas	and	13
seas	of	7
seas	are	5
seas	to	3
seashore	and	3
seasick	in	3
seaside	but	4
seaside	town	4
seaside	and	3
seaside	resort	3
seaside	tomorrow	3
seaside	villa	3
season	is	55
season	for	43
season	of	31
season	has	22
season	in	19
season	and	18
seasonal	fruit	4
seasonal	allergies	3
seasonal	flu	3
seasonal	vegetables	3
seasoned	the	11
seasoned	with	10
seasoned	it	3
seasoning	is	3
seasons	in	16
seasons	of	7
seasons	are	6
seasons	have	4
seasons	and	3
seasons	change	3
seat	belt	52
seat	in	43
seat	to	43
seat	of	41
seat	belts	40
seat	and	35
seatbelt	is	5
seatbelt	on	4
seatbelt	in	3
seatbelt	when	3
seatbelts	on	5
seatbelts	are	3
seated	in	13
seated	at	11
seated	himself	11
seated	on	7
seated	until	5
seated	themselves	4
seating	capacity	5
seats	in	20
seats	are	19
seats	for	16
seats	left	16
seats	with	16
seats	on	14
seattle	washington	3
seawater	is	5
seaweed	in	3
sebastian	bach	6
secluded	area	11
secluded	beach	6
secluded	spot	6
secluded	place	4
secluded	forest	3
secluded	part	3
second	time	91
second	floor	83
second	to	64
second	chance	61
second	world	60
second	language	59
secondary	school	92
secondary	education	6
secondary	schools	6
secondary	importance	3
secondhand	bookstore	9
secondhand	smoke	3
secondly	i	4
seconds	to	18
seconds	of	12
seconds	in	9
seconds	and	8
seconds	after	7
seconds	later	7
secrecy	is	7
secrecy	and	3
secret	to	70
secret	of	62
secret	from	38
secret	that	22
secret	admirer	19
secret	was	14
secretary	of	39
secretary	general	30
secretary	is	17
secretary	to	10
secretary	said	7
secretary	denied	5
secretive	and	3
secretly	in	13
secretly	a	4
secretly	dating	3
secretly	loved	3
secretly	recorded	3
secretly	showed	3
secrets	from	47
secrets	of	26
secrets	to	15
secrets	with	10
secrets	are	6
secrets	between	6
section	of	67
section	chief	17
section	is	7
section	in	5
section	the	4
section	was	4
sections	of	18
sections	are	3
sector	is	31
sector	has	18
sector	in	15
sector	of	8
sector	and	5
sector	investment	3
sectors	of	4
sectors	in	3
secular	state	14
secular	country	12
secular	and	6
secular	holiday	4
secular	jew	4
secular	life	3
secure	the	21
secure	a	11
secure	in	8
secure	its	5
secure	with	4
secure	your	4
secured	a	6
secured	the	6
secured	by	3
securely	fastened	3
securing	the	4
security	guard	78
security	guards	50
security	cameras	32
security	and	30
security	council	19
security	system	17
seduce	her	8
seduce	me	5
seduce	him	3
seduce	the	3
seduced	by	9
seduced	mina	6
seduced	her	4
seduced	him	3
seducing	women	3
see	you	1986
see	the	1809
see	a	823
see	that	740
see	him	724
see	her	674
seed	after	10
seed	of	10
seed	and	7
seed	shall	7
seed	the	4
seed	upon	4
seeds	of	29
seeds	in	15
seeds	and	13
seeds	are	10
seeds	for	6
seeds	from	4
seeing	you	158
seeing	the	123
seeing	a	81
seeing	that	78
seeing	her	61
seeing	him	55
seek	to	41
seek	out	34
seek	the	31
seek	a	19
seek	and	13
seek	help	9
seeking	to	29
seeking	a	20
seeking	the	13
seeking	for	9
seeking	help	6
seeking	answers	5
seeks	to	34
seeks	validation	6
seeks	out	4
seeks	the	4
seeks	war	3
seeks	wisdom	3
seem	to	1339
seem	like	110
seem	very	106
seem	a	47
seem	so	39
seem	too	30
seemed	to	710
seemed	like	119
seemed	very	65
seemed	a	39
seemed	that	37
seemed	happy	34
seeming	to	4
seemingly	endless	5
seemingly	trivial	3
seems	to	1113
seems	that	318
seems	like	298
seems	very	62
seems	a	49
seems	so	32
seen	a	413
seen	the	335
seen	him	284
seen	you	251
seen	her	228
seen	that	201
sees	the	52
sees	a	36
sees	me	22
sees	us	22
sees	her	21
sees	this	18
segment	of	13
segments	of	7
segregation	and	5
seize	the	26
seize	him	4
seize	it	4
seize	power	4
seize	and	3
seize	this	3
seized	the	26
seized	by	18
seized	him	9
seized	me	7
seized	a	6
seized	with	6
seizing	opportunities	3
seizing	the	3
seldom	go	30
seldom	do	28
seldom	eat	19
seldom	if	18
seldom	goes	10
seldom	see	9
select	a	15
select	the	12
select	an	4
select	those	3
selected	a	12
selected	to	8
selected	for	6
selected	the	6
selected	by	5
selected	as	4
selecting	the	4
selecting	a	3
selection	of	18
selection	process	4
selection	at	3
selective	about	5
selena	gomez	8
self	esteem	73
self	confidence	59
self	defense	58
self	determination	37
self	centered	34
self	conscious	33
selfie	with	9
selfish	and	13
selfish	person	10
selfish	man	8
selfish	jerk	4
selfish	woman	3
selfishness	is	5
selfishness	that	3
selfless	leader	3
sell	the	91
sell	my	87
sell	it	86
sell	his	72
sell	their	65
sell	your	64
seller	of	3
selling	like	20
selling	my	20
selling	the	20
selling	his	19
selling	your	16
selling	drugs	9
sells	well	11
sells	a	10
sells	his	8
sells	vegetables	8
sells	it	6
semen	in	4
semen	socks	3
semester	is	5
semester	has	3
semester	i	3
semi	arid	9
semi	final	6
semi	circle	3
semi	skilled	3
semi	truck	3
senate	in	10
senate	and	4
senate	is	4
senator	mccain	5
senator	in	3
senator	jackson	3
senator	was	3
send	me	190
send	you	143
send	a	102
send	it	92
send	the	85
send	this	70
sender	and	3
sending	you	22
sending	me	21
sending	a	20
sending	it	15
sending	the	13
sending	him	10
sends	his	11
sends	her	7
sends	me	7
sends	us	7
sends	a	6
sends	you	6
senior	citizens	17
senior	to	16
senior	year	16
senior	at	8
senior	high	7
senior	citizen	5
sensation	of	8
sensation	in	6
sensation	that	3
sensations	that	3
sense	of	728
sense	to	125
sense	that	44
sense	is	23
sense	at	18
sense	a	16
sensed	that	16
sensed	the	11
sensed	something	10
sensed	an	3
sensed	he	3
sensed	his	3
senseless	and	4
senseless	to	4
senses	are	7
senses	and	5
senses	to	5
senses	were	4
senses	we	3
sensible	of	9
sensible	person	8
sensible	man	6
sensible	to	5
sensible	answer	4
sensing	the	3
sensitive	to	86
sensitive	subject	10
sensitive	and	9
sensitive	about	8
sensitive	issue	7
sensitive	skin	6
sensitivity	and	5
sensitivity	of	4
sensitivity	to	3
sensors	and	6
sensors	are	3
sensors	detect	3
sensors	did	3
sensory	perception	4
sent	to	235
sent	me	175
sent	a	143
sent	the	127
sent	you	125
sent	layla	98
sentence	is	233
sentence	in	109
sentence	has	57
sentence	was	42
sentence	and	36
sentence	that	34
sentenced	to	159
sentenced	him	10
sentenced	for	4
sentenced	the	3
sentences	in	153
sentences	are	88
sentences	that	59
sentences	on	58
sentences	to	54
sentences	about	43
sentient	beings	12
sentient	being	4
sentiment	in	3
sentiment	is	3
seoul	is	3
separate	the	33
separate	from	20
separate	ways	18
separate	us	10
separate	rooms	7
separate	languages	6
separated	from	66
separated	by	18
separated	the	18
separated	into	8
separated	us	6
separated	at	4
separately	from	6
separates	the	12
separates	them	4
separating	the	7
separation	of	11
separation	anxiety	9
separation	from	7
separation	between	5
separation	is	3
separation	was	3
september	th	15
september	and	9
september	of	9
september	the	8
september	is	7
september	october	6
septic	tank	9
sequence	of	22
sequence	is	5
sequence	the	4
sequences	of	3
serbia	is	7
serbian	and	3
serbs	and	5
serenity	of	6
serenity	and	3
serial	killer	38
serial	killers	11
serial	number	7
serial	numbers	3
series	of	170
series	is	16
series	was	11
series	about	6
series	on	6
series	in	5
serious	problem	84
serious	about	66
serious	relationship	36
serious	and	30
serious	illness	29
serious	trouble	28
seriously	injured	37
seriously	ill	25
seriously	thinking	22
seriously	consider	17
seriously	considering	14
seriously	hurt	14
seriousness	of	14
sermons	and	3
serum	into	3
servant	of	12
servant	to	9
servant	and	8
servant	but	5
servant	for	5
servant	in	4
servants	and	30
servants	to	10
servants	of	8
servants	are	5
servants	shall	4
servants	had	3
serve	as	58
serve	the	49
serve	you	30
serve	in	19
serve	to	17
serve	me	12
served	as	51
served	in	37
served	the	26
served	with	21
served	us	19
served	at	18
server	is	11
server	for	4
server	but	3
server	in	3
server	to	3
server	will	3
servers	are	3
serves	as	37
serves	to	13
serves	me	12
serves	you	12
serves	the	11
serves	no	7
service	to	47
service	is	45
service	in	32
service	award	23
service	of	19
service	and	16
services	to	18
services	are	17
services	and	11
services	of	7
services	were	7
services	in	6
serving	a	24
serving	as	17
serving	his	14
serving	the	8
serving	time	7
serving	in	6
sesame	seed	7
sesame	oil	4
sesame	seeds	4
session	with	7
session	of	6
session	on	4
session	to	4
session	and	3
session	was	3
set	up	498
set	the	269
set	of	162
set	off	136
set	out	136
set	a	125
setbacks	and	3
sets	of	29
sets	in	24
sets	the	17
sets	a	10
sets	us	7
sets	off	5
setting	up	46
setting	the	23
setting	sun	22
setting	off	16
setting	a	15
setting	of	11
settings	on	5
settings	are	3
settle	down	67
settle	this	35
settle	the	29
settle	in	22
settle	for	21
settle	on	10
settled	in	50
settled	down	41
settled	the	12
settled	into	11
settled	on	11
settled	at	7
settlement	of	13
settlement	on	5
settlement	in	4
settlement	to	3
settlements	in	13
settlements	were	3
settlers	are	8
settlers	were	4
settlers	and	3
settlers	who	3
settles	it	6
settling	in	7
settling	down	4
settling	into	4
settling	the	4
seven	years	110
seven	days	52
seven	and	29
seven	is	24
seven	times	24
seventeen	years	22
seventeen	in	6
seventeen	next	5
seventeen	is	3
seventeen	seventy	3
seventh	day	25
seventh	of	10
seventh	month	9
seventh	floor	7
seventh	heaven	7
seventh	largest	3
seventy	five	22
seventy	years	19
seventy	two	8
seventy	percent	7
seventy	seven	6
seventy	one	5
several	times	309
several	years	108
several	hours	90
several	days	68
several	people	44
several	months	43
severe	weather	9
severe	damage	8
severe	headache	8
severe	depression	7
severe	pain	7
severe	with	6
severed	the	5
severed	their	3
severed	ties	3
severely	injured	28
severely	damaged	16
severely	punished	6
severely	beaten	3
severely	criticized	3
severely	for	3
severity	of	21
sew	on	11
sew	a	10
sew	it	5
sew	buttons	4
sew	this	4
sew	the	3
sewage	treatment	11
sewed	a	14
sewed	on	4
sewed	the	3
sewer	rat	4
sewer	pipe	3
sewers	are	4
sewing	machine	27
sewing	and	5
sewing	a	4
sewing	the	4
sewing	is	3
sewing	needle	3
sex	with	151
sex	is	59
sex	in	45
sex	and	28
sex	life	23
sex	offender	18
sexual	orientation	23
sexual	assault	20
sexual	harassment	18
sexual	intercourse	14
sexual	abuse	11
sexual	relations	11
sexuality	is	8
sexuality	and	4
sexuality	to	4
sexuality	with	4
sexuality	but	3
sexually	assaulted	24
sexually	transmitted	19
sexually	attracted	10
sexually	harassed	9
sexually	abused	7
sexually	active	5
sexy	and	7
sexy	in	7
sexy	as	4
shack	in	3
shade	of	55
shade	and	7
shade	better	4
shade	for	4
shade	the	4
shade	with	4
shades	of	10
shadow	of	75
shadow	on	12
shadow	in	9
shadow	is	7
shadow	over	7
shadow	was	6
shadows	of	14
shadows	on	7
shadows	and	3
shadowy	figure	4
shady	dealings	3
shady	tree	3
shaft	is	3
shake	hands	41
shake	the	30
shake	off	27
shake	my	11
shake	your	11
shake	his	10
shaken	up	13
shaken	by	10
shaken	and	4
shaken	hands	4
shaken	my	3
shakes	the	5
shakes	when	3
shakespeare	is	14
shakespeare	wrote	11
shakespeare	was	6
shakespeare	in	4
shaking	hands	14
shaking	the	14
shaking	his	13
shaking	with	13
shaking	and	11
shaking	like	11
shaky	voice	5
shale	oil	5
shale	gas	3
shall	we	431
shall	be	307
shall	i	293
shall	not	131
shall	have	80
shall	never	41
shallow	water	15
shallow	and	6
shallow	at	4
shallow	stream	4
shallow	for	3
shallow	here	3
shalt	not	33
shalt	thou	27
shalt	be	12
shalt	say	11
shalt	take	9
shalt	have	8
shame	on	32
shame	that	31
shame	to	16
shame	in	15
shame	you	15
shame	the	8
shamed	me	4
shameful	to	7
shameful	one	3
shameless	liar	3
shampoo	in	13
shampoo	and	8
shampoo	do	6
shampoo	commercial	4
shane	is	3
shanghai	is	9
shanghai	in	4
shanghai	and	3
shanghai	has	3
shape	of	83
shape	and	27
shape	the	21
shape	our	17
shape	to	11
shape	it	7
shaped	like	38
shaped	by	24
shaped	the	13
shaped	eyes	6
shaped	lake	5
shaped	my	4
shapes	and	22
shapes	the	5
shapes	are	4
shapes	in	3
shapes	of	3
shapes	that	3
shaping	up	5
shard	of	5
shards	of	4
share	a	99
share	the	97
share	of	92
share	your	85
share	this	58
share	his	53
shared	his	77
shared	the	75
shared	a	71
shared	her	22
shared	with	19
shared	their	13
shareholders	of	4
shares	a	18
shares	his	15
shares	the	13
shares	borders	10
shares	in	7
shares	of	7
sharing	a	29
sharing	your	18
sharing	my	15
sharing	the	15
sharing	this	12
sharing	his	9
shark	is	13
shark	attacks	10
shark	in	10
shark	attack	5
shark	fin	5
shark	attacked	4
sharks	are	22
sharks	have	7
sharks	can	5
sharks	in	5
sharks	eat	3
sharp	pain	34
sharp	knife	24
sharp	teeth	20
sharp	and	12
sharp	as	11
sharpen	the	11
sharpen	my	10
sharpen	your	8
sharpen	this	6
sharpen	his	5
sharpen	these	5
sharpened	the	11
sharpened	my	5
sharpened	it	3
sharpening	the	14
sharpening	his	4
sharpening	her	3
sharper	than	7
sharply	to	6
sharply	in	4
sharply	at	3
sharply	lower	3
sharply	with	3
shat	on	9
shat	in	5
shatter	the	4
shattered	into	12
shattered	by	11
shattered	glass	6
shattered	the	6
shattered	his	4
shattered	my	4
shave	my	19
shave	your	14
shave	their	11
shave	his	10
shave	off	9
shave	every	7
shaved	his	15
shaved	off	9
shaved	her	8
shaved	ice	7
shaved	my	7
shaved	your	4
shaving	his	5
shaving	cream	4
shaving	in	4
shaving	her	3
shaving	your	3
shawl	for	4
she	was	6783
she	is	4106
she	said	3569
she	has	2621
she	had	1818
shears	to	3
shed	tears	15
shed	a	14
shed	their	11
shed	light	9
shed	and	6
shed	some	5
shedding	its	3
sheds	its	3
sheep	and	60
sheep	were	27
sheep	are	23
sheep	in	21
sheep	of	16
sheep	to	13
sheer	luck	4
sheer	madness	4
sheer	beauty	3
sheer	nonsense	3
sheer	size	3
sheet	of	61
sheet	metal	23
sheet	music	11
sheet	is	5
sheet	and	4
sheet	with	3
sheets	of	13
sheets	on	13
sheets	and	10
sheets	were	9
sheets	are	6
sheets	every	4
sheikh	mohamed	5
shelf	and	8
shelf	for	8
shelf	is	7
shelf	when	5
shelf	in	4
shelf	was	4
shell	of	14
shell	and	4
shell	casings	4
shell	out	4
shell	is	3
shell	on	3
shells	and	8
shells	on	7
shells	are	3
shells	of	3
shells	she	3
shelter	from	29
shelter	in	26
shelter	for	18
shelter	under	15
shelter	and	13
shelter	of	5
sheltered	from	5
sheltered	under	3
shelters	for	4
shelves	in	10
shelves	and	8
shelves	are	7
shelves	were	7
shelves	for	4
shelves	to	4
shepherd	was	47
shepherd	is	15
shepherd	started	13
shepherd	to	12
shepherd	and	11
shepherd	for	8
shepherds	and	3
sherlock	holmes	81
sherwood	forest	6
shi	huang	3
shibuya	station	6
shield	and	8
shield	you	5
shield	to	4
shield	the	3
shielded	his	8
shielded	her	3
shift	at	14
shift	from	11
shift	on	11
shift	in	10
shift	key	8
shift	starts	8
shifted	to	8
shifted	from	4
shifted	his	3
shifted	the	3
shifting	towards	6
shifting	from	3
shifting	the	3
shifts	for	3
shillings	and	3
shimmering	in	3
shine	in	13
shine	like	10
shine	on	8
shine	the	8
shine	i	5
shine	your	5
shined	his	13
shined	a	6
shined	the	4
shines	in	15
shines	through	11
shines	on	10
shines	and	4
shines	during	4
shines	with	4
shining	in	21
shining	and	12
shining	bright	9
shining	brightly	9
shining	with	7
shining	like	6
shinjuku	station	8
shiny	black	4
shiny	new	3
shiny	things	3
ship	is	94
ship	was	73
ship	and	26
ship	has	24
ship	in	22
ship	sank	21
shipment	has	3
shipped	to	6
shipping	and	4
shipping	company	4
shipping	container	4
shipping	ports	4
shipping	route	3
ships	were	19
ships	are	16
ships	and	13
ships	in	10
ships	that	7
ships	of	6
shirt	is	122
shirt	and	56
shirt	on	41
shirt	for	25
shirt	off	23
shirt	was	23
shirts	are	24
shirts	and	10
shirts	on	6
shirts	with	6
shirts	to	5
shirts	in	4
shit	about	38
shit	in	33
shit	out	24
shit	on	23
shit	like	14
shit	and	10
shitty	school	5
shitty	job	4
shitty	day	3
shitty	place	3
shiver	from	3
shiver	ran	3
shiver	run	3
shiver	went	3
shivering	with	12
shivers	down	11
shock	to	35
shock	of	20
shock	and	16
shock	you	8
shock	the	7
shock	when	7
shocked	to	46
shocked	by	44
shocked	when	22
shocked	and	19
shocked	at	17
shocked	me	11
shocking	truth	5
shocking	discovery	4
shocking	for	4
shocking	thing	3
shocking	to	3
shocks	me	3
shoe	box	11
shoe	fits	10
shoe	is	10
shoe	size	10
shoe	store	10
shoe	rack	5
shoelace	has	3
shoelaces	are	5
shoelaces	up	4
shoelaces	for	3
shoes	are	155
shoes	off	85
shoes	on	78
shoes	and	48
shoes	for	45
shoes	in	43
shone	like	13
shone	his	12
shone	the	11
shone	in	10
shone	brightly	9
shone	through	7
shoo	the	3
shook	his	65
shook	hands	51
shook	her	28
shook	the	25
shook	their	19
shook	it	12
shoot	the	28
shoot	you	28
shoot	him	25
shoot	me	20
shoot	them	16
shoot	her	13
shooting	star	31
shooting	at	30
shooting	stars	16
shooting	a	9
shooting	in	7
shooting	out	5
shoots	and	5
shop	is	92
shop	in	59
shop	to	31
shop	at	26
shop	and	21
shop	was	18
shopkeeper	asked	3
shoplifting	is	9
shopped	around	5
shopping	with	108
shopping	mall	65
shopping	for	43
shopping	in	37
shopping	at	32
shopping	centre	31
shops	are	28
shops	in	18
shops	and	16
shops	open	11
shops	were	11
shops	at	6
shore	of	16
shore	and	12
shore	to	6
shore	leave	5
shore	is	4
shore	up	4
shores	of	18
short	of	167
short	time	90
short	and	65
short	to	47
short	term	45
short	walk	37
shortage	of	82
shortage	is	8
shortage	in	4
shortages	of	9
shortages	and	6
shortages	are	4
shortcomings	in	4
shortcut	to	10
shortcut	through	5
shortcuts	to	6
shorten	the	3
shorten	your	3
shorter	than	89
shorter	and	18
shorter	the	8
shorter	again	4
shorter	amount	4
shorter	in	3
shortest	route	10
shortest	way	7
shortest	day	5
shortest	path	5
shortest	books	4
shortest	one	3
shortly	after	69
shortly	before	14
shortly	thereafter	10
shortly	afterwards	8
shortly	be	4
shortness	of	14
shorts	on	9
shorts	and	6
shorts	to	5
shorts	as	3
shorts	were	3
shot	the	91
shot	at	90
shot	in	57
shot	a	50
shot	him	40
shotgun	in	5
shotgun	at	4
shotgun	and	3
shotgun	from	3
shots	of	14
shots	in	7
shots	were	7
shots	at	6
shots	fired	6
shots	to	5
should	be	2799
should	have	1949
should	i	1193
should	do	1117
should	go	722
should	we	566
shoulder	and	32
shoulder	to	28
shoulder	of	10
shoulder	hurts	9
shoulder	length	9
shoulder	with	7
shoulders	and	25
shoulders	with	12
shoulders	are	10
shoulders	of	7
shoulders	hurt	3
shoulders	to	3
shout	at	20
shout	when	9
shout	in	6
shout	like	6
shout	as	5
shout	out	5
shouted	at	49
shouted	for	21
shouted	as	10
shouted	slamming	10
shouted	that	10
shouted	out	8
shouting	at	30
shouting	in	11
shouting	and	7
shouting	for	7
shouting	my	6
shouting	is	4
shouts	of	8
shouts	when	4
shouts	the	3
shove	it	17
shove	off	6
shove	that	3
shove	the	3
shoved	the	10
shoved	his	7
shoved	her	4
shoved	a	3
shoved	me	3
shovel	the	4
shovel	and	3
shovel	i	3
shovel	that	3
shoveling	snow	10
shoveling	the	4
show	me	686
show	you	569
show	up	209
show	that	93
show	us	79
show	is	74
showcase	his	3
showed	up	258
showed	me	196
showed	the	85
showed	us	58
showed	layla	57
shower	in	33
shower	and	30
shower	every	25
shower	is	21
shower	before	20
shower	on	19
showered	there	9
showered	layla	5
showered	her	4
showered	him	3
showered	in	3
showered	with	3
showering	layla	3
showers	of	7
showers	every	5
showers	in	5
showers	are	4
showers	around	4
showers	bring	3
showing	off	51
showing	up	33
showing	me	26
showing	the	21
showing	a	18
showing	that	15
shown	that	43
shown	in	23
shown	you	17
shown	me	15
shown	on	15
shown	to	14
shows	that	75
shows	the	43
shows	a	39
shows	his	15
shows	how	15
shows	up	15
shred	of	10
shred	cheese	3
shred	the	3
shredded	wheat	4
shredded	the	3
shriek	of	3
shrieks	of	5
shrill	voice	4
shrill	cry	3
shrimp	and	9
shrimp	cocktail	3
shrine	in	4
shrine	is	4
shrine	visit	4
shrine	was	4
shrink	in	9
shrink	ray	4
shrink	the	3
shroud	of	5
shrouded	in	13
shrunk	my	4
shudder	at	4
shudder	to	3
shuffle	the	6
shuffling	sound	4
shuffling	around	3
shunned	by	5
shut	the	313
shut	up	312
shut	down	92
shut	your	50
shut	off	35
shut	his	26
shuts	at	6
shuts	down	4
shuts	up	3
shutters	and	5
shutting	down	9
shutting	the	9
shuttle	bus	17
shuttle	is	5
shuttle	atlantis	4
shuttle	buses	4
shuttle	to	4
shuttle	challenger	3
shy	to	48
shy	and	29
shy	away	12
shy	about	11
shy	boy	11
si	unit	3
siamese	cats	4
siberia	is	4
siberia	for	3
siberian	railway	4
siberian	tiger	3
sibling	is	11
sibling	of	3
siblings	are	14
siblings	and	6
siblings	to	4
siblings	were	4
siblings	do	3
siblings	in	3
sicily	is	5
sicily	and	4
sick	of	239
sick	and	140
sick	in	65
sick	to	57
sick	for	44
sick	so	42
sickness	and	8
sickness	is	8
sickness	to	7
side	of	782
side	effects	89
side	by	59
side	and	50
side	to	50
side	is	36
sided	with	14
sides	of	77
sides	with	17
sides	are	13
sides	to	13
sides	and	11
sides	by	5
sidewalk	and	5
sidewalk	is	5
sidewalk	with	4
sidewalk	in	3
sidewalk	was	3
sidewalks	were	3
sideways	at	3
siding	with	7
siding	spring	4
siege	of	4
sierra	leone	11
sierra	nevada	5
sift	the	3
sift	through	3
sigh	of	54
sigh	the	3
sight	of	361
sight	to	20
sight	in	18
sight	and	14
sight	is	13
sight	for	11
sighted	so	3
sighting	of	3
sightings	of	7
sights	of	27
sights	in	8
sights	on	7
sights	to	3
sightseeing	in	4
sightseeing	boat	3
sign	of	231
sign	the	103
sign	that	62
sign	language	55
sign	up	53
sign	this	41
signal	to	11
signal	is	7
signal	and	6
signal	that	6
signal	here	5
signal	was	5
signaling	for	3
signals	from	7
signals	that	5
signals	in	3
signals	of	3
signature	is	7
signature	of	7
signature	on	5
signature	here	4
signatures	and	3
signed	the	110
signed	a	70
signed	up	42
signed	by	14
signed	an	13
signed	in	10
significance	of	21
significance	in	6
significant	other	13
significant	amount	9
significant	progress	9
significant	role	9
significant	difference	7
significant	differences	7
significantly	lower	8
significantly	over	7
significantly	better	5
significantly	in	4
significantly	reduced	4
significantly	to	4
signifies	the	3
signing	the	7
signing	a	5
signing	it	5
signing	anything	3
signing	autographs	3
signing	event	3
signs	of	163
signs	that	20
signs	are	14
signs	in	14
signs	and	8
signs	on	5
silence	is	53
silence	for	32
silence	of	25
silence	was	24
silence	in	22
silence	and	19
silenced	and	4
silent	for	43
silent	and	39
silent	in	13
silent	as	12
silent	when	12
silent	treatment	11
silently	through	7
silently	in	5
silently	and	4
silently	with	4
silently	stared	3
silhouette	of	11
silhouette	in	8
silhouette	standing	3
silicon	valley	11
silicon	based	5
silk	dress	13
silk	road	11
silk	and	10
silk	is	5
silk	scarf	5
silk	thread	4
silks	and	5
silky	smooth	3
sill	of	3
silly	to	15
silly	question	13
silly	of	12
silly	questions	9
silly	things	9
silly	thing	8
silver	and	21
silver	spoon	12
silver	lining	11
silver	medal	11
silver	is	10
silver	coins	6
silverware	for	3
silverware	is	3
sim	card	4
simeon	and	4
similar	to	301
similar	in	31
similar	situation	24
similar	but	15
similar	things	9
similar	problems	8
similarities	between	11
similarities	with	6
similarities	to	4
similarities	and	3
similarity	between	5
similarly	the	3
simmer	the	4
simmer	on	3
simon	and	6
simon	i	6
simon	says	5
simone	de	4
simple	as	52
simple	to	36
simple	and	34
simple	but	29
simple	question	20
simple	english	19
simpler	than	12
simpler	then	4
simpler	and	3
simpler	questions	3
simpler	way	3
simpler	words	3
simplest	of	5
simplest	things	5
simplest	atom	4
simplest	form	3
simplicity	of	14
simplicity	is	13
simplicity	and	7
simplify	it	5
simplify	the	5
simply	because	27
simply	not	25
simply	the	23
simply	a	21
simulation	of	3
simultaneous	interpreter	7
sin	to	14
sin	in	12
sin	against	11
sin	and	6
sin	but	6
sin	is	5
since	i	623
since	the	477
since	he	265
since	then	187
since	we	138
since	you	130
sincere	and	10
sincere	in	6
sincere	apologies	4
sincere	condolences	4
sincere	person	4
sincere	apology	3
sincerely	hope	24
sincerely	apologize	4
sincerely	regret	4
sincerely	believed	3
sincerely	for	3
sincerity	and	3
sinful	man	4
sing	a	94
sing	in	78
sing	with	67
sing	that	62
sing	together	48
sing	the	35
singapore	is	11
singapore	has	5
singapore	one	4
singapore	a	3
singer	is	36
singer	in	22
singer	and	16
singer	but	13
singer	has	12
singer	of	11
singers	in	5
singers	and	3
singers	have	3
singers	of	3
singers	were	3
singing	in	95
singing	a	53
singing	and	27
singing	is	22
singing	the	21
singing	with	20
single	day	97
single	word	82
single	person	46
single	thing	31
single	one	24
single	room	24
singled	out	10
singles	chart	4
sings	in	29
sings	well	14
sings	very	9
sings	like	8
sings	the	8
sings	to	8
singular	or	4
sink	is	25
sink	in	23
sink	was	15
sink	drain	9
sink	into	9
sink	to	7
sinking	ship	24
sinking	into	11
sinking	in	6
sinking	of	6
sinking	feeling	3
sinks	the	4
sinks	and	3
sins	of	9
sins	to	5
sins	are	4
sins	and	3
sins	as	3
sins	in	3
sinus	infection	4
sip	of	53
sip	from	3
sipping	his	10
sipping	a	3
sipping	my	3
sips	of	3
sir	william	12
sir	charles	11
sir	we	10
sir	but	9
sir	henry	9
sire	of	4
sire	and	3
sirens	in	6
sirius	is	13
sister	is	263
sister	in	102
sister	has	71
sister	to	62
sister	and	58
sister	was	52
sisters	are	50
sisters	and	23
sisters	in	10
sisters	do	9
sisters	who	9
sisters	were	8
sit	down	419
sit	in	229
sit	here	184
sit	on	168
sit	with	88
sit	there	85
site	is	35
site	of	35
site	for	20
site	in	20
site	and	15
site	was	10
sites	in	12
sites	and	11
sites	are	9
sites	of	5
sites	for	4
sites	on	4
sits	in	35
sits	on	30
sits	next	15
sits	at	6
sits	down	6
sits	there	6
sitting	on	420
sitting	in	409
sitting	at	159
sitting	there	107
sitting	next	85
sitting	here	69
situated	in	45
situated	on	18
situated	between	5
situated	near	3
situation	is	204
situation	in	83
situation	was	57
situation	has	56
situation	to	40
situation	like	25
situations	like	13
situations	in	8
situations	where	6
situations	and	5
situations	before	4
situations	are	3
six	years	233
six	months	201
six	days	89
six	hours	78
six	hundred	55
sixteen	years	65
sixteen	year	14
sixteen	and	11
sixteen	at	9
sixteen	hours	6
sixteen	in	6
sixth	grade	25
sixth	floor	17
sixth	day	10
sixth	sense	9
sixth	century	6
sixth	of	6
sixty	years	39
sixty	dollars	32
sixty	five	16
sixty	seconds	16
sixty	six	9
sixty	thousand	9
size	of	195
size	and	30
size	to	16
size	as	15
size	but	13
size	is	13
sized	bed	4
sized	particles	4
sized	and	3
sized	pieces	3
sizes	and	5
sizes	are	5
skate	on	7
skate	with	3
skateboard	here	5
skateboarding	in	3
skateboarding	is	3
skates	on	14
skates	better	4
skating	with	17
skating	on	11
skating	is	10
skating	rink	6
skating	today	5
skating	every	4
skeleton	of	13
skeleton	in	9
skeletons	in	11
skeptical	about	22
skeptical	of	9
skeptical	at	4
skepticism	is	4
sketch	of	14
sketches	of	4
sketching	an	3
sketchy	looking	4
ski	resort	9
ski	as	8
ski	boots	8
ski	too	7
ski	resorts	6
ski	well	6
skid	marks	3
skies	and	9
skies	over	5
skies	of	4
skies	as	3
skies	in	3
skies	the	3
skiing	with	35
skiing	in	34
skiing	is	23
skiing	and	13
skiing	next	10
skiing	every	9
skill	and	16
skill	in	13
skill	of	10
skill	to	8
skill	that	7
skill	at	6
skilled	at	24
skilled	in	17
skilled	workers	15
skilled	labor	7
skilled	mechanic	3
skilled	worker	3
skills	to	38
skills	in	24
skills	and	20
skills	are	20
skills	that	11
skills	for	8
skim	milk	4
skin	is	78
skin	and	64
skin	of	38
skin	was	35
skin	color	26
skin	off	10
skinned	the	6
skinned	black	3
skinned	his	3
skinny	and	8
skinny	dipping	8
skinny	jeans	6
skinny	as	5
skinny	that	3
skins	and	6
skins	of	4
skins	to	3
skip	school	27
skip	the	25
skip	class	16
skip	lunch	14
skip	breakfast	10
skip	a	8
skipped	a	21
skipped	school	19
skipped	the	15
skipped	breakfast	11
skipped	class	10
skipped	lunch	6
skipper	is	7
skipping	school	18
skipping	class	5
skipping	breakfast	4
skipping	rope	4
skips	school	3
skips	the	3
skirt	is	41
skirt	and	9
skirt	has	5
skirt	to	4
skirt	was	4
skirt	the	3
skirts	are	7
skirts	and	4
skis	on	4
skull	was	6
skull	in	4
skull	on	4
skull	and	3
skull	had	3
skull	with	3
skulls	of	4
skulls	and	3
skunk	in	3
sky	is	156
sky	was	87
sky	and	40
sky	in	26
sky	has	21
sky	above	19
skype	for	4
skype	and	3
skype	is	3
skyscraper	is	6
skyscraper	in	5
skyscrapers	in	7
slack	off	4
slacking	off	13
slain	and	5
slain	the	4
slam	the	15
slam	shut	9
slam	dunk	5
slam	it	3
slam	open	3
slammed	the	93
slammed	shut	17
slammed	his	16
slammed	on	16
slammed	into	7
slammed	it	4
slamming	the	17
slams	the	3
slang	words	5
slang	is	4
slang	used	3
slang	word	3
slap	on	14
slap	in	11
slap	you	9
slap	me	5
slap	him	4
slap	the	3
slapped	him	15
slapped	me	13
slapped	his	12
slapped	her	7
slashed	his	6
slate	and	3
slaughter	a	5
slaughter	of	5
slaughter	and	4
slaughter	them	3
slaughtered	a	4
slaughtered	but	3
slave	to	22
slave	of	10
slave	trade	7
slave	labor	6
slave	driver	3
slave	has	3
slavery	was	14
slavery	and	12
slavery	in	12
slavery	is	9
slavery	are	3
slaves	were	12
slaves	in	10
slaves	and	9
slaves	are	9
slaves	to	9
slaves	on	4
slay	the	7
slayer	of	3
sled	dogs	3
sledgehammer	to	6
sleek	black	8
sleek	and	4
sleep	in	219
sleep	on	174
sleep	with	152
sleep	well	131
sleep	at	129
sleep	a	81
sleeping	in	164
sleeping	on	116
sleeping	bag	70
sleeping	with	53
sleeping	pills	36
sleeping	well	18
sleepless	night	24
sleepless	nights	7
sleepover	at	3
sleeps	with	43
sleeps	on	32
sleeps	in	31
sleeps	during	9
sleeps	a	8
sleeps	all	6
sleepy	yet	31
sleepy	after	14
sleepy	and	10
sleepy	so	10
sleepy	to	10
sleepy	in	8
sleet	and	3
sleeve	to	11
sleeve	and	7
sleeve	shirts	5
sleeve	shirt	3
sleeves	and	10
sleeves	are	4
sleeves	if	4
sleeves	of	4
sleigh	bells	5
sleigh	is	3
slender	figure	6
slender	and	5
slender	woman	3
slept	in	222
slept	with	128
slept	on	116
slept	for	61
slept	well	34
slept	a	28
slew	him	3
slew	of	3
slice	of	120
slice	the	22
slice	and	15
slice	pizzeria	5
slice	them	5
slice	a	3
sliced	the	27
sliced	bread	10
slices	of	37
slices	and	14
slicing	onions	4
slicing	the	3
slick	with	3
slid	the	14
slid	down	9
slid	into	8
slid	under	7
slid	off	6
slid	open	4
slide	the	5
slide	down	4
slide	into	4
slide	on	4
slide	over	3
slide	rule	3
slider	turtles	3
slides	to	3
sliding	door	6
sliding	down	6
sliding	on	4
sliding	doors	3
sliding	in	3
slight	fever	12
slight	headache	12
slight	cold	11
slight	problem	9
slight	chill	4
slight	difference	4
slightest	idea	17
slightest	bit	9
slightest	doubt	8
slightest	thing	6
slightest	provocation	5
slightest	interest	4
slightly	to	13
slightly	different	11
slightly	more	11
slightly	injured	6
slightly	larger	6
slim	chance	12
slim	and	5
slim	figure	5
slim	down	3
slim	girl	3
slime	is	3
slime	was	3
slip	away	16
slip	of	15
slip	on	9
slip	and	8
slip	into	7
slip	up	5
slipped	and	45
slipped	on	36
slipped	into	26
slipped	out	17
slipped	my	14
slipped	the	11
slipper	and	3
slippers	on	7
slippers	are	6
slippers	and	3
slippery	and	7
slippery	here	6
slippery	slope	5
slippery	so	4
slippery	when	4
slippery	as	3
slipping	away	6
slipping	out	6
slipping	on	4
slipping	into	3
slit	his	4
sliver	of	4
slogan	for	7
slogan	is	4
slope	of	8
slope	is	4
slope	with	3
slopes	of	10
slopes	and	3
slopes	are	3
sloppy	joe	3
slot	machine	7
slot	machines	4
sloth	is	5
slovak	alphabet	8
slovak	is	5
slovak	language	4
slow	down	136
slow	and	41
slow	the	23
slow	to	22
slow	but	18
slow	as	14
slowed	down	47
slowed	the	5
slowed	and	4
slowed	to	4
slowed	his	3
slower	than	18
slower	please	6
slower	in	3
slower	through	3
slowing	down	29
slowing	the	3
slowly	and	49
slowly	to	19
slowly	but	18
slowly	opened	16
slowly	so	16
slowly	started	15
slows	down	6
slugs	are	3
slum	in	3
slumber	party	4
slumber	in	3
slump	in	5
slums	in	5
slums	and	3
slurring	his	8
slush	on	3
slutty	girl	3
sly	as	6
sly	old	3
sly	one	3
smack	about	3
smack	you	3
smacked	layla	7
smacked	the	6
smacked	him	4
smacked	his	3
smacked	in	3
smacks	of	3
small	town	199
small	for	97
small	and	86
small	but	60
small	house	60
small	village	57
smaller	than	133
smaller	and	21
smaller	size	11
smaller	ones	6
smaller	but	5
smaller	groups	5
smallest	of	10
smallest	country	7
smallest	planet	7
smallest	details	5
smallest	state	5
smallest	continent	4
smart	as	53
smart	enough	46
smart	and	45
smart	to	29
smart	people	23
smart	person	19
smarter	than	159
smarter	every	4
smarter	now	4
smarter	and	3
smartest	person	10
smartest	kid	4
smartest	man	4
smartest	of	4
smartest	guy	3
smartest	student	3
smash	the	6
smash	that	4
smash	your	4
smash	his	3
smashed	the	42
smashed	his	10
smashed	to	10
smashed	a	8
smashed	into	7
smashed	it	5
smashing	in	4
smashing	success	4
smashing	his	3
smeared	the	4
smeared	with	4
smell	of	240
smell	like	72
smell	the	44
smell	something	28
smell	is	25
smell	it	24
smelled	like	11
smelled	the	11
smelled	something	10
smelled	of	7
smelled	a	4
smelled	gas	4
smelling	the	10
smelling	like	6
smelling	of	4
smelling	and	3
smells	like	133
smells	good	43
smells	of	33
smells	bad	24
smells	so	17
smells	delicious	12
smelt	like	26
smelt	the	19
smelt	of	17
smelt	that	14
smelt	funky	11
smelt	urine	10
smile	on	74
smile	at	32
smile	is	27
smile	and	18
smile	was	16
smile	to	15
smiled	at	164
smiled	and	41
smiled	as	21
smiled	back	20
smiled	when	11
smiled	in	10
smiles	at	13
smiles	and	5
smiles	on	5
smiles	are	4
smiles	in	4
smiles	every	3
smiling	at	39
smiling	face	14
smiling	and	12
smiling	in	7
smiling	is	5
smiling	on	4
smirk	on	9
smite	the	3
smith	is	48
smith	was	14
smith	has	12
smith	to	9
smith	came	7
smith	for	6
smiths	are	5
smiths	were	3
smithsonian	institution	4
smithsonian	environmental	3
smitten	with	15
smitten	by	4
smog	was	4
smoke	in	87
smoke	weed	46
smoke	a	42
smoke	here	37
smoke	anymore	25
smoke	and	22
smoked	a	26
smoked	weed	21
smoked	in	9
smoked	for	5
smoked	ham	5
smoked	salmon	4
smokers	are	8
smokes	weed	25
smokes	a	7
smokes	in	4
smokes	like	4
smokes	pot	4
smokes	too	3
smoking	is	126
smoking	weed	78
smoking	in	51
smoking	a	47
smoking	and	34
smoking	for	28
smoky	in	4
smoky	flavor	3
smoky	that	3
smooth	and	11
smooth	as	6
smooth	sailing	5
smooth	talker	5
smooth	out	4
smooth	talking	4
smoother	than	4
smoothie	with	4
smoothie	on	3
smoothies	are	4
smoothly	and	4
smoothly	for	4
smoothly	than	3
smother	the	3
smothered	maya	8
smothered	the	4
smothered	linda	3
smug	look	3
snack	and	6
snack	on	6
snack	for	5
snack	from	5
snack	in	5
snack	between	4
snacks	do	7
snacks	are	6
snacks	and	5
snacks	at	3
snacks	for	3
snacks	that	3
snail	in	3
snail	mail	3
snails	are	13
snails	and	7
snake	is	18
snake	in	13
snake	was	9
snake	bite	8
snake	has	7
snake	that	5
snakes	are	28
snakes	in	25
snakes	and	19
snakes	from	3
snakes	on	3
snap	out	7
snap	at	6
snap	my	4
snap	on	3
snap	your	3
snapped	at	11
snapped	his	9
snapped	a	6
snapped	and	5
snapped	off	5
snapped	the	5
snapping	at	4
snapping	of	3
snapshot	of	5
snatch	away	3
snatch	the	3
snatch	things	3
snatched	the	41
snatched	away	4
snatched	from	3
snatched	her	3
snatched	him	3
snatched	up	3
sneak	into	25
sneak	out	20
sneak	up	12
sneak	in	8
sneak	away	3
sneaked	into	16
sneaked	out	11
sneaked	up	9
sneaked	in	3
sneaked	round	3
sneakers	are	7
sneakers	in	3
sneaking	out	10
sneaking	into	6
sneaking	up	6
sneaking	around	4
sneaking	in	4
sneeze	a	3
sneeze	with	3
sneezed	and	6
sneezing	all	6
sniffed	the	13
sniffed	at	6
sniffed	around	3
sniffed	each	3
sniffer	dogs	4
sniffing	the	7
sniffing	around	4
sniffling	and	3
snip	of	5
snitch	on	3
snooping	around	10
snooze	button	4
snore	but	3
snores	loudly	3
snoring	in	5
snoring	loudly	5
snoring	is	4
snoring	again	3
snoring	and	3
snot	is	3
snow	is	88
snow	in	72
snow	tomorrow	72
snow	was	49
snow	on	47
snow	here	43
snowball	at	7
snowball	fight	6
snowball	fights	5
snowball	for	3
snowed	for	20
snowed	in	19
snowed	a	18
snowed	all	11
snowed	here	9
snowed	heavily	6
snowflakes	are	9
snowing	in	23
snowing	for	11
snowing	all	10
snowing	and	7
snowing	outside	7
snowing	tomorrow	7
snowman	that	8
snowman	in	6
snowman	is	4
snowman	was	4
snowman	later	3
snows	here	16
snows	in	12
snows	a	10
snows	i	10
snows	on	4
snows	tomorrow	3
snowstorm	is	4
snowstorm	here	3
snowstorm	was	3
snowy	mountains	4
snowy	day	3
snowy	today	3
snuck	out	52
snuck	into	37
snuck	up	10
snuck	in	7
snuck	inside	3
snuff	out	9
snug	as	3
snuggle	my	4
snuggle	with	4
snuggle	up	3
so	much	2366
so	i	1390
so	many	858
so	that	757
so	far	635
so	long	486
soak	up	9
soak	the	7
soak	in	5
soaked	in	15
soaked	to	15
soaked	with	10
soaked	the	4
soaked	up	4
soaked	from	3
soaking	wet	32
soaking	in	8
soap	and	39
soap	opera	30
soap	bubble	12
soap	operas	12
soap	in	11
soap	is	11
soaps	and	3
soapy	water	8
soar	in	3
soared	in	5
soared	into	4
soared	on	4
soared	through	4
soared	to	4
soared	up	3
soaring	in	5
sob	story	3
sobbing	in	4
sober	as	5
sober	for	4
sober	up	4
sobs	and	3
soccer	team	60
soccer	is	46
soccer	player	46
soccer	game	42
soccer	with	25
soccer	match	24
social	media	324
social	life	34
social	security	29
social	and	28
social	animals	28
socialism	and	9
socialism	is	6
socialism	has	3
socialist	country	7
socialist	party	5
socialist	state	3
socialize	with	8
socialize	more	3
socializing	with	5
socially	awkward	14
socially	acceptable	8
socially	transition	4
socially	isolated	3
societies	are	5
societies	can	3
societies	have	3
society	is	71
society	and	27
society	of	19
society	has	18
society	in	14
society	that	13
sociopath	is	7
sociopath	could	4
sociopath	has	3
sock	in	5
sock	is	4
sock	has	3
socket	is	3
socks	are	35
socks	on	33
socks	off	26
socks	and	12
socks	in	11
socks	to	10
socrates	was	10
socrates	is	5
sod	off	4
soda	and	8
soda	is	6
soda	in	5
soda	to	5
soda	at	3
sodium	and	3
sodium	chloride	3
sodium	is	3
sodom	and	7
sofa	is	20
sofa	and	15
sofa	in	11
sofa	with	7
sofa	takes	6
sofa	reading	5
sofia	to	3
soft	and	64
soft	drink	18
soft	drinks	17
soft	spot	13
soft	music	12
soft	bed	11
soften	and	3
soften	the	3
softened	by	4
softer	than	9
softly	enough	7
softly	on	6
softly	to	5
softly	in	4
softly	as	3
softly	closed	3
softness	of	5
software	is	32
software	on	14
software	to	13
software	engineer	12
software	company	10
software	that	9
soil	is	24
soil	and	18
soil	in	11
soil	to	7
soil	with	7
soil	erosion	5
soiled	himself	4
soiled	his	3
soiled	panties	3
soiled	themselves	3
solace	in	17
solar	system	286
solar	panels	59
solar	energy	38
solar	power	33
solar	wind	25
solar	eclipse	24
sold	the	91
sold	his	89
sold	out	73
sold	in	52
sold	my	49
sold	it	45
soldier	was	18
soldier	is	10
soldier	who	9
soldier	in	7
soldier	that	5
soldier	gave	4
soldiers	were	88
soldiers	are	36
soldiers	to	17
soldiers	in	15
soldiers	and	14
soldiers	died	11
sole	survivor	6
sole	of	5
sole	purpose	4
sole	heir	3
sole	reason	3
sole	source	3
solely	by	9
solely	for	8
solely	in	8
solely	on	8
solely	to	5
solely	as	3
solemnly	swear	6
solemnly	celebrate	3
soles	of	7
soles	on	3
solid	alibi	7
solid	evidence	7
solid	wood	7
solid	foundation	6
solid	as	5
solid	food	5
solidarity	with	12
solidarity	and	8
solidarity	is	7
solitary	confinement	13
solitary	animals	6
solitary	life	4
solitude	is	12
solitude	and	5
solo	career	3
solo	trip	3
solomon	islands	7
solstice	is	7
solution	to	149
solution	is	36
solution	for	23
solution	of	15
solution	was	15
solution	but	13
solutions	to	23
solutions	for	11
solutions	are	4
solutions	not	4
solutions	that	4
solve	the	313
solve	this	232
solve	it	41
solve	that	37
solve	all	31
solve	your	29
solved	the	97
solved	that	16
solved	by	10
solved	all	9
solved	with	9
solved	it	8
solves	all	5
solves	the	5
solves	a	4
solves	problems	4
solves	nothing	3
solving	the	32
solving	this	15
solving	problems	11
solving	skills	11
solving	a	10
solving	puzzles	7
somalia	is	4
some	of	1238
some	people	1136
some	time	642
some	money	474
some	more	412
some	things	291
somebody	else	168
somebody	to	114
somebody	who	83
somebody	has	50
somebody	was	40
somebody	is	35
someday	i	14
someday	be	6
someday	it	5
somehow	i	27
somehow	managed	11
somehow	he	8
somehow	be	5
somehow	we	5
somehow	or	4
someone	else	543
someone	who	452
someone	to	399
someone	is	209
someone	in	123
someone	has	112
someplace	else	26
someplace	where	10
someplace	to	9
someplace	quiet	6
someplace	i	3
someplace	warm	3
something	to	1398
something	that	684
something	like	569
something	else	514
something	i	495
something	in	385
sometime	today	18
sometime	soon	16
sometime	in	10
sometime	next	10
sometime	this	9
sometime	after	4
sometimes	i	333
sometimes	it	70
sometimes	the	69
sometimes	you	69
sometimes	we	61
somewhat	confused	6
somewhat	different	6
somewhat	of	6
somewhat	similar	5
somewhat	curious	4
somewhat	new	4
somewhere	else	229
somewhere	in	108
somewhere	before	51
somewhere	to	48
somewhere	around	39
somewhere	that	17
son	is	252
son	of	226
son	to	125
son	and	96
son	in	90
son	was	83
song	is	107
song	in	67
song	for	55
song	i	50
song	to	42
song	on	38
songs	are	27
songs	in	26
songs	of	23
songs	that	16
songs	and	15
songs	like	14
sons	and	55
sons	of	47
sons	are	19
sons	who	18
sons	with	12
sons	in	9
soon	as	1410
soon	be	177
soon	after	77
soon	enough	52
soon	get	52
soon	the	39
sooner	or	272
sooner	had	72
sooner	than	29
sooner	you	20
sooner	we	14
sooner	the	9
soot	from	4
soot	is	3
soothe	the	8
soothing	music	6
soothing	words	4
sophia	has	3
sophia	is	3
sophie	is	4
sophie	and	3
sophie	had	3
sophie	was	3
sophie	who	3
sophisticated	ai	3
sophisticated	and	3
sophisticated	way	3
sophistication	of	3
sophomore	year	9
sophomore	and	4
sophomore	in	3
sorcery	is	3
sore	throat	44
sore	loser	9
sore	thumb	9
sore	eyes	8
sore	from	7
sore	feet	6
sorrow	and	14
sorrow	of	7
sorrow	for	6
sorrow	is	5
sorrow	my	4
sorrow	to	3
sorry	i	685
sorry	for	551
sorry	that	398
sorry	but	363
sorry	to	234
sorry	about	117
sort	of	591
sort	it	38
sort	out	26
sort	this	14
sort	things	9
sort	the	8
sorted	out	11
sorted	the	11
sorted	by	3
sorting	through	4
sorting	it	3
sorts	of	127
sorts	and	4
sorts	today	4
sorts	the	3
sought	to	31
sought	after	16
sought	for	10
sought	a	7
sought	shelter	7
sought	the	6
soul	of	49
soul	is	47
soul	to	35
soul	and	30
soul	was	20
soul	in	15
souls	of	11
souls	and	6
souls	in	5
souls	or	5
souls	are	4
souls	that	4
sound	of	423
sound	like	220
sound	very	59
sound	was	59
sound	asleep	39
sound	is	29
sounded	like	112
sounded	a	12
sounded	crazy	12
sounded	angry	10
sounded	ridiculous	10
sounded	very	10
sounding	like	7
sounding	sentence	4
sounding	sentences	4
soundly	in	3
sounds	like	330
sounds	of	53
sounds	very	45
sounds	good	32
sounds	a	31
sounds	really	24
soup	is	90
soup	and	29
soup	for	22
soup	with	19
soup	in	15
soup	tastes	15
sour	cream	14
sour	grapes	7
sour	face	6
sour	than	5
sour	that	3
sour	to	3
source	of	351
source	is	15
source	software	14
source	code	12
source	for	10
source	languages	7
sources	of	54
sources	are	12
sources	and	3
sources	by	3
sources	is	3
sources	such	3
sous	chef	7
south	of	108
south	africa	103
south	america	94
south	korea	76
south	wales	32
south	korean	27
southeast	asia	30
southeast	asian	10
southeast	of	6
southern	hemisphere	33
southern	algeria	29
southern	california	20
southern	lebanon	16
southern	part	13
southern	africa	10
southwest	of	10
southwest	asia	6
southwest	to	4
southwest	and	3
souvenir	from	11
souvenir	shop	4
souvenir	of	3
souvenir	shops	3
souvenirs	from	5
souvenirs	for	3
sovereign	nation	9
sovereign	state	8
sovereign	country	6
sovereign	states	3
sovereignty	and	9
sovereignty	of	7
sovereignty	over	5
soviet	union	110
soviet	russia	10
soviet	socialist	6
soviet	era	4
soviet	troops	4
soviet	and	3
sow	the	7
sow	seeds	5
sow	is	4
sow	so	4
sow	wheat	4
sowing	the	5
sown	in	3
soy	sauce	28
soy	milk	9
spa	has	48
spa	offers	41
spa	is	4
spa	at	3
space	station	110
space	and	64
space	is	59
space	for	57
space	telescope	54
space	agency	52
spacecraft	to	16
spacecraft	is	13
spacecraft	will	9
spacecraft	has	8
spacecraft	was	6
spacecraft	and	4
spaced	out	7
spaces	in	6
spaces	on	6
spaces	and	5
spaces	between	5
spaces	of	3
spaces	where	3
spaceship	is	7
spaceship	was	4
spacious	and	5
spacious	hall	4
spade	a	17
spade	and	3
spaghetti	for	13
spaghetti	and	10
spaghetti	sauce	10
spaghetti	with	9
spaghetti	is	8
spaghetti	monster	8
spain	is	44
spain	and	41
spain	has	14
spain	in	12
spain	was	11
spain	to	10
spam	folder	6
spam	email	4
spam	and	3
spam	filter	3
spam	mail	3
span	of	17
span	is	3
spaniards	are	4
spaniards	have	3
spanish	and	64
spanish	is	64
spanish	in	19
spanish	language	18
spanish	but	17
spanish	or	16
spank	you	4
spank	me	3
spanked	his	4
spanking	me	3
spanner	in	4
spare	time	77
spare	me	33
spare	parts	23
spare	a	16
spare	tire	16
spare	room	15
spared	no	12
spared	from	7
spared	the	7
spares	no	4
spark	of	12
spark	plugs	6
spark	that	6
spark	a	5
spark	plug	4
spark	in	3
sparked	a	8
sparked	the	4
sparked	by	3
sparked	controversy	3
sparkles	in	3
sparkling	in	5
sparkling	water	4
sparkling	clean	3
sparks	were	4
sparks	of	3
sparrow	is	5
sparrows	are	6
sparta	is	4
spat	on	15
spat	in	6
spat	me	6
spat	out	5
spat	at	4
spat	the	4
spatial	awareness	3
spawn	and	3
spawned	a	3
spawned	by	3
speak	french	1439
speak	to	726
speak	english	550
speak	with	303
speak	a	223
speaker	of	57
speaker	would	22
speaker	here	19
speaker	to	18
speaker	in	13
speaker	was	12
speakers	of	55
speakers	are	39
speakers	can	25
speakers	in	20
speakers	to	15
speakers	from	13
speaking	french	169
speaking	in	158
speaking	to	118
speaking	english	79
speaking	the	47
speaks	english	160
speaks	french	152
speaks	japanese	43
speaks	to	38
speaks	with	33
spear	fishing	3
spear	points	3
spears	into	5
spears	and	4
special	forces	78
special	to	29
special	place	28
special	about	25
special	day	25
special	for	23
specialist	in	19
specialist	at	3
specialist	who	3
specialists	are	4
specialists	in	3
speciality	is	6
specialize	in	16
specialized	in	15
specializes	in	31
specializing	in	9
specially	designed	5
specially	constructed	3
specially	prepared	3
specially	to	3
specialty	is	13
species	of	181
species	in	34
species	are	30
species	is	28
species	that	22
species	and	19
specific	to	10
specific	time	7
specific	as	5
specific	breeding	4
specific	and	3
specific	issues	3
specifically	to	10
specifically	for	8
specifically	in	3
specifics	of	3
specified	by	4
specify	the	4
specify	what	3
specimen	of	4
specimens	of	9
speck	of	14
spectacle	of	6
spectacle	is	3
spectacular	at	3
spectator	sport	3
spectators	are	4
spectators	were	4
spectators	at	3
spectators	cheered	3
specter	of	5
spectrum	of	6
speculate	as	3
speculate	that	3
speculating	on	4
speculation	that	4
sped	up	18
sped	off	10
sped	away	9
sped	out	6
sped	past	4
sped	down	3
speech	was	90
speech	is	72
speech	in	54
speech	and	30
speech	contest	22
speech	at	21
speeches	in	13
speeches	are	9
speeches	and	6
speeches	to	4
speeches	were	3
speechless	when	7
speechless	with	3
speed	of	74
speed	limit	63
speed	up	29
speed	and	16
speed	is	12
speed	walked	10
speeding	ticket	14
speeding	up	9
speeding	down	7
speeds	of	13
speedy	recovery	14
spell	it	32
spell	your	23
spell	on	20
spell	of	19
spell	that	16
spell	the	9
spelled	with	6
spelled	out	4
spelled	the	4
spelled	my	3
spelled	wrong	3
spelling	mistakes	31
spelling	bee	11
spelling	errors	9
spelling	and	8
spelling	is	8
spelling	competition	7
spells	and	4
spells	the	3
spelt	the	4
spelt	with	4
spend	the	358
spend	a	202
spend	more	179
spend	time	113
spend	your	90
spend	all	76
spending	time	103
spending	a	54
spending	the	39
spending	money	37
spending	too	21
spending	christmas	15
spends	a	56
spends	his	28
spends	all	27
spends	most	24
spends	the	15
spends	time	13
spent	the	623
spent	a	322
spent	all	191
spent	his	76
spent	three	71
spent	my	65
sperm	production	7
sperm	whales	5
sperm	in	4
sperm	is	4
sperm	bank	3
sperm	donations	3
sphere	of	15
sphere	in	3
sphinx	of	3
spice	islands	4
spice	of	4
spice	up	4
spice	that	3
spices	and	7
spices	do	4
spices	to	3
spicy	food	41
spicy	for	12
spicy	but	9
spicy	as	5
spicy	chicken	4
spicy	is	4
spider	in	31
spider	is	30
spider	on	14
spider	man	13
spider	was	11
spiderman	shirt	3
spiders	are	26
spiders	have	12
spiders	and	11
spiders	in	6
spied	on	17
spike	in	14
spike	strip	3
spiked	the	7
spiked	in	3
spikes	of	4
spikes	on	4
spikes	to	3
spill	the	17
spill	something	13
spill	your	7
spill	anything	4
spill	down	3
spill	in	3
spilled	coffee	32
spilled	the	26
spilled	a	13
spilled	milk	12
spilled	some	11
spilled	my	10
spills	or	10
spills	on	8
spills	and	6
spills	right	4
spills	inside	3
spilt	milk	6
spilt	my	3
spin	and	4
spin	around	4
spin	it	4
spin	off	4
spin	wool	3
spinach	and	7
spinach	when	5
spinach	is	4
spinal	cord	14
spinal	column	3
spinning	a	6
spinning	around	6
spinning	in	6
spinning	wool	6
spinning	my	5
spinning	round	4
spins	a	3
spiral	galaxy	8
spiral	notebook	4
spiral	of	4
spiral	out	4
spiral	bound	3
spirit	of	103
spirit	and	28
spirit	is	22
spirit	in	9
spirit	to	8
spirit	will	6
spirits	and	14
spirits	are	8
spirits	in	6
spirits	today	6
spirits	of	5
spirits	up	4
spiritual	and	6
spiritual	person	6
spiritual	guidance	5
spiritual	life	5
spiritual	energy	4
spiritual	things	4
spirituality	is	7
spirituality	connects	3
spirituality	in	3
spit	on	25
spit	it	16
spit	out	8
spit	in	7
spit	the	4
spit	at	3
spite	of	188
spite	you	3
spitting	image	6
spitting	on	4
spitting	distance	3
spitting	in	3
splash	in	4
splash	behind	3
splashed	water	6
splashed	cold	5
splashed	on	3
splashed	out	3
splashed	some	3
splashing	against	3
splashing	in	3
splendid	idea	6
splendid	palace	4
splendid	it	3
splendour	of	4
splendour	and	3
splinter	out	22
splinter	was	10
splinter	in	7
splinter	is	3
splinter	with	3
split	up	64
split	the	57
split	into	30
split	in	15
split	a	11
split	second	9
splitting	headache	8
splitting	up	7
splitting	hairs	5
spoil	the	21
spoil	everything	9
spoil	a	7
spoil	it	7
spoil	your	6
spoil	my	4
spoiled	by	14
spoiled	child	11
spoiled	brat	7
spoiled	because	4
spoiled	our	4
spoiled	the	4
spoiling	the	4
spoiling	him	3
spoiling	my	3
spoils	the	5
spoils	all	3
spoils	her	3
spoils	me	3
spoilt	child	5
spoilt	at	4
spoilt	brat	4
spoilt	his	4
spoilt	the	3
spoke	to	303
spoke	in	115
spoke	with	110
spoke	french	74
spoke	about	67
spoke	of	48
spoken	in	211
spoken	to	178
spoken	with	43
spoken	language	42
spoken	by	39
spoken	french	33
spokesman	for	3
spokesperson	for	6
sponge	cake	6
sponge	to	4
sponge	absorbs	3
sponge	bath	3
spongebob	and	4
sponsor	of	3
sponsored	by	17
sponsoring	the	4
spooked	by	4
spooked	the	4
spooky	in	3
spoon	is	18
spoon	in	16
spoon	or	7
spoon	to	6
spoon	and	4
spoonful	of	13
spoons	are	7
spoons	do	3
spoons	on	3
sport	in	44
sport	is	30
sport	of	16
sport	do	14
sport	that	14
sport	for	11
sporting	events	11
sporting	event	5
sporting	goods	4
sporting	competitions	3
sporting	fixtures	3
sports	car	57
sports	do	24
sports	are	19
sports	and	15
sports	on	15
sports	in	11
spot	for	50
spot	on	38
spot	to	35
spot	in	30
spot	of	14
spot	a	12
spotlight	on	4
spots	on	20
spots	all	7
spots	are	6
spots	of	6
spots	were	5
spots	and	4
spotted	a	47
spotted	the	25
spotted	by	12
spotted	him	8
spotted	in	8
spotting	the	3
spouse	is	11
spouse	has	3
spouses	are	3
spout	is	3
spouting	nonsense	4
sprain	your	5
sprained	his	23
sprained	my	23
sprained	ankle	6
sprained	her	6
sprained	your	4
sprang	from	16
sprang	up	16
sprang	to	9
sprang	out	7
sprang	a	5
sprang	into	4
spray	painted	6
spray	in	5
spray	is	4
spray	bottle	3
spray	with	3
sprayed	the	10
sprayed	his	6
spread	of	120
spread	the	86
spread	out	32
spread	quickly	25
spread	to	23
spread	all	21
spreading	the	10
spreading	false	9
spreading	rumors	8
spreading	in	5
spreading	quickly	4
spreads	easily	4
spreads	its	4
spreads	quickly	4
spreads	the	3
spring	is	78
spring	and	28
spring	has	28
spring	the	26
spring	break	24
spring	in	21
springing	up	3
springs	from	7
springs	to	3
sprinkle	the	5
sprinkle	some	4
sprinkle	cheese	3
sprinkle	salt	3
sprinkle	them	3
sprinkled	with	9
sprinkler	system	5
sprint	after	3
sprint	towards	3
sprouts	are	4
spruce	tree	7
spruce	up	3
sprung	up	6
sprung	to	4
sprung	a	3
spun	around	10
spun	out	7
spun	her	4
spun	gold	3
spur	of	11
spy	on	29
spy	among	5
spy	equipment	4
spy	with	4
spy	is	3
spy	was	3
spying	on	59
squander	time	3
squander	your	3
square	root	30
square	is	29
square	kilometers	21
square	of	19
square	in	17
square	one	17
squared	bishop	6
squared	is	5
squares	of	11
squares	and	6
squares	are	5
squares	to	3
squash	is	3
squash	the	3
squashed	a	4
squashed	my	3
squeaking	sound	3
squeaky	clean	7
squeeze	the	15
squeeze	me	5
squeeze	my	5
squeeze	it	4
squeeze	them	3
squeeze	this	3
squeezed	the	29
squeezed	her	10
squeezed	into	8
squeezed	his	5
squeezed	through	5
squeezed	my	4
squeezing	a	4
squeezing	it	4
squeezing	the	4
squid	ink	10
squirrel	is	22
squirrel	climbed	10
squirrel	was	9
squirrel	and	5
squirrel	ate	5
squirrel	in	5
squirrels	are	17
squirrels	in	5
squirrels	and	4
squirrels	eat	4
squirrels	love	3
squirrels	ran	3
squish	the	3
sri	lanka	38
st	century	52
st	of	39
st	is	16
st	people	9
stab	me	7
stab	you	7
stab	at	6
stab	wounds	5
stab	wound	3
stabbed	him	18
stabbed	the	16
stabbed	in	14
stabbed	me	11
stabbed	to	8
stabbing	layla	4
stabbing	pain	4
stability	of	12
stability	and	9
stability	in	8
stability	is	6
stability	to	3
stabilize	the	12
stabilize	its	3
stable	and	11
stable	is	7
stable	country	5
stable	but	4
stable	door	4
stable	economy	4
stack	of	23
stack	up	5
stacked	the	13
stacked	against	5
stacked	in	5
stacked	on	3
stacked	up	3
stacks	of	6
stadium	was	9
stadium	is	7
stadium	in	5
stadium	at	3
stadium	the	3
stadium	to	3
staff	members	14
staff	meeting	13
staff	is	11
staff	of	10
staff	member	9
staff	in	8
stag	beetle	5
stag	beetles	3
stag	is	3
stage	of	43
stage	to	12
stage	and	11
stage	fright	10
stage	in	10
stage	the	8
staged	a	10
staged	in	5
stages	of	26
stages	in	4
staggered	to	5
stain	on	36
stain	out	13
stain	will	7
stain	is	4
stain	was	3
stained	with	16
stained	glass	15
stained	the	7
stained	my	4
stainless	steel	9
stains	on	19
stains	from	6
stains	and	4
stains	are	3
stains	will	3
stair	and	3
staircase	of	3
staircase	that	3
staircase	was	3
stairs	and	28
stairs	to	20
stairs	are	8
stairs	with	8
stairs	in	7
stairs	because	6
stake	in	10
stake	here	5
stake	my	5
stake	for	4
stake	and	3
stake	of	3
staked	out	3
stakes	are	7
stakes	were	3
stale	bread	16
stale	beer	3
stalin	was	8
stalk	is	3
stalked	by	5
stalked	layla	3
stalker	has	3
stalker	was	3
stalking	layla	8
stalking	me	7
stalking	us	7
stalking	him	6
stalking	the	3
stalks	of	3
stall	and	4
stall	for	3
stall	i	3
stalled	the	6
stalled	in	3
stalling	for	3
stallion	is	3
stalls	were	3
stamina	to	9
stamp	collection	26
stamp	on	22
stamp	to	5
stamp	collector	4
stamp	please	4
stamp	of	3
stamped	out	4
stamped	with	4
stamped	envelope	3
stamps	as	9
stamps	and	8
stamps	on	6
stamps	from	5
stamps	than	4
stamps	to	4
stan	is	3
stance	on	12
stance	is	5
stance	in	4
stance	against	3
stance	of	3
stand	up	232
stand	by	92
stand	the	88
stand	on	87
stand	in	73
stand	for	71
standard	of	28
standard	for	10
standard	chinese	6
standard	english	6
standard	lamp	5
standards	of	21
standards	for	14
standards	are	9
standards	in	5
standards	and	3
standards	they	3
standing	in	229
standing	there	115
standing	on	110
standing	at	88
standing	by	60
standing	up	57
standpoint	of	6
stands	for	86
stands	on	39
stands	in	31
stands	out	29
stands	at	17
stands	up	15
stanford	university	16
stank	of	3
staple	food	7
staple	in	5
stapler	is	3
staples	of	3
star	trek	44
star	of	41
star	in	37
star	is	34
star	wars	34
star	hotel	19
starbucks	for	4
stare	at	58
stare	into	3
stared	at	273
stared	back	15
stared	into	15
stared	down	7
stared	in	7
stared	out	4
stares	at	6
staring	at	401
staring	into	16
staring	out	7
staring	right	7
staring	contest	6
staring	in	6
stark	naked	14
stark	raving	7
starred	in	3
starring	role	3
starry	sky	19
starry	night	11
starry	eyed	4
starry	eyes	3
stars	in	88
stars	are	71
stars	and	45
stars	were	33
stars	shine	24
stars	that	21
starship	enterprise	3
starship	to	3
start	a	213
start	to	154
start	the	139
start	with	116
start	of	101
start	at	97
started	to	1506
started	a	193
started	talking	154
started	walking	134
started	the	122
started	working	116
starting	to	527
starting	a	51
starting	tomorrow	24
starting	with	24
starting	today	19
starting	in	18
startle	you	3
startled	by	20
startled	me	8
startled	when	6
startled	you	6
startled	her	5
startled	him	5
starts	at	96
starts	in	48
starts	to	42
starts	with	42
starts	raining	15
starts	tomorrow	15
starvation	and	6
starvation	in	4
starve	to	26
starve	the	7
starve	than	6
starved	to	24
starved	when	4
starved	the	3
starving	children	7
starving	to	7
starving	and	5
starving	for	4
starving	in	4
starving	people	4
stash	of	9
stashed	away	7
stashed	the	6
state	of	392
state	in	60
state	is	47
state	and	34
state	school	29
state	to	23
stated	that	25
stated	the	7
stated	his	5
stated	a	3
statement	is	45
statement	as	16
statement	of	10
statement	was	10
statement	to	6
statement	tomorrow	6
statements	are	7
statements	to	4
statements	of	3
statements	were	3
staten	island	4
states	and	117
states	of	87
states	is	83
states	in	52
states	has	49
states	that	42
statesman	and	6
statesman	is	4
static	electricity	5
stating	the	16
stating	a	3
stating	that	3
station	is	154
station	to	110
station	at	79
station	in	60
station	and	46
station	by	42
stationed	in	14
stationery	shop	4
stations	are	8
stations	in	6
stations	and	5
stations	does	3
statistical	data	3
statistics	are	12
statistics	show	8
statistics	that	3
statistics	the	3
statistics	to	3
statue	of	70
statue	is	20
statue	was	20
statue	in	17
statue	and	5
statue	belongs	5
statues	of	10
statues	in	9
statues	and	7
statues	are	5
stature	and	5
stature	of	3
status	quo	24
status	of	23
status	in	10
status	and	9
status	is	7
status	on	6
statute	of	10
stay	in	1141
stay	here	911
stay	at	462
stay	with	404
stay	home	352
stay	away	263
stayed	in	480
stayed	at	303
stayed	home	132
stayed	up	104
stayed	with	102
stayed	there	100
staying	in	199
staying	at	165
staying	with	108
staying	here	98
staying	up	57
staying	home	42
stays	in	32
stays	at	17
stays	home	11
stays	up	9
stays	open	8
stays	the	8
steadfast	commitment	3
steadily	in	7
steadily	increasing	5
steadily	over	4
steadily	since	4
steadily	on	3
steady	job	16
steady	and	11
steady	girlfriend	5
steady	with	4
steady	improvement	3
steady	wins	3
steak	is	40
steak	at	29
steak	and	18
steak	was	16
steak	dinner	7
steak	with	7
steaks	were	4
steal	the	41
steal	it	40
steal	from	33
steal	a	22
steal	your	20
steal	that	18
stealing	from	30
stealing	the	23
stealing	my	21
stealing	money	17
stealing	his	15
stealing	a	12
steals	a	7
steals	my	5
steals	money	3
steam	engine	7
steam	train	7
steam	is	4
steam	room	4
steam	and	3
steam	has	3
steamed	up	8
steamed	vegetables	5
steamed	bun	3
steaming	hot	7
steamy	affair	7
steel	is	18
steel	building	10
steel	and	7
steel	production	7
steel	industry	5
steel	to	5
steep	slope	13
steep	hill	12
steep	mountain	8
steep	and	5
steep	for	5
steep	path	3
steer	clear	9
steered	the	3
steering	wheel	35
steering	wheels	5
stefan	was	155
stefan	heard	38
stefan	had	27
stefan	and	26
stefan	went	22
stella	is	6
stem	from	12
stem	cells	8
stem	cell	7
stem	the	7
stem	is	4
stem	and	3
stems	from	16
stems	of	8
stench	of	10
stench	is	6
step	back	66
step	on	64
step	in	49
step	forward	43
step	by	40
step	out	33
stepfather	is	4
stepfather	of	3
stephen	hawking	11
stephen	king	5
stepmother	and	6
stepmother	was	6
stepmother	is	5
stepped	on	101
stepped	out	73
stepped	into	38
stepped	in	30
stepped	inside	20
stepped	outside	19
stepping	on	24
stepping	up	7
stepping	down	5
stepping	into	5
stepping	out	5
stepping	stones	3
steps	to	54
steps	and	17
steps	in	12
steps	back	11
steps	of	9
steps	toward	8
stereo	set	4
stereotype	of	3
stereotype	that	3
stereotypes	and	15
stereotypes	about	7
stereotypes	are	4
stereotypes	of	3
sterling	silver	4
stern	and	9
stern	look	6
stern	face	3
stern	talking	3
steroids	and	4
steroids	were	3
steve	is	6
steve	jobs	3
steve	looks	3
steven	spielberg	3
steven	was	3
stew	for	9
stew	is	8
stew	at	4
stew	with	4
stew	was	3
steward	of	6
stick	to	128
stick	around	55
stick	with	46
stick	together	36
stick	your	26
stick	in	18
sticker	on	8
sticker	off	5
stickers	on	6
sticking	out	25
sticking	around	15
sticking	to	12
sticking	with	6
sticking	my	5
sticking	your	5
stickler	for	7
sticks	to	16
sticks	and	15
sticks	around	11
sticks	out	8
sticks	for	5
sticks	together	3
sticky	spots	14
sticky	fingers	8
sticky	rice	6
sticky	or	5
sticky	situation	5
sticky	with	4
stiff	and	10
stiff	neck	5
stiff	upper	5
stiff	as	4
stiff	today	3
stiff	with	3
stifled	a	5
stigma	against	5
stigma	of	3
stigma	surrounding	3
still	have	674
still	a	561
still	in	525
still	not	342
stillness	of	9
stillness	we	5
stimulate	the	13
stimulate	its	4
stimulate	economic	3
stimulated	by	3
stimulated	my	3
stimulated	the	3
stimulates	the	7
stimulus	package	4
stimulus	to	3
sting	of	9
sting	you	8
sting	in	3
sting	is	3
sting	operation	3
stings	a	3
stings	kill	3
stingy	with	5
stingy	man	3
stink	bug	10
stink	in	3
stink	of	3
stinking	of	4
stinking	rich	3
stinks	in	6
stinks	of	4
stinks	to	4
stinks	here	3
stinky	dog	3
stinky	feet	3
stint	in	5
stint	there	3
stir	the	18
stir	fry	12
stir	up	10
stir	until	7
stir	it	6
stir	in	3
stirred	the	20
stirred	up	12
stirred	her	5
stirred	his	4
stirring	up	5
stirring	in	4
stirring	my	4
stirring	the	3
stirring	until	3
stitch	in	4
stitch	of	3
stitches	on	3
stock	market	71
stock	exchange	22
stock	of	22
stock	prices	22
stock	up	16
stock	price	7
stocked	with	6
stocked	up	3
stocking	up	4
stockings	are	6
stockings	and	3
stocks	are	11
stocks	and	3
stocks	fell	3
stole	my	200
stole	the	148
stole	his	75
stole	a	74
stole	it	30
stolen	from	44
stolen	the	44
stolen	my	28
stolen	money	23
stolen	car	15
stolen	in	15
stomach	is	35
stomach	ache	32
stomach	hurts	29
stomach	and	12
stomach	pain	9
stomach	was	9
stomachs	and	3
stomachs	still	3
stomp	on	6
stomped	on	11
stomping	on	3
stone	at	26
stone	is	22
stone	and	21
stone	in	18
stone	was	18
stone	unturned	17
stoned	to	4
stones	at	27
stones	and	12
stones	are	12
stones	into	7
stones	in	6
stones	to	6
stood	up	218
stood	there	152
stood	in	147
stood	on	89
stood	by	70
stood	at	49
stool	and	3
stool	if	3
stool	next	3
stoop	to	8
stoop	down	4
stop	the	230
stop	doing	187
stop	being	152
stop	talking	148
stop	it	131
stop	smoking	129
stopped	to	92
stopped	and	90
stopped	by	87
stopped	working	87
stopped	at	80
stopped	the	79
stopping	you	16
stopping	the	13
stopping	to	9
stopping	by	7
stopping	for	6
stops	raining	42
stops	at	18
stops	and	9
stops	in	9
stops	here	8
stops	to	6
storage	room	20
storage	space	16
storage	unit	12
storage	area	5
storage	facility	3
storage	for	3
store	is	127
store	for	64
store	in	55
store	and	54
store	was	53
store	to	50
stored	in	31
stored	the	22
stored	for	7
stored	his	6
stored	that	3
stores	and	25
stores	are	22
stores	in	18
stores	were	8
stores	have	7
stores	will	6
stories	about	77
stories	to	42
stories	of	39
stories	are	37
stories	in	25
stories	that	19
storm	is	61
storm	was	34
storm	has	19
storm	the	18
storm	in	16
storm	last	12
stormed	out	70
stormed	off	31
stormed	into	9
stormed	the	9
stormed	away	3
stormed	back	3
storming	out	3
storming	the	3
storms	and	18
storms	are	7
storms	of	6
storms	on	4
storms	have	3
stormy	night	8
stormy	day	6
stormy	weather	6
stormy	sea	5
story	is	226
story	of	144
story	to	102
story	was	93
story	about	75
story	in	57
stout	man	3
stove	is	14
stove	and	12
stove	on	7
stove	off	6
stove	for	5
stove	to	5
stow	your	4
stow	away	3
straight	to	193
straight	away	106
straight	home	55
straight	ahead	40
straight	line	40
straight	in	34
straighten	out	13
straighten	your	9
straighten	up	6
straighten	it	5
straighten	the	4
straighten	my	3
straightened	up	11
straightened	out	7
straightened	her	4
straightened	his	3
straightening	up	3
straightforward	and	5
strain	of	15
strain	on	9
strain	and	8
strain	yourself	4
strain	is	3
strain	your	3
strained	relationship	6
strained	the	4
strained	by	3
strained	his	3
strained	to	3
strains	of	7
strait	of	16
strait	is	3
strand	of	6
strand	is	3
stranded	in	28
stranded	on	23
stranded	at	5
strands	of	4
strange	that	100
strange	to	74
strange	things	67
strange	noise	44
strange	noises	30
strange	sound	30
strangely	enough	10
strangely	the	5
strangely	beautiful	3
strangely	i	3
strangely	quiet	3
stranger	to	43
stranger	in	23
stranger	came	20
stranger	here	14
stranger	who	11
stranger	than	8
strangers	and	10
strangers	in	8
strangers	on	8
strangers	online	3
strangers	to	3
strangest	thing	8
strangest	dream	4
strangle	her	7
strangle	him	7
strangle	layla	6
strangle	the	4
strangled	layla	5
strangled	her	4
strangled	to	4
strangled	by	3
strap	on	5
strapped	to	8
strapped	down	3
strapped	for	3
strategic	and	4
strategic	importance	4
strategic	interests	4
strategic	partnership	4
strategic	economic	3
strategic	planning	3
strategies	for	9
strategies	to	9
strategist	and	3
strategy	to	17
strategy	is	9
strategy	will	7
strategy	worked	7
strategy	that	5
straw	hat	14
straw	that	9
straw	and	4
straw	is	4
straw	so	4
straw	into	3
strawberries	are	18
strawberries	and	14
strawberries	in	12
strawberries	on	3
strawberry	tree	76
strawberry	trees	20
strawberry	jam	14
strawberry	ice	11
strawberry	smoothie	10
strawberry	smoothies	5
stray	dog	17
stray	cats	15
stray	dogs	14
stray	cat	7
stray	bullet	4
stray	from	3
strayed	from	4
strayed	into	3
streak	in	4
streak	of	4
streaks	of	5
stream	of	43
stream	is	13
stream	and	6
stream	in	5
stream	which	5
stream	flows	4
streaming	down	11
streaming	in	5
streaming	hair	4
streaming	services	4
streaming	platforms	3
streaming	through	3
streams	and	14
streams	of	7
streams	in	4
streams	that	3
street	is	122
street	was	66
street	from	63
street	and	52
street	in	37
street	has	29
streets	of	74
streets	are	70
streets	and	31
streets	in	27
streets	were	26
streets	to	11
strength	to	86
strength	of	81
strength	and	50
strength	in	38
strength	is	27
strength	left	12
strengthen	the	18
strengthen	its	14
strengthen	our	8
strengthen	your	7
strengthen	their	5
strengthened	the	4
strengthened	by	3
strengthened	its	3
strengthening	its	4
strengthening	of	3
strengthening	our	3
strengths	and	19
stress	and	21
stress	is	17
stress	of	13
stress	disorder	10
stress	can	9
stress	in	9
stressed	out	37
stressed	the	12
stressed	lately	5
stressed	that	5
stressed	in	4
stressed	on	4
stressful	day	11
stressful	for	8
stressful	job	6
stressful	environment	3
stressful	lives	3
stressful	situation	3
stressing	the	4
stressing	me	3
stretch	of	35
stretch	out	12
stretch	your	11
stretch	my	10
stretch	forth	9
stretch	the	8
stretched	out	34
stretched	his	9
stretched	forth	8
stretched	and	6
stretched	around	5
stretched	all	4
stretches	of	7
stretches	for	4
stretches	across	3
stretches	from	3
stretches	over	3
stretching	exercises	5
stretching	my	5
stretching	his	4
stretching	from	3
stretching	it	3
stretching	out	3
strewn	with	10
strewn	about	6
strewn	across	5
strewn	all	5
strewn	everywhere	3
stricken	with	4
strict	with	25
strict	diet	18
strict	rules	13
strict	and	11
strict	about	9
strict	teacher	8
strictly	speaking	34
strictly	forbidden	11
strictly	prohibited	8
strictly	for	4
strictly	professional	4
strictly	a	3
strides	in	9
strike	the	18
strike	a	15
strike	for	14
strike	it	13
strike	me	12
strike	you	12
strikes	me	13
strikes	in	5
strikes	seriously	4
strikes	the	4
strikes	are	3
striking	the	6
striking	resemblance	5
striking	for	3
striking	workers	3
string	of	22
string	is	12
string	theory	10
string	and	7
string	instrument	7
string	to	7
strings	attached	8
strings	on	6
strings	and	5
strings	to	3
strip	club	16
strip	of	13
strip	mall	6
strip	joint	5
strip	clubs	4
strip	naked	4
striped	shirt	7
striped	sweater	6
striped	bass	4
stripes	of	4
stripes	and	3
stripes	on	3
stripped	the	12
stripped	of	10
stripped	off	5
stripping	in	4
strips	of	4
strive	to	47
strive	for	43
striving	for	16
striving	to	9
stroke	of	22
stroke	order	5
stroked	his	8
stroked	her	6
stroked	my	4
stroked	the	4
stroking	his	5
stroking	the	3
stroll	around	6
stroll	in	6
stroll	through	4
stroll	on	3
stroller	is	3
strolling	along	4
strolling	around	3
strolling	through	3
strong	enough	98
strong	and	89
strong	as	76
strong	wind	66
strong	smell	23
strong	winds	21
stronger	than	178
stronger	and	15
stronger	now	8
stronger	with	7
stronger	each	6
stronger	the	5
strongest	language	18
strongest	of	6
strongest	in	5
strongest	man	5
strongest	candidate	4
strongest	reasons	3
stronghold	of	4
strongly	advise	13
strongly	about	9
strongly	in	7
strongly	opposed	7
strongly	suggest	7
strongly	believe	6
struck	by	82
struck	the	42
struck	me	35
struck	a	29
struck	with	25
struck	up	18
structural	reforms	6
structural	and	3
structure	of	62
structure	and	23
structure	is	19
structure	in	9
structure	was	6
structure	to	5
structures	and	10
structures	of	7
structures	in	6
structures	that	6
structures	are	3
structures	such	3
struggle	to	58
struggle	with	30
struggle	for	22
struggle	and	10
struggle	against	8
struggle	between	4
struggled	to	126
struggled	with	42
struggled	for	8
struggled	against	6
struggled	a	3
struggles	with	18
struggles	to	10
struggling	to	108
struggling	with	50
struggling	for	17
struggling	lately	3
struggling	more	3
strung	up	3
strut	around	3
strutting	around	3
stubborn	as	16
stubborn	and	8
stubborn	person	7
stubborn	to	6
stubborn	man	5
stuck	in	333
stuck	to	60
stuck	here	42
stuck	on	33
stuck	his	30
stuck	with	25
student	in	81
student	is	47
student	of	42
student	at	41
student	i	34
student	has	31
students	are	175
students	in	137
students	were	103
students	to	95
students	have	62
students	who	54
studied	french	139
studied	the	96
studied	hard	59
studied	in	59
studied	for	56
studied	english	52
studies	in	63
studies	at	26
studies	the	26
studies	have	24
studies	of	19
studies	are	15
studio	in	8
studio	apartment	7
studio	is	6
studio	museum	4
studio	audience	3
studio	was	3
study	french	446
study	of	160
study	in	150
study	english	122
study	the	116
study	hard	97
studying	french	279
studying	the	89
studying	english	87
studying	in	73
studying	for	67
stuff	in	58
stuff	like	54
stuff	is	42
stuff	to	33
stuff	and	26
stuff	on	26
stuffed	animals	13
stuffed	with	12
stuffed	the	11
stuffed	animal	10
stuffed	peppers	4
stuffed	up	4
stuffing	himself	3
stuffing	your	3
stuffy	in	13
stuffy	nose	3
stumble	over	3
stumbled	upon	27
stumbled	and	10
stumbled	across	7
stumbled	on	7
stumbled	into	6
stumbled	over	6
stumbling	block	4
stun	grenades	4
stun	gun	4
stung	by	55
stung	me	12
stung	him	6
stung	my	3
stung	with	3
stunned	by	33
stunned	to	9
stunned	when	5
stunned	me	4
stunned	and	3
stunned	her	3
stunning	view	10
stunning	on	3
stupid	to	77
stupid	things	61
stupid	thing	56
stupid	idea	47
stupid	as	39
stupid	of	33
stupidest	thing	16
stupidest	movie	8
stupidest	idea	4
stupidity	is	22
stupidity	of	5
stupidity	and	4
stupidity	are	3
stupidity	knows	3
sturdy	branch	3
style	of	68
style	is	24
style	and	21
style	in	11
style	was	9
style	as	6
styles	that	4
styles	of	3
stylish	and	5
stylish	hat	4
stylish	black	3
sub	atomic	4
sub	human	4
subatomic	particles	8
subdue	the	4
subdued	by	4
subject	to	124
subject	of	61
subject	is	45
subject	in	25
subject	at	19
subject	for	16
subjected	to	45
subjective	and	4
subjective	or	3
subjects	are	11
subjects	in	10
subjects	at	5
subjects	that	5
subjects	were	5
subjects	like	4
sublime	and	4
submarine	can	6
submarine	probe	3
submerged	in	9
submission	to	4
submissive	to	4
submissive	and	3
submit	to	27
submit	it	9
submit	the	9
submit	your	9
submit	a	7
submit	this	3
submitted	to	14
submitted	the	11
submitted	his	8
submitted	a	7
submitted	my	4
submitted	by	3
submitting	it	5
submitting	your	5
subordinate	to	4
subpoenaed	to	4
subscribe	to	41
subscribe	and	3
subscribe	button	3
subscription	to	8
subscription	fee	3
subscription	is	3
subscription	service	3
subsidies	and	3
subsidies	to	3
substance	is	15
substance	in	11
substance	and	10
substance	that	8
substance	which	5
substance	was	4
substances	are	6
substances	in	5
substances	like	3
substantial	amount	7
substitute	for	33
substitute	teacher	28
substitute	machines	3
subtitled	or	3
subtitles	for	5
subtitles	in	4
subtle	differences	5
subtle	difference	4
subtlety	of	4
suburb	in	15
suburb	of	15
suburban	area	6
suburban	neighborhood	5
suburban	life	3
suburbs	of	29
suburbs	to	3
suburbs	with	3
subway	station	31
subway	to	15
subway	is	14
subway	in	8
subway	every	6
subway	map	6
succeed	in	104
succeed	or	14
succeed	you	14
succeed	to	13
succeed	without	12
succeed	at	10
succeeded	in	142
succeeded	to	19
succeeded	because	11
succeeded	by	7
succeeded	if	6
succeeded	without	5
succeeding	in	7
succeeds	in	10
succeeds	without	3
success	in	69
success	is	62
success	of	48
success	to	37
success	was	33
success	and	16
successes	in	3
successful	in	35
successful	and	12
successful	business	12
successful	businessman	12
successful	at	8
successfully	completed	6
successfully	landed	5
successfully	passed	4
successfully	attract	3
successfully	in	3
successfully	solved	3
succession	of	13
succumb	to	12
succumbed	to	22
such	a	2649
such	as	761
such	an	276
such	things	112
such	thing	107
such	is	40
suck	at	10
suck	my	9
suck	the	7
suck	you	7
suck	eggs	4
suck	it	4
sucked	into	14
sucked	his	5
sucked	in	5
sucked	my	5
sucked	on	4
sucker	for	10
sucking	his	7
sucking	up	7
sucking	face	6
sucking	on	4
sucking	her	3
sucking	my	3
sucks	at	6
sucks	up	6
sucks	to	4
sucks	his	3
suction	cup	3
suction	cups	3
sudan	is	7
sudan	and	4
sudden	death	28
sudden	change	23
sudden	the	18
sudden	appearance	16
sudden	i	11
sudden	noise	10
suddenly	the	59
suddenly	appeared	40
suddenly	i	36
suddenly	he	35
suddenly	a	32
suddenly	stopped	29
sue	you	13
sue	him	11
sue	them	10
sue	her	9
sue	and	7
sue	layla	7
sued	the	10
sued	for	8
sued	mina	8
sued	by	3
sued	him	3
sued	them	3
suez	canal	19
suffer	from	142
suffer	the	20
suffer	a	11
suffer	in	11
suffer	because	9
suffer	and	6
suffered	from	103
suffered	a	101
suffered	the	11
suffered	enough	9
suffered	heavy	9
suffered	more	6
suffering	from	205
suffering	a	17
suffering	of	17
suffering	and	16
suffering	because	10
suffering	is	9
suffers	from	109
suffice	to	7
suffice	for	4
suffice	it	3
sufficient	to	15
sufficient	for	14
sufficiently	advanced	4
sufficiently	well	3
suffocate	on	4
suffocated	by	3
suffocated	her	3
suffocated	him	3
suffocated	to	3
suffocating	in	5
sugar	in	122
sugar	and	61
sugar	is	31
sugar	to	27
sugar	cane	14
sugar	for	14
sugars	are	3
sugars	in	3
suggest	you	197
suggest	that	168
suggest	we	88
suggest	a	21
suggest	i	17
suggest	something	12
suggested	that	152
suggested	we	25
suggested	to	22
suggested	the	21
suggested	it	17
suggested	a	13
suggesting	that	40
suggesting	i	9
suggesting	we	5
suggesting	is	4
suggesting	you	3
suggestion	is	12
suggestion	that	9
suggestion	of	7
suggestion	to	5
suggestion	was	5
suggestion	seems	4
suggestions	for	7
suggestions	are	3
suggestions	i	3
suggestions	to	3
suggestions	were	3
suggests	that	45
suggests	the	12
suicidal	thoughts	9
suicidal	tendencies	3
suicide	by	23
suicide	is	20
suicide	in	16
suicide	note	10
suicide	bomber	8
suicide	but	5
suing	the	3
suit	me	40
suit	you	36
suit	is	29
suit	and	27
suit	for	21
suit	to	16
suitable	for	110
suitable	place	7
suitable	person	5
suitable	to	5
suitable	as	4
suitable	topic	4
suitcase	is	30
suitcase	for	27
suitcase	to	12
suitcase	was	12
suitcase	in	11
suitcase	here	9
suitcases	are	14
suitcases	for	12
suitcases	here	9
suitcases	and	6
suitcases	to	6
suitcases	is	5
suite	in	3
suited	to	26
suited	for	25
suited	me	3
suits	you	64
suits	me	22
suits	her	11
suits	him	8
suits	are	4
suits	made	4
sulfur	and	3
sulfur	dioxide	3
sultan	is	3
sum	of	105
sum	up	14
sum	to	4
sum	game	3
sum	in	3
summarize	it	8
summarize	the	8
summarize	what	5
summary	of	12
summary	is	5
summer	vacation	182
summer	is	99
summer	i	66
summer	in	59
summer	camp	48
summer	holidays	38
summers	in	12
summers	are	10
summers	ago	7
summit	of	39
summit	in	8
summit	conference	5
summit	is	5
summit	at	4
summit	i	4
summon	a	8
summon	the	4
summoned	to	4
summoned	his	3
summoned	the	3
summoned	up	3
sumo	wrestler	7
sumo	is	5
sumo	wrestling	4
sumo	wrestlers	3
sums	of	6
sums	in	3
sums	up	3
sun	is	273
sun	was	115
sun	and	88
sun	has	52
sun	will	39
sun	rises	36
sunbathing	on	10
sunday	morning	38
sunday	is	27
sunday	afternoon	21
sunday	school	21
sunday	in	17
sunday	i	16
sundays	i	9
sundays	and	3
sundays	he	3
sundays	we	3
sunflower	seeds	12
sunflower	oil	7
sunflowers	are	3
sung	in	21
sung	that	20
sung	with	7
sung	a	4
sung	to	4
sung	by	3
sunglasses	are	17
sunglasses	to	11
sunglasses	on	10
sunglasses	i	9
sunglasses	in	9
sunglasses	off	9
sunk	in	8
sunk	into	6
sunk	below	5
sunk	to	4
sunken	in	3
sunken	ship	3
sunlight	is	15
sunlight	and	10
sunlight	to	5
sunlight	from	4
sunlight	was	4
sunny	day	41
sunny	tomorrow	21
sunny	days	17
sunny	afternoon	13
sunny	today	12
sunny	weather	10
sunrise	to	7
sunrise	and	6
sunrise	is	6
sunrise	or	6
sunrise	from	3
sunrise	was	3
suns	in	8
sunscreen	on	7
sunscreen	to	7
sunscreen	and	4
sunset	is	14
sunset	from	12
sunset	over	6
sunset	the	5
sunset	with	3
sunshine	and	13
sunshine	of	10
sunshine	is	8
sunshine	the	7
sunshine	in	6
sunshine	to	5
suntan	lotion	4
super	bowl	25
super	cute	15
super	easy	13
super	nice	13
super	excited	11
super	friendly	10
superficial	knowledge	5
superficial	and	3
superhuman	strength	4
superior	to	101
superior	in	8
superior	intellect	7
superior	and	6
superior	man	4
superiority	complex	10
superiority	of	5
superiority	is	3
superman	is	5
superman	can	3
supermarket	is	24
supermarket	and	19
supermarket	in	17
supermarket	to	17
supermarket	on	14
supermarket	today	11
supermarkets	and	8
supermarkets	in	4
supermarkets	are	3
supernatural	beings	4
supersonic	speeds	4
superstition	is	5
superstition	and	3
superstition	in	3
superstition	that	3
superstitious	people	5
superstitious	person	5
supervise	this	3
supervised	the	5
supervising	the	6
supervision	of	3
supervisor	is	3
supervisors	of	3
supper	i	8
supper	is	8
supper	at	6
supper	yet	5
supper	and	4
supper	was	4
supplied	with	16
supplied	the	12
supplied	to	3
supplier	of	8
supplies	are	15
supplies	and	13
supplies	for	12
supplies	of	12
supplies	in	10
supplies	the	10
supply	of	48
supply	chain	25
supply	and	19
supply	is	9
supply	in	7
supply	the	7
support	the	80
support	for	67
support	you	55
support	of	49
support	his	44
support	your	31
supported	by	55
supported	the	27
supported	her	17
supported	him	12
supported	me	12
supported	his	11
supporter	of	21
supporters	of	14
supporters	are	5
supporters	and	3
supporters	were	3
supporting	the	22
supporting	me	8
supporting	their	7
supporting	you	5
supporting	a	4
supporting	western	4
supportive	of	14
supportive	family	4
supports	the	33
supports	her	11
supports	me	11
supports	a	5
supports	western	5
supports	his	4
suppose	you	87
suppose	i	76
suppose	that	71
suppose	it	25
suppose	we	23
supposed	to	2458
supposed	that	10
supposedly	haunted	3
supposing	you	3
suppress	the	17
suppress	his	5
suppress	my	5
suppress	her	4
suppress	your	4
suppressed	a	4
suppressed	his	3
suppressed	the	3
suppression	of	6
supremacy	of	3
supreme	court	47
supreme	power	5
supreme	art	3
supreme	commander	3
supreme	leader	3
sur	mer	3
sure	that	1023
sure	you	793
sure	to	364
sure	i	327
sure	what	286
sure	of	246
surely	you	27
surely	be	16
surely	the	13
surely	not	9
surely	there	9
surely	a	8
surf	the	8
surf	and	3
surf	in	3
surface	of	137
surface	is	32
surface	and	20
surface	temperature	11
surface	to	11
surface	the	8
surfaced	in	3
surfing	the	12
surfing	with	8
surfing	in	3
surfing	is	3
surge	in	25
surge	of	17
surgeon	has	3
surgeon	in	3
surgeon	operated	3
surgeon	persuaded	3
surgeon	removed	3
surgeon	to	3
surgeries	and	4
surgeries	in	3
surgery	is	17
surgery	on	12
surgery	and	10
surgery	for	9
surgery	was	9
surgery	in	8
surgical	procedure	4
surgical	masks	3
surgical	operation	3
surgical	removal	3
surname	is	11
surname	pronounced	4
surpass	me	4
surpass	the	4
surpass	them	4
surpass	you	4
surpassed	the	7
surpassed	one	3
surplus	of	6
surplus	has	3
surprise	me	68
surprise	you	54
surprise	for	51
surprise	to	37
surprise	party	27
surprise	her	24
surprised	to	184
surprised	by	124
surprised	that	122
surprised	at	105
surprised	me	71
surprised	when	67
surprises	me	18
surprises	her	8
surprises	you	4
surprises	him	3
surprises	in	3
surprising	that	23
surprising	to	10
surprising	at	9
surprising	how	7
surprising	discovery	5
surprising	me	3
surprisingly	good	6
surprisingly	he	6
surprisingly	the	6
surprisingly	difficult	4
surprisingly	low	4
surprisingly	well	4
surrender	to	11
surrender	and	3
surrender	your	3
surrendered	to	16
surrendered	in	4
surrendered	without	3
surround	the	14
surround	himself	9
surround	yourself	4
surround	myself	3
surrounded	by	369
surrounded	the	41
surrounded	himself	6
surrounded	him	5
surrounded	with	5
surrounded	on	4
surrounding	the	21
surrounding	area	16
surrounding	him	5
surrounding	a	4
surrounding	woods	4
surrounding	his	3
surroundings	in	6
surroundings	and	5
surroundings	were	3
surrounds	the	19
surrounds	us	5
surrounds	himself	3
surrounds	me	3
surveillance	cameras	11
surveillance	camera	9
surveillance	footage	6
survey	of	20
survey	the	6
survey	by	5
survey	in	4
survey	revealed	3
survey	shows	3
surveying	the	4
survival	of	19
survival	is	7
survival	skills	6
survival	in	4
survival	rate	4
survival	training	4
survive	the	44
survive	in	38
survive	on	36
survive	this	26
survive	without	26
survive	and	10
survived	the	109
survived	a	18
survived	unharmed	8
survived	for	6
survived	his	5
survived	that	5
survives	in	3
surviving	on	3
survivor	of	6
survivor	in	3
survivors	were	11
survivors	of	7
survivors	are	5
survivors	from	4
survivors	in	4
susan	is	13
susan	and	3
susan	greene	3
susan	was	3
susceptible	to	23
sushi	is	10
sushi	and	8
sushi	every	7
sushi	restaurant	7
sushi	place	5
sushi	with	5
susie	can	3
susie	lent	3
suspect	that	67
suspect	was	27
suspect	me	12
suspect	anything	10
suspect	in	10
suspect	is	10
suspected	that	32
suspected	of	28
suspected	it	10
suspected	anything	8
suspected	him	8
suspected	mina	8
suspecting	something	3
suspects	are	5
suspects	have	5
suspects	in	5
suspects	were	5
suspects	fled	3
suspend	the	3
suspend	your	3
suspended	from	24
suspended	for	16
suspended	in	13
suspended	because	8
suspended	the	7
suspended	on	3
suspending	the	4
suspense	is	4
suspension	bridge	8
suspension	of	7
suspicion	of	16
suspicion	that	9
suspicion	and	7
suspicions	to	6
suspicions	were	5
suspicions	about	4
suspicions	are	3
suspicious	of	36
suspicious	about	13
suspicious	looking	5
suspicious	man	5
suspicious	to	5
suspicious	links	4
sustain	the	6
sustain	a	4
sustain	its	3
sustain	life	3
sustain	my	3
sustainable	development	23
sustainable	agriculture	7
sustainable	and	7
sustainable	energy	6
sustainable	way	5
sustainable	growth	4
sustained	a	4
sustained	serious	3
suv	in	3
suv	is	3
suzuki	is	7
suzuki	persuaded	3
swahili	is	4
swallow	the	11
swallow	his	8
swallow	a	7
swallow	it	7
swallow	is	6
swallow	my	6
swallowed	a	23
swallowed	the	23
swallowed	it	7
swallowed	my	7
swallowed	up	7
swallowed	his	6
swallowing	a	3
swallowing	an	3
swallows	are	11
swallows	fly	6
swallows	will	3
swam	in	52
swam	across	22
swam	to	18
swam	for	12
swam	there	10
swam	with	7
swamp	provided	3
swamp	was	3
swamp	where	3
swamped	with	7
swamps	are	4
swamps	of	3
swan	is	6
swan	and	3
swan	the	3
swans	are	4
swap	places	6
swap	horses	3
swap	it	3
swap	their	3
swapped	clothes	3
swarm	of	18
swarming	with	10
swarming	around	4
sway	in	5
sway	of	4
swayed	by	9
swayed	in	6
swayed	gently	4
swaying	in	5
swaying	to	3
swear	i	50
swear	that	43
swear	to	43
swear	on	17
swear	by	15
swear	in	15
swearing	at	8
swearing	in	3
swearing	off	3
swearing	that	3
swears	he	7
swears	she	7
swears	like	5
swears	when	5
sweat	ran	11
sweat	of	10
sweat	from	8
sweat	a	6
sweat	is	6
sweat	and	5
sweater	is	30
sweater	on	21
sweater	for	17
sweater	in	8
sweater	that	8
sweater	because	6
sweating	and	6
sweating	like	6
sweating	in	5
sweating	bullets	3
sweating	so	3
sweden	is	19
sweden	and	12
sweden	a	6
sweden	has	6
sweden	in	5
sweden	to	4
swedes	are	3
swedish	and	14
swedish	embassy	5
swedish	as	4
swedish	is	4
swedish	meatballs	3
swedish	people	3
sweep	the	55
sweep	my	5
sweep	of	5
sweep	it	4
sweep	them	3
sweep	up	3
sweeping	the	20
sweeping	across	3
sweeps	the	5
sweet	and	73
sweet	potatoes	21
sweet	dreams	19
sweet	tooth	19
sweet	of	17
sweet	as	15
sweeter	than	11
sweeter	to	3
sweetest	and	5
sweetest	person	4
sweetest	thing	4
sweetness	of	16
sweets	are	11
sweets	and	8
sweets	in	7
sweets	from	4
sweets	i	3
sweets	with	3
swell	up	5
swelled	up	11
swelled	to	3
swelling	down	3
swelling	has	3
swelling	of	3
swelling	on	3
swelling	with	3
swept	the	30
swept	away	18
swept	through	9
swept	under	9
swept	over	7
swept	up	6
swerve	to	3
swerved	to	12
swerved	off	3
swerved	the	3
swift	and	8
swift	as	4
swift	tuttle	4
swift	is	3
swift	kick	3
swiftly	down	3
swig	of	8
swig	from	3
swim	in	192
swim	across	68
swim	well	63
swim	here	55
swim	as	34
swim	very	34
swimmer	as	4
swimmer	than	4
swimmer	are	3
swimmer	in	3
swimmers	are	4
swimming	in	219
swimming	pool	180
swimming	with	66
swimming	today	53
swimming	is	36
swimming	together	23
swims	well	10
swims	in	7
swims	like	7
swims	very	7
swims	better	5
swims	by	4
swimsuit	is	3
swindled	him	4
swindled	me	3
swine	flu	7
swing	by	8
swing	and	5
swing	with	5
swing	in	4
swing	on	4
swing	the	4
swinging	on	5
swinging	in	4
swinging	the	3
swings	and	6
swings	in	4
swirling	around	3
swiss	cheese	9
swiss	and	7
swiss	passport	5
swiss	alps	4
swiss	german	4
swiss	keyboard	4
switch	off	50
switch	the	34
switch	to	33
switch	on	23
switch	is	18
switch	in	9
switched	off	46
switched	the	32
switched	on	30
switched	to	23
switched	his	6
switched	places	5
switches	are	5
switches	on	3
switches	were	3
switching	between	10
switching	to	7
switching	off	5
switching	the	4
switching	seats	3
switzerland	is	29
switzerland	and	16
switzerland	of	5
switzerland	has	4
switzerland	have	4
swivel	chair	6
swollen	and	7
swollen	belly	3
swollen	up	3
sword	is	19
sword	and	16
sword	in	9
sword	of	9
sword	to	8
sword	was	8
swords	and	12
swords	into	6
swore	that	39
swore	to	34
swore	he	22
swore	she	12
sworn	in	14
sworn	i	13
sworn	to	11
sworn	that	6
sworn	at	3
sworn	enemies	3
swung	the	19
swung	open	9
swung	his	4
swung	back	3
swung	its	3
sydney	is	9
sydney	today	4
sydney	to	3
syllable	is	7
syllable	of	4
symbol	of	122
symbol	is	13
symbol	for	9
symbol	in	4
symbol	means	4
symbol	stands	4
symbolism	in	4
symbolize	the	7
symbolizes	peace	3
symbolizes	the	3
symbols	of	13
symbols	in	7
symbols	are	6
symbols	and	4
symbols	carved	3
symbols	on	3
symmetry	of	3
sympathetic	to	10
sympathetic	ear	3
sympathetic	enough	3
sympathize	with	15
sympathy	for	25
sympathy	with	6
sympathy	and	4
sympathy	is	4
sympathy	in	3
sympathy	was	3
symphony	of	7
symphony	orchestra	7
symphony	is	6
symptom	of	21
symptoms	of	39
symptoms	are	9
symptoms	and	7
symptoms	to	5
symptoms	get	4
symptoms	persist	4
synchronized	swimming	4
syndrome	is	11
syne	at	3
synonymous	with	26
synthetic	biology	3
synthetic	language	3
syracuse	university	3
syria	and	14
syria	is	14
syria	to	10
syria	the	3
syrian	refugees	9
syrian	passport	3
syrian	president	3
syringe	to	5
syringe	is	3
syrup	is	7
syrup	on	5
syrup	contains	3
syrup	to	3
system	is	153
system	of	86
system	that	58
system	and	50
system	in	49
system	to	35
systematic	and	4
systems	of	18
systems	are	17
systems	in	14
systems	and	13
systems	that	11
systems	to	8
tab	for	4
tabby	cats	3
table	is	140
table	and	106
table	for	83
table	in	74
table	with	59
table	was	41
tablecloth	on	6
tablecloth	is	5
tablecloth	in	3
tables	in	16
tables	and	10
tables	were	10
tables	on	7
tables	at	6
tables	have	5
tablet	is	6
tablet	on	4
tablet	computer	3
tablet	in	3
tablet	with	3
tablets	of	4
tablets	and	3
taboo	around	3
tabs	open	4
tabs	on	3
tac	toe	3
tackle	the	16
tackle	this	10
tackle	box	5
tackle	a	3
tackle	that	3
tackled	the	4
tackling	the	4
tackling	climate	3
taco	bell	4
tactical	nuclear	7
tactical	maneuvers	3
tactics	to	7
tactics	are	4
tad	more	4
tag	along	15
tag	on	10
tag	to	5
tag	with	4
tag	in	3
tagged	the	4
tagged	along	3
tagged	it	3
tagging	along	3
tags	on	3
tags	to	3
tai	chi	4
tail	of	29
tail	and	26
tail	is	19
tail	between	7
tail	that	6
tail	feathers	5
tailed	deer	3
tailing	me	5
tailor	made	6
tailor	is	4
tailor	make	3
tailored	to	5
tails	of	12
tails	and	6
tails	when	3
tails	you	3
tainted	by	4
tainted	with	3
taipei	is	4
taiwan	is	49
taiwan	was	9
taiwan	will	8
taiwan	and	6
taiwan	has	6
taiwan	to	5
taiwanese	food	3
taj	mahal	14
take	a	2587
take	the	1254
take	care	1230
take	it	725
take	you	603
take	your	553
taken	to	207
taken	the	124
taken	a	121
taken	care	90
taken	in	83
taken	away	72
takeoff	and	5
takeoff	stages	3
takeout	from	3
takeover	of	3
takes	a	248
takes	to	114
takes	place	79
takes	the	73
takes	time	66
takes	care	54
takeshi	is	3
taking	a	529
taking	the	241
taking	care	183
taking	pictures	98
taking	place	75
taking	off	64
tale	of	21
tale	is	13
tale	the	5
tale	and	4
tale	life	3
tale	told	3
talent	for	64
talent	is	18
talent	in	8
talent	and	7
talent	but	7
talent	to	7
talented	musician	8
talented	people	8
talented	artist	7
talented	young	6
talented	as	5
talents	could	6
talents	and	4
talents	to	4
talents	our	3
talents	that	3
tales	of	14
tales	for	5
tales	have	4
tales	about	3
tales	are	3
tales	to	3
taliban	are	5
taliban	have	3
talk	to	3104
talk	about	1848
talk	with	368
talk	in	89
talk	like	73
talk	of	63
talkative	person	11
talkative	as	7
talkative	people	5
talkative	tonight	5
talkative	but	3
talked	about	690
talked	to	607
talked	with	56
talked	for	45
talked	a	31
talked	in	25
talker	with	3
talking	about	1545
talking	to	1204
talking	with	165
talking	in	81
talking	on	71
talking	and	52
talks	about	194
talks	to	101
talks	as	27
talks	like	27
talks	a	24
talks	too	23
tall	as	134
tall	and	103
tall	man	60
tall	tree	32
tall	is	30
tall	buildings	22
taller	than	244
taller	of	12
taller	and	9
tallest	building	24
tallest	mountain	24
tallest	in	19
tallest	of	17
tallest	boy	12
tallest	person	11
tally	with	4
tame	a	4
tame	her	4
tame	that	3
tamil	nadu	7
tamil	is	3
tamper	with	5
tampered	with	12
tanaka	is	25
tanaka	for	8
tanaka	will	6
tanaka	you	6
tanaka	has	4
tanaka	and	3
tandem	with	3
tangle	of	7
tangled	up	6
tangled	in	4
tango	iced	7
tango	is	4
tank	is	17
tank	of	14
tank	was	9
tank	and	8
tank	with	7
tank	top	5
tanker	is	4
tanker	has	3
tanks	to	7
tanks	and	3
tap	water	45
tap	on	22
tap	is	10
tap	in	9
tap	dance	8
tap	dancing	8
tape	recorder	19
tape	and	8
tape	measure	7
tape	to	7
tape	in	5
tape	is	5
taped	the	8
taped	to	3
tapes	to	3
tapestry	of	5
tapped	on	12
tapped	his	10
tapped	the	9
tapped	me	7
tapped	her	5
tapped	him	4
tapping	on	17
tapping	his	5
tapping	sound	4
tapping	their	4
tapping	your	4
tapping	noise	3
taps	on	3
tarantula	in	5
target	of	21
target	language	16
target	for	10
target	audience	9
target	is	6
target	practice	5
targeted	by	9
targeted	you	4
targeted	for	3
targeted	with	3
targeting	the	3
targets	of	6
targets	and	3
targets	for	3
targets	in	3
tarnished	by	3
taro	is	9
taro	speaks	5
taro	has	4
taro	and	3
taro	swamp	3
tarot	cards	10
tart	apples	3
task	is	43
task	of	34
task	for	15
task	to	15
task	was	13
task	force	9
tasked	with	9
tasks	to	15
tasks	and	5
tasks	have	4
tasks	into	4
tasks	on	4
tasks	that	4
taste	of	126
taste	like	62
taste	good	61
taste	in	44
taste	the	36
taste	better	32
tasted	the	60
tasted	a	24
tasted	like	10
tasted	good	9
tasted	better	7
tasted	it	6
tastes	like	73
tastes	good	55
tastes	better	28
tastes	really	21
tastes	very	19
tastes	of	18
tasting	the	5
tasty	and	9
tasty	as	6
tasty	food	4
tasty	but	3
tasty	fruit	3
tasty	meal	3
tate	is	3
tattoo	on	31
tattoo	parlor	13
tattoo	artist	10
tattoo	of	6
tattoo	to	6
tattoo	was	4
tattooed	on	11
tattoos	on	13
tattoos	and	5
tattoos	in	3
taught	me	205
taught	you	82
taught	french	60
taught	in	44
taught	him	43
taught	us	34
taunting	me	4
tax	on	19
tax	is	14
tax	evasion	11
tax	cuts	8
taxation	is	4
taxes	on	16
taxes	are	12
taxes	and	11
taxes	in	6
taxes	but	4
taxes	will	4
taxi	driver	68
taxi	to	51
taxi	for	21
taxi	so	18
taxi	is	17
taxi	from	13
taxis	in	9
taxis	are	8
taxis	at	5
taxis	i	3
taxpayer	money	6
taylor	is	4
taylor	swift	4
taylor	please	3
te	i	3
tea	with	115
tea	is	88
tea	and	71
tea	or	59
tea	in	43
tea	for	38
teach	you	284
teach	me	210
teach	french	120
teach	us	44
teach	them	30
teacher	is	244
teacher	was	168
teacher	told	66
teacher	and	62
teacher	for	62
teacher	in	60
teachers	are	33
teachers	were	23
teachers	and	21
teachers	should	21
teachers	at	18
teachers	in	10
teaches	us	61
teaches	english	23
teaches	french	17
teaches	me	12
teaches	the	12
teaching	french	65
teaching	me	37
teaching	english	27
teaching	the	17
teaching	is	15
teachings	of	17
teachings	are	13
teacup	is	6
teahouse	in	4
team	is	123
team	of	78
team	has	56
team	will	50
team	won	50
team	was	36
teamed	up	17
teams	are	20
teams	in	12
teams	from	5
teams	will	5
teams	competed	4
teams	of	4
teamwork	is	3
teapot	is	5
tear	gas	38
tear	down	26
tear	the	13
tear	up	10
tear	you	8
tear	it	7
tearing	up	6
tearing	down	5
tearing	her	4
tearing	apart	3
tearing	his	3
tearing	into	3
tears	in	54
tears	and	38
tears	of	26
tears	to	20
tears	were	18
tears	from	16
teas	and	7
teas	are	4
teas	with	3
tease	me	10
tease	him	9
tease	her	7
tease	the	4
teased	him	15
teased	her	10
teased	a	9
teased	me	7
teased	for	4
teased	the	3
teasing	me	14
teasing	him	11
teasing	her	10
teasing	linda	10
teasing	you	8
teaspoon	of	13
tech	company	6
tech	industry	6
tech	support	6
tech	savvy	5
tech	business	4
tech	giants	3
technical	issues	10
technical	knowledge	7
technical	terms	7
technical	support	6
technical	difficulties	5
technical	problem	5
technically	a	12
technically	possible	5
technicians	are	3
technique	is	18
technique	to	16
technique	was	8
technique	for	6
technique	used	4
technique	of	3
techniques	to	12
techniques	for	9
techniques	and	6
techniques	are	5
techniques	have	3
techniques	used	3
techno	music	4
technological	progress	8
technological	innovation	6
technological	advances	5
technological	development	4
technological	innovations	4
technologies	and	10
technologies	that	7
technologies	to	6
technologies	are	5
technologies	for	3
technologies	of	3
technology	is	52
technology	has	29
technology	to	25
technology	and	22
technology	in	14
technology	that	10
tectonic	plates	10
tectonic	activity	3
ted	is	7
ted	talk	4
ted	nugent	3
teddy	bear	64
teddy	bears	10
tedious	work	5
tedious	to	4
tee	shirt	3
teeming	with	40
teeming	down	4
teenage	years	14
teenage	son	8
teenage	girls	7
teenage	boy	5
teenage	girl	5
teenage	boys	4
teenager	i	10
teenager	and	3
teenager	but	3
teenager	is	3
teenager	yet	3
teenagers	are	13
teenagers	do	4
teenagers	often	4
teenagers	to	4
teenagers	in	3
teenagers	who	3
teens	and	4
teens	are	3
teeth	are	53
teeth	and	34
teeth	after	30
teeth	before	23
teeth	in	21
teeth	removed	16
tehran	is	8
tel	aviv	26
telegram	from	8
telegram	to	5
telegraph	pole	3
telepathic	powers	4
telephone	number	90
telephone	rang	60
telephone	is	34
telephone	call	24
telephone	was	18
telephone	you	12
telephoned	me	9
telephoned	her	4
telephoned	him	4
telephoned	to	4
telephoned	the	3
telephones	in	3
telescope	is	13
telescope	to	12
telescope	has	11
telescope	in	11
telescope	the	5
telescope	will	5
telescopes	to	8
telescopes	and	7
telescopes	have	6
telescopes	are	4
television	is	33
television	set	27
television	and	25
television	in	17
television	last	16
television	show	15
tell	me	4036
tell	you	2171
tell	him	1061
tell	her	920
tell	us	685
tell	the	680
teller	told	4
telling	me	334
telling	you	211
telling	the	208
telling	us	57
telling	him	52
telling	a	44
tells	me	109
tells	you	66
tells	the	54
tells	us	49
tells	a	23
tells	lies	13
telly	off	7
telly	on	6
telly	all	3
telly	at	3
temper	and	21
temper	with	10
temper	is	5
temper	any	4
temper	easily	4
temper	at	3
temperament	and	5
temperature	is	69
temperature	of	39
temperature	and	28
temperature	in	20
temperature	has	19
temperature	was	15
temperatures	and	23
temperatures	are	20
temperatures	in	13
temperatures	of	12
temperatures	have	10
temperatures	were	8
tempered	glass	4
tempered	and	3
tempered	by	3
tempest	in	3
template	for	3
temple	in	17
temple	is	17
temple	mount	11
temple	and	10
temple	of	10
temple	on	9
temples	and	10
temples	in	10
temples	are	6
temples	of	5
temples	at	3
temporarily	closed	6
temporarily	close	4
temporarily	suspended	4
temporarily	unavailable	4
temporarily	blocked	3
temporarily	for	3
temporary	solution	8
temporary	fix	5
temporary	workers	5
temporary	but	4
temporary	problem	4
temporary	repair	3
tempt	me	8
tempt	fate	5
tempt	the	3
tempt	you	3
temptation	to	18
temptation	but	10
temptation	and	8
temptation	of	4
temptation	is	3
temptations	of	3
tempted	to	90
tempted	him	5
tempted	eve	4
tempting	but	7
tempting	to	4
tempting	fate	3
tempting	me	3
tempting	offer	3
ten	years	528
ten	minutes	372
ten	thousand	91
ten	dollars	71
ten	days	48
tend	to	329
tend	not	4
tend	towards	4
tend	the	3
tended	to	41
tended	his	3
tended	the	3
tendencies	of	4
tendency	to	82
tendency	for	7
tendency	is	6
tendency	of	6
tendency	towards	4
tender	and	8
tender	to	4
tender	age	3
tender	heart	3
tending	to	7
tending	towards	4
tends	to	130
tends	not	3
tennis	with	83
tennis	player	75
tennis	on	28
tennis	match	26
tennis	this	23
tennis	racket	22
tens	of	62
tense	and	11
tense	is	5
tense	aspect	4
tense	of	4
tensed	up	8
tension	in	19
tension	between	17
tension	and	6
tension	was	5
tension	is	4
tension	has	3
tensions	between	14
tensions	are	11
tensions	in	5
tensions	have	4
tensions	and	3
tent	and	64
tent	was	29
tent	in	25
tent	with	19
tent	to	16
tent	is	15
tentacles	are	3
tenth	of	21
tenth	month	7
tenth	floor	6
tenth	century	5
tenth	day	4
tenth	grade	3
tents	and	6
tents	on	4
tents	before	3
tents	over	3
tequila	anymore	4
tequila	mixed	3
tequila	please	3
teresa	was	5
term	for	32
term	is	17
term	of	16
term	memory	11
term	effects	10
term	in	10
terminal	cancer	5
terminally	ill	12
terminate	the	3
terminated	the	3
termination	of	3
terminology	is	3
termite	problem	3
termites	are	7
terms	of	164
terms	with	99
terms	and	23
terms	that	15
terms	are	10
terms	in	7
terrace	there	3
terrain	is	3
terrestrial	animals	3
terrible	at	38
terrible	thing	27
terrible	things	27
terrible	mistake	24
terrible	accident	22
terrible	about	18
terribly	hot	13
terribly	sorry	12
terribly	wrong	12
terribly	cold	11
terribly	afraid	8
terribly	busy	8
terrific	idea	5
terrified	of	101
terrified	to	21
terrified	that	8
terrified	by	6
terrified	him	6
terrified	the	5
terrifies	me	9
terrify	me	3
terrifying	story	4
terrifying	in	3
territorial	integrity	12
territorial	waters	4
territorial	animals	3
territories	of	5
territories	are	3
territories	in	3
territories	to	3
territory	of	29
territory	is	15
territory	and	10
territory	in	5
territory	to	5
territory	from	3
terror	of	14
terror	in	7
terror	and	6
terror	that	5
terror	is	4
terror	was	4
terrorism	is	16
terrorism	and	6
terrorism	in	5
terrorism	the	4
terrorism	as	3
terrorist	organization	19
terrorist	group	15
terrorist	groups	11
terrorist	attacks	10
terrorist	attack	7
terrorist	organizations	7
terrorists	are	8
terrorists	in	6
terrorists	and	4
terrorists	for	4
terrorists	have	4
terrorists	kidnapped	3
terrorize	the	3
terrorized	by	3
terrorized	his	3
terry	tate	7
test	tomorrow	47
test	was	43
test	is	37
test	of	34
test	today	30
test	results	29
testament	to	23
testament	is	4
testament	was	3
testament	were	3
tested	positive	33
tested	the	23
tested	for	13
tested	in	9
tested	negative	6
tested	it	5
testified	against	16
testified	in	10
testified	that	5
testified	about	3
testify	against	23
testify	that	6
testify	to	6
testify	as	3
testify	for	3
testimony	of	9
testimony	was	6
testimony	is	4
testimony	on	3
testing	the	15
testing	my	8
testing	of	5
testing	a	4
testing	is	4
testing	new	4
tests	are	12
tests	on	10
tests	to	10
tests	for	5
tests	showed	5
tests	the	5
tetanus	shot	10
tetanus	booster	3
texas	is	12
texas	and	8
texas	to	4
texas	accent	3
texas	at	3
texas	including	3
text	message	68
text	messages	53
text	is	51
text	from	40
text	me	36
text	of	17
textbook	is	19
textbook	to	7
textbook	on	6
textbook	for	5
textbook	at	4
textbook	or	4
textbooks	in	7
textbooks	and	6
textbooks	to	5
textbooks	at	3
textbooks	for	3
textbooks	on	3
texted	me	35
texted	layla	32
texted	her	25
texted	his	14
texted	him	12
textile	industry	9
textile	plant	3
texting	layla	17
texting	me	15
texting	his	14
texting	her	10
texting	while	7
texts	and	7
texts	are	5
texts	for	5
texts	from	5
texts	but	4
texts	were	4
texture	of	9
texture	and	4
texture	to	4
th	century	376
th	of	317
th	and	45
th	anniversary	36
th	is	30
th	birthday	29
thai	food	34
thai	temple	14
thai	is	8
thai	restaurant	8
thai	and	7
thai	tea	6
thailand	is	11
thailand	and	6
thailand	has	3
thailand	have	3
thailand	to	3
thames	is	4
than	i	1222
than	the	1105
than	a	1069
than	you	914
than	that	577
than	me	530
thank	you	1823
thank	god	89
thank	me	51
thank	him	30
thank	her	28
thank	goodness	21
thanked	the	40
thanked	me	31
thanked	him	24
thanked	his	21
thanked	her	20
thankful	for	74
thankful	to	28
thankful	that	8
thankful	if	7
thankful	i	3
thankfully	the	9
thankfully	no	3
thankfully	we	3
thanking	you	12
thanking	me	7
thanks	for	739
thanks	to	312
thanks	a	56
thanks	but	27
thanks	i	20
thanks	in	18
thanksgiving	day	10
thanksgiving	dinner	6
thanksgiving	and	5
thanksgiving	the	3
that	i	8367
that	you	7316
that	he	5776
that	the	3662
that	they	3593
that	she	3236
thaw	the	4
thaw	is	3
thaw	out	3
the	same	5527
the	world	5272
the	first	4473
the	door	4063
the	most	3585
the	house	3380
theater	is	16
theater	in	14
theater	to	13
theater	was	13
theater	with	11
theater	used	10
theaters	in	7
theaters	and	5
theaters	are	5
theatre	or	7
theatre	and	4
theatre	in	4
theatre	with	4
theatre	this	3
theatre	tonight	3
thee	and	69
thee	to	26
thee	a	17
thee	in	17
thee	for	13
thee	from	11
theft	of	9
theft	and	5
theft	was	4
theft	has	3
their	own	939
their	children	346
their	lives	227
their	parents	221
their	way	218
their	house	189
theirs	is	13
them	to	1192
them	in	399
them	all	297
them	for	262
them	a	259
them	and	217
theme	of	24
theme	song	15
theme	park	13
theme	in	6
theme	for	3
theme	is	3
themes	of	6
themes	that	3
themselves	in	102
themselves	to	93
themselves	and	47
themselves	as	41
themselves	with	40
themselves	from	30
then	i	264
then	the	231
then	he	197
then	you	184
then	she	103
then	they	100
theodore	roosevelt	6
theology	is	4
theoretical	and	4
theoretical	physics	4
theoretical	physicist	3
theoretically	possible	7
theories	about	14
theories	of	11
theories	are	5
theories	and	4
theories	were	3
theory	of	93
theory	is	75
theory	that	21
theory	and	18
theory	to	15
theory	was	14
therapist	and	7
therapist	to	6
therapist	is	5
therapist	used	4
therapist	was	3
therapy	is	13
therapy	for	12
therapy	to	7
therapy	and	5
therapy	in	5
therapy	has	3
there	are	6007
there	is	5253
there	was	3408
there	were	1763
there	a	751
there	any	634
therefore	i	56
therefore	the	25
therefore	he	21
therefore	we	20
therefore	a	11
therefore	it	11
therein	and	4
therein	lies	4
thereof	was	3
thermal	baths	3
thermometer	reads	6
thermometer	shows	4
thermometer	under	4
thermometer	in	3
thermometer	is	3
thermometer	stood	3
thermos	flask	3
thermostat	is	4
these	are	757
these	days	472
these	things	290
these	books	244
these	two	234
these	people	198
thesis	is	9
thesis	about	5
thesis	on	5
thesis	defense	3
they	were	4619
they	said	3691
they	are	3489
they	say	1900
they	have	1890
they	told	1575
thick	and	41
thick	fog	30
thick	as	16
thick	book	14
thick	enough	12
thicker	than	8
thicker	and	3
thickness	of	11
thickness	and	4
thief	was	17
thief	ran	13
thief	to	11
thief	got	9
thief	in	7
thief	is	7
thieves	broke	7
thieves	and	5
thieves	are	4
thieves	entered	4
thieves	made	4
thieves	had	3
thigh	and	7
thigh	bone	4
thigh	muscles	3
thin	air	40
thin	and	23
thin	as	15
thin	ice	10
thin	layer	10
thin	man	10
thine	eyes	7
thine	own	6
thine	arm	4
thine	and	3
thine	heart	3
thine	the	3
thing	to	539
thing	that	373
thing	i	285
thing	you	240
thing	is	231
thing	in	210
things	that	580
things	to	542
things	are	521
things	like	293
things	i	292
things	in	264
think	that	6145
think	i	2385
think	you	1756
think	about	1379
think	we	1188
thinker	who	4
thinkers	are	3
thinking	about	808
thinking	of	365
thinking	that	97
thinking	is	46
thinking	and	27
thinking	the	24
thinks	that	262
thinks	he	116
thinks	about	62
thinks	she	54
thinks	of	52
thinner	than	11
thinner	and	6
thinner	the	4
thinner	every	3
third	of	99
third	floor	73
third	time	40
third	day	27
third	largest	27
third	world	24
thirds	of	45
thirst	for	22
thirst	is	5
thirst	with	5
thirst	and	4
thirst	at	4
thirsty	and	16
thirsty	for	15
thirsty	i	7
thirsty	but	6
thirsty	right	3
thirsty	that	3
thirteen	years	85
thirteen	people	17
thirteen	year	14
thirteen	when	8
thirteen	is	6
thirteen	minutes	5
thirteenth	birthday	7
thirteenth	century	3
thirty	minutes	291
thirty	years	263
thirty	dollars	134
thirty	people	89
thirty	one	31
thirty	days	26
this	is	12655
this	book	1611
this	morning	1384
this	time	1148
this	year	1118
thomas	is	40
thomas	has	14
thomas	jefferson	11
thomas	was	10
thomas	edison	9
thomas	and	6
thorn	in	7
thorn	from	5
thorns	and	3
thorns	on	3
thorough	investigation	6
thorough	search	6
thorough	job	3
thoroughly	enjoyed	12
thoroughly	before	7
thoroughly	and	3
thoroughly	but	3
thoroughly	cleaned	3
thoroughly	enjoying	3
those	who	1232
those	people	265
those	are	236
those	days	174
those	things	161
those	of	158
thou	shalt	161
thou	hast	70
thou	art	49
thou	wilt	20
thou	and	17
thou	didst	17
though	i	226
though	he	184
though	it	142
though	the	106
though	she	82
though	they	54
thought	that	2982
thought	you	1380
thought	it	709
thought	i	667
thought	of	459
thought	about	392
thoughtful	of	8
thoughtful	and	6
thoughts	and	49
thoughts	are	43
thoughts	on	32
thoughts	of	21
thoughts	about	20
thoughts	in	17
thousand	dollars	109
thousand	years	83
thousand	dinars	75
thousand	yen	74
thousand	people	62
thousand	times	46
thousands	of	602
thousands	and	13
thousands	upon	5
thousands	have	4
thousands	to	4
thousands	were	3
thread	is	10
thread	of	9
thread	the	9
thread	and	7
thread	a	3
thread	or	3
threads	are	3
threat	to	128
threat	of	42
threat	from	5
threat	that	5
threat	the	5
threat	is	4
threaten	the	15
threaten	me	11
threaten	to	9
threaten	them	6
threaten	its	3
threaten	you	3
threatened	to	129
threatened	by	49
threatened	the	12
threatened	with	12
threatened	me	9
threatening	to	32
threatening	the	18
threatening	me	14
threatening	messages	12
threatening	linda	9
threatening	you	7
threatens	to	21
threats	to	18
threats	and	12
threats	including	5
threats	from	4
threats	of	3
three	years	1051
three	days	683
three	hours	657
three	times	499
three	months	429
three	weeks	358
threshold	of	14
threw	the	213
threw	a	169
threw	it	88
threw	up	80
threw	his	49
threw	away	37
thrift	shop	8
thrift	store	8
thrill	of	15
thrilled	to	32
thrilled	with	13
thrilled	about	6
thrilled	at	3
thriller	film	4
thrive	in	18
thrive	on	11
thrive	and	4
thrived	in	5
thrives	in	7
thrives	on	6
throat	and	31
throat	is	20
throat	hurts	14
throat	was	10
throat	feels	4
throat	hurt	3
throes	of	4
throne	and	9
throne	is	4
throne	of	4
throne	after	3
throne	in	3
throne	was	3
through	the	2384
through	a	446
through	his	165
through	this	143
through	it	99
through	my	86
throughout	the	302
throughout	history	18
throughout	his	16
throughout	its	15
throughout	her	10
throughout	north	10
throw	it	90
throw	away	89
throw	the	77
throw	a	62
throw	up	60
throw	this	33
throwing	a	35
throwing	up	33
throwing	away	13
throwing	things	13
throwing	rocks	10
throwing	stones	8
thrown	out	72
thrown	away	37
thrown	into	34
thrown	in	15
thrown	off	12
thrown	at	11
throws	the	8
throws	a	7
throws	down	3
thrust	into	7
thrust	the	5
thrust	his	4
thrust	of	3
thumb	and	6
thumb	is	4
thumb	with	4
thumb	drive	3
thumbs	up	13
thump	from	3
thumping	sounds	5
thunder	and	15
thunder	is	9
thunder	in	8
thunder	was	6
thunder	this	3
thunderstorm	is	3
thursday	night	15
thursday	in	12
thursday	morning	12
thursday	and	11
thursday	friday	8
thursday	is	8
thursdays	and	3
thus	the	26
thus	he	12
thus	far	10
thus	we	10
thus	they	8
thwarted	by	3
thy	seed	31
thy	servants	27
thy	hand	26
thy	father	19
thy	name	19
thy	wife	16
thyme	and	3
thyroid	gland	5
tibet	is	3
tibetan	plateau	4
tibetan	and	3
tibetan	monks	3
tibetan	people	3
tic	tac	3
tick	tock	9
tick	and	3
tick	the	3
ticked	off	3
ticket	to	102
ticket	for	70
ticket	is	40
ticket	please	19
ticket	at	13
ticket	cost	13
tickets	are	87
tickets	for	68
tickets	to	39
tickets	left	16
tickets	in	15
tickets	were	11
ticking	of	8
ticking	noise	4
ticking	time	4
tickle	her	3
tickled	her	6
tickled	my	4
tickled	pink	4
tickled	the	4
tickling	me	9
tidal	waves	4
tidal	wave	3
tide	is	13
tide	of	9
tide	pools	4
tide	has	3
tide	wait	3
tide	you	3
tides	and	7
tides	are	7
tides	in	4
tides	of	3
tidied	up	14
tidied	the	6
tidied	your	4
tidied	my	3
tidy	up	36
tidy	as	7
tidy	the	6
tidy	person	5
tidy	his	4
tidy	your	4
tidying	up	20
tidying	her	3
tidying	my	3
tie	a	32
tie	to	29
tie	my	26
tie	your	24
tie	is	22
tie	up	21
tied	up	61
tied	to	46
tied	the	36
tied	a	19
tied	his	15
tied	her	14
ties	with	57
ties	to	12
ties	in	9
ties	are	7
ties	between	6
ties	and	4
tiger	is	19
tiger	and	8
tiger	or	6
tiger	was	5
tiger	cub	4
tiger	will	4
tigers	are	14
tigers	and	6
tigers	eat	6
tigers	can	4
tigers	in	4
tight	schedule	22
tight	for	20
tight	and	9
tight	spot	9
tight	on	8
tight	budget	7
tighten	the	23
tighten	this	7
tighten	your	5
tighten	our	4
tighten	a	3
tighten	those	3
tightened	the	17
tightened	his	6
tightening	the	3
tighter	to	3
tightly	to	12
tightly	and	7
tightly	as	5
tightly	around	3
tightly	in	3
tightly	together	3
tights	are	3
tiles	are	7
tiles	have	4
tiles	in	3
tiles	with	3
till	the	123
till	i	59
till	tomorrow	38
till	he	31
till	you	31
till	night	25
tilt	your	4
tilted	her	4
tilted	his	3
tim	is	9
tim	writes	3
timber	and	5
timber	is	4
time	to	3349
time	for	1305
time	you	1038
time	i	957
time	in	741
time	is	521
timed	it	3
timed	to	3
timeline	of	4
timer	for	6
timer	and	4
timer	to	3
times	a	335
times	have	120
times	as	113
times	in	87
times	of	65
times	before	62
timetable	is	5
timetable	to	4
timetable	the	3
timid	as	7
timid	and	4
timid	to	4
timid	in	3
timing	is	21
timing	was	10
timing	of	5
tin	of	14
tin	opener	6
tin	is	5
tin	cup	4
tin	roof	4
tina	almost	3
tinder	account	3
tinder	box	3
tinder	dry	3
tinder	is	3
tingling	sensation	4
tinted	glasses	4
tinted	windows	4
tiny	little	18
tiny	spark	10
tiny	bit	8
tiny	town	8
tiny	and	6
tiny	village	6
tip	of	71
tip	the	14
tip	over	6
tip	for	5
tip	in	5
tip	that	4
tipped	the	13
tipped	his	8
tipped	off	4
tipped	over	4
tipping	is	7
tipping	point	6
tips	on	16
tips	for	14
tips	of	9
tips	to	8
tips	are	4
tips	about	3
tiptoe	to	3
tire	is	19
tire	on	14
tire	of	13
tire	tracks	8
tire	pressure	7
tire	by	6
tired	of	834
tired	to	177
tired	and	115
tired	i	60
tired	from	59
tired	that	51
tireless	efforts	5
tirelessly	to	7
tires	on	11
tires	were	10
tires	is	9
tires	of	8
tires	are	7
tires	for	6
tiring	to	12
tiring	day	5
tiring	job	4
tissue	paper	9
tissue	massage	5
tissue	to	4
tissue	for	3
tissue	is	3
tissue	that	3
tissues	and	3
tissues	in	3
tissues	to	3
tit	for	7
titan	a	6
titanic	sank	8
titanic	was	6
title	of	79
title	is	11
title	for	6
title	in	5
title	to	5
title	role	4
titled	the	4
titles	and	5
tits	are	3
to	do	27841
to	the	26291
to	be	22630
to	go	11536
to	get	9262
to	me	6291
toads	and	4
toads	are	3
toast	and	17
toast	for	16
toast	with	13
toast	to	11
toast	is	10
toast	in	4
toasted	the	5
toasted	bread	3
toasted	to	3
toaster	oven	4
toasting	an	3
tobacco	is	9
tobacco	and	8
tobacco	smoke	7
tobacco	products	6
tobacco	in	3
tobacco	industry	3
tobias	was	167
tobias	had	31
tobias	heard	31
tobias	went	29
tobias	has	23
tock	tick	5
today	is	588
today	i	364
today	the	127
today	we	113
today	was	91
toe	nail	9
toe	the	6
toe	boots	4
toe	nails	4
toe	on	4
toe	in	3
toes	are	8
toes	on	4
toes	to	4
toes	do	3
toes	were	3
toes	with	3
tofu	and	7
tofu	is	5
tofu	on	4
together	in	164
together	to	137
together	for	135
together	and	130
together	with	122
together	on	63
toil	and	6
toilet	paper	116
toilet	is	43
toilet	seat	35
toilet	and	12
toilet	stall	9
toilet	on	7
toilets	are	6
toilets	in	4
toilets	and	3
toilets	at	3
token	of	20
token	for	3
tokyo	is	63
tokyo	station	32
tokyo	and	27
tokyo	for	24
tokyo	to	23
tokyo	tomorrow	21
told	me	5519
told	you	1606
told	him	764
told	her	611
told	us	424
tolerance	for	14
tolerance	and	13
tolerance	is	8
tolerance	policy	6
tolerance	of	5
tolerant	of	5
tolerant	and	3
tolerant	society	3
tolerate	that	14
tolerate	this	14
tolerate	such	11
tolerate	the	10
tolerate	it	9
tolerate	his	6
tolerated	here	4
toll	on	33
toll	from	6
toll	road	5
toll	free	4
toll	is	4
toll	of	4
tomato	sauce	20
tomato	is	19
tomato	soup	16
tomato	juice	11
tomato	and	4
tomato	plants	4
tomatoes	and	19
tomatoes	are	18
tomatoes	in	16
tomatoes	on	5
tomatoes	were	5
tomatoes	a	3
tomb	of	18
tomb	in	6
tomb	is	4
tombs	of	3
tomcat	is	3
tomorrow	morning	378
tomorrow	is	152
tomorrow	afternoon	151
tomorrow	i	142
tomorrow	night	125
tomorrow	at	113
ton	of	99
tone	of	42
tone	deaf	11
tone	with	7
tone	and	4
tone	that	4
tone	was	4
tones	of	4
tones	in	3
tongue	is	53
tongue	and	24
tongue	out	17
tongue	of	14
tongue	twister	13
tongue	in	10
tongues	of	6
tongues	and	3
tongues	are	3
tongues	feel	3
tonic	water	3
tonight	i	28
tonight	is	26
tonight	we	23
tonight	but	12
tonnes	of	8
tons	of	135
tons	and	4
tonsils	out	4
tony	is	10
tony	speaks	9
tony	can	6
tony	was	6
tony	and	5
tony	blair	5
too	much	2177
too	late	665
too	many	544
too	long	379
too	far	339
too	young	291
took	a	1425
took	the	1027
took	off	422
took	his	399
took	me	354
took	my	224
tool	for	53
tool	to	21
tool	in	13
tool	of	11
tool	is	9
tool	that	8
toolbox	is	4
tools	to	26
tools	for	24
tools	and	15
tools	in	14
tools	that	13
tools	are	9
tooth	is	19
tooth	pulled	17
tooth	hurts	16
tooth	fairy	12
tooth	and	11
tooth	decay	11
toothbrush	is	7
toothbrush	and	3
toothbrush	to	3
toothpaste	is	4
toothpaste	to	3
top	of	657
top	shelf	52
top	priority	30
top	and	22
top	drawer	22
top	floor	22
topic	of	42
topic	is	30
topic	in	17
topic	that	16
topic	to	12
topic	for	10
topics	in	9
topics	are	7
topics	that	5
topics	of	3
topics	or	3
topics	to	3
topped	the	8
topped	with	8
topped	degrees	3
tops	of	11
torah	is	3
torch	i	6
torch	for	3
torch	in	3
torch	on	3
torched	the	3
tore	the	39
tore	up	20
tore	off	15
tore	a	11
tore	down	8
tore	my	7
torment	to	3
tormented	by	17
tormented	me	3
tormenting	me	3
torments	of	3
torn	down	41
torn	off	11
torn	apart	10
torn	by	9
torn	to	9
torn	between	8
tornado	is	4
tornado	destroyed	3
toronto	canada	4
toronto	is	4
toronto	ontario	4
toronto	killer	3
toronto	to	3
torrent	of	6
tortilla	chips	3
tortoise	is	10
tortoise	in	4
tortoise	from	3
tortoise	has	3
tortoise	to	3
tortoises	are	6
torture	is	6
torture	for	5
torture	and	4
torture	are	4
torture	you	4
tortured	by	13
tortured	the	11
tortured	and	7
tortured	in	5
tortured	him	4
torturing	me	10
toss	the	9
toss	it	7
toss	up	7
toss	a	5
toss	me	5
tossed	the	29
tossed	and	14
tossed	her	5
tossed	by	4
tossed	his	4
tossed	my	4
tossing	and	6
total	of	38
total	population	12
total	solar	10
total	disaster	9
total	number	8
total	stranger	8
totaled	but	3
totally	different	42
totally	agree	18
totally	forgot	15
totally	wrong	14
totally	exhausted	11
totally	in	11
totem	pole	4
totem	poles	4
touch	with	242
touch	the	145
touch	it	69
touch	my	58
touch	of	53
touch	me	52
touched	the	56
touched	by	35
touched	her	32
touched	my	32
touched	me	23
touched	his	21
touches	to	6
touches	his	5
touches	on	5
touches	me	4
touches	the	4
touches	turns	4
touching	the	33
touching	my	14
touching	me	12
touching	your	9
touching	on	6
touching	a	5
touchy	subject	5
tough	to	52
tough	times	27
tough	as	26
tough	guy	23
tough	day	15
tough	for	15
tougher	than	12
tougher	and	3
toughest	times	3
tour	of	40
tour	guide	29
tour	de	12
tour	around	7
tour	bus	7
tour	to	5
toured	the	8
touring	the	6
tourism	is	19
tourism	industry	17
tourism	sector	12
tourism	and	7
tourism	could	6
tourism	in	5
tourist	attraction	23
tourist	destination	21
tourist	attractions	18
tourist	information	9
tourist	industry	7
tourist	season	7
tourists	in	34
tourists	visit	32
tourists	are	21
tourists	from	18
tourists	come	17
tourists	were	14
tournament	in	9
tournament	is	3
tournament	to	3
tours	are	5
tours	of	4
tours	and	3
tow	truck	24
toward	the	175
toward	a	30
toward	me	23
toward	him	22
toward	her	21
toward	us	20
towards	the	480
towards	him	88
towards	me	77
towards	his	55
towards	us	46
towed	away	5
towed	into	3
towel	rack	109
towel	is	76
towel	in	19
towel	on	18
towel	to	17
towel	has	16
towels	are	49
towels	with	17
towels	in	16
towels	to	10
towels	and	9
towels	on	7
tower	is	27
tower	of	26
tower	in	14
tower	was	7
tower	from	6
tower	and	5
towering	figure	3
towers	and	6
towers	of	6
towers	were	4
towers	above	3
town	is	144
town	in	139
town	of	98
town	was	59
town	to	46
town	for	43
towns	and	26
towns	in	12
towns	are	10
towns	of	6
towns	have	5
towns	with	4
toxic	co	13
toxic	to	12
toxic	people	11
toxic	relationship	10
toxic	chemicals	8
toxic	work	8
toxicity	of	3
toy	is	23
toy	for	13
toy	with	12
toy	store	11
toy	box	7
toy	car	7
toying	with	8
toys	away	29
toys	for	20
toys	in	18
toys	and	16
toys	are	15
toys	to	13
trace	of	30
trace	the	9
trace	fossils	4
trace	amounts	3
trace	elements	3
traced	back	6
traced	by	4
traced	the	4
traced	to	4
traces	of	29
traces	on	3
track	of	110
track	and	15
track	the	13
track	to	10
track	down	9
track	record	9
tracked	the	13
tracked	down	7
tracked	me	3
tracking	number	4
tracking	and	3
tracking	down	3
tracking	skills	3
tracking	the	3
tracks	in	17
tracks	when	7
tracks	on	6
tracks	are	5
tracks	every	5
tracks	of	4
tract	infection	3
tractor	driver	4
tractors	and	6
trade	with	30
trade	and	26
trade	in	24
trade	is	18
trade	agreement	14
trade	deficit	12
traded	a	4
traded	his	4
traded	in	4
traded	with	3
trades	with	8
trades	and	5
trades	is	3
trading	partner	8
trading	partners	8
trading	company	7
trading	with	3
tradition	of	29
tradition	has	12
tradition	to	9
tradition	and	8
tradition	in	8
tradition	is	7
traditional	chinese	20
traditional	japanese	19
traditional	medicine	14
traditional	clothing	9
traditionally	been	5
traditionally	speak	3
traditionally	the	3
traditions	of	17
traditions	are	14
traditions	and	12
traditions	in	3
traditions	is	3
traffic	accident	136
traffic	jam	107
traffic	lights	57
traffic	light	55
traffic	is	45
traffic	on	42
trafficking	in	3
trafficking	is	3
tragedy	for	8
tragedy	of	8
tragedy	is	6
tragedy	that	6
tragedy	which	5
tragedy	and	4
tragic	death	9
tragic	accident	6
tragic	event	6
tragic	news	6
tragic	story	6
tragic	end	5
tragically	died	3
trail	of	25
trail	is	12
trail	was	12
trail	in	7
trail	leads	7
trail	that	7
trailer	park	10
trailer	to	4
trailer	into	3
trailing	behind	3
trails	and	5
trails	were	5
trails	in	4
train	station	216
train	is	168
train	was	148
train	to	127
train	leaves	72
train	will	55
trained	to	50
trained	in	25
trained	his	14
trained	the	12
trained	as	10
trained	by	9
trainers	are	7
training	is	17
training	to	16
training	for	14
training	and	12
training	in	10
training	his	9
trains	are	25
trains	at	19
trains	run	14
trains	and	12
trains	in	10
trains	were	10
trait	of	3
traitor	among	4
traitor	to	4
traitors	and	4
traitors	are	4
traits	of	8
traits	are	3
traits	that	3
trajectory	of	5
tram	goes	6
tram	to	6
tram	at	4
tram	runs	4
tram	and	3
tram	will	3
trample	on	6
trampled	on	7
trance	like	3
tranquility	of	9
tranquility	and	3
tranquility	in	3
tranquilizer	dart	3
trans	people	93
trans	women	42
trans	woman	16
trans	men	12
trans	kids	7
trans	person	7
transaction	within	4
transaction	has	3
transcend	the	5
transfer	of	13
transfer	to	8
transfer	student	5
transfer	the	5
transfer	you	3
transferred	to	60
transferred	from	9
transferred	the	8
transferred	all	5
transferred	his	4
transferred	over	4
transferring	to	5
transform	the	16
transform	into	13
transform	its	9
transform	algeria	5
transform	my	3
transform	your	3
transformation	of	6
transformation	is	5
transformation	to	3
transformed	into	43
transformed	the	14
transformed	since	6
transformed	chemistry	3
transformed	his	3
transformed	in	3
transforming	into	4
transforming	algiers	3
transforms	into	6
transfusion	of	3
transgender	people	29
transgender	person	7
transgender	woman	7
transgender	survey	3
transit	passengers	3
transition	from	14
transition	to	7
transition	between	5
transition	in	5
transition	is	5
transition	metal	5
translate	this	221
translate	the	80
translate	it	69
translate	that	33
translate	a	32
translate	from	30
translated	into	124
translated	the	61
translated	it	21
translated	from	18
translated	this	18
translated	a	12
translates	my	6
translates	the	5
translates	into	3
translating	sentences	29
translating	this	23
translating	the	18
translating	is	17
translating	a	11
translating	my	9
translation	is	108
translation	of	87
translation	for	13
translation	from	13
translation	into	12
translation	was	12
translations	of	20
translations	in	18
translations	are	16
translations	for	7
translations	and	5
translations	into	5
translator	is	10
translator	regardless	7
translator	or	5
translator	can	4
translator	of	4
translator	to	4
translators	are	10
translators	of	4
transmission	of	11
transmitted	disease	10
transmitted	by	8
transmitted	to	8
transmitted	from	5
transmitted	through	4
transmitted	diseases	3
transparency	and	8
transparency	in	6
transparency	is	3
transparent	with	6
transparent	and	3
transparent	liquid	3
transport	in	8
transport	is	7
transport	to	7
transport	and	6
transport	system	6
transport	the	6
transportation	is	9
transportation	system	9
transportation	in	7
transportation	and	5
transportation	of	5
transportation	by	4
transported	to	16
transported	by	9
transported	the	7
transported	in	3
transported	with	3
transporting	the	4
trap	for	19
trap	door	10
trap	the	6
trap	to	5
trap	with	4
trap	by	3
trapped	in	91
trapped	inside	11
trapped	the	10
trapped	by	9
trapped	mina	8
trapped	at	4
trapper	a	3
traps	and	5
traps	for	3
traps	in	3
traps	the	3
trash	can	46
trash	in	26
trash	out	20
trash	bag	15
trash	cans	9
trash	bin	8
trashed	the	12
trashed	his	3
trauma	of	6
trauma	bond	3
trauma	in	3
trauma	is	3
traumatic	stress	13
traumatic	experiences	5
traumatic	experience	4
traumatized	by	3
traumatized	for	3
traumatized	people	3
travel	to	204
travel	by	71
travel	around	42
travel	abroad	41
travel	together	41
travel	alone	39
traveled	to	130
traveled	around	33
traveled	all	30
traveled	by	27
traveled	in	16
traveled	from	14
traveler	who	4
traveler	accidentally	3
travelers	checks	5
travelers	from	4
travelers	on	4
travelers	who	4
traveling	by	63
traveling	to	54
traveling	in	40
traveling	with	34
traveling	alone	28
traveling	around	27
travelled	to	25
travelled	by	11
travelled	around	8
travelled	on	7
travelled	through	6
travelled	all	5
traveller	is	3
traveller	who	3
travelling	to	25
travelling	by	22
travelling	on	15
travelling	abroad	10
travelling	around	10
travelling	is	10
travels	in	17
travels	faster	11
travels	to	10
travels	by	6
travels	around	5
travels	on	5
travesty	of	3
tray	of	12
tray	in	6
tray	on	5
tray	with	5
tray	for	4
tray	down	3
tread	on	8
treading	on	8
treading	water	3
treason	and	3
treason	to	3
treasure	is	16
treasure	trove	16
treasure	in	13
treasure	of	10
treasure	was	10
treasure	to	8
treasures	of	5
treasures	and	3
treasures	are	3
treasures	from	3
treasures	hidden	3
treasury	bonds	3
treasury	of	3
treat	me	87
treat	you	58
treat	people	28
treat	a	25
treat	the	22
treat	them	21
treated	like	70
treated	as	53
treated	me	35
treated	with	31
treated	for	24
treated	her	23
treating	me	29
treating	you	13
treating	the	10
treating	a	8
treating	layla	5
treating	people	5
treatment	for	53
treatment	of	32
treatment	and	9
treatment	is	9
treatment	plants	8
treatment	in	7
treatments	for	12
treatments	and	5
treats	me	25
treats	his	13
treats	its	10
treats	her	7
treats	of	5
treats	the	5
treaty	of	17
treaty	was	17
treaty	with	11
treaty	to	8
treaty	has	4
treaty	will	4
tree	is	187
tree	in	113
tree	and	61
tree	was	59
tree	fruits	46
tree	to	37
trees	are	137
trees	in	124
trees	and	83
trees	were	45
trees	on	36
trees	have	35
trek	franchise	8
trek	the	8
trek	in	3
trek	series	3
tremble	with	10
tremble	in	4
trembled	with	16
trembled	in	4
trembles	with	3
trembling	with	12
trembling	in	7
trembling	and	5
trembling	hand	5
trembling	hands	5
trembling	as	4
tremendous	amount	6
tremendous	progress	3
tremendously	exciting	3
trench	coat	5
trend	in	9
trend	is	8
trend	of	6
trend	that	3
trends	in	8
trends	continue	6
trends	are	4
trends	and	3
trendy	clothes	3
trespass	against	7
trespasses	as	6
trespassing	on	4
trial	for	30
trial	and	16
trial	is	11
trial	of	11
trial	date	10
trial	in	6
trials	and	8
trials	are	3
trials	is	3
trials	of	3
triangle	is	12
triangle	has	9
triangle	have	3
tribe	of	8
tribe	in	5
tribe	has	4
tribe	for	3
tribe	is	3
tribes	in	8
tribes	and	7
tribes	of	6
tribes	that	5
tribes	are	4
tribes	have	4
tribute	to	27
tribute	band	3
trick	or	46
trick	up	22
trick	on	21
trick	me	15
trick	to	14
trick	question	10
tricked	me	15
tricked	him	11
tricked	you	10
tricked	into	8
tricked	her	6
tricked	by	5
trickery	is	3
tricking	me	3
trickle	of	6
trickle	down	3
trickling	down	4
tricks	on	34
tricks	up	10
tricks	to	8
tricks	are	6
tricks	of	6
tricks	again	4
tricky	to	10
tricky	situation	5
tricky	part	3
tricky	question	3
tried	to	3621
tried	doing	121
tried	not	87
tried	the	79
tried	it	77
tried	his	63
tries	to	157
tries	hard	4
trifle	with	5
trigger	a	10
trigger	the	5
trigger	and	3
trigger	happy	3
triggered	a	13
triggered	by	11
triggered	the	10
triggers	the	6
triggers	this	4
triggers	a	3
trillion	dollars	4
trillions	of	9
trilogy	of	3
trim	the	10
trim	your	10
trim	his	5
trim	my	5
trim	down	4
trimester	of	3
trimmed	the	22
trimmed	his	4
trimmed	with	3
trimming	his	6
trimming	the	5
trinity	is	3
trio	of	4
trip	to	466
trip	was	51
trip	with	35
trip	in	33
trip	will	25
trip	around	24
triple	the	3
tripled	in	5
tripled	between	3
tripled	since	3
tripped	over	23
tripped	and	22
tripped	on	16
tripped	the	4
tripped	him	3
tripping	and	3
tripping	on	3
trips	to	19
trips	are	4
trips	in	4
trips	together	4
trips	abroad	3
triumph	of	12
triumph	over	6
triumph	in	3
triumph	is	3
triumphed	over	6
triumphs	over	5
trivia	night	3
trivial	matter	9
trivial	matters	8
trivial	things	6
trivial	thing	5
trivial	problem	4
trojan	horse	5
trojan	war	5
trojan	asteroids	3
trojan	blood	3
troll	to	4
trolling	is	3
trolls	on	3
troop	of	6
troops	to	28
troops	were	20
troops	in	18
troops	from	8
troops	are	6
troops	and	4
trophy	on	3
tropic	of	3
tropical	forests	10
tropical	island	8
tropical	medicine	6
tropical	storm	6
tropical	regions	5
trouble	with	120
trouble	is	65
trouble	for	50
trouble	finding	42
trouble	you	39
trouble	sleeping	36
troubled	by	22
troubled	you	11
troubled	waters	5
troubled	with	5
troubled	past	4
troubled	me	3
troubles	are	11
troubles	and	10
troubles	me	7
troubles	of	6
troubles	to	5
troublesome	that	3
troubling	you	11
troubling	me	3
trousers	are	25
trousers	on	15
trousers	and	8
trousers	off	3
trousers	were	3
trout	fishing	4
trout	in	4
trout	is	4
trout	live	4
trout	and	3
trove	of	13
troy	was	7
troy	and	3
troy	by	3
truck	was	80
truck	and	62
truck	is	41
truck	driver	35
truck	to	35
truck	in	19
truckload	of	3
trucks	are	8
trucks	and	5
trucks	have	3
true	that	373
true	love	86
true	to	66
true	friend	44
true	but	43
true	or	37
truer	than	3
truer	words	3
truly	a	35
truly	believe	19
truly	love	11
truly	sorry	11
truly	is	10
truly	understand	10
truman	had	3
trump	is	73
trump	has	20
trump	was	16
trump	administration	10
trump	and	10
trump	said	6
trumpet	and	6
trumpet	in	6
trumpet	at	4
trumpets	and	3
trumpets	sounded	3
trunk	of	43
trunk	is	6
trunk	was	6
trunk	and	5
trunk	in	3
trust	you	203
trust	me	197
trust	him	194
trust	her	111
trust	in	92
trust	them	82
trusted	him	38
trusted	her	32
trusted	you	26
trusted	me	17
trusted	his	13
trusted	them	12
trusting	him	5
trusting	me	5
trusting	people	5
trusting	you	5
trusting	relationship	3
trusts	him	16
trusts	her	12
trusts	his	11
trusts	me	11
trusts	you	7
trustworthy	person	8
trustworthy	source	4
truth	is	276
truth	i	109
truth	and	74
truth	about	64
truth	in	56
truth	of	56
truthful	and	5
truthful	person	3
truthful	to	3
truthful	with	3
truths	of	6
truths	do	5
truths	in	4
truths	to	3
try	to	2749
try	it	327
try	doing	282
try	not	247
try	and	180
try	again	157
trying	to	3763
trying	not	49
trying	hard	39
trying	my	23
trying	his	17
trying	new	15
tsunami	hit	6
tsunami	warning	5
tsunami	is	4
tsunami	waves	4
tub	of	6
tub	for	4
tub	is	4
tub	with	4
tub	and	3
tub	before	3
tube	of	12
tube	station	9
tube	and	4
tube	down	3
tube	is	3
tube	with	3
tuberculosis	and	4
tuberculosis	is	4
tubes	and	4
tubes	in	4
tubes	are	3
tubes	of	3
tuck	in	3
tuck	your	3
tucked	in	9
tucked	the	6
tucked	into	5
tucked	his	4
tucked	her	3
tucked	under	3
tucker	carlson	4
tuesday	to	14
tuesday	morning	12
tuesday	the	12
tuesday	is	11
tuesday	wednesday	9
tuesday	and	6
tuesdays	and	5
tug	of	9
tug	on	6
tuition	fees	9
tulips	are	12
tulips	have	3
tumble	down	4
tumble	dryer	4
tumbled	down	6
tumbled	into	3
tumbling	down	5
tumor	is	8
tumor	was	5
tumor	in	4
tuna	fish	6
tuna	and	5
tuna	in	3
tuna	sandwich	3
tuna	sandwiches	3
tune	on	9
tune	is	7
tune	a	6
tune	as	6
tune	in	5
tune	with	5
tuned	for	7
tuned	her	5
tuned	to	5
tuned	his	4
tunisia	is	13
tunisia	are	12
tunisia	and	10
tunisia	have	10
tunisia	to	6
tunisia	in	4
tunnel	in	9
tunnel	is	9
tunnel	was	9
tunnel	under	4
tunnel	has	3
tunnel	will	3
tunnels	in	4
tunnels	is	4
tunnels	and	3
turbine	engine	3
turbine	engines	3
turbines	and	4
turbulent	times	4
turf	and	3
turin	is	3
turing	test	4
turkey	is	45
turkey	and	22
turkey	for	9
turkey	has	9
turkey	bacon	8
turkey	to	8
turkeys	are	4
turkish	is	17
turkish	and	12
turkish	language	10
turkish	word	7
turkish	embassy	6
turkish	the	6
turks	are	3
turmoil	in	5
turmoil	of	3
turn	off	442
turn	the	358
turn	on	268
turn	to	250
turn	out	147
turn	around	115
turned	out	457
turned	off	303
turned	the	294
turned	on	260
turned	into	245
turned	around	204
turning	the	52
turning	into	29
turning	off	28
turning	to	28
turning	it	24
turning	point	19
turnips	are	3
turns	out	89
turns	into	38
turns	to	27
turns	the	17
turns	a	14
turns	driving	12
turtle	is	8
turtle	and	6
turtle	doves	6
turtle	eggs	3
turtle	in	3
turtles	and	8
turtles	have	8
turtles	are	6
turtles	lay	5
turtles	can	4
turtles	live	4
tusks	are	4
tutor	to	6
tutor	for	4
tutor	him	3
tutorial	on	4
tutoring	session	3
tux	is	3
tv	in	65
tv	show	64
tv	on	54
tv	is	52
tv	shows	37
tv	and	36
twain	and	3
tweeted	about	5
tweezers	to	5
twelve	years	52
twelve	hours	18
twelve	months	18
twelve	people	10
twelve	children	8
twentieth	century	29
twentieth	of	19
twentieth	birthday	5
twenty	years	211
twenty	four	91
twenty	minutes	85
twenty	five	79
twenty	six	34
twenty	one	32
twice	as	145
twice	a	135
twice	the	26
twice	in	25
twice	before	22
twice	my	12
twigs	and	5
twilight	in	3
twilight	of	3
twin	brother	33
twin	sister	21
twin	brothers	13
twin	girls	6
twin	sisters	5
twin	daughters	3
twinkle	in	5
twinkle	twinkle	3
twinkling	in	7
twins	apart	15
twins	are	13
twins	look	9
twins	were	8
twins	have	6
twins	and	5
twist	my	6
twist	your	6
twist	the	5
twist	of	4
twist	and	3
twisted	his	13
twisted	my	11
twisted	and	10
twisted	her	7
twisted	mind	6
twisted	the	5
twisting	my	8
twisting	and	4
twisting	the	3
twists	and	5
twitter	is	23
twitter	account	18
twitter	and	12
twitter	for	10
twitter	to	5
twitter	accounts	3
twittering	in	3
twittering	of	3
two	years	544
two	hours	374
two	of	353
two	days	268
two	weeks	256
two	months	160
twos	and	6
tying	his	7
tying	up	7
tying	the	5
tying	my	4
tying	butterfly	3
type	of	539
type	to	16
type	that	10
type	diabetes	9
type	is	9
type	in	8
typed	comments	9
typed	it	4
typed	the	3
typed	yo	3
types	of	225
types	are	4
typewriter	is	3
typhoon	is	20
typhoon	caused	9
typhoon	has	8
typhoon	did	6
typhoon	prevented	5
typhoon	the	4
typical	of	40
typical	for	6
typical	japanese	6
typical	muslim	4
typical	dictionary	3
typical	workaholic	3
typically	a	7
typically	the	5
typically	do	4
typically	occurs	4
typically	have	3
typing	the	7
typing	a	6
typing	on	6
typing	something	6
typing	any	5
typing	error	3
tyrannosaurus	rex	4
tyranny	of	9
tyranny	is	4
tyranny	and	3
tyre	is	18
tyre	pressure	4
tyre	has	3
tyre	now	3
tyre	on	3
tyres	are	8
tyres	is	3
tyres	on	3
uber	driver	9
uber	to	5
ueno	station	5
ufo	was	7
ufo	last	6
ufo	in	5
ufo	and	4
ufo	with	3
uganda	is	3
ugh	i	5
ugliest	person	4
ugliest	dogs	3
ugliest	dress	3
ugliness	and	3
ugly	and	17
ugly	as	14
ugly	but	12
ugly	to	8
ugly	duckling	6
ugly	man	6
uh	oh	10
uh	huh	5
uh	i	5
uh	the	3
uk	canada	11
uk	is	5
uk	has	4
uk	in	4
uk	singles	3
uk	to	3
ukraine	is	34
ukraine	and	16
ukraine	has	13
ukraine	to	8
ukraine	wants	7
ukraine	can	4
ukrainian	and	6
ukrainian	descent	4
ukrainian	troops	3
ukrainian	war	3
ulterior	motives	6
ulterior	motive	4
ultimate	goal	8
ultimate	truth	8
ultimate	power	3
ultimate	purpose	3
ultimately	he	5
ultimately	responsible	5
ultimately	the	4
ultimately	to	4
ultimately	captured	3
ultra	high	4
ultraviolet	light	18
ultraviolet	radiation	10
ultraviolet	rays	5
um	what	4
umbilical	cord	12
umbrella	with	87
umbrella	in	65
umbrella	on	49
umbrella	is	28
umbrella	behind	14
umbrella	by	14
umbrellas	on	10
umbrellas	and	5
umbrellas	in	5
umbrellas	are	4
umbrellas	at	4
umbrellas	with	3
umpire	today	3
un	resolution	14
un	has	7
un	american	5
un	in	5
un	and	3
un	stands	3
unable	to	521
unacceptable	to	6
unacceptable	in	5
unacceptable	and	3
unaffected	by	5
unafraid	of	11
unanimous	in	3
unanimously	adopted	5
unanswered	questions	10
unarmed	merchant	3
unattended	in	5
unattended	at	3
unauthorized	access	4
unavailable	in	4
unavoidable	circumstances	4
unavoidable	in	4
unaware	of	65
unaware	that	17
unbearable	for	3
unbearable	to	3
unbecoming	of	3
unbelievable	story	5
unbelievable	but	4
unbelievable	that	3
unbelievably	good	4
unbelievably	stupid	3
unborn	baby	3
unbreakable	bond	3
unbroken	by	4
unbutton	your	3
uncalled	for	11
uncertain	about	9
uncertain	if	6
uncertain	terms	5
uncertain	whether	5
uncertain	of	4
uncertain	what	4
uncertainty	in	7
uncertainty	about	5
uncertainty	is	5
uncertainty	of	4
uncharted	territory	5
uncharted	waters	3
uncle	is	68
uncle	in	34
uncle	has	28
uncle	gave	23
uncle	was	22
uncle	lives	21
unclear	to	10
unclear	what	5
unclear	whether	5
unclear	who	5
unclear	but	3
unclear	if	3
uncles	from	3
uncles	were	3
uncomfortable	with	25
uncomfortable	in	14
uncomfortable	to	9
uncomfortable	so	7
uncomfortable	around	6
uncomfortable	and	5
uncommon	for	19
uncommon	in	8
uncommon	to	8
uncommon	name	3
uncommon	word	3
unconditional	love	5
unconscious	for	11
unconscious	on	11
unconscious	and	9
unconscious	of	6
unconscious	in	4
unconscious	person	3
uncover	the	9
uncovered	the	9
uncovered	a	6
undecided	about	3
undecided	as	3
undeniable	that	3
under	the	1506
under	a	244
under	his	188
under	control	112
under	your	90
under	my	82
underage	girls	3
undercover	cop	5
undercover	police	4
undercover	agent	3
underestimate	the	23
underestimate	her	9
underestimate	your	7
underestimate	me	6
underestimate	him	5
underestimate	mina	5
underestimated	her	8
underestimated	the	8
underestimated	him	6
underestimated	me	4
underestimated	them	4
underestimated	his	3
underestimating	yourself	3
undergo	a	13
undergo	an	9
undergo	the	3
undergo	treatment	3
undergoing	a	19
undergoing	renovations	3
undergone	a	9
underground	station	12
underground	and	6
underground	car	6
underground	to	5
underground	in	4
underground	railway	4
underlined	the	4
underlying	causes	3
undermine	the	13
undermine	your	5
undermine	my	4
undermine	our	3
undermined	by	5
undermined	the	3
undermining	her	3
undermining	the	3
underneath	the	50
underneath	his	17
underneath	my	6
underneath	her	5
underneath	a	3
underpants	are	4
underside	of	7
understand	what	604
understand	the	526
understand	why	310
understand	that	290
understand	it	268
understand	how	194
understandable	to	4
understandable	and	3
understandable	but	3
understanding	of	112
understanding	the	44
understanding	and	21
understanding	what	21
understanding	is	15
understanding	that	8
understands	the	32
understands	me	23
understands	that	21
understands	french	15
understands	it	14
understands	how	12
understood	that	78
understood	in	76
understood	the	62
understood	what	59
understood	it	37
understood	by	29
undertake	the	7
undertake	a	6
undertake	to	4
undertaken	by	3
undertaking	a	4
underway	in	7
underway	to	4
underwear	is	6
underwear	on	4
underwent	a	16
underwent	surgery	3
undisturbed	in	3
undivided	attention	6
undo	the	5
undoubtedly	the	12
undoubtedly	a	6
undoubtedly	one	3
undress	in	5
undressed	and	6
undying	love	3
unearthed	a	4
uneasy	about	10
uneasy	feeling	5
uneasy	in	4
uneasy	when	4
uneasy	and	3
unemployed	people	7
unemployed	i	5
unemployed	and	4
unemployed	for	4
unemployed	or	3
unemployment	rate	38
unemployment	is	19
unemployment	benefits	11
unemployment	in	7
unemployment	remains	5
unemployment	and	4
unethical	to	13
unethical	for	5
unexpected	happened	9
unexpected	results	8
unexpected	visit	7
unexpected	pleasure	6
unexpected	and	5
unexpected	things	5
unexpectedly	met	6
unexpectedly	after	3
unfair	to	25
unfair	proposal	6
unfair	advantage	5
unfair	sometimes	4
unfair	that	4
unfaithful	to	9
unfamiliar	with	27
unfamiliar	to	10
unfamiliar	territory	4
unfamiliar	language	3
unfamiliar	people	3
unfamiliar	words	3
unfinished	business	24
unfinished	basement	5
unfit	for	16
unfit	to	11
unfit	mother	3
unfold	the	3
unfolding	in	4
unfolding	his	3
unforeseen	circumstances	9
unforgettable	experience	3
unfortunate	that	22
unfortunate	accident	5
unfortunate	incident	5
unfortunate	if	4
unfortunate	choice	3
unfortunate	time	3
unfortunately	i	180
unfortunately	the	54
unfortunately	he	29
unfortunately	we	27
unfortunately	it	25
unfortunately	that	23
unfounded	accusations	3
unfriendly	attitude	5
unhappy	with	19
unhappy	about	17
unhappy	as	12
unhappy	people	10
unhappy	here	9
unhealthy	for	3
unhealthy	obsession	3
unhealthy	to	3
unheard	of	17
unicorn	is	5
unidentified	flying	9
uniform	and	5
uniform	on	4
uniform	then	4
uniform	was	4
uniform	is	3
uniform	today	3
uniforms	to	4
uniforms	are	3
uniforms	at	3
unimportant	things	4
uninhabited	island	9
uninvited	guest	9
union	of	26
union	is	21
union	and	18
union	has	17
union	to	17
union	in	12
unions	and	4
unique	and	28
unique	in	23
unique	to	16
unique	way	9
unique	perspective	7
unique	blend	5
unit	of	44
unit	for	8
unit	in	7
unit	and	5
unit	was	5
unite	in	8
unite	with	6
unite	the	5
unite	our	4
unite	to	4
unite	people	3
united	states	1411
united	nations	126
united	kingdom	74
united	arab	28
united	in	20
united	with	13
unites	us	8
unites	people	4
unites	them	3
uniting	to	3
units	of	7
units	in	3
unity	of	16
unity	is	10
unity	and	6
unity	can	3
universal	language	15
universal	and	6
universal	consciousness	6
universal	declaration	4
universal	right	3
universal	truth	3
universe	is	106
universe	and	31
universe	was	12
universe	has	11
universe	in	9
universe	as	6
universities	are	15
universities	in	8
universities	have	7
universities	and	6
university	of	197
university	in	86
university	student	37
university	is	30
university	and	28
university	has	28
unjust	and	3
unjust	law	3
unkind	to	7
unknown	to	29
unknown	number	15
unknown	but	7
unknown	man	7
unknown	and	6
unknown	soldier	6
unleash	your	5
unleash	the	4
unleash	a	3
unleashed	her	4
unleashed	his	4
unless	you	176
unless	it	41
unless	i	38
unless	he	24
unless	they	22
unless	we	21
unlike	the	31
unlike	you	15
unlike	most	12
unlike	other	12
unlike	her	10
unlike	me	7
unlikely	to	95
unlikely	that	86
unlikely	do	18
unlikely	anyone	7
unlikely	but	5
unlikely	in	5
unlimited	possibilities	3
unload	the	9
unloaded	the	9
unloaded	his	6
unloaded	before	4
unloading	the	8
unlock	the	52
unlock	this	4
unlock	my	3
unlock	that	3
unlock	your	3
unlocked	the	50
unlocked	his	7
unlocked	her	5
unlocked	window	4
unlocked	their	3
unlocked	when	3
unlocking	the	4
unlocks	the	6
unlucky	number	11
unlucky	day	4
unlucky	enough	3
unlucky	guy	3
unlucky	in	3
unmarked	grave	4
unmarried	all	3
unmarried	at	3
unnatural	and	3
unnatural	sounding	3
unnatural	to	3
unnecessary	risks	8
unnecessary	words	6
unnecessary	things	5
unnecessary	for	4
unnecessary	to	3
unnoticed	by	7
unnoticed	in	3
unofficial	national	3
unpack	my	3
unpacked	his	7
unpacked	my	7
unpacked	their	3
unpacking	his	7
unpacking	her	4
unpacking	their	4
unpacking	the	3
unpaid	labor	3
unpaid	wages	3
unpaid	work	3
unpleasant	to	8
unpleasant	smell	5
unpleasant	experience	4
unpleasant	surprise	4
unpleasant	fellow	3
unpleasant	news	3
unplug	the	8
unplugged	the	7
unpopular	at	4
unpopular	with	4
unpopular	in	3
unprecedented	in	3
unpredictable	and	8
unpredictable	consequences	3
unprepared	for	8
unravel	the	6
unrealistic	to	7
unrealistic	expectations	6
unrealistic	and	4
unrealistic	standards	3
unreasonable	request	6
unreasonable	to	3
unrelated	to	9
unrelated	question	3
unrequited	love	10
unresponsive	to	3
unrest	in	7
unruly	hair	3
unsafe	to	26
unsafe	in	5
unsatisfied	with	5
unseen	and	5
unseen	force	5
unseen	by	3
unseen	forces	3
unseen	world	3
unsettled	by	3
unsettling	to	3
unstable	and	5
unsuccessful	attempt	4
unsuitable	for	7
unsure	of	19
unsure	about	10
unsure	how	8
unsure	what	8
unsure	whether	4
unsuspecting	victims	3
unthinkable	that	7
untie	this	4
untied	the	4
until	the	573
until	i	341
until	he	226
until	you	207
until	tomorrow	182
until	it	156
untimely	death	4
unto	the	23
unto	him	18
unto	you	14
unto	others	10
unto	thee	10
unto	them	10
untouched	by	3
untouched	for	3
untrue	to	3
unturned	in	4
unturned	to	3
unused	to	3
unusual	for	38
unusual	about	11
unusual	behavior	7
unusual	to	7
unusual	way	7
unusual	shape	6
unusually	warm	7
unusually	cold	5
unusually	quiet	5
unusually	high	4
unusually	hot	4
unusually	mild	4
unwell	let	3
unwilling	to	59
unwilling	or	5
unwind	after	10
unwind	and	3
unwise	to	8
unworthy	of	18
unwrap	it	3
unwrap	the	3
up	to	2522
up	with	1910
up	the	1907
up	in	1524
up	and	1065
up	at	854
upbeat	music	3
upcoming	election	10
upcoming	exam	7
upcoming	private	7
upcoming	year	4
upcoming	elections	3
upcoming	vacation	3
update	the	11
update	your	11
update	my	10
update	is	6
update	our	4
update	to	3
updated	my	6
updated	the	6
updated	on	5
updated	your	5
updated	in	4
updated	his	3
updates	on	5
upfront	about	4
upgrade	the	4
upgrade	to	3
upgrade	your	3
upgraded	to	6
uphill	battle	8
uphill	struggle	3
uphold	the	12
upload	a	8
upload	the	5
upload	that	3
uploaded	the	20
uploaded	a	14
uploaded	new	4
uploaded	that	4
uploaded	yesterday	4
uploaded	some	3
uploading	a	3
upon	the	436
upon	a	187
upon	him	132
upon	his	77
upon	her	48
upon	them	43
upped	the	4
upper	hand	19
upper	atmosphere	11
upper	lip	10
upper	class	9
upper	part	8
upright	and	4
upright	position	4
upright	not	3
uprising	was	4
uprising	against	3
ups	and	42
ups	in	6
ups	do	4
ups	every	3
ups	on	3
ups	were	3
upscale	suburb	14
upscale	restaurant	3
upset	with	62
upset	about	60
upset	you	26
upset	when	20
upset	stomach	19
upset	and	18
upsets	me	4
upsetting	her	3
upsetting	than	3
upside	down	130
upstairs	to	66
upstairs	and	28
upstairs	in	19
upstairs	with	6
upstairs	where	5
upstate	new	7
upstream	to	6
upward	through	3
upward	to	3
upwards	of	5
uranium	bombs	3
uranium	is	3
uranus	is	25
uranus	and	12
uranus	has	6
urban	areas	24
urban	legend	9
urban	life	7
urban	population	6
urban	area	5
urdu	is	6
urdu	are	5
urge	to	78
urge	you	10
urge	caution	4
urge	that	3
urged	him	15
urged	the	12
urged	to	12
urged	me	8
urged	his	6
urgency	of	5
urgent	need	54
urgent	business	19
urgent	matter	8
urgent	to	7
urgent	message	6
urgent	call	5
urgently	need	13
urgently	needed	8
urgently	needs	4
urges	me	3
urging	the	6
urging	people	5
urinate	more	3
urinating	in	3
urine	is	4
urine	and	3
urine	sample	3
ursula	von	9
ursula	le	3
uruguay	and	4
us	to	1520
us	a	568
us	all	281
us	in	248
us	that	216
us	what	214
usa	is	11
usa	and	8
usa	will	4
usage	of	9
usage	is	4
usage	so	3
usb	drive	5
usb	stick	5
usb	cable	4
use	the	735
use	a	567
use	of	476
use	this	334
use	it	295
use	your	282
used	to	5294
used	in	307
used	a	282
used	the	240
used	for	218
used	as	149
useful	to	79
useful	for	62
useful	in	27
useful	than	16
useful	information	15
useful	and	14
usefulness	of	4
useless	to	39
useless	and	8
useless	but	6
useless	things	5
useless	in	4
useless	stuff	4
user	to	27
user	friendly	14
user	interface	10
user	experience	6
user	manual	6
user	of	5
users	are	16
users	of	14
users	to	13
users	have	12
users	and	9
users	in	7
uses	a	97
uses	the	78
uses	this	40
uses	his	23
uses	that	20
uses	an	15
usher	in	9
using	the	261
using	a	209
using	it	90
using	this	60
using	his	43
using	that	38
uss	monitor	3
ussr	was	6
usual	this	18
usual	he	17
usual	today	14
usual	and	12
usual	place	12
usual	to	10
usually	do	160
usually	go	130
usually	eat	127
usually	get	95
usually	have	95
usually	take	77
utensils	in	6
utensils	are	3
utensils	for	3
utensils	such	3
uterus	is	3
utility	corridor	4
utility	and	3
utility	of	3
utility	pole	3
utility	vehicle	3
utmost	importance	15
utmost	care	6
utmost	to	6
utmost	respect	4
utmost	effort	3
utter	a	12
utter	nonsense	7
utter	stranger	5
utter	disaster	4
utter	chaos	3
utter	waste	3
uttered	an	3
utterly	exhausted	6
utterly	humiliated	6
utterly	impossible	6
utterly	different	3
utterly	ridiculous	3
vacant	for	7
vacant	seat	6
vacant	lot	4
vacant	houses	3
vacate	the	4
vacated	the	4
vacation	in	84
vacation	to	35
vacation	is	29
vacation	with	19
vacation	this	17
vacation	at	13
vacations	in	7
vacations	are	5
vacations	at	3
vacations	on	3
vaccinated	against	16
vaccinated	and	5
vaccinated	in	4
vaccinated	or	3
vaccination	is	4
vaccination	rates	4
vaccination	program	3
vaccine	is	14
vaccine	that	10
vaccine	for	8
vaccine	against	7
vaccine	was	7
vaccine	has	5
vaccines	are	14
vaccines	against	8
vaccines	and	8
vaccines	can	4
vaccines	for	3
vaccines	that	3
vacuum	cleaner	52
vacuum	the	14
vacuum	of	7
vacuum	in	5
vacuum	and	4
vacuum	cleaners	4
vagina	is	7
vagina	and	3
vaginal	bleeding	3
vague	answer	6
vague	and	3
vague	answers	3
vague	idea	3
vaguely	remember	9
vaguely	familiar	4
vaguely	remembers	3
vain	to	54
vain	for	14
vain	and	6
vain	the	4
vain	about	3
vain	if	3
val	ry	3
vale	of	6
valencia	is	3
valet	parking	3
valid	for	40
valid	until	13
valid	reason	8
valid	point	6
valid	or	5
valid	ticket	5
validate	your	8
validate	the	5
validation	from	18
validation	and	3
validation	of	3
validity	of	12
valley	of	23
valley	was	10
valley	is	8
valley	in	7
valley	are	5
valley	from	4
valleys	and	3
valleys	in	3
valour	and	3
valuable	than	36
valuable	lesson	19
valuable	time	14
valuable	information	12
valuable	to	11
valuable	and	7
valuables	in	17
value	of	152
value	in	48
value	to	31
value	your	27
value	the	20
value	our	14
valued	at	9
valued	in	8
valued	his	5
valued	the	5
valued	her	4
values	of	25
values	and	21
values	are	18
values	that	12
values	the	11
values	his	5
valve	is	7
vampire	was	7
vampire	knight	3
vampires	live	4
vampires	are	3
van	gogh	20
van	is	13
van	was	13
van	for	8
van	in	7
van	and	6
vancouver	bc	45
vancouver	thai	4
vancouver	to	4
vancouver	and	3
vancouver	canada	3
vandals	in	3
vandals	invaded	3
vandals	smashed	3
vandals	were	3
vanderbilt	university	3
vanguard	of	4
vanilla	ice	24
vanilla	chocolate	3
vanilla	cream	3
vanilla	extract	3
vanilla	is	3
vanish	from	4
vanished	into	22
vanished	from	14
vanished	in	8
vanished	without	6
vanished	with	3
vanity	of	14
vanity	and	6
vanity	is	3
vanquish	our	3
vantage	point	5
vanya	is	3
vapor	in	4
variables	into	3
variation	of	9
variation	in	4
variations	in	9
variations	of	6
variations	and	3
varied	and	6
varied	climate	3
varied	in	3
varies	from	12
varies	with	6
varies	between	3
varieties	of	33
varieties	and	3
variety	of	225
variety	in	14
variety	is	5
variety	and	4
variety	that	4
variety	to	3
various	kinds	25
various	languages	17
various	types	16
various	ways	16
various	reasons	13
various	things	13
vary	from	19
vary	in	11
vary	depending	7
vary	greatly	7
vary	by	5
vary	your	5
varying	degrees	5
vasco	da	6
vase	on	23
vase	is	15
vase	with	12
vase	fell	8
vase	was	7
vase	and	6
vast	majority	31
vast	and	12
vast	desert	9
vast	country	7
vast	territory	6
vast	forest	5
vastly	different	9
vastly	outnumbered	3
vatican	is	9
vatican	city	7
vault	is	3
vault	of	3
ve	and	4
veal	stew	3
vector	space	6
vector	quantity	3
veg	is	3
veg	options	3
vegan	restaurant	6
vegan	food	5
vegan	dishes	4
vegan	leather	3
vegas	is	5
vegas	and	3
vegetable	garden	19
vegetable	soup	12
vegetable	patch	9
vegetable	is	6
vegetable	oil	6
vegetable	prices	6
vegetables	are	37
vegetables	and	34
vegetables	in	34
vegetables	for	18
vegetables	at	13
vegetables	that	13
vegetarian	dishes	7
vegetarian	restaurant	7
vegetarian	pizza	6
vegetarian	and	4
vegetarian	i	4
vegetarian	so	4
vegetation	and	9
vegetation	of	4
vegetation	is	3
vegetation	was	3
veggie	burger	8
vehicle	was	15
vehicle	is	14
vehicle	and	13
vehicle	on	7
vehicle	for	6
vehicle	in	6
vehicles	are	10
vehicles	in	10
vehicles	were	8
vehicles	have	6
vehicles	on	4
vehicles	that	3
veil	of	6
veil	over	4
veil	to	4
veil	and	3
veil	their	3
veiled	in	3
veiled	insults	3
veiled	threat	3
vein	of	5
vein	in	3
veins	and	3
velocity	of	7
velvet	and	4
velvet	worms	3
vending	machine	50
vending	machines	13
vendor	was	9
vendor	at	3
vendor	to	3
vendor	who	3
vendors	are	3
venezuela	is	7
venezuela	and	4
venezuela	are	4
vengeance	on	4
venice	is	11
venice	was	5
venice	by	3
venison	that	3
venom	of	4
venom	is	3
venomous	snake	11
venomous	snakes	9
vent	to	7
vent	his	4
vent	my	3
vent	your	3
ventilation	shaft	3
venting	my	3
venture	to	7
venture	into	6
venture	out	4
venture	outside	3
ventured	into	14
ventured	to	8
ventured	nothing	3
ventured	outside	3
ventures	to	3
venue	for	9
venue	in	3
venus	is	40
venus	and	15
venus	has	11
venus	earth	9
venus	of	4
venus	was	4
vera	has	4
vera	is	4
verb	is	13
verb	in	10
verb	to	9
verb	and	5
verb	object	4
verbal	communication	5
verbal	abuse	3
verbal	aspects	3
verbal	tense	3
verbally	abused	5
verbally	and	3
verdict	was	6
verdict	of	5
verdict	is	4
verdict	without	3
verge	of	99
verified	by	4
verified	or	3
verified	that	3
verified	the	3
verify	that	13
verify	your	7
verify	the	6
verify	this	6
verify	you	3
verse	of	5
verse	in	4
verse	is	4
verse	again	3
versed	in	20
verses	of	8
verses	from	6
verses	and	4
verses	in	4
version	of	149
version	is	7
version	but	3
version	in	3
version	which	3
versions	of	23
versions	are	5
versus	the	4
vertical	expression	4
vertical	lines	4
vertical	cliff	3
vertically	and	5
vertically	from	3
very	good	1444
very	well	1159
very	much	1022
very	happy	494
very	hard	465
very	important	435
vessel	was	7
vessel	is	5
vessel	and	4
vessel	of	3
vessels	of	10
vessels	and	6
vessels	are	5
vessels	that	5
vest	on	5
vest	a	3
vested	in	3
vet	for	5
vet	today	3
veteran	of	5
veterans	day	3
veterinarian	and	3
veto	power	3
vex	the	3
vhs	tape	3
via	the	20
via	a	14
via	email	10
via	skype	8
via	mail	5
via	text	5
viable	for	3
vibe	from	5
vibe	to	4
vibe	about	3
vibe	i	3
vibes	from	4
vibrant	colors	12
vibrant	and	4
vibrant	culture	4
vibrant	color	3
vibrate	and	3
vibrates	in	4
vice	president	57
vice	versa	27
vice	is	5
vice	from	3
vice	of	3
vice	principal	3
vices	and	4
vices	but	3
vicinity	of	13
vicious	circle	16
vicious	cycle	6
vicious	beast	3
victim	of	89
victim	to	18
victim	was	16
victim	in	8
victim	is	5
victim	and	3
victimized	by	3
victims	of	77
victims	and	11
victims	were	9
victims	are	8
victims	in	6
victims	with	5
victor	hugo	4
victoria	in	5
victoria	and	3
victoria	bc	3
victorian	style	3
victory	is	29
victory	in	18
victory	and	12
victory	of	12
victory	over	12
victory	for	11
video	games	217
video	game	103
video	on	88
video	is	60
video	about	57
video	to	51
videos	on	51
videos	about	39
videos	in	24
videos	are	20
videos	every	14
videos	of	14
vie	to	3
vienna	is	9
vienna	and	6
vienna	for	3
vienna	in	3
vienna	on	3
vienna	the	3
viet	cong	4
vietnam	war	16
vietnam	and	8
vietnam	has	6
vietnam	is	5
vietnam	was	4
vietnam	in	3
vietnamese	is	10
vietnamese	and	6
vietnamese	alphabet	5
vietnamese	citizens	5
vietnamese	restaurant	5
vietnamese	learning	3
view	of	225
view	from	66
view	is	41
view	to	40
view	the	35
view	mirror	19
viewed	as	30
viewed	from	15
viewed	the	7
viewpoint	of	6
views	on	43
views	of	22
views	are	16
views	about	9
views	and	7
views	in	5
vile	thing	3
villa	is	4
villa	was	4
villa	in	3
village	is	91
village	in	69
village	of	39
village	was	30
village	and	29
village	where	28
villagers	were	16
villagers	are	8
villagers	to	6
villagers	with	4
villagers	and	3
villagers	had	3
villages	in	16
villages	of	8
villages	and	7
villages	to	7
villages	are	6
villages	have	5
villain	in	7
vincent	van	7
vine	at	3
vine	off	3
vinegar	and	9
vinegar	is	8
vinegar	to	8
vinegar	on	5
vinegar	or	3
vines	are	11
vines	off	7
vines	in	6
vines	with	5
vines	without	5
vines	and	4
vineyard	and	3
vintage	cars	3
vintage	clothing	3
vintage	is	3
vintage	season	3
vinyl	records	10
vinyl	record	3
viola	too	3
violate	the	8
violate	our	3
violated	the	31
violated	his	8
violated	a	5
violated	our	3
violates	the	7
violating	the	8
violating	international	5
violating	any	4
violation	of	35
violations	of	6
violations	in	3
violence	is	38
violence	and	30
violence	against	29
violence	in	24
violence	on	13
violence	of	12
violent	crime	16
violent	and	13
violent	death	9
violent	person	8
violent	man	6
violent	storm	6
violently	assaulted	3
violets	and	8
violin	and	8
violin	every	6
violin	for	5
violin	well	5
violin	is	4
violin	very	4
violins	need	3
vip	pass	5
viral	diseases	4
viral	on	4
viral	infections	3
virgin	islands	8
virgin	anymore	6
virgin	and	3
virgin	olive	3
virginia	a	3
virginia	and	3
virginia	is	3
virginity	to	4
virtual	reality	23
virtual	memory	6
virtual	address	5
virtual	world	5
virtual	private	3
virtually	impossible	7
virtually	no	7
virtually	all	5
virtually	every	4
virtually	everyone	4
virtually	nothing	3
virtue	of	36
virtue	is	17
virtue	and	9
virtue	to	9
virtue	a	3
virtues	of	9
virtues	are	5
virtues	and	3
virtues	but	3
virtuous	woman	4
virus	is	37
virus	in	13
virus	and	12
virus	from	12
virus	has	10
virus	was	10
viruses	and	4
viruses	are	4
viruses	on	4
viruses	the	3
visa	to	17
visa	card	6
visa	for	6
visa	is	4
visa	if	3
visa	yet	3
visibility	was	4
visibility	of	3
visibility	range	3
visible	from	27
visible	to	21
visible	in	20
visible	light	9
visible	at	6
visible	signs	4
vision	of	45
vision	for	22
vision	and	16
vision	is	14
vision	to	7
vision	was	7
visions	of	13
visions	for	3
visit	the	209
visit	boston	192
visit	australia	164
visit	you	128
visit	to	124
visit	us	110
visited	the	213
visited	a	83
visited	boston	76
visited	australia	75
visited	his	47
visited	him	41
visiting	the	39
visiting	australia	21
visiting	boston	19
visiting	my	18
visiting	a	17
visiting	us	16
visitor	in	4
visitor	at	3
visitor	center	3
visitor	has	3
visitor	into	3
visitor	to	3
visitors	to	23
visitors	are	15
visitors	can	15
visitors	from	8
visitors	this	6
visitors	were	4
visits	to	13
visits	us	12
visits	his	11
visits	me	11
visits	the	10
visits	her	7
visual	memory	4
visual	appeal	3
visualize	a	3
visually	impaired	8
vital	to	20
vital	for	12
vital	importance	4
vital	role	4
vital	that	4
vital	part	3
vitamin	a	10
vitamin	to	4
vitamin	is	3
vitamin	pills	3
vitamins	and	12
vitamins	a	3
vitamins	minerals	3
vivid	imagination	10
vivid	and	8
vivid	than	4
vivid	colors	3
vivid	dream	3
vivid	in	3
vividly	remember	3
vividly	remembers	3
vladimir	was	138
vladimir	is	37
vladimir	and	28
vladimir	has	28
vladimir	had	25
vladimir	putin	24
vocabulary	is	23
vocabulary	and	16
vocabulary	of	16
vocabulary	in	12
vocabulary	words	12
vocabulary	for	6
vocal	chords	3
vocal	minority	3
vocal	range	3
vocation	just	8
vodka	and	9
vodka	is	6
vodka	to	3
voice	is	89
voice	was	70
voice	of	66
voice	and	40
voice	in	26
voice	mail	26
voices	in	28
voices	of	14
voices	and	11
voices	were	9
voices	are	8
voices	to	5
void	in	10
void	of	8
void	the	4
void	behind	3
volatile	situation	3
volcanic	activity	10
volcanic	ash	10
volcanic	eruption	8
volcanic	eruptions	7
volcano	is	11
volcano	erupted	9
volcano	in	7
volcano	has	6
volcano	on	4
volcanoes	in	10
volcanoes	are	8
volcanoes	on	5
volleyball	player	14
volleyball	and	6
volleyball	or	6
volleyball	team	6
volleyball	with	6
volleyball	is	5
volume	of	49
volume	on	9
volume	down	8
volume	is	7
volume	up	4
volumes	of	6
volumes	about	4
volumes	and	3
volunteer	to	25
volunteer	work	19
volunteer	at	9
volunteer	for	8
volunteer	group	4
volunteer	activity	3
volunteered	to	40
volunteered	at	8
volunteered	for	6
volunteering	at	6
volunteers	to	10
volunteers	are	9
volunteers	at	7
volunteers	from	3
volunteers	have	3
volunteers	help	3
vomited	on	14
vomited	at	3
vomited	in	3
vomiting	and	5
von	der	11
vote	for	161
vote	in	29
vote	on	19
vote	was	14
vote	anymore	9
vote	at	9
voted	for	70
voted	against	24
voted	to	21
voted	in	13
voted	out	7
voted	on	6
voter	turnout	6
voter	fraud	5
voters	are	5
voters	of	3
voters	on	3
votes	in	13
votes	for	7
votes	to	4
votes	and	3
votes	of	3
votes	were	3
voting	is	13
voting	for	9
voting	rights	7
voting	in	5
voting	on	4
voting	today	4
vouch	for	29
vouched	for	9
vouchers	for	3
vow	to	5
vow	of	3
vowed	to	21
vowed	that	11
vowed	never	3
vows	and	4
voyage	to	7
voyage	across	5
voyage	was	4
voyage	and	3
voyage	in	3
voyages	of	3
vulgar	jokes	4
vulgar	latin	3
vulnerability	and	5
vulnerable	to	44
vulnerable	here	4
vulnerable	individuals	4
vulnerable	species	4
vulnerable	right	3
vulnerable	with	3
vulture	is	4
vultures	are	4
vultures	circled	3
waco	texas	3
wad	of	7
wade	across	3
wading	bird	6
wading	in	6
waffle	iron	4
waffle	towel	3
waffles	with	5
waffles	i	4
wag	their	5
wage	in	18
wage	is	6
wage	increase	4
waged	war	4
wages	are	10
wages	and	8
wages	of	6
wages	in	5
wages	for	4
wages	the	3
wagging	its	13
wagging	tail	5
wagging	the	3
waging	a	6
wagner	group	8
wagner	was	4
wagon	hard	3
wagon	was	3
wagons	and	4
wailing	and	5
waist	size	6
waist	up	5
waist	and	4
waist	down	4
waist	is	4
waist	with	3
wait	for	1032
wait	until	360
wait	a	307
wait	to	268
wait	here	206
wait	till	101
waited	for	443
waited	until	71
waited	in	62
waited	a	59
waited	on	27
waited	long	24
waiter	at	8
waiter	for	8
waiter	brought	6
waiter	in	6
waiter	please	6
waiter	came	5
waiting	for	1811
waiting	to	156
waiting	in	148
waiting	room	75
waiting	outside	61
waiting	at	58
waitress	got	5
waitress	in	4
waitress	for	3
waitress	is	3
waitress	was	3
waits	for	20
waits	to	3
wake	up	487
wake	me	132
wake	the	53
wake	you	49
wake	him	44
wake	her	30
wakes	up	39
wakes	me	12
wakey	wakey	3
waking	up	72
waking	the	6
waking	her	5
waking	me	5
waking	you	3
wales	and	7
wales	has	4
wales	state	4
wales	is	3
wales	to	3
walk	to	270
walk	in	255
walk	on	151
walk	home	129
walk	with	118
walk	away	98
walked	into	261
walked	to	175
walked	out	163
walked	away	156
walked	in	142
walked	back	139
walker	to	5
walkers	are	4
walking	in	155
walking	around	138
walking	down	122
walking	to	96
walking	on	94
walking	towards	85
walkman	for	3
walks	in	35
walks	with	25
walks	on	22
walks	to	22
walks	by	15
walks	into	14
wall	of	44
wall	is	43
wall	and	41
wall	was	34
wall	with	33
wall	street	26
walled	city	5
wallet	was	34
wallet	at	30
wallet	on	30
wallet	in	24
wallet	and	21
wallet	is	18
wallowing	in	10
walls	of	70
walls	are	34
walls	were	25
walls	and	23
walls	have	14
walls	in	7
walmart	to	4
walmart	in	3
walmart	is	3
walnut	tree	7
walnut	with	3
walnuts	and	3
walsh	is	3
walt	disney	4
waltz	in	3
waltz	on	3
wand	and	4
wander	off	15
wander	around	12
wander	in	7
wander	through	7
wander	too	6
wander	from	5
wandered	around	28
wandered	off	14
wandered	alone	10
wandered	through	9
wandered	about	8
wandered	aimlessly	7
wanderer	and	4
wandering	around	35
wandering	about	8
wandering	in	8
wandering	the	7
wandering	off	4
wandering	through	4
wanders	around	4
wanders	from	3
wang	is	8
wang	has	4
wanna	go	40
wanna	be	32
wanna	see	14
wanna	come	13
wanna	do	12
wanna	talk	10
want	to	22713
want	you	1852
want	me	1154
want	a	992
want	it	325
want	the	284
wanted	to	7431
wanted	a	264
wanted	me	218
wanted	layla	100
wanted	you	84
wanted	the	67
wanting	to	144
wanting	in	8
wanting	more	5
wanting	what	3
wants	to	3759
wants	a	179
wants	me	145
wants	you	93
wants	it	52
wants	his	47
war	is	181
war	in	132
war	ii	117
war	and	86
war	crimes	63
war	on	58
ward	off	18
ward	in	3
ward	office	3
warden	for	3
wardrobe	and	5
wardrobe	for	5
wardrobe	is	5
wardrobe	in	3
wards	are	3
warehouse	in	4
warehouse	was	4
warehouse	for	3
warehouse	is	3
warehouse	that	3
warehouses	in	3
warfare	techniques	3
warm	and	80
warm	up	59
warm	in	37
warm	water	37
warm	today	35
warm	weather	30
warmed	up	23
warmed	the	8
warmed	and	5
warmed	her	4
warmed	himself	4
warmed	myself	4
warmer	than	34
warmer	and	17
warmer	today	12
warmer	in	8
warmer	place	6
warmer	i	5
warmest	wishes	4
warmest	june	3
warmest	month	3
warming	up	24
warming	is	14
warming	and	12
warming	of	6
warming	the	6
warming	to	5
warmly	welcomed	6
warmly	if	4
warmly	in	3
warms	up	6
warms	my	4
warms	your	3
warmth	of	40
warmth	and	32
warmth	in	5
warmth	that	3
warmth	to	3
warmth	you	3
warn	you	72
warn	her	35
warn	him	34
warn	them	29
warn	the	15
warn	me	12
warned	me	61
warned	you	58
warned	him	27
warned	that	26
warned	us	21
warning	you	20
warning	that	16
warning	of	13
warning	to	12
warning	shot	11
warning	the	9
warnings	about	4
warnings	to	4
warnings	and	3
warnings	of	3
warns	that	14
warns	of	4
warns	the	4
warns	a	3
warrant	to	9
warrant	for	8
warranty	for	7
warren	harding	3
warring	factions	4
warrior	is	5
warriors	are	3
warriors	fought	3
warriors	strive	3
wars	are	18
wars	in	14
wars	and	12
wars	between	5
wars	of	4
wars	that	4
warsaw	is	3
warsaw	with	3
wart	on	3
wary	of	24
was	a	9924
was	the	4259
was	in	3407
was	very	2364
was	going	1969
was	so	1774
wash	your	286
wash	the	256
wash	my	162
wash	his	82
wash	up	56
wash	their	42
washed	the	131
washed	his	67
washed	up	46
washed	my	36
washed	away	30
washed	her	30
washer	and	3
washes	his	40
washes	the	24
washes	her	16
washing	machine	198
washing	up	92
washing	the	78
washing	your	38
washing	my	32
washing	his	28
washington	was	19
washington	dc	15
washington	state	15
washington	and	10
washington	is	9
washington	in	8
washroom	for	4
washroom	in	3
wasp	stung	7
wasp	in	4
wasps	are	6
wasps	and	4
waste	of	294
waste	your	76
waste	time	64
waste	any	36
waste	my	22
waste	it	19
wasted	time	23
wasted	a	19
wasted	no	14
wasted	so	13
wasted	money	12
wasted	my	12
wastes	a	3
wastes	his	3
wasting	time	69
wasting	your	50
wasting	my	33
wasting	his	23
wasting	our	18
wasting	money	11
watch	the	360
watch	tv	282
watch	a	172
watch	out	171
watch	this	112
watch	is	99
watched	the	348
watched	a	161
watched	tv	73
watched	as	32
watched	that	32
watches	the	35
watches	tv	27
watches	television	20
watches	football	9
watches	over	5
watches	a	4
watchful	eye	11
watching	tv	315
watching	the	289
watching	a	154
watching	television	82
watching	me	54
watching	this	52
water	is	405
water	in	288
water	and	278
water	to	187
water	from	134
water	the	123
watered	the	49
watered	down	11
watered	them	9
watered	his	4
watered	their	4
waterfall	is	5
waterfall	in	4
waterfalls	and	3
watering	the	32
watering	can	9
watering	her	3
watering	his	3
watering	their	3
watermelon	is	9
watermelon	juice	7
watermelon	in	6
watermelon	by	4
watermelon	and	3
watermelon	from	3
watermelons	are	3
waters	of	45
waters	the	13
waters	and	12
waters	his	8
waters	were	8
waters	in	7
watertight	compartments	3
watson	said	11
watson	and	8
watson	that	8
watson	i	3
watson	you	3
wave	of	57
wave	is	9
wave	and	4
wave	that	4
wave	which	4
waved	at	41
waved	his	36
waved	to	28
waved	her	18
waved	goodbye	17
waved	back	15
wavelength	of	3
waves	are	30
waves	and	21
waves	of	20
waves	were	15
waves	to	10
waves	in	8
waving	his	21
waving	at	13
waving	a	10
waving	her	6
waving	to	5
waving	and	4
wavy	hair	6
wax	and	6
wax	on	4
wax	doll	3
wax	in	3
wax	the	3
waxed	the	5
waxed	and	4
waxed	his	3
waxing	the	4
waxing	is	3
way	to	2556
way	of	676
way	i	436
way	you	435
way	home	362
way	out	340
ways	to	236
ways	of	93
ways	that	33
ways	and	27
ways	before	10
ways	i	10
we	have	5937
we	need	3811
we	are	3309
we	were	3300
we	can	2962
weak	to	42
weak	and	27
weak	in	17
weak	points	12
weak	as	11
weak	spot	11
weaken	the	5
weakened	by	8
weakened	immune	5
weakened	the	4
weaker	than	14
weaker	and	12
weakest	link	9
weakest	subject	3
weakness	is	8
weakness	of	6
weakness	for	5
weakness	and	4
weakness	to	4
weakness	was	3
weaknesses	of	6
wealth	of	34
wealth	and	33
wealth	is	25
wealth	he	13
wealth	in	13
wealth	but	9
wealthiest	countries	3
wealthiest	nations	3
wealthy	family	18
wealthy	man	14
wealthy	country	12
wealthy	and	9
wealthy	people	8
wealthy	he	6
weapon	of	16
weapon	is	11
weapon	and	10
weapon	in	8
weapon	was	7
weapon	against	6
weapons	and	22
weapons	of	20
weapons	to	20
weapons	in	15
weapons	are	14
weapons	were	10
wear	a	457
wear	the	122
wear	that	64
wear	this	58
wear	glasses	48
wear	your	38
wearing	a	762
wearing	the	135
wearing	his	57
wearing	my	55
wearing	that	41
wearing	glasses	33
wears	a	119
wears	the	28
wears	glasses	15
wears	her	13
wears	his	13
wears	an	7
weary	of	17
weary	and	5
weary	legs	5
weary	with	5
weary	eyes	4
weasel	out	5
weather	is	328
weather	was	116
weather	will	109
weather	forecast	94
weather	like	47
weather	today	46
weatherman	says	7
weave	baskets	15
weave	a	10
weave	this	3
weaving	a	12
weaving	and	6
weaving	is	5
weaving	baskets	3
web	site	15
web	page	13
web	is	12
web	of	12
web	pages	10
webb	space	10
webs	and	3
webs	behind	3
website	is	43
website	for	32
website	to	21
website	was	13
website	has	10
website	and	9
websites	are	5
websites	that	5
websites	to	5
websites	and	4
websites	in	4
websites	for	3
wedding	ring	49
wedding	anniversary	42
wedding	dress	33
wedding	is	31
wedding	day	30
wedding	ceremony	15
weddings	are	6
weddings	and	4
wedge	between	6
wedlock	is	3
wednesday	is	11
wednesday	and	10
wednesday	in	10
wednesday	thursday	9
wednesday	at	8
wednesday	that	8
wednesdays	and	3
wee	wee	6
weed	in	30
weed	and	13
weed	at	10
weed	the	8
weed	to	8
weed	store	7
weeds	in	12
weeds	and	5
weeds	from	5
weeds	are	3
weeds	out	3
week	ago	88
week	in	83
week	to	74
week	i	62
week	do	58
week	is	52
weekend	in	46
weekend	with	24
weekend	i	16
weekend	but	10
weekend	is	10
weekend	to	10
weekends	i	10
weekends	in	7
weekends	is	6
weekends	if	4
weekends	off	4
weekends	with	4
weekly	magazine	9
weekly	market	7
weekly	for	3
weeks	ago	134
weeks	in	62
weeks	to	49
weeks	of	38
weeks	later	26
weeks	after	19
weep	for	5
weep	at	3
weep	not	3
weeping	and	5
weeping	willow	4
weigh	more	16
weigh	the	10
weigh	up	9
weigh	a	8
weigh	it	6
weigh	this	5
weighed	forty	10
weighed	down	5
weighed	heavily	5
weighed	the	5
weighed	myself	4
weighed	seventy	4
weighing	the	6
weighs	a	16
weighs	more	16
weighs	about	13
weighs	on	8
weighs	pounds	8
weighs	as	5
weight	of	109
weight	is	26
weight	and	22
weight	from	19
weight	in	17
weight	loss	14
weights	and	5
weird	to	30
weird	feeling	18
weird	noises	16
weird	things	16
weird	dream	13
weirder	than	3
weirdest	dream	4
weirdest	thing	4
weirdest	things	3
welcome	to	415
welcome	here	55
welcome	back	25
welcome	in	25
welcome	the	22
welcome	you	19
welcomed	the	18
welcomed	by	13
welcomed	everyone	9
welcomed	me	6
welcomed	us	6
welcoming	the	10
welcoming	smile	5
welcoming	and	3
welfare	of	18
welfare	state	6
welfare	and	5
welfare	is	3
welfare	system	3
well	as	813
well	known	260
well	with	252
well	in	200
well	i	192
well	that	118
wellington	is	3
wells	and	3
welsh	and	4
welsh	is	3
went	to	5261
went	out	725
went	back	649
went	on	605
went	into	400
went	home	243
wept	and	8
wept	bitterly	8
wept	over	4
wept	with	4
wept	in	3
wept	when	3
were	you	1906
were	in	872
were	a	775
were	going	664
were	the	495
were	very	473
west	bank	104
west	of	48
west	and	28
west	coast	23
west	is	23
west	to	18
western	sahara	300
western	countries	28
western	europe	27
western	media	15
western	world	13
westerners	are	9
westerners	may	4
westerners	met	4
westerners	that	3
wet	and	34
wet	clothes	19
wet	with	15
wet	to	13
wet	from	12
wet	the	11
whacked	out	4
whale	is	25
whale	of	6
whale	shark	6
whale	watching	5
whale	meat	4
whale	sharks	4
whales	are	33
whales	and	11
whales	can	6
whales	today	5
whales	were	5
whales	feed	4
what	i	3996
what	you	3821
what	is	3373
what	do	3084
what	are	2568
what	happened	2084
whatever	you	347
whatever	he	116
whatever	it	114
whatever	i	94
whatever	happens	70
whatever	they	48
whatsoever	in	10
whatsoever	to	9
whatsoever	thou	6
whatsoever	about	3
whatsoever	was	3
wheat	in	22
wheat	and	16
wheat	is	16
wheat	bread	9
wheat	flour	9
wheat	from	9
wheel	of	18
wheel	and	12
wheel	is	7
wheel	to	6
wheel	drive	4
wheel	on	4
wheelchair	to	7
wheelchair	accessible	4
wheelchair	for	4
wheelchair	and	3
wheelchair	at	3
wheels	of	11
wheels	are	8
wheels	and	7
wheels	on	7
when	i	4487
when	you	2653
when	he	2187
when	the	1623
when	she	961
when	it	886
whence	the	3
whenever	i	226
whenever	you	155
whenever	he	110
whenever	she	40
whenever	they	33
whenever	we	30
where	did	1823
where	is	1225
where	i	1015
where	are	981
where	you	754
where	the	717
whereabouts	are	4
whereabouts	of	4
whereas	the	12
whereas	others	7
whereas	in	4
whereas	a	3
whereas	i	3
wherefore	art	3
wherefore	do	3
wherein	he	5
wherein	i	5
wherein	the	5
wherein	there	4
wherein	thou	3
wherein	was	3
wherever	you	126
wherever	he	50
wherever	i	48
wherever	they	23
wherever	she	22
wherever	we	13
whether	you	247
whether	i	204
whether	or	157
whether	he	146
whether	to	128
whether	we	116
which	is	886
which	one	453
which	he	315
which	i	290
which	the	288
which	was	268
whichever	you	20
whichever	one	9
whichever	way	8
whichever	of	4
whichever	book	3
whichever	road	3
while	i	468
while	the	299
while	you	256
while	he	203
whilst	i	28
whilst	the	11
whilst	he	8
whilst	in	6
whilst	she	6
whilst	they	6
whim	of	3
whims	of	6
whining	about	5
whining	anymore	4
whining	and	3
whining	not	3
whip	up	11
whip	the	6
whip	him	3
whip	out	3
whipped	cream	32
whipped	the	8
whipped	out	6
whipped	up	4
whipping	for	3
whirling	through	3
whirlpool	and	4
whiskers	are	3
whiskey	and	5
whiskey	in	4
whiskey	is	4
whisky	in	6
whisky	is	5
whisper	in	6
whisper	to	3
whispered	something	28
whispered	to	17
whispered	in	15
whispered	a	5
whispered	her	5
whispered	the	4
whispering	to	9
whispering	and	6
whispering	in	6
whispering	about	4
whispering	again	4
whispering	something	4
whispers	of	9
whistle	and	8
whistle	of	7
whistle	to	6
whistle	on	4
whistle	blows	3
whistle	for	3
whistled	a	8
whistled	as	7
whistled	for	7
whistled	at	4
whistled	to	4
whistled	and	3
whistles	in	3
whistles	while	3
whistling	through	8
whistling	a	5
whistling	in	4
whistling	of	4
whistling	and	3
whistling	merrily	3
white	and	104
white	house	101
white	wine	69
white	as	51
white	man	35
white	dress	34
whiter	than	3
whites	into	3
whites	until	3
whither	art	3
who	is	1283
who	are	1032
who	was	832
who	did	692
who	can	684
who	has	580
whoever	wants	46
whoever	has	20
whoever	you	19
whoever	is	18
whoever	comes	17
whole	life	228
whole	world	221
whole	day	195
whole	thing	180
whole	time	133
whole	family	97
wholeheartedly	agree	3
wholesale	prices	4
wholly	owned	4
wholly	convinced	3
whom	i	111
whom	you	55
whom	he	46
whom	did	45
whom	are	41
whom	the	32
whomever	you	9
whomever	he	3
whooping	cough	3
whoops	i	3
whore	house	5
whose	name	39
whose	car	37
whose	is	34
whose	father	28
whose	turn	23
whose	idea	22
why	are	2258
why	do	2103
why	did	1795
why	is	1039
wi	fi	42
wick	was	3
wicked	and	10
wicked	witch	10
wicked	of	4
wicked	will	4
wicked	man	3
wicked	thing	3
wickedness	of	5
wide	open	71
wide	range	41
wide	awake	39
wide	and	34
wide	variety	28
wide	of	15
widely	used	34
widely	spoken	23
widely	read	13
widely	known	10
widely	in	7
widely	available	5
widen	the	3
wider	than	7
wider	and	3
wider	audience	3
wider	war	3
widespread	in	10
widespread	and	4
widespread	misconception	4
widespread	use	4
widespread	conspiracy	3
widow	and	8
widow	had	5
widow	is	5
widow	of	3
widow	was	3
widow	when	3
widower	is	3
widower	with	3
widows	and	3
width	of	14
width	and	3
width	character	3
wield	an	3
wield	the	3
wielding	a	5
wife	is	342
wife	and	282
wife	was	111
wife	to	64
wife	has	54
wife	in	45
wig	is	7
wig	and	4
wig	back	4
wig	on	4
wig	for	3
wiggle	your	5
wikipedia	is	15
wikipedia	article	3
wikipedia	page	3
wild	animals	86
wild	animal	20
wild	and	19
wild	boar	19
wild	birds	16
wild	flowers	16
wilderness	of	11
wilderness	and	8
wilderness	to	3
wildest	dreams	13
wildfire	through	3
wildlife	and	7
wildlife	conservation	6
wildlife	in	5
wildlife	or	4
wildlife	refuge	4
wildlife	sanctuary	3
wildly	popular	4
wildly	in	3
will	be	5609
will	you	2537
will	not	1108
will	never	928
will	have	914
will	come	764
willed	person	3
william	was	165
william	is	85
william	and	72
william	has	39
william	had	31
williams	was	4
williams	came	3
williams	is	3
willing	to	755
willing	and	4
willing	do	4
willing	help	4
willing	enough	3
willing	for	3
willingly	or	4
willingly	go	3
willingness	to	31
willow	rods	5
willow	tree	5
willow	bark	4
willow	branches	4
willpower	to	11
wills	it	6
wilson	is	7
wilson	looks	4
wilson	was	3
wilt	thou	15
wilt	not	7
win	the	303
win	this	77
win	a	60
win	or	34
win	for	28
win	but	25
wind	is	130
wind	blew	83
wind	was	61
wind	and	50
wind	blows	29
wind	up	29
winding	road	8
winding	down	6
winding	path	4
winding	up	4
windmills	in	4
window	and	132
window	open	87
window	to	74
window	was	47
window	of	39
window	is	38
windows	are	59
windows	were	52
windows	and	44
windows	open	43
windows	in	27
windows	of	20
winds	and	24
winds	of	9
winds	are	8
winds	through	7
winds	up	7
winds	blow	6
windscreen	wipers	10
windscreen	was	4
windscreen	is	3
windshield	is	61
windshield	crack	55
windshield	chips	35
windshield	chip	23
windshield	scratches	16
windy	today	19
windy	and	10
windy	day	8
windy	in	6
windy	days	5
windy	outside	5
wine	is	125
wine	and	72
wine	with	35
wine	for	33
wine	in	33
wine	please	25
wines	are	4
wing	it	13
wing	and	9
wing	party	8
wing	mirror	6
wing	politics	6
winged	insects	3
wings	to	23
wings	and	22
wings	of	19
wings	are	18
wings	on	5
wings	the	5
wink	at	7
wink	of	6
wink	that	6
wink	all	5
wink	last	4
winked	at	34
winked	and	3
winking	at	5
winner	of	17
winner	is	8
winner	will	5
winner	in	4
winner	and	3
winner	tomorrow	3
winners	of	7
winners	in	4
winnie	the	11
winning	the	66
winning	a	12
winning	is	12
winning	team	7
winning	or	6
winning	goal	5
wins	the	20
wins	or	6
wins	he	3
wins	in	3
winston	churchill	9
winter	is	74
winter	i	45
winter	and	31
winter	in	30
winter	the	27
winter	has	21
winters	are	14
winters	in	5
winters	here	4
wipe	the	47
wipe	down	30
wipe	your	30
wipe	out	16
wipe	it	10
wipe	off	8
wiped	out	41
wiped	the	33
wiped	his	19
wiped	her	12
wiped	away	11
wiped	off	8
wipers	are	6
wipes	the	3
wiping	the	8
wiping	his	6
wiping	my	4
wiping	out	4
wiping	your	3
wire	is	6
wire	and	5
wire	cutters	5
wire	with	5
wire	in	3
wire	to	3
wired	some	3
wires	are	8
wires	from	3
wires	were	3
wisconsin	madison	3
wisdom	is	65
wisdom	teeth	47
wisdom	of	31
wisdom	and	28
wisdom	in	15
wisdom	to	12
wise	to	88
wise	man	60
wise	men	26
wise	and	24
wise	person	22
wise	for	15
wisely	and	8
wiser	than	18
wiser	and	8
wiser	to	7
wiser	as	5
wiser	for	5
wiser	now	5
wish	i	1369
wish	you	492
wish	that	488
wish	to	373
wished	he	78
wished	to	49
wished	she	41
wished	for	30
wished	that	30
wished	they	22
wishes	to	80
wishes	he	61
wishes	for	27
wishes	she	16
wishes	of	8
wishful	thinking	14
wishing	to	12
wishing	you	11
wishing	for	10
wishing	i	3
wit	and	4
wit	is	4
witch	is	10
witch	and	9
witch	turned	6
witch	was	6
witch	cast	5
witch	doctor	5
witches	and	6
witches	who	4
witches	were	3
with	the	6327
with	a	5900
with	you	4087
with	her	3192
with	his	3169
with	him	3040
withdraw	money	18
withdraw	from	11
withdraw	some	9
withdraw	its	4
withdrawal	of	6
withdrawal	symptoms	4
withdrawn	from	3
withdrew	from	12
withdrew	the	9
withdrew	completely	7
withdrew	money	7
withdrew	their	5
withered	and	4
withered	in	4
withered	up	4
withered	away	3
withholding	information	3
within	the	247
within	a	173
within	walking	26
within	an	25
within	two	23
within	hours	22
without	a	763
without	you	401
without	any	250
without	your	240
without	the	205
without	saying	198
withstand	the	10
withstand	anything	3
witness	to	20
witness	the	16
witness	of	9
witness	a	6
witness	in	5
witness	stand	4
witnessed	the	32
witnessed	a	19
witnessed	that	7
witnessed	his	5
witnessed	an	4
witnesses	to	12
witnesses	and	4
witnesses	of	4
witnesses	are	3
witnesses	believe	3
witnesses	were	3
witnessing	a	5
witnessing	the	4
wits	about	5
witty	as	4
witty	and	3
wives	and	16
wives	of	15
wives	are	5
wives	do	5
wives	does	3
wizard	of	4
wizard	has	3
woe	to	20
woe	is	9
woe	of	3
woke	up	732
woke	me	31
woke	to	18
woke	you	16
woke	them	13
woke	him	12
woken	up	64
woken	by	7
woken	me	6
woken	him	3
woken	the	3
wolf	in	18
wolf	is	16
wolf	and	11
wolf	ate	7
wolf	was	6
wolf	from	4
wolverine	is	6
wolves	are	21
wolves	and	18
wolves	in	12
wolves	howling	10
wolves	around	8
wolves	live	4
woman	is	275
woman	in	140
woman	who	127
woman	was	115
woman	of	71
woman	and	69
womb	and	5
womb	of	4
womb	i	3
womb	to	3
women	are	289
women	and	130
women	in	119
women	who	94
women	like	86
women	to	59
won	the	518
won	a	140
won	first	35
won	by	34
won	an	29
won	three	16
wonder	if	692
wonder	what	318
wonder	whether	279
wonder	why	217
wonder	how	176
wonder	who	85
wondered	what	91
wondered	why	87
wondered	if	68
wondered	how	35
wondered	whether	18
wondered	where	17
wonderful	time	50
wonderful	day	21
wonderful	thing	16
wonderful	to	15
wonderful	idea	12
wonderful	life	12
wondering	if	96
wondering	what	35
wondering	why	23
wondering	about	16
wondering	where	15
wondering	whether	15
wonders	of	18
wonders	if	12
wonders	why	10
wonders	for	8
wonders	and	3
wonders	how	3
wont	to	19
wood	is	42
wood	and	38
wood	was	22
wood	for	21
wood	to	16
wood	in	15
wooden	box	19
wooden	chair	11
wooden	house	8
wooden	houses	7
wooden	building	6
wooden	spoon	6
woodpecker	is	7
woodrow	wilson	3
woods	and	29
woods	to	24
woods	were	16
woods	are	15
woods	at	15
woods	in	14
woody	allen	3
woody	vines	3
woof	woof	9
wool	sweater	21
wool	hat	14
wool	over	12
wool	and	7
wool	blanket	7
wool	from	7
woolly	jumper	7
woolly	mammoth	5
word	for	227
word	is	188
word	of	186
word	in	160
word	with	84
word	that	78
words	are	171
words	in	147
words	to	109
words	and	94
words	of	92
words	that	87
wore	a	395
wore	the	50
wore	an	30
wore	his	26
wore	gloves	15
wore	her	12
work	in	660
work	for	515
work	on	481
work	with	376
work	to	366
work	at	358
worked	hard	205
worked	at	188
worked	for	171
worked	in	169
worked	as	127
worked	out	99
worker	is	17
worker	carlos	12
worker	who	10
worker	at	8
worker	in	7
workers	are	82
workers	to	36
workers	were	28
workers	and	26
workers	in	25
workers	who	17
workforce	and	3
workforce	is	3
working	on	459
working	in	274
working	for	229
working	with	197
working	at	175
working	here	153
workings	of	11
workout	routine	5
workplace	is	9
workplace	on	5
workplace	in	3
workplace	was	3
works	in	218
works	at	169
works	for	149
works	as	144
works	of	75
works	on	58
workshop	on	5
workshop	in	4
workshop	for	3
workshops	for	4
workshops	and	3
workshops	are	3
world	is	578
world	war	266
world	of	159
world	and	128
world	cup	125
world	to	121
worldly	passions	4
worldly	success	3
worlds	and	6
worlds	beyond	4
worlds	of	4
worlds	apart	3
worlds	in	3
worlds	the	3
worldwide	fame	5
worldwide	are	4
worldwide	to	4
worldwide	according	3
worldwide	in	3
worm	in	7
worm	is	7
worm	but	3
worms	are	10
worms	can	6
worms	and	5
worms	in	5
worms	for	3
worms	that	3
worn	out	144
worn	a	35
worn	by	9
worn	this	8
worn	down	7
worn	in	7
worried	about	637
worried	that	64
worried	sick	39
worried	for	23
worried	because	13
worried	i	13
worries	about	43
worries	me	32
worries	you	12
worries	that	11
worries	from	6
worries	are	5
worry	about	774
worry	too	44
worry	i	31
worry	so	25
worry	you	18
worrying	about	108
worrying	you	9
worrying	so	6
worrying	and	5
worrying	me	5
worrying	is	3
worse	than	238
worse	and	50
worse	for	30
worse	it	23
worse	in	18
worse	the	16
worship	the	21
worship	god	17
worship	hall	12
worship	is	11
worship	in	9
worship	him	6
worshiped	as	4
worshiped	the	3
worshipped	the	8
worshipped	by	4
worshipped	god	3
worshipped	him	3
worships	the	7
worships	satan	5
worships	god	4
worships	him	4
worships	her	3
worst	thing	62
worst	of	52
worst	enemy	36
worst	nightmare	29
worst	case	22
worst	is	21
worth	it	180
worth	the	154
worth	a	105
worth	more	69
worth	doing	55
worth	reading	51
worthless	and	6
worthless	to	3
worthwhile	to	14
worthwhile	visiting	3
worthy	of	91
worthy	to	7
worthy	man	3
would	you	4715
would	be	3777
would	have	1469
would	like	1254
would	never	630
would	do	514
wound	up	24
wound	is	12
wound	in	11
wound	to	11
wound	was	10
wound	with	10
wounded	in	25
wounded	by	8
wounded	soldier	6
wounded	man	5
wounded	and	4
wounded	leg	3
wounds	that	7
wounds	of	6
wounds	are	5
wounds	but	5
wounds	on	5
wounds	to	5
woven	from	3
woven	in	3
wow	that	15
wow	this	14
wow	you	10
wrap	it	33
wrap	my	16
wrap	up	16
wrap	this	14
wrap	the	13
wrap	your	6
wrapped	in	57
wrapped	the	32
wrapped	up	28
wrapped	around	22
wrapped	it	11
wrapped	her	10
wrapping	up	5
wrapping	itself	4
wrapping	paper	4
wraps	it	4
wrath	of	7
wrath	is	3
wreak	havoc	3
wreath	of	3
wreck	of	5
wreck	on	3
wreckage	of	7
wrecked	after	5
wrecked	by	4
wrecked	the	4
wrecked	on	3
wrench	to	6
wrestle	with	3
wrestled	with	4
wrestled	playfully	3
wrestling	match	12
wrestling	is	4
wretched	life	3
wriggle	out	3
wright	brothers	9
wrinkly	skin	3
wrist	and	9
wrist	watch	4
wrists	and	5
wristwatch	is	4
write	a	398
write	to	228
write	in	156
write	the	133
write	your	126
write	it	125
writer	is	34
writer	and	15
writer	of	13
writer	has	8
writer	in	6
writer	was	5
writers	are	8
writers	of	7
writers	have	6
writers	and	5
writers	in	5
writers	often	3
writes	to	32
writes	in	25
writes	a	23
writes	letters	11
writes	about	9
writes	his	8
writing	a	242
writing	in	95
writing	the	73
writing	is	62
writing	this	61
writing	to	54
writings	of	9
writings	are	4
writings	about	3
writings	in	3
writings	is	3
written	in	359
written	by	138
written	a	86
written	on	84
written	to	63
written	the	40
wrong	with	634
wrong	to	129
wrong	way	111
wrong	about	84
wrong	number	70
wrong	but	47
wronged	me	5
wronged	him	4
wronged	you	3
wrongly	accused	8
wrongly	addressed	3
wrote	a	444
wrote	the	166
wrote	this	132
wrote	to	96
wrote	that	77
wrote	down	63
wrought	by	4
wrought	iron	4
wyoming	is	4
xi	is	3
xiao	wang	5
xiao	yu	3
yacht	club	4
yacht	in	4
yacht	sailed	4
yacht	was	4
yachts	are	3
yachts	in	3
yada	yada	3
yale	university	9
yamada	is	7
yamada	at	4
yamamoto	is	3
yang	is	3
yanked	the	8
yanked	his	5
yard	is	15
yard	and	9
yard	sale	9
yard	to	6
yard	was	5
yard	with	5
yards	away	16
yards	from	10
yards	of	6
yards	ahead	3
yarn	is	3
yawn	when	6
yawning	and	3
yawning	because	3
ye	shall	14
ye	to	6
ye	know	5
ye	may	5
ye	who	5
ye	have	3
yea	and	4
yeah	i	62
yeah	but	16
yeah	right	13
year	old	422
year	is	142
year	in	136
year	of	128
year	the	119
year	ago	114
yearly	salary	3
yearn	for	18
yearn	to	7
yearned	for	10
yearned	to	5
yearning	for	12
yearns	for	7
years	ago	1347
years	old	1202
years	of	400
years	since	219
years	in	217
years	to	160
yell	at	66
yell	about	3
yell	if	3
yelled	at	130
yelled	for	19
yelled	out	16
yelled	and	6
yelled	in	6
yelled	back	5
yelling	at	93
yelling	and	15
yelling	in	15
yelling	for	8
yelling	about	4
yelling	something	4
yellow	and	43
yellow	in	16
yellow	or	15
yellow	fever	14
yellow	flowers	13
yellow	rose	9
yellowstone	national	3
yells	at	15
yemen	is	5
yemen	and	3
yemen	has	3
yen	to	30
yen	a	29
yen	for	29
yen	in	15
yen	is	15
yen	coin	13
yep	i	4
yes	i	300
yes	but	73
yes	you	60
yes	it	59
yesterday	i	322
yesterday	was	177
yesterday	afternoon	75
yesterday	but	70
yesterday	morning	65
yesterday	and	63
yet	to	127
yet	know	107
yet	been	98
yet	done	49
yet	i	48
yet	have	46
yiddish	is	19
yiddish	word	9
yiddish	and	5
yiddish	has	5
yiddish	in	4
yield	to	29
yield	and	5
yield	of	3
yield	the	3
yielded	to	15
yielded	the	3
yields	a	4
yields	to	4
yields	and	3
yin	is	3
yo	yo	7
yoga	class	7
yoga	can	6
yoga	is	4
yoga	teacher	4
yoga	and	3
yoga	instructor	3
yoghurt	in	3
yoghurt	tastes	3
yogurt	is	6
yogurt	in	5
yogurt	do	4
yogurt	and	3
yogurt	did	3
yoke	of	8
yoke	the	3
yoko	is	6
yokohama	is	7
yolk	from	5
yolk	is	3
york	city	87
york	is	42
york	and	28
york	times	26
york	state	19
york	next	16
yosemite	national	6
yoshida	is	3
you	have	10761
you	want	8097
you	know	6439
you	can	6305
you	to	6021
young	people	426
young	man	342
young	to	220
young	and	191
young	woman	114
young	men	103
younger	than	270
younger	brother	145
younger	sister	93
younger	generation	17
younger	i	16
younger	people	14
youngest	of	20
youngest	brother	19
youngest	daughter	17
youngest	child	14
youngest	in	11
youngest	son	10
youngsters	are	3
your	own	970
your	favorite	917
your	life	727
your	name	640
your	father	629
your	mother	603
yours	is	78
yours	are	13
yours	and	11
yours	to	9
yours	too	9
yourself	to	186
yourself	a	147
yourself	in	129
yourself	and	87
yourself	with	74
yourself	at	45
yourselves	to	31
yourselves	at	17
yourselves	in	16
yourselves	something	10
yourselves	if	9
yourselves	for	8
youth	is	34
youth	and	21
youth	of	12
youth	hostel	11
youth	are	10
youth	in	10
youthful	appearance	4
youtube	channel	163
youtube	videos	66
youtube	video	29
youtube	is	14
youtube	and	12
youtube	for	6
yu	the	3
yuan	is	3
yumi	is	9
yumi	has	3
yumi	went	3
yumi	will	3
yummy	slice	6
yuri	was	128
yuri	is	33
yuri	and	31
yuri	had	25
yuri	went	23
zeal	for	3
zealand	is	14
zealand	and	5
zealand	for	4
zealand	to	4
zealand	has	3
zealand	was	3
zebra	crossing	7
zebra	mussels	3
zebras	and	3
zen	buddhism	9
zero	is	13
zero	in	10
zero	tolerance	8
zero	degrees	6
zero	gravity	6
zero	this	6
zest	to	8
zest	for	4
zeus	is	10
zimbabwe	is	4
zimbabwe	has	3
zip	code	18
zip	up	11
zip	it	8
zip	is	6
zip	line	6
zip	your	6
zipper	is	7
zipper	to	6
zipper	on	4
zipper	down	3
zipper	up	3
zodiac	sign	35
zodiac	signs	12
zodiac	is	5
zodiac	animals	4
zodiac	are	3
zodiac	come	3
zombie	apocalypse	5
zombies	are	6
zombies	have	3
zone	is	8
zone	in	6
zone	and	5
zone	the	5
zone	for	4
zone	of	4
zones	are	4
zones	in	4
zones	of	3
zoo	is	22
zoo	with	20
zoo	in	15
zoo	tomorrow	10
zoo	and	7
zoo	to	7
zoom	meeting	6
zoom	in	5
zoos	are	5
zoos	in	3
zucchini	is	4
zucchini	helps	3
zurich	is	7
